X,Y,Z,IN_frac,MK_frac,INC_frac
0,-24,23.274094,0,0,1
1.18,-24,23.274094,0,0,1
2.36,-24,23.274094,0,0,1
3.54,-24,23.274094,0,0,1
4.72,-24,23.274094,0,0,1
5.9,-24,23.274094,0,0,1
7.08,-24,23.274094,0,0,1
8.26,-24,23.274094,0,0,1
9.44,-24,23.274094,0,0,1
10.62,-24,23.274094,0,0,1
0,-22.82,23.274094,0.041937605,0,0.958062395
1.18,-22.82,23.274094,0.041937605,0,0.958062395
2.36,-22.82,23.274094,0.041937605,0,0.958062395
3.54,-22.82,23.274094,0.041937605,0,0.958062395
4.72,-22.82,23.274094,0.041937605,0,0.958062395
5.9,-22.82,23.274094,0.041937605,0,0.958062395
7.08,-22.82,23.274094,0.041937605,0,0.958062395
8.26,-22.82,23.274094,0.041937605,0,0.958062395
9.44,-22.82,23.274094,0.041937605,0,0.958062395
10.62,-22.82,23.274094,0.041937605,0,0.958062395
0,-21.64,23.274094,0.083875209,0,0.916124791
1.18,-21.64,23.274094,0.083875209,0,0.916124791
2.36,-21.64,23.274094,0.083875209,0,0.916124791
3.54,-21.64,23.274094,0.083875209,0,0.916124791
4.72,-21.64,23.274094,0.083875209,0,0.916124791
5.9,-21.64,23.274094,0.083875209,0,0.916124791
7.08,-21.64,23.274094,0.083875209,0,0.916124791
8.26,-21.64,23.274094,0.083875209,0,0.916124791
9.44,-21.64,23.274094,0.083875209,0,0.916124791
10.62,-21.64,23.274094,0.083875209,0,0.916124791
0,-20.46,23.274094,0.167750418,0,0.832249582
1.18,-20.46,23.274094,0.167750418,0,0.832249582
2.36,-20.46,23.274094,0.167750418,0,0.832249582
3.54,-20.46,23.274094,0.167750418,0,0.832249582
4.72,-20.46,23.274094,0.167750418,0,0.832249582
5.9,-20.46,23.274094,0.167750418,0,0.832249582
7.08,-20.46,23.274094,0.167750418,0,0.832249582
8.26,-20.46,23.274094,0.167750418,0,0.832249582
9.44,-20.46,23.274094,0.167750418,0,0.832249582
10.62,-20.46,23.274094,0.167750418,0,0.832249582
0,-19.28,23.274094,0.209688023,0,0.790311977
1.18,-19.28,23.274094,0.209688023,0,0.790311977
2.36,-19.28,23.274094,0.209688023,0,0.790311977
3.54,-19.28,23.274094,0.209688023,0,0.790311977
4.72,-19.28,23.274094,0.209688023,0,0.790311977
5.9,-19.28,23.274094,0.209688023,0,0.790311977
7.08,-19.28,23.274094,0.209688023,0,0.790311977
8.26,-19.28,23.274094,0.209688023,0,0.790311977
9.44,-19.28,23.274094,0.209688023,0,0.790311977
10.62,-19.28,23.274094,0.209688023,0,0.790311977
0,-18.1,23.274094,0.251625627,0,0.748374373
1.18,-18.1,23.274094,0.251625627,0,0.748374373
2.36,-18.1,23.274094,0.251625627,0,0.748374373
3.54,-18.1,23.274094,0.251625627,0,0.748374373
4.72,-18.1,23.274094,0.251625627,0,0.748374373
5.9,-18.1,23.274094,0.251625627,0,0.748374373
7.08,-18.1,23.274094,0.251625627,0,0.748374373
8.26,-18.1,23.274094,0.251625627,0,0.748374373
9.44,-18.1,23.274094,0.251625627,0,0.748374373
10.62,-18.1,23.274094,0.251625627,0,0.748374373
0,-16.92,23.274094,0.293563232,0,0.706436768
1.18,-16.92,23.274094,0.293563232,0,0.706436768
2.36,-16.92,23.274094,0.293563232,0,0.706436768
3.54,-16.92,23.274094,0.293563232,0,0.706436768
4.72,-16.92,23.274094,0.293563232,0,0.706436768
5.9,-16.92,23.274094,0.293563232,0,0.706436768
7.08,-16.92,23.274094,0.293563232,0,0.706436768
8.26,-16.92,23.274094,0.293563232,0,0.706436768
9.44,-16.92,23.274094,0.293563232,0,0.706436768
10.62,-16.92,23.274094,0.293563232,0,0.706436768
0,-15.74,23.274094,0.335500836,0,0.664499164
1.18,-15.74,23.274094,0.335500836,0,0.664499164
2.36,-15.74,23.274094,0.335500836,0,0.664499164
3.54,-15.74,23.274094,0.335500836,0,0.664499164
4.72,-15.74,23.274094,0.335500836,0,0.664499164
5.9,-15.74,23.274094,0.335500836,0,0.664499164
7.08,-15.74,23.274094,0.335500836,0,0.664499164
8.26,-15.74,23.274094,0.335500836,0,0.664499164
9.44,-15.74,23.274094,0.335500836,0,0.664499164
10.62,-15.74,23.274094,0.335500836,0,0.664499164
0,-14.56,23.274094,0.377438441,0,0.622561559
1.18,-14.56,23.274094,0.377438441,0,0.622561559
2.36,-14.56,23.274094,0.377438441,0,0.622561559
3.54,-14.56,23.274094,0.377438441,0,0.622561559
4.72,-14.56,23.274094,0.377438441,0,0.622561559
5.9,-14.56,23.274094,0.377438441,0,0.622561559
7.08,-14.56,23.274094,0.377438441,0,0.622561559
8.26,-14.56,23.274094,0.377438441,0,0.622561559
9.44,-14.56,23.274094,0.377438441,0,0.622561559
10.62,-14.56,23.274094,0.377438441,0,0.622561559
0,-13.38,23.274094,0.46131365,0,0.53868635
1.18,-13.38,23.274094,0.46131365,0,0.53868635
2.36,-13.38,23.274094,0.46131365,0,0.53868635
3.54,-13.38,23.274094,0.46131365,0,0.53868635
4.72,-13.38,23.274094,0.46131365,0,0.53868635
5.9,-13.38,23.274094,0.46131365,0,0.53868635
7.08,-13.38,23.274094,0.46131365,0,0.53868635
8.26,-13.38,23.274094,0.46131365,0,0.53868635
9.44,-13.38,23.274094,0.46131365,0,0.53868635
10.62,-13.38,23.274094,0.46131365,0,0.53868635
0,-12.2,23.274094,0.503251255,0,0.496748745
1.18,-12.2,23.274094,0.503251255,0,0.496748745
2.36,-12.2,23.274094,0.503251255,0,0.496748745
3.54,-12.2,23.274094,0.503251255,0,0.496748745
4.72,-12.2,23.274094,0.503251255,0,0.496748745
5.9,-12.2,23.274094,0.503251255,0,0.496748745
7.08,-12.2,23.274094,0.503251255,0,0.496748745
8.26,-12.2,23.274094,0.503251255,0,0.496748745
9.44,-12.2,23.274094,0.503251255,0,0.496748745
10.62,-12.2,23.274094,0.503251255,0,0.496748745
0,-11.02,23.274094,0.545188859,0,0.454811141
1.18,-11.02,23.274094,0.545188859,0,0.454811141
2.36,-11.02,23.274094,0.545188859,0,0.454811141
3.54,-11.02,23.274094,0.545188859,0,0.454811141
4.72,-11.02,23.274094,0.545188859,0,0.454811141
5.9,-11.02,23.274094,0.545188859,0,0.454811141
7.08,-11.02,23.274094,0.545188859,0,0.454811141
8.26,-11.02,23.274094,0.545188859,0,0.454811141
9.44,-11.02,23.274094,0.545188859,0,0.454811141
10.62,-11.02,23.274094,0.545188859,0,0.454811141
0,-9.84,23.274094,0.587126464,0,0.412873536
1.18,-9.84,23.274094,0.587126464,0,0.412873536
2.36,-9.84,23.274094,0.587126464,0,0.412873536
3.54,-9.84,23.274094,0.587126464,0,0.412873536
4.72,-9.84,23.274094,0.587126464,0,0.412873536
5.9,-9.84,23.274094,0.587126464,0,0.412873536
7.08,-9.84,23.274094,0.587126464,0,0.412873536
8.26,-9.84,23.274094,0.587126464,0,0.412873536
9.44,-9.84,23.274094,0.587126464,0,0.412873536
10.62,-9.84,23.274094,0.587126464,0,0.412873536
0,-8.66,23.274094,0.629064068,0,0.370935932
1.18,-8.66,23.274094,0.629064068,0,0.370935932
2.36,-8.66,23.274094,0.629064068,0,0.370935932
3.54,-8.66,23.274094,0.629064068,0,0.370935932
4.72,-8.66,23.274094,0.629064068,0,0.370935932
5.9,-8.66,23.274094,0.629064068,0,0.370935932
7.08,-8.66,23.274094,0.629064068,0,0.370935932
8.26,-8.66,23.274094,0.629064068,0,0.370935932
9.44,-8.66,23.274094,0.629064068,0,0.370935932
10.62,-8.66,23.274094,0.629064068,0,0.370935932
0,-7.48,23.274094,0.712939278,0,0.287060722
1.18,-7.48,23.274094,0.712939278,0,0.287060722
2.36,-7.48,23.274094,0.712939278,0,0.287060722
3.54,-7.48,23.274094,0.712939278,0,0.287060722
4.72,-7.48,23.274094,0.712939278,0,0.287060722
5.9,-7.48,23.274094,0.712939278,0,0.287060722
7.08,-7.48,23.274094,0.712939278,0,0.287060722
8.26,-7.48,23.274094,0.712939278,0,0.287060722
9.44,-7.48,23.274094,0.712939278,0,0.287060722
10.62,-7.48,23.274094,0.712939278,0,0.287060722
0,-6.3,23.274094,0.754876882,0,0.245123118
1.18,-6.3,23.274094,0.754876882,0,0.245123118
2.36,-6.3,23.274094,0.754876882,0,0.245123118
3.54,-6.3,23.274094,0.754876882,0,0.245123118
4.72,-6.3,23.274094,0.754876882,0,0.245123118
5.9,-6.3,23.274094,0.754876882,0,0.245123118
7.08,-6.3,23.274094,0.754876882,0,0.245123118
8.26,-6.3,23.274094,0.754876882,0,0.245123118
9.44,-6.3,23.274094,0.754876882,0,0.245123118
10.62,-6.3,23.274094,0.754876882,0,0.245123118
0,-5.12,23.274094,0.796814487,0,0.203185513
1.18,-5.12,23.274094,0.796814487,0,0.203185513
2.36,-5.12,23.274094,0.796814487,0,0.203185513
3.54,-5.12,23.274094,0.796814487,0,0.203185513
4.72,-5.12,23.274094,0.796814487,0,0.203185513
5.9,-5.12,23.274094,0.796814487,0,0.203185513
7.08,-5.12,23.274094,0.796814487,0,0.203185513
8.26,-5.12,23.274094,0.796814487,0,0.203185513
9.44,-5.12,23.274094,0.796814487,0,0.203185513
10.62,-5.12,23.274094,0.796814487,0,0.203185513
0,-3.94,23.274094,0.838752091,0,0.161247909
1.18,-3.94,23.274094,0.838752091,0,0.161247909
2.36,-3.94,23.274094,0.838752091,0,0.161247909
3.54,-3.94,23.274094,0.838752091,0,0.161247909
4.72,-3.94,23.274094,0.838752091,0,0.161247909
5.9,-3.94,23.274094,0.838752091,0,0.161247909
7.08,-3.94,23.274094,0.838752091,0,0.161247909
8.26,-3.94,23.274094,0.838752091,0,0.161247909
9.44,-3.94,23.274094,0.838752091,0,0.161247909
10.62,-3.94,23.274094,0.838752091,0,0.161247909
0,-2.76,23.274094,0.880689696,0,0.119310304
1.18,-2.76,23.274094,0.880689696,0,0.119310304
2.36,-2.76,23.274094,0.880689696,0,0.119310304
3.54,-2.76,23.274094,0.880689696,0,0.119310304
4.72,-2.76,23.274094,0.880689696,0,0.119310304
5.9,-2.76,23.274094,0.880689696,0,0.119310304
7.08,-2.76,23.274094,0.880689696,0,0.119310304
8.26,-2.76,23.274094,0.880689696,0,0.119310304
9.44,-2.76,23.274094,0.880689696,0,0.119310304
10.62,-2.76,23.274094,0.880689696,0,0.119310304
0,-1.58,23.274094,0.9226273,0,0.0773727
1.18,-1.58,23.274094,0.9226273,0,0.0773727
2.36,-1.58,23.274094,0.9226273,0,0.0773727
3.54,-1.58,23.274094,0.9226273,0,0.0773727
4.72,-1.58,23.274094,0.9226273,0,0.0773727
5.9,-1.58,23.274094,0.9226273,0,0.0773727
7.08,-1.58,23.274094,0.9226273,0,0.0773727
8.26,-1.58,23.274094,0.9226273,0,0.0773727
9.44,-1.58,23.274094,0.9226273,0,0.0773727
10.62,-1.58,23.274094,0.9226273,0,0.0773727
0,-0.400000000000002,23.274094,0.993497491,0,0.006502509
1.18,-0.400000000000002,23.274094,0.993497491,0,0.006502509
2.36,-0.400000000000002,23.274094,0.993497491,0,0.006502509
3.54,-0.400000000000002,23.274094,0.993497491,0,0.006502509
4.72,-0.400000000000002,23.274094,0.993497491,0,0.006502509
5.9,-0.400000000000002,23.274094,0.993497491,0,0.006502509
7.08,-0.400000000000002,23.274094,0.993497491,0,0.006502509
8.26,-0.400000000000002,23.274094,0.993497491,0,0.006502509
9.44,-0.400000000000002,23.274094,0.993497491,0,0.006502509
10.62,-0.400000000000002,23.274094,0.993497491,0,0.006502509
0,0.779999999999998,23.274094,0.964564905,0,0.035435095
1.18,0.779999999999998,23.274094,0.964564905,0,0.035435095
2.36,0.779999999999998,23.274094,0.964564905,0,0.035435095
3.54,0.779999999999998,23.274094,0.964564905,0,0.035435095
4.72,0.779999999999998,23.274094,0.964564905,0,0.035435095
5.9,0.779999999999998,23.274094,0.964564905,0,0.035435095
7.08,0.779999999999998,23.274094,0.964564905,0,0.035435095
8.26,0.779999999999998,23.274094,0.964564905,0,0.035435095
9.44,0.779999999999998,23.274094,0.964564905,0,0.035435095
10.62,0.779999999999998,23.274094,0.964564905,0,0.035435095
0,1.96,23.274094,0.9226273,0,0.0773727
1.18,1.96,23.274094,0.9226273,0,0.0773727
2.36,1.96,23.274094,0.9226273,0,0.0773727
3.54,1.96,23.274094,0.9226273,0,0.0773727
4.72,1.96,23.274094,0.9226273,0,0.0773727
5.9,1.96,23.274094,0.9226273,0,0.0773727
7.08,1.96,23.274094,0.9226273,0,0.0773727
8.26,1.96,23.274094,0.9226273,0,0.0773727
9.44,1.96,23.274094,0.9226273,0,0.0773727
10.62,1.96,23.274094,0.9226273,0,0.0773727
0,3.14,23.274094,0.880689696,0,0.119310304
1.18,3.14,23.274094,0.880689696,0,0.119310304
2.36,3.14,23.274094,0.880689696,0,0.119310304
3.54,3.14,23.274094,0.880689696,0,0.119310304
4.72,3.14,23.274094,0.880689696,0,0.119310304
5.9,3.14,23.274094,0.880689696,0,0.119310304
7.08,3.14,23.274094,0.880689696,0,0.119310304
8.26,3.14,23.274094,0.880689696,0,0.119310304
9.44,3.14,23.274094,0.880689696,0,0.119310304
10.62,3.14,23.274094,0.880689696,0,0.119310304
0,4.32,23.274094,0.838752091,0,0.161247909
1.18,4.32,23.274094,0.838752091,0,0.161247909
2.36,4.32,23.274094,0.838752091,0,0.161247909
3.54,4.32,23.274094,0.838752091,0,0.161247909
4.72,4.32,23.274094,0.838752091,0,0.161247909
5.9,4.32,23.274094,0.838752091,0,0.161247909
7.08,4.32,23.274094,0.838752091,0,0.161247909
8.26,4.32,23.274094,0.838752091,0,0.161247909
9.44,4.32,23.274094,0.838752091,0,0.161247909
10.62,4.32,23.274094,0.838752091,0,0.161247909
0,5.5,23.274094,0.796814487,0,0.203185513
1.18,5.5,23.274094,0.796814487,0,0.203185513
2.36,5.5,23.274094,0.796814487,0,0.203185513
3.54,5.5,23.274094,0.796814487,0,0.203185513
4.72,5.5,23.274094,0.796814487,0,0.203185513
5.9,5.5,23.274094,0.796814487,0,0.203185513
7.08,5.5,23.274094,0.796814487,0,0.203185513
8.26,5.5,23.274094,0.796814487,0,0.203185513
9.44,5.5,23.274094,0.796814487,0,0.203185513
10.62,5.5,23.274094,0.796814487,0,0.203185513
0,6.68,23.274094,0.712939278,0,0.287060722
1.18,6.68,23.274094,0.712939278,0,0.287060722
2.36,6.68,23.274094,0.712939278,0,0.287060722
3.54,6.68,23.274094,0.712939278,0,0.287060722
4.72,6.68,23.274094,0.712939278,0,0.287060722
5.9,6.68,23.274094,0.712939278,0,0.287060722
7.08,6.68,23.274094,0.712939278,0,0.287060722
8.26,6.68,23.274094,0.712939278,0,0.287060722
9.44,6.68,23.274094,0.712939278,0,0.287060722
10.62,6.68,23.274094,0.712939278,0,0.287060722
0,7.86,23.274094,0.671001673,0,0.328998327
1.18,7.86,23.274094,0.671001673,0,0.328998327
2.36,7.86,23.274094,0.671001673,0,0.328998327
3.54,7.86,23.274094,0.671001673,0,0.328998327
4.72,7.86,23.274094,0.671001673,0,0.328998327
5.9,7.86,23.274094,0.671001673,0,0.328998327
7.08,7.86,23.274094,0.671001673,0,0.328998327
8.26,7.86,23.274094,0.671001673,0,0.328998327
9.44,7.86,23.274094,0.671001673,0,0.328998327
10.62,7.86,23.274094,0.671001673,0,0.328998327
0,9.04,23.274094,0.629064068,0,0.370935932
1.18,9.04,23.274094,0.629064068,0,0.370935932
2.36,9.04,23.274094,0.629064068,0,0.370935932
3.54,9.04,23.274094,0.629064068,0,0.370935932
4.72,9.04,23.274094,0.629064068,0,0.370935932
5.9,9.04,23.274094,0.629064068,0,0.370935932
7.08,9.04,23.274094,0.629064068,0,0.370935932
8.26,9.04,23.274094,0.629064068,0,0.370935932
9.44,9.04,23.274094,0.629064068,0,0.370935932
10.62,9.04,23.274094,0.629064068,0,0.370935932
0,10.22,23.274094,0.587126464,0,0.412873536
1.18,10.22,23.274094,0.587126464,0,0.412873536
2.36,10.22,23.274094,0.587126464,0,0.412873536
3.54,10.22,23.274094,0.587126464,0,0.412873536
4.72,10.22,23.274094,0.587126464,0,0.412873536
5.9,10.22,23.274094,0.587126464,0,0.412873536
7.08,10.22,23.274094,0.587126464,0,0.412873536
8.26,10.22,23.274094,0.587126464,0,0.412873536
9.44,10.22,23.274094,0.587126464,0,0.412873536
10.62,10.22,23.274094,0.587126464,0,0.412873536
0,11.4,23.274094,0.545188859,0,0.454811141
1.18,11.4,23.274094,0.545188859,0,0.454811141
2.36,11.4,23.274094,0.545188859,0,0.454811141
3.54,11.4,23.274094,0.545188859,0,0.454811141
4.72,11.4,23.274094,0.545188859,0,0.454811141
5.9,11.4,23.274094,0.545188859,0,0.454811141
7.08,11.4,23.274094,0.545188859,0,0.454811141
8.26,11.4,23.274094,0.545188859,0,0.454811141
9.44,11.4,23.274094,0.545188859,0,0.454811141
10.62,11.4,23.274094,0.545188859,0,0.454811141
0,12.58,23.274094,0.46131365,0,0.53868635
1.18,12.58,23.274094,0.46131365,0,0.53868635
2.36,12.58,23.274094,0.46131365,0,0.53868635
3.54,12.58,23.274094,0.46131365,0,0.53868635
4.72,12.58,23.274094,0.46131365,0,0.53868635
5.9,12.58,23.274094,0.46131365,0,0.53868635
7.08,12.58,23.274094,0.46131365,0,0.53868635
8.26,12.58,23.274094,0.46131365,0,0.53868635
9.44,12.58,23.274094,0.46131365,0,0.53868635
10.62,12.58,23.274094,0.46131365,0,0.53868635
0,13.76,23.274094,0.419376046,0,0.580623954
1.18,13.76,23.274094,0.419376046,0,0.580623954
2.36,13.76,23.274094,0.419376046,0,0.580623954
3.54,13.76,23.274094,0.419376046,0,0.580623954
4.72,13.76,23.274094,0.419376046,0,0.580623954
5.9,13.76,23.274094,0.419376046,0,0.580623954
7.08,13.76,23.274094,0.419376046,0,0.580623954
8.26,13.76,23.274094,0.419376046,0,0.580623954
9.44,13.76,23.274094,0.419376046,0,0.580623954
10.62,13.76,23.274094,0.419376046,0,0.580623954
0,14.94,23.274094,0.377438441,0,0.622561559
1.18,14.94,23.274094,0.377438441,0,0.622561559
2.36,14.94,23.274094,0.377438441,0,0.622561559
3.54,14.94,23.274094,0.377438441,0,0.622561559
4.72,14.94,23.274094,0.377438441,0,0.622561559
5.9,14.94,23.274094,0.377438441,0,0.622561559
7.08,14.94,23.274094,0.377438441,0,0.622561559
8.26,14.94,23.274094,0.377438441,0,0.622561559
9.44,14.94,23.274094,0.377438441,0,0.622561559
10.62,14.94,23.274094,0.377438441,0,0.622561559
0,16.12,23.274094,0.335500836,0,0.664499164
1.18,16.12,23.274094,0.335500836,0,0.664499164
2.36,16.12,23.274094,0.335500836,0,0.664499164
3.54,16.12,23.274094,0.335500836,0,0.664499164
4.72,16.12,23.274094,0.335500836,0,0.664499164
5.9,16.12,23.274094,0.335500836,0,0.664499164
7.08,16.12,23.274094,0.335500836,0,0.664499164
8.26,16.12,23.274094,0.335500836,0,0.664499164
9.44,16.12,23.274094,0.335500836,0,0.664499164
10.62,16.12,23.274094,0.335500836,0,0.664499164
0,17.3,23.274094,0.293563232,0,0.706436768
1.18,17.3,23.274094,0.293563232,0,0.706436768
2.36,17.3,23.274094,0.293563232,0,0.706436768
3.54,17.3,23.274094,0.293563232,0,0.706436768
4.72,17.3,23.274094,0.293563232,0,0.706436768
5.9,17.3,23.274094,0.293563232,0,0.706436768
7.08,17.3,23.274094,0.293563232,0,0.706436768
8.26,17.3,23.274094,0.293563232,0,0.706436768
9.44,17.3,23.274094,0.293563232,0,0.706436768
10.62,17.3,23.274094,0.293563232,0,0.706436768
0,18.48,23.274094,0.251625627,0,0.748374373
1.18,18.48,23.274094,0.251625627,0,0.748374373
2.36,18.48,23.274094,0.251625627,0,0.748374373
3.54,18.48,23.274094,0.251625627,0,0.748374373
4.72,18.48,23.274094,0.251625627,0,0.748374373
5.9,18.48,23.274094,0.251625627,0,0.748374373
7.08,18.48,23.274094,0.251625627,0,0.748374373
8.26,18.48,23.274094,0.251625627,0,0.748374373
9.44,18.48,23.274094,0.251625627,0,0.748374373
10.62,18.48,23.274094,0.251625627,0,0.748374373
0,19.66,23.274094,0.167750418,0,0.832249582
1.18,19.66,23.274094,0.167750418,0,0.832249582
2.36,19.66,23.274094,0.167750418,0,0.832249582
3.54,19.66,23.274094,0.167750418,0,0.832249582
4.72,19.66,23.274094,0.167750418,0,0.832249582
5.9,19.66,23.274094,0.167750418,0,0.832249582
7.08,19.66,23.274094,0.167750418,0,0.832249582
8.26,19.66,23.274094,0.167750418,0,0.832249582
9.44,19.66,23.274094,0.167750418,0,0.832249582
10.62,19.66,23.274094,0.167750418,0,0.832249582
0,20.84,23.274094,0.125812814,0,0.874187186
1.18,20.84,23.274094,0.125812814,0,0.874187186
2.36,20.84,23.274094,0.125812814,0,0.874187186
3.54,20.84,23.274094,0.125812814,0,0.874187186
4.72,20.84,23.274094,0.125812814,0,0.874187186
5.9,20.84,23.274094,0.125812814,0,0.874187186
7.08,20.84,23.274094,0.125812814,0,0.874187186
8.26,20.84,23.274094,0.125812814,0,0.874187186
9.44,20.84,23.274094,0.125812814,0,0.874187186
10.62,20.84,23.274094,0.125812814,0,0.874187186
0,22.02,23.274094,0.083875209,0,0.916124791
1.18,22.02,23.274094,0.083875209,0,0.916124791
2.36,22.02,23.274094,0.083875209,0,0.916124791
3.54,22.02,23.274094,0.083875209,0,0.916124791
4.72,22.02,23.274094,0.083875209,0,0.916124791
5.9,22.02,23.274094,0.083875209,0,0.916124791
7.08,22.02,23.274094,0.083875209,0,0.916124791
8.26,22.02,23.274094,0.083875209,0,0.916124791
9.44,22.02,23.274094,0.083875209,0,0.916124791
10.62,22.02,23.274094,0.083875209,0,0.916124791
0,23.2,23.274094,0.041937605,0,0.958062395
1.18,23.2,23.274094,0.041937605,0,0.958062395
2.36,23.2,23.274094,0.041937605,0,0.958062395
3.54,23.2,23.274094,0.041937605,0,0.958062395
4.72,23.2,23.274094,0.041937605,0,0.958062395
5.9,23.2,23.274094,0.041937605,0,0.958062395
7.08,23.2,23.274094,0.041937605,0,0.958062395
8.26,23.2,23.274094,0.041937605,0,0.958062395
9.44,23.2,23.274094,0.041937605,0,0.958062395
10.62,23.2,23.274094,0.041937605,0,0.958062395
0,24.38,23.274094,0,0,1
1.18,24.38,23.274094,0,0,1
2.36,24.38,23.274094,0,0,1
3.54,24.38,23.274094,0,0,1
4.72,24.38,23.274094,0,0,1
5.9,24.38,23.274094,0,0,1
7.08,24.38,23.274094,0,0,1
8.26,24.38,23.274094,0,0,1
9.44,24.38,23.274094,0,0,1
10.62,24.38,23.274094,0,0,1
0,-24,23.894094,0,0,1
1.18,-24,23.894094,0,0,1
2.36,-24,23.894094,0,0,1
3.54,-24,23.894094,0,0,1
4.72,-24,23.894094,0,0,1
5.9,-24,23.894094,0,0,1
7.08,-24,23.894094,0,0,1
8.26,-24,23.894094,0,0,1
9.44,-24,23.894094,0,0,1
10.62,-24,23.894094,0,0,1
0,-22.82,23.894094,0.041798508,0,0.958201492
1.18,-22.82,23.894094,0.041798508,0,0.958201492
2.36,-22.82,23.894094,0.041798508,0,0.958201492
3.54,-22.82,23.894094,0.041798508,0,0.958201492
4.72,-22.82,23.894094,0.041798508,0,0.958201492
5.9,-22.82,23.894094,0.041798508,0,0.958201492
7.08,-22.82,23.894094,0.041798508,0,0.958201492
8.26,-22.82,23.894094,0.041798508,0,0.958201492
9.44,-22.82,23.894094,0.041798508,0,0.958201492
10.62,-22.82,23.894094,0.041798508,0,0.958201492
0,-21.64,23.894094,0.083597015,0,0.916402985
1.18,-21.64,23.894094,0.083597015,0,0.916402985
2.36,-21.64,23.894094,0.083597015,0,0.916402985
3.54,-21.64,23.894094,0.083597015,0,0.916402985
4.72,-21.64,23.894094,0.083597015,0,0.916402985
5.9,-21.64,23.894094,0.083597015,0,0.916402985
7.08,-21.64,23.894094,0.083597015,0,0.916402985
8.26,-21.64,23.894094,0.083597015,0,0.916402985
9.44,-21.64,23.894094,0.083597015,0,0.916402985
10.62,-21.64,23.894094,0.083597015,0,0.916402985
0,-20.46,23.894094,0.167194031,0,0.832805969
1.18,-20.46,23.894094,0.167194031,0,0.832805969
2.36,-20.46,23.894094,0.167194031,0,0.832805969
3.54,-20.46,23.894094,0.167194031,0,0.832805969
4.72,-20.46,23.894094,0.167194031,0,0.832805969
5.9,-20.46,23.894094,0.167194031,0,0.832805969
7.08,-20.46,23.894094,0.167194031,0,0.832805969
8.26,-20.46,23.894094,0.167194031,0,0.832805969
9.44,-20.46,23.894094,0.167194031,0,0.832805969
10.62,-20.46,23.894094,0.167194031,0,0.832805969
0,-19.28,23.894094,0.208992538,0,0.791007462
1.18,-19.28,23.894094,0.208992538,0,0.791007462
2.36,-19.28,23.894094,0.208992538,0,0.791007462
3.54,-19.28,23.894094,0.208992538,0,0.791007462
4.72,-19.28,23.894094,0.208992538,0,0.791007462
5.9,-19.28,23.894094,0.208992538,0,0.791007462
7.08,-19.28,23.894094,0.208992538,0,0.791007462
8.26,-19.28,23.894094,0.208992538,0,0.791007462
9.44,-19.28,23.894094,0.208992538,0,0.791007462
10.62,-19.28,23.894094,0.208992538,0,0.791007462
0,-18.1,23.894094,0.250791046,0,0.749208954
1.18,-18.1,23.894094,0.250791046,0,0.749208954
2.36,-18.1,23.894094,0.250791046,0,0.749208954
3.54,-18.1,23.894094,0.250791046,0,0.749208954
4.72,-18.1,23.894094,0.250791046,0,0.749208954
5.9,-18.1,23.894094,0.250791046,0,0.749208954
7.08,-18.1,23.894094,0.250791046,0,0.749208954
8.26,-18.1,23.894094,0.250791046,0,0.749208954
9.44,-18.1,23.894094,0.250791046,0,0.749208954
10.62,-18.1,23.894094,0.250791046,0,0.749208954
0,-16.92,23.894094,0.292589554,0,0.707410446
1.18,-16.92,23.894094,0.292589554,0,0.707410446
2.36,-16.92,23.894094,0.292589554,0,0.707410446
3.54,-16.92,23.894094,0.292589554,0,0.707410446
4.72,-16.92,23.894094,0.292589554,0,0.707410446
5.9,-16.92,23.894094,0.292589554,0,0.707410446
7.08,-16.92,23.894094,0.292589554,0,0.707410446
8.26,-16.92,23.894094,0.292589554,0,0.707410446
9.44,-16.92,23.894094,0.292589554,0,0.707410446
10.62,-16.92,23.894094,0.292589554,0,0.707410446
0,-15.74,23.894094,0.334388061,0,0.665611939
1.18,-15.74,23.894094,0.334388061,0,0.665611939
2.36,-15.74,23.894094,0.334388061,0,0.665611939
3.54,-15.74,23.894094,0.334388061,0,0.665611939
4.72,-15.74,23.894094,0.334388061,0,0.665611939
5.9,-15.74,23.894094,0.334388061,0,0.665611939
7.08,-15.74,23.894094,0.334388061,0,0.665611939
8.26,-15.74,23.894094,0.334388061,0,0.665611939
9.44,-15.74,23.894094,0.334388061,0,0.665611939
10.62,-15.74,23.894094,0.334388061,0,0.665611939
0,-14.56,23.894094,0.376186569,0,0.623813431
1.18,-14.56,23.894094,0.376186569,0,0.623813431
2.36,-14.56,23.894094,0.376186569,0,0.623813431
3.54,-14.56,23.894094,0.376186569,0,0.623813431
4.72,-14.56,23.894094,0.376186569,0,0.623813431
5.9,-14.56,23.894094,0.376186569,0,0.623813431
7.08,-14.56,23.894094,0.376186569,0,0.623813431
8.26,-14.56,23.894094,0.376186569,0,0.623813431
9.44,-14.56,23.894094,0.376186569,0,0.623813431
10.62,-14.56,23.894094,0.376186569,0,0.623813431
0,-13.38,23.894094,0.459783584,0,0.540216416
1.18,-13.38,23.894094,0.459783584,0,0.540216416
2.36,-13.38,23.894094,0.459783584,0,0.540216416
3.54,-13.38,23.894094,0.459783584,0,0.540216416
4.72,-13.38,23.894094,0.459783584,0,0.540216416
5.9,-13.38,23.894094,0.459783584,0,0.540216416
7.08,-13.38,23.894094,0.459783584,0,0.540216416
8.26,-13.38,23.894094,0.459783584,0,0.540216416
9.44,-13.38,23.894094,0.459783584,0,0.540216416
10.62,-13.38,23.894094,0.459783584,0,0.540216416
0,-12.2,23.894094,0.501582092,0,0.498417908
1.18,-12.2,23.894094,0.501582092,0,0.498417908
2.36,-12.2,23.894094,0.501582092,0,0.498417908
3.54,-12.2,23.894094,0.501582092,0,0.498417908
4.72,-12.2,23.894094,0.501582092,0,0.498417908
5.9,-12.2,23.894094,0.501582092,0,0.498417908
7.08,-12.2,23.894094,0.501582092,0,0.498417908
8.26,-12.2,23.894094,0.501582092,0,0.498417908
9.44,-12.2,23.894094,0.501582092,0,0.498417908
10.62,-12.2,23.894094,0.501582092,0,0.498417908
0,-11.02,23.894094,0.543380599,0,0.456619401
1.18,-11.02,23.894094,0.543380599,0,0.456619401
2.36,-11.02,23.894094,0.543380599,0,0.456619401
3.54,-11.02,23.894094,0.543380599,0,0.456619401
4.72,-11.02,23.894094,0.543380599,0,0.456619401
5.9,-11.02,23.894094,0.543380599,0,0.456619401
7.08,-11.02,23.894094,0.543380599,0,0.456619401
8.26,-11.02,23.894094,0.543380599,0,0.456619401
9.44,-11.02,23.894094,0.543380599,0,0.456619401
10.62,-11.02,23.894094,0.543380599,0,0.456619401
0,-9.84,23.894094,0.585179107,0,0.414820893
1.18,-9.84,23.894094,0.585179107,0,0.414820893
2.36,-9.84,23.894094,0.585179107,0,0.414820893
3.54,-9.84,23.894094,0.585179107,0,0.414820893
4.72,-9.84,23.894094,0.585179107,0,0.414820893
5.9,-9.84,23.894094,0.585179107,0,0.414820893
7.08,-9.84,23.894094,0.585179107,0,0.414820893
8.26,-9.84,23.894094,0.585179107,0,0.414820893
9.44,-9.84,23.894094,0.585179107,0,0.414820893
10.62,-9.84,23.894094,0.585179107,0,0.414820893
0,-8.66,23.894094,0.626977615,0,0.373022385
1.18,-8.66,23.894094,0.626977615,0,0.373022385
2.36,-8.66,23.894094,0.626977615,0,0.373022385
3.54,-8.66,23.894094,0.626977615,0,0.373022385
4.72,-8.66,23.894094,0.626977615,0,0.373022385
5.9,-8.66,23.894094,0.626977615,0,0.373022385
7.08,-8.66,23.894094,0.626977615,0,0.373022385
8.26,-8.66,23.894094,0.626977615,0,0.373022385
9.44,-8.66,23.894094,0.626977615,0,0.373022385
10.62,-8.66,23.894094,0.626977615,0,0.373022385
0,-7.48,23.894094,0.71057463,0,0.28942537
1.18,-7.48,23.894094,0.71057463,0,0.28942537
2.36,-7.48,23.894094,0.71057463,0,0.28942537
3.54,-7.48,23.894094,0.71057463,0,0.28942537
4.72,-7.48,23.894094,0.71057463,0,0.28942537
5.9,-7.48,23.894094,0.71057463,0,0.28942537
7.08,-7.48,23.894094,0.71057463,0,0.28942537
8.26,-7.48,23.894094,0.71057463,0,0.28942537
9.44,-7.48,23.894094,0.71057463,0,0.28942537
10.62,-7.48,23.894094,0.71057463,0,0.28942537
0,-6.3,23.894094,0.752373138,0,0.247626862
1.18,-6.3,23.894094,0.752373138,0,0.247626862
2.36,-6.3,23.894094,0.752373138,0,0.247626862
3.54,-6.3,23.894094,0.752373138,0,0.247626862
4.72,-6.3,23.894094,0.752373138,0,0.247626862
5.9,-6.3,23.894094,0.752373138,0,0.247626862
7.08,-6.3,23.894094,0.752373138,0,0.247626862
8.26,-6.3,23.894094,0.752373138,0,0.247626862
9.44,-6.3,23.894094,0.752373138,0,0.247626862
10.62,-6.3,23.894094,0.752373138,0,0.247626862
0,-5.12,23.894094,0.794171645,0,0.205828355
1.18,-5.12,23.894094,0.794171645,0,0.205828355
2.36,-5.12,23.894094,0.794171645,0,0.205828355
3.54,-5.12,23.894094,0.794171645,0,0.205828355
4.72,-5.12,23.894094,0.794171645,0,0.205828355
5.9,-5.12,23.894094,0.794171645,0,0.205828355
7.08,-5.12,23.894094,0.794171645,0,0.205828355
8.26,-5.12,23.894094,0.794171645,0,0.205828355
9.44,-5.12,23.894094,0.794171645,0,0.205828355
10.62,-5.12,23.894094,0.794171645,0,0.205828355
0,-3.94,23.894094,0.835970153,0,0.164029847
1.18,-3.94,23.894094,0.835970153,0,0.164029847
2.36,-3.94,23.894094,0.835970153,0,0.164029847
3.54,-3.94,23.894094,0.835970153,0,0.164029847
4.72,-3.94,23.894094,0.835970153,0,0.164029847
5.9,-3.94,23.894094,0.835970153,0,0.164029847
7.08,-3.94,23.894094,0.835970153,0,0.164029847
8.26,-3.94,23.894094,0.835970153,0,0.164029847
9.44,-3.94,23.894094,0.835970153,0,0.164029847
10.62,-3.94,23.894094,0.835970153,0,0.164029847
0,-2.76,23.894094,0.877768661,0,0.122231339
1.18,-2.76,23.894094,0.877768661,0,0.122231339
2.36,-2.76,23.894094,0.877768661,0,0.122231339
3.54,-2.76,23.894094,0.877768661,0,0.122231339
4.72,-2.76,23.894094,0.877768661,0,0.122231339
5.9,-2.76,23.894094,0.877768661,0,0.122231339
7.08,-2.76,23.894094,0.877768661,0,0.122231339
8.26,-2.76,23.894094,0.877768661,0,0.122231339
9.44,-2.76,23.894094,0.877768661,0,0.122231339
10.62,-2.76,23.894094,0.877768661,0,0.122231339
0,-1.58,23.894094,0.919567168,0,0.080432832
1.18,-1.58,23.894094,0.919567168,0,0.080432832
2.36,-1.58,23.894094,0.919567168,0,0.080432832
3.54,-1.58,23.894094,0.919567168,0,0.080432832
4.72,-1.58,23.894094,0.919567168,0,0.080432832
5.9,-1.58,23.894094,0.919567168,0,0.080432832
7.08,-1.58,23.894094,0.919567168,0,0.080432832
8.26,-1.58,23.894094,0.919567168,0,0.080432832
9.44,-1.58,23.894094,0.919567168,0,0.080432832
10.62,-1.58,23.894094,0.919567168,0,0.080432832
0,-0.400000000000002,23.894094,0.990202299,0,0.009797701
1.18,-0.400000000000002,23.894094,0.990202299,0,0.009797701
2.36,-0.400000000000002,23.894094,0.990202299,0,0.009797701
3.54,-0.400000000000002,23.894094,0.990202299,0,0.009797701
4.72,-0.400000000000002,23.894094,0.990202299,0,0.009797701
5.9,-0.400000000000002,23.894094,0.990202299,0,0.009797701
7.08,-0.400000000000002,23.894094,0.990202299,0,0.009797701
8.26,-0.400000000000002,23.894094,0.990202299,0,0.009797701
9.44,-0.400000000000002,23.894094,0.990202299,0,0.009797701
10.62,-0.400000000000002,23.894094,0.990202299,0,0.009797701
0,0.779999999999998,23.894094,0.961365676,0,0.038634324
1.18,0.779999999999998,23.894094,0.961365676,0,0.038634324
2.36,0.779999999999998,23.894094,0.961365676,0,0.038634324
3.54,0.779999999999998,23.894094,0.961365676,0,0.038634324
4.72,0.779999999999998,23.894094,0.961365676,0,0.038634324
5.9,0.779999999999998,23.894094,0.961365676,0,0.038634324
7.08,0.779999999999998,23.894094,0.961365676,0,0.038634324
8.26,0.779999999999998,23.894094,0.961365676,0,0.038634324
9.44,0.779999999999998,23.894094,0.961365676,0,0.038634324
10.62,0.779999999999998,23.894094,0.961365676,0,0.038634324
0,1.96,23.894094,0.919567168,0,0.080432832
1.18,1.96,23.894094,0.919567168,0,0.080432832
2.36,1.96,23.894094,0.919567168,0,0.080432832
3.54,1.96,23.894094,0.919567168,0,0.080432832
4.72,1.96,23.894094,0.919567168,0,0.080432832
5.9,1.96,23.894094,0.919567168,0,0.080432832
7.08,1.96,23.894094,0.919567168,0,0.080432832
8.26,1.96,23.894094,0.919567168,0,0.080432832
9.44,1.96,23.894094,0.919567168,0,0.080432832
10.62,1.96,23.894094,0.919567168,0,0.080432832
0,3.14,23.894094,0.877768661,0,0.122231339
1.18,3.14,23.894094,0.877768661,0,0.122231339
2.36,3.14,23.894094,0.877768661,0,0.122231339
3.54,3.14,23.894094,0.877768661,0,0.122231339
4.72,3.14,23.894094,0.877768661,0,0.122231339
5.9,3.14,23.894094,0.877768661,0,0.122231339
7.08,3.14,23.894094,0.877768661,0,0.122231339
8.26,3.14,23.894094,0.877768661,0,0.122231339
9.44,3.14,23.894094,0.877768661,0,0.122231339
10.62,3.14,23.894094,0.877768661,0,0.122231339
0,4.32,23.894094,0.835970153,0,0.164029847
1.18,4.32,23.894094,0.835970153,0,0.164029847
2.36,4.32,23.894094,0.835970153,0,0.164029847
3.54,4.32,23.894094,0.835970153,0,0.164029847
4.72,4.32,23.894094,0.835970153,0,0.164029847
5.9,4.32,23.894094,0.835970153,0,0.164029847
7.08,4.32,23.894094,0.835970153,0,0.164029847
8.26,4.32,23.894094,0.835970153,0,0.164029847
9.44,4.32,23.894094,0.835970153,0,0.164029847
10.62,4.32,23.894094,0.835970153,0,0.164029847
0,5.5,23.894094,0.794171645,0,0.205828355
1.18,5.5,23.894094,0.794171645,0,0.205828355
2.36,5.5,23.894094,0.794171645,0,0.205828355
3.54,5.5,23.894094,0.794171645,0,0.205828355
4.72,5.5,23.894094,0.794171645,0,0.205828355
5.9,5.5,23.894094,0.794171645,0,0.205828355
7.08,5.5,23.894094,0.794171645,0,0.205828355
8.26,5.5,23.894094,0.794171645,0,0.205828355
9.44,5.5,23.894094,0.794171645,0,0.205828355
10.62,5.5,23.894094,0.794171645,0,0.205828355
0,6.68,23.894094,0.71057463,0,0.28942537
1.18,6.68,23.894094,0.71057463,0,0.28942537
2.36,6.68,23.894094,0.71057463,0,0.28942537
3.54,6.68,23.894094,0.71057463,0,0.28942537
4.72,6.68,23.894094,0.71057463,0,0.28942537
5.9,6.68,23.894094,0.71057463,0,0.28942537
7.08,6.68,23.894094,0.71057463,0,0.28942537
8.26,6.68,23.894094,0.71057463,0,0.28942537
9.44,6.68,23.894094,0.71057463,0,0.28942537
10.62,6.68,23.894094,0.71057463,0,0.28942537
0,7.86,23.894094,0.668776122,0,0.331223878
1.18,7.86,23.894094,0.668776122,0,0.331223878
2.36,7.86,23.894094,0.668776122,0,0.331223878
3.54,7.86,23.894094,0.668776122,0,0.331223878
4.72,7.86,23.894094,0.668776122,0,0.331223878
5.9,7.86,23.894094,0.668776122,0,0.331223878
7.08,7.86,23.894094,0.668776122,0,0.331223878
8.26,7.86,23.894094,0.668776122,0,0.331223878
9.44,7.86,23.894094,0.668776122,0,0.331223878
10.62,7.86,23.894094,0.668776122,0,0.331223878
0,9.04,23.894094,0.626977615,0,0.373022385
1.18,9.04,23.894094,0.626977615,0,0.373022385
2.36,9.04,23.894094,0.626977615,0,0.373022385
3.54,9.04,23.894094,0.626977615,0,0.373022385
4.72,9.04,23.894094,0.626977615,0,0.373022385
5.9,9.04,23.894094,0.626977615,0,0.373022385
7.08,9.04,23.894094,0.626977615,0,0.373022385
8.26,9.04,23.894094,0.626977615,0,0.373022385
9.44,9.04,23.894094,0.626977615,0,0.373022385
10.62,9.04,23.894094,0.626977615,0,0.373022385
0,10.22,23.894094,0.585179107,0,0.414820893
1.18,10.22,23.894094,0.585179107,0,0.414820893
2.36,10.22,23.894094,0.585179107,0,0.414820893
3.54,10.22,23.894094,0.585179107,0,0.414820893
4.72,10.22,23.894094,0.585179107,0,0.414820893
5.9,10.22,23.894094,0.585179107,0,0.414820893
7.08,10.22,23.894094,0.585179107,0,0.414820893
8.26,10.22,23.894094,0.585179107,0,0.414820893
9.44,10.22,23.894094,0.585179107,0,0.414820893
10.62,10.22,23.894094,0.585179107,0,0.414820893
0,11.4,23.894094,0.543380599,0,0.456619401
1.18,11.4,23.894094,0.543380599,0,0.456619401
2.36,11.4,23.894094,0.543380599,0,0.456619401
3.54,11.4,23.894094,0.543380599,0,0.456619401
4.72,11.4,23.894094,0.543380599,0,0.456619401
5.9,11.4,23.894094,0.543380599,0,0.456619401
7.08,11.4,23.894094,0.543380599,0,0.456619401
8.26,11.4,23.894094,0.543380599,0,0.456619401
9.44,11.4,23.894094,0.543380599,0,0.456619401
10.62,11.4,23.894094,0.543380599,0,0.456619401
0,12.58,23.894094,0.459783584,0,0.540216416
1.18,12.58,23.894094,0.459783584,0,0.540216416
2.36,12.58,23.894094,0.459783584,0,0.540216416
3.54,12.58,23.894094,0.459783584,0,0.540216416
4.72,12.58,23.894094,0.459783584,0,0.540216416
5.9,12.58,23.894094,0.459783584,0,0.540216416
7.08,12.58,23.894094,0.459783584,0,0.540216416
8.26,12.58,23.894094,0.459783584,0,0.540216416
9.44,12.58,23.894094,0.459783584,0,0.540216416
10.62,12.58,23.894094,0.459783584,0,0.540216416
0,13.76,23.894094,0.417985076,0,0.582014924
1.18,13.76,23.894094,0.417985076,0,0.582014924
2.36,13.76,23.894094,0.417985076,0,0.582014924
3.54,13.76,23.894094,0.417985076,0,0.582014924
4.72,13.76,23.894094,0.417985076,0,0.582014924
5.9,13.76,23.894094,0.417985076,0,0.582014924
7.08,13.76,23.894094,0.417985076,0,0.582014924
8.26,13.76,23.894094,0.417985076,0,0.582014924
9.44,13.76,23.894094,0.417985076,0,0.582014924
10.62,13.76,23.894094,0.417985076,0,0.582014924
0,14.94,23.894094,0.376186569,0,0.623813431
1.18,14.94,23.894094,0.376186569,0,0.623813431
2.36,14.94,23.894094,0.376186569,0,0.623813431
3.54,14.94,23.894094,0.376186569,0,0.623813431
4.72,14.94,23.894094,0.376186569,0,0.623813431
5.9,14.94,23.894094,0.376186569,0,0.623813431
7.08,14.94,23.894094,0.376186569,0,0.623813431
8.26,14.94,23.894094,0.376186569,0,0.623813431
9.44,14.94,23.894094,0.376186569,0,0.623813431
10.62,14.94,23.894094,0.376186569,0,0.623813431
0,16.12,23.894094,0.334388061,0,0.665611939
1.18,16.12,23.894094,0.334388061,0,0.665611939
2.36,16.12,23.894094,0.334388061,0,0.665611939
3.54,16.12,23.894094,0.334388061,0,0.665611939
4.72,16.12,23.894094,0.334388061,0,0.665611939
5.9,16.12,23.894094,0.334388061,0,0.665611939
7.08,16.12,23.894094,0.334388061,0,0.665611939
8.26,16.12,23.894094,0.334388061,0,0.665611939
9.44,16.12,23.894094,0.334388061,0,0.665611939
10.62,16.12,23.894094,0.334388061,0,0.665611939
0,17.3,23.894094,0.292589554,0,0.707410446
1.18,17.3,23.894094,0.292589554,0,0.707410446
2.36,17.3,23.894094,0.292589554,0,0.707410446
3.54,17.3,23.894094,0.292589554,0,0.707410446
4.72,17.3,23.894094,0.292589554,0,0.707410446
5.9,17.3,23.894094,0.292589554,0,0.707410446
7.08,17.3,23.894094,0.292589554,0,0.707410446
8.26,17.3,23.894094,0.292589554,0,0.707410446
9.44,17.3,23.894094,0.292589554,0,0.707410446
10.62,17.3,23.894094,0.292589554,0,0.707410446
0,18.48,23.894094,0.250791046,0,0.749208954
1.18,18.48,23.894094,0.250791046,0,0.749208954
2.36,18.48,23.894094,0.250791046,0,0.749208954
3.54,18.48,23.894094,0.250791046,0,0.749208954
4.72,18.48,23.894094,0.250791046,0,0.749208954
5.9,18.48,23.894094,0.250791046,0,0.749208954
7.08,18.48,23.894094,0.250791046,0,0.749208954
8.26,18.48,23.894094,0.250791046,0,0.749208954
9.44,18.48,23.894094,0.250791046,0,0.749208954
10.62,18.48,23.894094,0.250791046,0,0.749208954
0,19.66,23.894094,0.167194031,0,0.832805969
1.18,19.66,23.894094,0.167194031,0,0.832805969
2.36,19.66,23.894094,0.167194031,0,0.832805969
3.54,19.66,23.894094,0.167194031,0,0.832805969
4.72,19.66,23.894094,0.167194031,0,0.832805969
5.9,19.66,23.894094,0.167194031,0,0.832805969
7.08,19.66,23.894094,0.167194031,0,0.832805969
8.26,19.66,23.894094,0.167194031,0,0.832805969
9.44,19.66,23.894094,0.167194031,0,0.832805969
10.62,19.66,23.894094,0.167194031,0,0.832805969
0,20.84,23.894094,0.125395523,0,0.874604477
1.18,20.84,23.894094,0.125395523,0,0.874604477
2.36,20.84,23.894094,0.125395523,0,0.874604477
3.54,20.84,23.894094,0.125395523,0,0.874604477
4.72,20.84,23.894094,0.125395523,0,0.874604477
5.9,20.84,23.894094,0.125395523,0,0.874604477
7.08,20.84,23.894094,0.125395523,0,0.874604477
8.26,20.84,23.894094,0.125395523,0,0.874604477
9.44,20.84,23.894094,0.125395523,0,0.874604477
10.62,20.84,23.894094,0.125395523,0,0.874604477
0,22.02,23.894094,0.083597015,0,0.916402985
1.18,22.02,23.894094,0.083597015,0,0.916402985
2.36,22.02,23.894094,0.083597015,0,0.916402985
3.54,22.02,23.894094,0.083597015,0,0.916402985
4.72,22.02,23.894094,0.083597015,0,0.916402985
5.9,22.02,23.894094,0.083597015,0,0.916402985
7.08,22.02,23.894094,0.083597015,0,0.916402985
8.26,22.02,23.894094,0.083597015,0,0.916402985
9.44,22.02,23.894094,0.083597015,0,0.916402985
10.62,22.02,23.894094,0.083597015,0,0.916402985
0,23.2,23.894094,0.041798508,0,0.958201492
1.18,23.2,23.894094,0.041798508,0,0.958201492
2.36,23.2,23.894094,0.041798508,0,0.958201492
3.54,23.2,23.894094,0.041798508,0,0.958201492
4.72,23.2,23.894094,0.041798508,0,0.958201492
5.9,23.2,23.894094,0.041798508,0,0.958201492
7.08,23.2,23.894094,0.041798508,0,0.958201492
8.26,23.2,23.894094,0.041798508,0,0.958201492
9.44,23.2,23.894094,0.041798508,0,0.958201492
10.62,23.2,23.894094,0.041798508,0,0.958201492
0,24.38,23.894094,0,0,1
1.18,24.38,23.894094,0,0,1
2.36,24.38,23.894094,0,0,1
3.54,24.38,23.894094,0,0,1
4.72,24.38,23.894094,0,0,1
5.9,24.38,23.894094,0,0,1
7.08,24.38,23.894094,0,0,1
8.26,24.38,23.894094,0,0,1
9.44,24.38,23.894094,0,0,1
10.62,24.38,23.894094,0,0,1
0,-24,24.514094,0,0,1
1.18,-24,24.514094,0,0,1
2.36,-24,24.514094,0,0,1
3.54,-24,24.514094,0,0,1
4.72,-24,24.514094,0,0,1
5.9,-24,24.514094,0,0,1
7.08,-24,24.514094,0,0,1
8.26,-24,24.514094,0,0,1
9.44,-24,24.514094,0,0,1
10.62,-24,24.514094,0,0,1
0,-22.82,24.514094,0.041658946,0,0.958341054
1.18,-22.82,24.514094,0.041658946,0,0.958341054
2.36,-22.82,24.514094,0.041658946,0,0.958341054
3.54,-22.82,24.514094,0.041658946,0,0.958341054
4.72,-22.82,24.514094,0.041658946,0,0.958341054
5.9,-22.82,24.514094,0.041658946,0,0.958341054
7.08,-22.82,24.514094,0.041658946,0,0.958341054
8.26,-22.82,24.514094,0.041658946,0,0.958341054
9.44,-22.82,24.514094,0.041658946,0,0.958341054
10.62,-22.82,24.514094,0.041658946,0,0.958341054
0,-21.64,24.514094,0.083317893,0,0.916682107
1.18,-21.64,24.514094,0.083317893,0,0.916682107
2.36,-21.64,24.514094,0.083317893,0,0.916682107
3.54,-21.64,24.514094,0.083317893,0,0.916682107
4.72,-21.64,24.514094,0.083317893,0,0.916682107
5.9,-21.64,24.514094,0.083317893,0,0.916682107
7.08,-21.64,24.514094,0.083317893,0,0.916682107
8.26,-21.64,24.514094,0.083317893,0,0.916682107
9.44,-21.64,24.514094,0.083317893,0,0.916682107
10.62,-21.64,24.514094,0.083317893,0,0.916682107
0,-20.46,24.514094,0.166635785,0,0.833364215
1.18,-20.46,24.514094,0.166635785,0,0.833364215
2.36,-20.46,24.514094,0.166635785,0,0.833364215
3.54,-20.46,24.514094,0.166635785,0,0.833364215
4.72,-20.46,24.514094,0.166635785,0,0.833364215
5.9,-20.46,24.514094,0.166635785,0,0.833364215
7.08,-20.46,24.514094,0.166635785,0,0.833364215
8.26,-20.46,24.514094,0.166635785,0,0.833364215
9.44,-20.46,24.514094,0.166635785,0,0.833364215
10.62,-20.46,24.514094,0.166635785,0,0.833364215
0,-19.28,24.514094,0.208294731,0,0.791705269
1.18,-19.28,24.514094,0.208294731,0,0.791705269
2.36,-19.28,24.514094,0.208294731,0,0.791705269
3.54,-19.28,24.514094,0.208294731,0,0.791705269
4.72,-19.28,24.514094,0.208294731,0,0.791705269
5.9,-19.28,24.514094,0.208294731,0,0.791705269
7.08,-19.28,24.514094,0.208294731,0,0.791705269
8.26,-19.28,24.514094,0.208294731,0,0.791705269
9.44,-19.28,24.514094,0.208294731,0,0.791705269
10.62,-19.28,24.514094,0.208294731,0,0.791705269
0,-18.1,24.514094,0.249953678,0,0.750046322
1.18,-18.1,24.514094,0.249953678,0,0.750046322
2.36,-18.1,24.514094,0.249953678,0,0.750046322
3.54,-18.1,24.514094,0.249953678,0,0.750046322
4.72,-18.1,24.514094,0.249953678,0,0.750046322
5.9,-18.1,24.514094,0.249953678,0,0.750046322
7.08,-18.1,24.514094,0.249953678,0,0.750046322
8.26,-18.1,24.514094,0.249953678,0,0.750046322
9.44,-18.1,24.514094,0.249953678,0,0.750046322
10.62,-18.1,24.514094,0.249953678,0,0.750046322
0,-16.92,24.514094,0.291612624,0,0.708387376
1.18,-16.92,24.514094,0.291612624,0,0.708387376
2.36,-16.92,24.514094,0.291612624,0,0.708387376
3.54,-16.92,24.514094,0.291612624,0,0.708387376
4.72,-16.92,24.514094,0.291612624,0,0.708387376
5.9,-16.92,24.514094,0.291612624,0,0.708387376
7.08,-16.92,24.514094,0.291612624,0,0.708387376
8.26,-16.92,24.514094,0.291612624,0,0.708387376
9.44,-16.92,24.514094,0.291612624,0,0.708387376
10.62,-16.92,24.514094,0.291612624,0,0.708387376
0,-15.74,24.514094,0.33327157,0,0.66672843
1.18,-15.74,24.514094,0.33327157,0,0.66672843
2.36,-15.74,24.514094,0.33327157,0,0.66672843
3.54,-15.74,24.514094,0.33327157,0,0.66672843
4.72,-15.74,24.514094,0.33327157,0,0.66672843
5.9,-15.74,24.514094,0.33327157,0,0.66672843
7.08,-15.74,24.514094,0.33327157,0,0.66672843
8.26,-15.74,24.514094,0.33327157,0,0.66672843
9.44,-15.74,24.514094,0.33327157,0,0.66672843
10.62,-15.74,24.514094,0.33327157,0,0.66672843
0,-14.56,24.514094,0.374930517,0,0.625069483
1.18,-14.56,24.514094,0.374930517,0,0.625069483
2.36,-14.56,24.514094,0.374930517,0,0.625069483
3.54,-14.56,24.514094,0.374930517,0,0.625069483
4.72,-14.56,24.514094,0.374930517,0,0.625069483
5.9,-14.56,24.514094,0.374930517,0,0.625069483
7.08,-14.56,24.514094,0.374930517,0,0.625069483
8.26,-14.56,24.514094,0.374930517,0,0.625069483
9.44,-14.56,24.514094,0.374930517,0,0.625069483
10.62,-14.56,24.514094,0.374930517,0,0.625069483
0,-13.38,24.514094,0.458248409,0,0.541751591
1.18,-13.38,24.514094,0.458248409,0,0.541751591
2.36,-13.38,24.514094,0.458248409,0,0.541751591
3.54,-13.38,24.514094,0.458248409,0,0.541751591
4.72,-13.38,24.514094,0.458248409,0,0.541751591
5.9,-13.38,24.514094,0.458248409,0,0.541751591
7.08,-13.38,24.514094,0.458248409,0,0.541751591
8.26,-13.38,24.514094,0.458248409,0,0.541751591
9.44,-13.38,24.514094,0.458248409,0,0.541751591
10.62,-13.38,24.514094,0.458248409,0,0.541751591
0,-12.2,24.514094,0.499907356,0,0.500092644
1.18,-12.2,24.514094,0.499907356,0,0.500092644
2.36,-12.2,24.514094,0.499907356,0,0.500092644
3.54,-12.2,24.514094,0.499907356,0,0.500092644
4.72,-12.2,24.514094,0.499907356,0,0.500092644
5.9,-12.2,24.514094,0.499907356,0,0.500092644
7.08,-12.2,24.514094,0.499907356,0,0.500092644
8.26,-12.2,24.514094,0.499907356,0,0.500092644
9.44,-12.2,24.514094,0.499907356,0,0.500092644
10.62,-12.2,24.514094,0.499907356,0,0.500092644
0,-11.02,24.514094,0.541566302,0,0.458433698
1.18,-11.02,24.514094,0.541566302,0,0.458433698
2.36,-11.02,24.514094,0.541566302,0,0.458433698
3.54,-11.02,24.514094,0.541566302,0,0.458433698
4.72,-11.02,24.514094,0.541566302,0,0.458433698
5.9,-11.02,24.514094,0.541566302,0,0.458433698
7.08,-11.02,24.514094,0.541566302,0,0.458433698
8.26,-11.02,24.514094,0.541566302,0,0.458433698
9.44,-11.02,24.514094,0.541566302,0,0.458433698
10.62,-11.02,24.514094,0.541566302,0,0.458433698
0,-9.84,24.514094,0.583225248,0,0.416774752
1.18,-9.84,24.514094,0.583225248,0,0.416774752
2.36,-9.84,24.514094,0.583225248,0,0.416774752
3.54,-9.84,24.514094,0.583225248,0,0.416774752
4.72,-9.84,24.514094,0.583225248,0,0.416774752
5.9,-9.84,24.514094,0.583225248,0,0.416774752
7.08,-9.84,24.514094,0.583225248,0,0.416774752
8.26,-9.84,24.514094,0.583225248,0,0.416774752
9.44,-9.84,24.514094,0.583225248,0,0.416774752
10.62,-9.84,24.514094,0.583225248,0,0.416774752
0,-8.66,24.514094,0.624884194,0,0.375115806
1.18,-8.66,24.514094,0.624884194,0,0.375115806
2.36,-8.66,24.514094,0.624884194,0,0.375115806
3.54,-8.66,24.514094,0.624884194,0,0.375115806
4.72,-8.66,24.514094,0.624884194,0,0.375115806
5.9,-8.66,24.514094,0.624884194,0,0.375115806
7.08,-8.66,24.514094,0.624884194,0,0.375115806
8.26,-8.66,24.514094,0.624884194,0,0.375115806
9.44,-8.66,24.514094,0.624884194,0,0.375115806
10.62,-8.66,24.514094,0.624884194,0,0.375115806
0,-7.48,24.514094,0.708202087,0,0.291797913
1.18,-7.48,24.514094,0.708202087,0,0.291797913
2.36,-7.48,24.514094,0.708202087,0,0.291797913
3.54,-7.48,24.514094,0.708202087,0,0.291797913
4.72,-7.48,24.514094,0.708202087,0,0.291797913
5.9,-7.48,24.514094,0.708202087,0,0.291797913
7.08,-7.48,24.514094,0.708202087,0,0.291797913
8.26,-7.48,24.514094,0.708202087,0,0.291797913
9.44,-7.48,24.514094,0.708202087,0,0.291797913
10.62,-7.48,24.514094,0.708202087,0,0.291797913
0,-6.3,24.514094,0.749861033,0,0.250138967
1.18,-6.3,24.514094,0.749861033,0,0.250138967
2.36,-6.3,24.514094,0.749861033,0,0.250138967
3.54,-6.3,24.514094,0.749861033,0,0.250138967
4.72,-6.3,24.514094,0.749861033,0,0.250138967
5.9,-6.3,24.514094,0.749861033,0,0.250138967
7.08,-6.3,24.514094,0.749861033,0,0.250138967
8.26,-6.3,24.514094,0.749861033,0,0.250138967
9.44,-6.3,24.514094,0.749861033,0,0.250138967
10.62,-6.3,24.514094,0.749861033,0,0.250138967
0,-5.12,24.514094,0.79151998,0,0.20848002
1.18,-5.12,24.514094,0.79151998,0,0.20848002
2.36,-5.12,24.514094,0.79151998,0,0.20848002
3.54,-5.12,24.514094,0.79151998,0,0.20848002
4.72,-5.12,24.514094,0.79151998,0,0.20848002
5.9,-5.12,24.514094,0.79151998,0,0.20848002
7.08,-5.12,24.514094,0.79151998,0,0.20848002
8.26,-5.12,24.514094,0.79151998,0,0.20848002
9.44,-5.12,24.514094,0.79151998,0,0.20848002
10.62,-5.12,24.514094,0.79151998,0,0.20848002
0,-3.94,24.514094,0.833178926,0,0.166821074
1.18,-3.94,24.514094,0.833178926,0,0.166821074
2.36,-3.94,24.514094,0.833178926,0,0.166821074
3.54,-3.94,24.514094,0.833178926,0,0.166821074
4.72,-3.94,24.514094,0.833178926,0,0.166821074
5.9,-3.94,24.514094,0.833178926,0,0.166821074
7.08,-3.94,24.514094,0.833178926,0,0.166821074
8.26,-3.94,24.514094,0.833178926,0,0.166821074
9.44,-3.94,24.514094,0.833178926,0,0.166821074
10.62,-3.94,24.514094,0.833178926,0,0.166821074
0,-2.76,24.514094,0.874837872,0,0.125162128
1.18,-2.76,24.514094,0.874837872,0,0.125162128
2.36,-2.76,24.514094,0.874837872,0,0.125162128
3.54,-2.76,24.514094,0.874837872,0,0.125162128
4.72,-2.76,24.514094,0.874837872,0,0.125162128
5.9,-2.76,24.514094,0.874837872,0,0.125162128
7.08,-2.76,24.514094,0.874837872,0,0.125162128
8.26,-2.76,24.514094,0.874837872,0,0.125162128
9.44,-2.76,24.514094,0.874837872,0,0.125162128
10.62,-2.76,24.514094,0.874837872,0,0.125162128
0,-1.58,24.514094,0.916496818,0,0.083503182
1.18,-1.58,24.514094,0.916496818,0,0.083503182
2.36,-1.58,24.514094,0.916496818,0,0.083503182
3.54,-1.58,24.514094,0.916496818,0,0.083503182
4.72,-1.58,24.514094,0.916496818,0,0.083503182
5.9,-1.58,24.514094,0.916496818,0,0.083503182
7.08,-1.58,24.514094,0.916496818,0,0.083503182
8.26,-1.58,24.514094,0.916496818,0,0.083503182
9.44,-1.58,24.514094,0.916496818,0,0.083503182
10.62,-1.58,24.514094,0.916496818,0,0.083503182
0,-0.400000000000002,24.514094,0.986896105,0,0.013103895
1.18,-0.400000000000002,24.514094,0.986896105,0,0.013103895
2.36,-0.400000000000002,24.514094,0.986896105,0,0.013103895
3.54,-0.400000000000002,24.514094,0.986896105,0,0.013103895
4.72,-0.400000000000002,24.514094,0.986896105,0,0.013103895
5.9,-0.400000000000002,24.514094,0.986896105,0,0.013103895
7.08,-0.400000000000002,24.514094,0.986896105,0,0.013103895
8.26,-0.400000000000002,24.514094,0.986896105,0,0.013103895
9.44,-0.400000000000002,24.514094,0.986896105,0,0.013103895
10.62,-0.400000000000002,24.514094,0.986896105,0,0.013103895
0,0.779999999999998,24.514094,0.958155765,0,0.041844235
1.18,0.779999999999998,24.514094,0.958155765,0,0.041844235
2.36,0.779999999999998,24.514094,0.958155765,0,0.041844235
3.54,0.779999999999998,24.514094,0.958155765,0,0.041844235
4.72,0.779999999999998,24.514094,0.958155765,0,0.041844235
5.9,0.779999999999998,24.514094,0.958155765,0,0.041844235
7.08,0.779999999999998,24.514094,0.958155765,0,0.041844235
8.26,0.779999999999998,24.514094,0.958155765,0,0.041844235
9.44,0.779999999999998,24.514094,0.958155765,0,0.041844235
10.62,0.779999999999998,24.514094,0.958155765,0,0.041844235
0,1.96,24.514094,0.916496818,0,0.083503182
1.18,1.96,24.514094,0.916496818,0,0.083503182
2.36,1.96,24.514094,0.916496818,0,0.083503182
3.54,1.96,24.514094,0.916496818,0,0.083503182
4.72,1.96,24.514094,0.916496818,0,0.083503182
5.9,1.96,24.514094,0.916496818,0,0.083503182
7.08,1.96,24.514094,0.916496818,0,0.083503182
8.26,1.96,24.514094,0.916496818,0,0.083503182
9.44,1.96,24.514094,0.916496818,0,0.083503182
10.62,1.96,24.514094,0.916496818,0,0.083503182
0,3.14,24.514094,0.874837872,0,0.125162128
1.18,3.14,24.514094,0.874837872,0,0.125162128
2.36,3.14,24.514094,0.874837872,0,0.125162128
3.54,3.14,24.514094,0.874837872,0,0.125162128
4.72,3.14,24.514094,0.874837872,0,0.125162128
5.9,3.14,24.514094,0.874837872,0,0.125162128
7.08,3.14,24.514094,0.874837872,0,0.125162128
8.26,3.14,24.514094,0.874837872,0,0.125162128
9.44,3.14,24.514094,0.874837872,0,0.125162128
10.62,3.14,24.514094,0.874837872,0,0.125162128
0,4.32,24.514094,0.833178926,0,0.166821074
1.18,4.32,24.514094,0.833178926,0,0.166821074
2.36,4.32,24.514094,0.833178926,0,0.166821074
3.54,4.32,24.514094,0.833178926,0,0.166821074
4.72,4.32,24.514094,0.833178926,0,0.166821074
5.9,4.32,24.514094,0.833178926,0,0.166821074
7.08,4.32,24.514094,0.833178926,0,0.166821074
8.26,4.32,24.514094,0.833178926,0,0.166821074
9.44,4.32,24.514094,0.833178926,0,0.166821074
10.62,4.32,24.514094,0.833178926,0,0.166821074
0,5.5,24.514094,0.79151998,0,0.20848002
1.18,5.5,24.514094,0.79151998,0,0.20848002
2.36,5.5,24.514094,0.79151998,0,0.20848002
3.54,5.5,24.514094,0.79151998,0,0.20848002
4.72,5.5,24.514094,0.79151998,0,0.20848002
5.9,5.5,24.514094,0.79151998,0,0.20848002
7.08,5.5,24.514094,0.79151998,0,0.20848002
8.26,5.5,24.514094,0.79151998,0,0.20848002
9.44,5.5,24.514094,0.79151998,0,0.20848002
10.62,5.5,24.514094,0.79151998,0,0.20848002
0,6.68,24.514094,0.708202087,0,0.291797913
1.18,6.68,24.514094,0.708202087,0,0.291797913
2.36,6.68,24.514094,0.708202087,0,0.291797913
3.54,6.68,24.514094,0.708202087,0,0.291797913
4.72,6.68,24.514094,0.708202087,0,0.291797913
5.9,6.68,24.514094,0.708202087,0,0.291797913
7.08,6.68,24.514094,0.708202087,0,0.291797913
8.26,6.68,24.514094,0.708202087,0,0.291797913
9.44,6.68,24.514094,0.708202087,0,0.291797913
10.62,6.68,24.514094,0.708202087,0,0.291797913
0,7.86,24.514094,0.666543141,0,0.333456859
1.18,7.86,24.514094,0.666543141,0,0.333456859
2.36,7.86,24.514094,0.666543141,0,0.333456859
3.54,7.86,24.514094,0.666543141,0,0.333456859
4.72,7.86,24.514094,0.666543141,0,0.333456859
5.9,7.86,24.514094,0.666543141,0,0.333456859
7.08,7.86,24.514094,0.666543141,0,0.333456859
8.26,7.86,24.514094,0.666543141,0,0.333456859
9.44,7.86,24.514094,0.666543141,0,0.333456859
10.62,7.86,24.514094,0.666543141,0,0.333456859
0,9.04,24.514094,0.624884194,0,0.375115806
1.18,9.04,24.514094,0.624884194,0,0.375115806
2.36,9.04,24.514094,0.624884194,0,0.375115806
3.54,9.04,24.514094,0.624884194,0,0.375115806
4.72,9.04,24.514094,0.624884194,0,0.375115806
5.9,9.04,24.514094,0.624884194,0,0.375115806
7.08,9.04,24.514094,0.624884194,0,0.375115806
8.26,9.04,24.514094,0.624884194,0,0.375115806
9.44,9.04,24.514094,0.624884194,0,0.375115806
10.62,9.04,24.514094,0.624884194,0,0.375115806
0,10.22,24.514094,0.583225248,0,0.416774752
1.18,10.22,24.514094,0.583225248,0,0.416774752
2.36,10.22,24.514094,0.583225248,0,0.416774752
3.54,10.22,24.514094,0.583225248,0,0.416774752
4.72,10.22,24.514094,0.583225248,0,0.416774752
5.9,10.22,24.514094,0.583225248,0,0.416774752
7.08,10.22,24.514094,0.583225248,0,0.416774752
8.26,10.22,24.514094,0.583225248,0,0.416774752
9.44,10.22,24.514094,0.583225248,0,0.416774752
10.62,10.22,24.514094,0.583225248,0,0.416774752
0,11.4,24.514094,0.541566302,0,0.458433698
1.18,11.4,24.514094,0.541566302,0,0.458433698
2.36,11.4,24.514094,0.541566302,0,0.458433698
3.54,11.4,24.514094,0.541566302,0,0.458433698
4.72,11.4,24.514094,0.541566302,0,0.458433698
5.9,11.4,24.514094,0.541566302,0,0.458433698
7.08,11.4,24.514094,0.541566302,0,0.458433698
8.26,11.4,24.514094,0.541566302,0,0.458433698
9.44,11.4,24.514094,0.541566302,0,0.458433698
10.62,11.4,24.514094,0.541566302,0,0.458433698
0,12.58,24.514094,0.458248409,0,0.541751591
1.18,12.58,24.514094,0.458248409,0,0.541751591
2.36,12.58,24.514094,0.458248409,0,0.541751591
3.54,12.58,24.514094,0.458248409,0,0.541751591
4.72,12.58,24.514094,0.458248409,0,0.541751591
5.9,12.58,24.514094,0.458248409,0,0.541751591
7.08,12.58,24.514094,0.458248409,0,0.541751591
8.26,12.58,24.514094,0.458248409,0,0.541751591
9.44,12.58,24.514094,0.458248409,0,0.541751591
10.62,12.58,24.514094,0.458248409,0,0.541751591
0,13.76,24.514094,0.416589463,0,0.583410537
1.18,13.76,24.514094,0.416589463,0,0.583410537
2.36,13.76,24.514094,0.416589463,0,0.583410537
3.54,13.76,24.514094,0.416589463,0,0.583410537
4.72,13.76,24.514094,0.416589463,0,0.583410537
5.9,13.76,24.514094,0.416589463,0,0.583410537
7.08,13.76,24.514094,0.416589463,0,0.583410537
8.26,13.76,24.514094,0.416589463,0,0.583410537
9.44,13.76,24.514094,0.416589463,0,0.583410537
10.62,13.76,24.514094,0.416589463,0,0.583410537
0,14.94,24.514094,0.374930517,0,0.625069483
1.18,14.94,24.514094,0.374930517,0,0.625069483
2.36,14.94,24.514094,0.374930517,0,0.625069483
3.54,14.94,24.514094,0.374930517,0,0.625069483
4.72,14.94,24.514094,0.374930517,0,0.625069483
5.9,14.94,24.514094,0.374930517,0,0.625069483
7.08,14.94,24.514094,0.374930517,0,0.625069483
8.26,14.94,24.514094,0.374930517,0,0.625069483
9.44,14.94,24.514094,0.374930517,0,0.625069483
10.62,14.94,24.514094,0.374930517,0,0.625069483
0,16.12,24.514094,0.33327157,0,0.66672843
1.18,16.12,24.514094,0.33327157,0,0.66672843
2.36,16.12,24.514094,0.33327157,0,0.66672843
3.54,16.12,24.514094,0.33327157,0,0.66672843
4.72,16.12,24.514094,0.33327157,0,0.66672843
5.9,16.12,24.514094,0.33327157,0,0.66672843
7.08,16.12,24.514094,0.33327157,0,0.66672843
8.26,16.12,24.514094,0.33327157,0,0.66672843
9.44,16.12,24.514094,0.33327157,0,0.66672843
10.62,16.12,24.514094,0.33327157,0,0.66672843
0,17.3,24.514094,0.291612624,0,0.708387376
1.18,17.3,24.514094,0.291612624,0,0.708387376
2.36,17.3,24.514094,0.291612624,0,0.708387376
3.54,17.3,24.514094,0.291612624,0,0.708387376
4.72,17.3,24.514094,0.291612624,0,0.708387376
5.9,17.3,24.514094,0.291612624,0,0.708387376
7.08,17.3,24.514094,0.291612624,0,0.708387376
8.26,17.3,24.514094,0.291612624,0,0.708387376
9.44,17.3,24.514094,0.291612624,0,0.708387376
10.62,17.3,24.514094,0.291612624,0,0.708387376
0,18.48,24.514094,0.249953678,0,0.750046322
1.18,18.48,24.514094,0.249953678,0,0.750046322
2.36,18.48,24.514094,0.249953678,0,0.750046322
3.54,18.48,24.514094,0.249953678,0,0.750046322
4.72,18.48,24.514094,0.249953678,0,0.750046322
5.9,18.48,24.514094,0.249953678,0,0.750046322
7.08,18.48,24.514094,0.249953678,0,0.750046322
8.26,18.48,24.514094,0.249953678,0,0.750046322
9.44,18.48,24.514094,0.249953678,0,0.750046322
10.62,18.48,24.514094,0.249953678,0,0.750046322
0,19.66,24.514094,0.166635785,0,0.833364215
1.18,19.66,24.514094,0.166635785,0,0.833364215
2.36,19.66,24.514094,0.166635785,0,0.833364215
3.54,19.66,24.514094,0.166635785,0,0.833364215
4.72,19.66,24.514094,0.166635785,0,0.833364215
5.9,19.66,24.514094,0.166635785,0,0.833364215
7.08,19.66,24.514094,0.166635785,0,0.833364215
8.26,19.66,24.514094,0.166635785,0,0.833364215
9.44,19.66,24.514094,0.166635785,0,0.833364215
10.62,19.66,24.514094,0.166635785,0,0.833364215
0,20.84,24.514094,0.124976839,0,0.875023161
1.18,20.84,24.514094,0.124976839,0,0.875023161
2.36,20.84,24.514094,0.124976839,0,0.875023161
3.54,20.84,24.514094,0.124976839,0,0.875023161
4.72,20.84,24.514094,0.124976839,0,0.875023161
5.9,20.84,24.514094,0.124976839,0,0.875023161
7.08,20.84,24.514094,0.124976839,0,0.875023161
8.26,20.84,24.514094,0.124976839,0,0.875023161
9.44,20.84,24.514094,0.124976839,0,0.875023161
10.62,20.84,24.514094,0.124976839,0,0.875023161
0,22.02,24.514094,0.083317893,0,0.916682107
1.18,22.02,24.514094,0.083317893,0,0.916682107
2.36,22.02,24.514094,0.083317893,0,0.916682107
3.54,22.02,24.514094,0.083317893,0,0.916682107
4.72,22.02,24.514094,0.083317893,0,0.916682107
5.9,22.02,24.514094,0.083317893,0,0.916682107
7.08,22.02,24.514094,0.083317893,0,0.916682107
8.26,22.02,24.514094,0.083317893,0,0.916682107
9.44,22.02,24.514094,0.083317893,0,0.916682107
10.62,22.02,24.514094,0.083317893,0,0.916682107
0,23.2,24.514094,0.041658946,0,0.958341054
1.18,23.2,24.514094,0.041658946,0,0.958341054
2.36,23.2,24.514094,0.041658946,0,0.958341054
3.54,23.2,24.514094,0.041658946,0,0.958341054
4.72,23.2,24.514094,0.041658946,0,0.958341054
5.9,23.2,24.514094,0.041658946,0,0.958341054
7.08,23.2,24.514094,0.041658946,0,0.958341054
8.26,23.2,24.514094,0.041658946,0,0.958341054
9.44,23.2,24.514094,0.041658946,0,0.958341054
10.62,23.2,24.514094,0.041658946,0,0.958341054
0,24.38,24.514094,0,0,1
1.18,24.38,24.514094,0,0,1
2.36,24.38,24.514094,0,0,1
3.54,24.38,24.514094,0,0,1
4.72,24.38,24.514094,0,0,1
5.9,24.38,24.514094,0,0,1
7.08,24.38,24.514094,0,0,1
8.26,24.38,24.514094,0,0,1
9.44,24.38,24.514094,0,0,1
10.62,24.38,24.514094,0,0,1
0,-24,25.134094,0,0,1
1.18,-24,25.134094,0,0,1
2.36,-24,25.134094,0,0,1
3.54,-24,25.134094,0,0,1
4.72,-24,25.134094,0,0,1
5.9,-24,25.134094,0,0,1
7.08,-24,25.134094,0,0,1
8.26,-24,25.134094,0,0,1
9.44,-24,25.134094,0,0,1
10.62,-24,25.134094,0,0,1
0,-22.82,25.134094,0.041378411,0,0.958621589
1.18,-22.82,25.134094,0.041378411,0,0.958621589
2.36,-22.82,25.134094,0.041378411,0,0.958621589
3.54,-22.82,25.134094,0.041378411,0,0.958621589
4.72,-22.82,25.134094,0.041378411,0,0.958621589
5.9,-22.82,25.134094,0.041378411,0,0.958621589
7.08,-22.82,25.134094,0.041378411,0,0.958621589
8.26,-22.82,25.134094,0.041378411,0,0.958621589
9.44,-22.82,25.134094,0.041378411,0,0.958621589
10.62,-22.82,25.134094,0.041378411,0,0.958621589
0,-21.64,25.134094,0.082756823,0,0.917243177
1.18,-21.64,25.134094,0.082756823,0,0.917243177
2.36,-21.64,25.134094,0.082756823,0,0.917243177
3.54,-21.64,25.134094,0.082756823,0,0.917243177
4.72,-21.64,25.134094,0.082756823,0,0.917243177
5.9,-21.64,25.134094,0.082756823,0,0.917243177
7.08,-21.64,25.134094,0.082756823,0,0.917243177
8.26,-21.64,25.134094,0.082756823,0,0.917243177
9.44,-21.64,25.134094,0.082756823,0,0.917243177
10.62,-21.64,25.134094,0.082756823,0,0.917243177
0,-20.46,25.134094,0.165513646,0,0.834486354
1.18,-20.46,25.134094,0.165513646,0,0.834486354
2.36,-20.46,25.134094,0.165513646,0,0.834486354
3.54,-20.46,25.134094,0.165513646,0,0.834486354
4.72,-20.46,25.134094,0.165513646,0,0.834486354
5.9,-20.46,25.134094,0.165513646,0,0.834486354
7.08,-20.46,25.134094,0.165513646,0,0.834486354
8.26,-20.46,25.134094,0.165513646,0,0.834486354
9.44,-20.46,25.134094,0.165513646,0,0.834486354
10.62,-20.46,25.134094,0.165513646,0,0.834486354
0,-19.28,25.134094,0.206892057,0,0.793107943
1.18,-19.28,25.134094,0.206892057,0,0.793107943
2.36,-19.28,25.134094,0.206892057,0,0.793107943
3.54,-19.28,25.134094,0.206892057,0,0.793107943
4.72,-19.28,25.134094,0.206892057,0,0.793107943
5.9,-19.28,25.134094,0.206892057,0,0.793107943
7.08,-19.28,25.134094,0.206892057,0,0.793107943
8.26,-19.28,25.134094,0.206892057,0,0.793107943
9.44,-19.28,25.134094,0.206892057,0,0.793107943
10.62,-19.28,25.134094,0.206892057,0,0.793107943
0,-18.1,25.134094,0.248270469,0,0.751729531
1.18,-18.1,25.134094,0.248270469,0,0.751729531
2.36,-18.1,25.134094,0.248270469,0,0.751729531
3.54,-18.1,25.134094,0.248270469,0,0.751729531
4.72,-18.1,25.134094,0.248270469,0,0.751729531
5.9,-18.1,25.134094,0.248270469,0,0.751729531
7.08,-18.1,25.134094,0.248270469,0,0.751729531
8.26,-18.1,25.134094,0.248270469,0,0.751729531
9.44,-18.1,25.134094,0.248270469,0,0.751729531
10.62,-18.1,25.134094,0.248270469,0,0.751729531
0,-16.92,25.134094,0.28964888,0,0.71035112
1.18,-16.92,25.134094,0.28964888,0,0.71035112
2.36,-16.92,25.134094,0.28964888,0,0.71035112
3.54,-16.92,25.134094,0.28964888,0,0.71035112
4.72,-16.92,25.134094,0.28964888,0,0.71035112
5.9,-16.92,25.134094,0.28964888,0,0.71035112
7.08,-16.92,25.134094,0.28964888,0,0.71035112
8.26,-16.92,25.134094,0.28964888,0,0.71035112
9.44,-16.92,25.134094,0.28964888,0,0.71035112
10.62,-16.92,25.134094,0.28964888,0,0.71035112
0,-15.74,25.134094,0.331027292,0,0.668972708
1.18,-15.74,25.134094,0.331027292,0,0.668972708
2.36,-15.74,25.134094,0.331027292,0,0.668972708
3.54,-15.74,25.134094,0.331027292,0,0.668972708
4.72,-15.74,25.134094,0.331027292,0,0.668972708
5.9,-15.74,25.134094,0.331027292,0,0.668972708
7.08,-15.74,25.134094,0.331027292,0,0.668972708
8.26,-15.74,25.134094,0.331027292,0,0.668972708
9.44,-15.74,25.134094,0.331027292,0,0.668972708
10.62,-15.74,25.134094,0.331027292,0,0.668972708
0,-14.56,25.134094,0.372405703,0,0.627594297
1.18,-14.56,25.134094,0.372405703,0,0.627594297
2.36,-14.56,25.134094,0.372405703,0,0.627594297
3.54,-14.56,25.134094,0.372405703,0,0.627594297
4.72,-14.56,25.134094,0.372405703,0,0.627594297
5.9,-14.56,25.134094,0.372405703,0,0.627594297
7.08,-14.56,25.134094,0.372405703,0,0.627594297
8.26,-14.56,25.134094,0.372405703,0,0.627594297
9.44,-14.56,25.134094,0.372405703,0,0.627594297
10.62,-14.56,25.134094,0.372405703,0,0.627594297
0,-13.38,25.134094,0.455162526,0,0.544837474
1.18,-13.38,25.134094,0.455162526,0,0.544837474
2.36,-13.38,25.134094,0.455162526,0,0.544837474
3.54,-13.38,25.134094,0.455162526,0,0.544837474
4.72,-13.38,25.134094,0.455162526,0,0.544837474
5.9,-13.38,25.134094,0.455162526,0,0.544837474
7.08,-13.38,25.134094,0.455162526,0,0.544837474
8.26,-13.38,25.134094,0.455162526,0,0.544837474
9.44,-13.38,25.134094,0.455162526,0,0.544837474
10.62,-13.38,25.134094,0.455162526,0,0.544837474
0,-12.2,25.134094,0.496540938,0,0.503459062
1.18,-12.2,25.134094,0.496540938,0,0.503459062
2.36,-12.2,25.134094,0.496540938,0,0.503459062
3.54,-12.2,25.134094,0.496540938,0,0.503459062
4.72,-12.2,25.134094,0.496540938,0,0.503459062
5.9,-12.2,25.134094,0.496540938,0,0.503459062
7.08,-12.2,25.134094,0.496540938,0,0.503459062
8.26,-12.2,25.134094,0.496540938,0,0.503459062
9.44,-12.2,25.134094,0.496540938,0,0.503459062
10.62,-12.2,25.134094,0.496540938,0,0.503459062
0,-11.02,25.134094,0.537919349,0,0.462080651
1.18,-11.02,25.134094,0.537919349,0,0.462080651
2.36,-11.02,25.134094,0.537919349,0,0.462080651
3.54,-11.02,25.134094,0.537919349,0,0.462080651
4.72,-11.02,25.134094,0.537919349,0,0.462080651
5.9,-11.02,25.134094,0.537919349,0,0.462080651
7.08,-11.02,25.134094,0.537919349,0,0.462080651
8.26,-11.02,25.134094,0.537919349,0,0.462080651
9.44,-11.02,25.134094,0.537919349,0,0.462080651
10.62,-11.02,25.134094,0.537919349,0,0.462080651
0,-9.84,25.134094,0.579297761,0,0.420702239
1.18,-9.84,25.134094,0.579297761,0,0.420702239
2.36,-9.84,25.134094,0.579297761,0,0.420702239
3.54,-9.84,25.134094,0.579297761,0,0.420702239
4.72,-9.84,25.134094,0.579297761,0,0.420702239
5.9,-9.84,25.134094,0.579297761,0,0.420702239
7.08,-9.84,25.134094,0.579297761,0,0.420702239
8.26,-9.84,25.134094,0.579297761,0,0.420702239
9.44,-9.84,25.134094,0.579297761,0,0.420702239
10.62,-9.84,25.134094,0.579297761,0,0.420702239
0,-8.66,25.134094,0.620676172,0,0.379323828
1.18,-8.66,25.134094,0.620676172,0,0.379323828
2.36,-8.66,25.134094,0.620676172,0,0.379323828
3.54,-8.66,25.134094,0.620676172,0,0.379323828
4.72,-8.66,25.134094,0.620676172,0,0.379323828
5.9,-8.66,25.134094,0.620676172,0,0.379323828
7.08,-8.66,25.134094,0.620676172,0,0.379323828
8.26,-8.66,25.134094,0.620676172,0,0.379323828
9.44,-8.66,25.134094,0.620676172,0,0.379323828
10.62,-8.66,25.134094,0.620676172,0,0.379323828
0,-7.48,25.134094,0.703432995,0,0.296567005
1.18,-7.48,25.134094,0.703432995,0,0.296567005
2.36,-7.48,25.134094,0.703432995,0,0.296567005
3.54,-7.48,25.134094,0.703432995,0,0.296567005
4.72,-7.48,25.134094,0.703432995,0,0.296567005
5.9,-7.48,25.134094,0.703432995,0,0.296567005
7.08,-7.48,25.134094,0.703432995,0,0.296567005
8.26,-7.48,25.134094,0.703432995,0,0.296567005
9.44,-7.48,25.134094,0.703432995,0,0.296567005
10.62,-7.48,25.134094,0.703432995,0,0.296567005
0,-6.3,25.134094,0.744811407,0,0.255188593
1.18,-6.3,25.134094,0.744811407,0,0.255188593
2.36,-6.3,25.134094,0.744811407,0,0.255188593
3.54,-6.3,25.134094,0.744811407,0,0.255188593
4.72,-6.3,25.134094,0.744811407,0,0.255188593
5.9,-6.3,25.134094,0.744811407,0,0.255188593
7.08,-6.3,25.134094,0.744811407,0,0.255188593
8.26,-6.3,25.134094,0.744811407,0,0.255188593
9.44,-6.3,25.134094,0.744811407,0,0.255188593
10.62,-6.3,25.134094,0.744811407,0,0.255188593
0,-5.12,25.134094,0.786189818,0,0.213810182
1.18,-5.12,25.134094,0.786189818,0,0.213810182
2.36,-5.12,25.134094,0.786189818,0,0.213810182
3.54,-5.12,25.134094,0.786189818,0,0.213810182
4.72,-5.12,25.134094,0.786189818,0,0.213810182
5.9,-5.12,25.134094,0.786189818,0,0.213810182
7.08,-5.12,25.134094,0.786189818,0,0.213810182
8.26,-5.12,25.134094,0.786189818,0,0.213810182
9.44,-5.12,25.134094,0.786189818,0,0.213810182
10.62,-5.12,25.134094,0.786189818,0,0.213810182
0,-3.94,25.134094,0.82756823,0,0.17243177
1.18,-3.94,25.134094,0.82756823,0,0.17243177
2.36,-3.94,25.134094,0.82756823,0,0.17243177
3.54,-3.94,25.134094,0.82756823,0,0.17243177
4.72,-3.94,25.134094,0.82756823,0,0.17243177
5.9,-3.94,25.134094,0.82756823,0,0.17243177
7.08,-3.94,25.134094,0.82756823,0,0.17243177
8.26,-3.94,25.134094,0.82756823,0,0.17243177
9.44,-3.94,25.134094,0.82756823,0,0.17243177
10.62,-3.94,25.134094,0.82756823,0,0.17243177
0,-2.76,25.134094,0.868946641,0,0.131053359
1.18,-2.76,25.134094,0.868946641,0,0.131053359
2.36,-2.76,25.134094,0.868946641,0,0.131053359
3.54,-2.76,25.134094,0.868946641,0,0.131053359
4.72,-2.76,25.134094,0.868946641,0,0.131053359
5.9,-2.76,25.134094,0.868946641,0,0.131053359
7.08,-2.76,25.134094,0.868946641,0,0.131053359
8.26,-2.76,25.134094,0.868946641,0,0.131053359
9.44,-2.76,25.134094,0.868946641,0,0.131053359
10.62,-2.76,25.134094,0.868946641,0,0.131053359
0,-1.58,25.134094,0.910325053,0,0.089674947
1.18,-1.58,25.134094,0.910325053,0,0.089674947
2.36,-1.58,25.134094,0.910325053,0,0.089674947
3.54,-1.58,25.134094,0.910325053,0,0.089674947
4.72,-1.58,25.134094,0.910325053,0,0.089674947
5.9,-1.58,25.134094,0.910325053,0,0.089674947
7.08,-1.58,25.134094,0.910325053,0,0.089674947
8.26,-1.58,25.134094,0.910325053,0,0.089674947
9.44,-1.58,25.134094,0.910325053,0,0.089674947
10.62,-1.58,25.134094,0.910325053,0,0.089674947
0,-0.400000000000002,25.134094,0.980250265,0,0.019749735
1.18,-0.400000000000002,25.134094,0.980250265,0,0.019749735
2.36,-0.400000000000002,25.134094,0.980250265,0,0.019749735
3.54,-0.400000000000002,25.134094,0.980250265,0,0.019749735
4.72,-0.400000000000002,25.134094,0.980250265,0,0.019749735
5.9,-0.400000000000002,25.134094,0.980250265,0,0.019749735
7.08,-0.400000000000002,25.134094,0.980250265,0,0.019749735
8.26,-0.400000000000002,25.134094,0.980250265,0,0.019749735
9.44,-0.400000000000002,25.134094,0.980250265,0,0.019749735
10.62,-0.400000000000002,25.134094,0.980250265,0,0.019749735
0,0.779999999999998,25.134094,0.951703464,0,0.048296536
1.18,0.779999999999998,25.134094,0.951703464,0,0.048296536
2.36,0.779999999999998,25.134094,0.951703464,0,0.048296536
3.54,0.779999999999998,25.134094,0.951703464,0,0.048296536
4.72,0.779999999999998,25.134094,0.951703464,0,0.048296536
5.9,0.779999999999998,25.134094,0.951703464,0,0.048296536
7.08,0.779999999999998,25.134094,0.951703464,0,0.048296536
8.26,0.779999999999998,25.134094,0.951703464,0,0.048296536
9.44,0.779999999999998,25.134094,0.951703464,0,0.048296536
10.62,0.779999999999998,25.134094,0.951703464,0,0.048296536
0,1.96,25.134094,0.910325053,0,0.089674947
1.18,1.96,25.134094,0.910325053,0,0.089674947
2.36,1.96,25.134094,0.910325053,0,0.089674947
3.54,1.96,25.134094,0.910325053,0,0.089674947
4.72,1.96,25.134094,0.910325053,0,0.089674947
5.9,1.96,25.134094,0.910325053,0,0.089674947
7.08,1.96,25.134094,0.910325053,0,0.089674947
8.26,1.96,25.134094,0.910325053,0,0.089674947
9.44,1.96,25.134094,0.910325053,0,0.089674947
10.62,1.96,25.134094,0.910325053,0,0.089674947
0,3.14,25.134094,0.868946641,0,0.131053359
1.18,3.14,25.134094,0.868946641,0,0.131053359
2.36,3.14,25.134094,0.868946641,0,0.131053359
3.54,3.14,25.134094,0.868946641,0,0.131053359
4.72,3.14,25.134094,0.868946641,0,0.131053359
5.9,3.14,25.134094,0.868946641,0,0.131053359
7.08,3.14,25.134094,0.868946641,0,0.131053359
8.26,3.14,25.134094,0.868946641,0,0.131053359
9.44,3.14,25.134094,0.868946641,0,0.131053359
10.62,3.14,25.134094,0.868946641,0,0.131053359
0,4.32,25.134094,0.82756823,0,0.17243177
1.18,4.32,25.134094,0.82756823,0,0.17243177
2.36,4.32,25.134094,0.82756823,0,0.17243177
3.54,4.32,25.134094,0.82756823,0,0.17243177
4.72,4.32,25.134094,0.82756823,0,0.17243177
5.9,4.32,25.134094,0.82756823,0,0.17243177
7.08,4.32,25.134094,0.82756823,0,0.17243177
8.26,4.32,25.134094,0.82756823,0,0.17243177
9.44,4.32,25.134094,0.82756823,0,0.17243177
10.62,4.32,25.134094,0.82756823,0,0.17243177
0,5.5,25.134094,0.786189818,0,0.213810182
1.18,5.5,25.134094,0.786189818,0,0.213810182
2.36,5.5,25.134094,0.786189818,0,0.213810182
3.54,5.5,25.134094,0.786189818,0,0.213810182
4.72,5.5,25.134094,0.786189818,0,0.213810182
5.9,5.5,25.134094,0.786189818,0,0.213810182
7.08,5.5,25.134094,0.786189818,0,0.213810182
8.26,5.5,25.134094,0.786189818,0,0.213810182
9.44,5.5,25.134094,0.786189818,0,0.213810182
10.62,5.5,25.134094,0.786189818,0,0.213810182
0,6.68,25.134094,0.703432995,0,0.296567005
1.18,6.68,25.134094,0.703432995,0,0.296567005
2.36,6.68,25.134094,0.703432995,0,0.296567005
3.54,6.68,25.134094,0.703432995,0,0.296567005
4.72,6.68,25.134094,0.703432995,0,0.296567005
5.9,6.68,25.134094,0.703432995,0,0.296567005
7.08,6.68,25.134094,0.703432995,0,0.296567005
8.26,6.68,25.134094,0.703432995,0,0.296567005
9.44,6.68,25.134094,0.703432995,0,0.296567005
10.62,6.68,25.134094,0.703432995,0,0.296567005
0,7.86,25.134094,0.662054584,0,0.337945416
1.18,7.86,25.134094,0.662054584,0,0.337945416
2.36,7.86,25.134094,0.662054584,0,0.337945416
3.54,7.86,25.134094,0.662054584,0,0.337945416
4.72,7.86,25.134094,0.662054584,0,0.337945416
5.9,7.86,25.134094,0.662054584,0,0.337945416
7.08,7.86,25.134094,0.662054584,0,0.337945416
8.26,7.86,25.134094,0.662054584,0,0.337945416
9.44,7.86,25.134094,0.662054584,0,0.337945416
10.62,7.86,25.134094,0.662054584,0,0.337945416
0,9.04,25.134094,0.620676172,0,0.379323828
1.18,9.04,25.134094,0.620676172,0,0.379323828
2.36,9.04,25.134094,0.620676172,0,0.379323828
3.54,9.04,25.134094,0.620676172,0,0.379323828
4.72,9.04,25.134094,0.620676172,0,0.379323828
5.9,9.04,25.134094,0.620676172,0,0.379323828
7.08,9.04,25.134094,0.620676172,0,0.379323828
8.26,9.04,25.134094,0.620676172,0,0.379323828
9.44,9.04,25.134094,0.620676172,0,0.379323828
10.62,9.04,25.134094,0.620676172,0,0.379323828
0,10.22,25.134094,0.579297761,0,0.420702239
1.18,10.22,25.134094,0.579297761,0,0.420702239
2.36,10.22,25.134094,0.579297761,0,0.420702239
3.54,10.22,25.134094,0.579297761,0,0.420702239
4.72,10.22,25.134094,0.579297761,0,0.420702239
5.9,10.22,25.134094,0.579297761,0,0.420702239
7.08,10.22,25.134094,0.579297761,0,0.420702239
8.26,10.22,25.134094,0.579297761,0,0.420702239
9.44,10.22,25.134094,0.579297761,0,0.420702239
10.62,10.22,25.134094,0.579297761,0,0.420702239
0,11.4,25.134094,0.537919349,0,0.462080651
1.18,11.4,25.134094,0.537919349,0,0.462080651
2.36,11.4,25.134094,0.537919349,0,0.462080651
3.54,11.4,25.134094,0.537919349,0,0.462080651
4.72,11.4,25.134094,0.537919349,0,0.462080651
5.9,11.4,25.134094,0.537919349,0,0.462080651
7.08,11.4,25.134094,0.537919349,0,0.462080651
8.26,11.4,25.134094,0.537919349,0,0.462080651
9.44,11.4,25.134094,0.537919349,0,0.462080651
10.62,11.4,25.134094,0.537919349,0,0.462080651
0,12.58,25.134094,0.455162526,0,0.544837474
1.18,12.58,25.134094,0.455162526,0,0.544837474
2.36,12.58,25.134094,0.455162526,0,0.544837474
3.54,12.58,25.134094,0.455162526,0,0.544837474
4.72,12.58,25.134094,0.455162526,0,0.544837474
5.9,12.58,25.134094,0.455162526,0,0.544837474
7.08,12.58,25.134094,0.455162526,0,0.544837474
8.26,12.58,25.134094,0.455162526,0,0.544837474
9.44,12.58,25.134094,0.455162526,0,0.544837474
10.62,12.58,25.134094,0.455162526,0,0.544837474
0,13.76,25.134094,0.413784115,0,0.586215885
1.18,13.76,25.134094,0.413784115,0,0.586215885
2.36,13.76,25.134094,0.413784115,0,0.586215885
3.54,13.76,25.134094,0.413784115,0,0.586215885
4.72,13.76,25.134094,0.413784115,0,0.586215885
5.9,13.76,25.134094,0.413784115,0,0.586215885
7.08,13.76,25.134094,0.413784115,0,0.586215885
8.26,13.76,25.134094,0.413784115,0,0.586215885
9.44,13.76,25.134094,0.413784115,0,0.586215885
10.62,13.76,25.134094,0.413784115,0,0.586215885
0,14.94,25.134094,0.372405703,0,0.627594297
1.18,14.94,25.134094,0.372405703,0,0.627594297
2.36,14.94,25.134094,0.372405703,0,0.627594297
3.54,14.94,25.134094,0.372405703,0,0.627594297
4.72,14.94,25.134094,0.372405703,0,0.627594297
5.9,14.94,25.134094,0.372405703,0,0.627594297
7.08,14.94,25.134094,0.372405703,0,0.627594297
8.26,14.94,25.134094,0.372405703,0,0.627594297
9.44,14.94,25.134094,0.372405703,0,0.627594297
10.62,14.94,25.134094,0.372405703,0,0.627594297
0,16.12,25.134094,0.331027292,0,0.668972708
1.18,16.12,25.134094,0.331027292,0,0.668972708
2.36,16.12,25.134094,0.331027292,0,0.668972708
3.54,16.12,25.134094,0.331027292,0,0.668972708
4.72,16.12,25.134094,0.331027292,0,0.668972708
5.9,16.12,25.134094,0.331027292,0,0.668972708
7.08,16.12,25.134094,0.331027292,0,0.668972708
8.26,16.12,25.134094,0.331027292,0,0.668972708
9.44,16.12,25.134094,0.331027292,0,0.668972708
10.62,16.12,25.134094,0.331027292,0,0.668972708
0,17.3,25.134094,0.28964888,0,0.71035112
1.18,17.3,25.134094,0.28964888,0,0.71035112
2.36,17.3,25.134094,0.28964888,0,0.71035112
3.54,17.3,25.134094,0.28964888,0,0.71035112
4.72,17.3,25.134094,0.28964888,0,0.71035112
5.9,17.3,25.134094,0.28964888,0,0.71035112
7.08,17.3,25.134094,0.28964888,0,0.71035112
8.26,17.3,25.134094,0.28964888,0,0.71035112
9.44,17.3,25.134094,0.28964888,0,0.71035112
10.62,17.3,25.134094,0.28964888,0,0.71035112
0,18.48,25.134094,0.248270469,0,0.751729531
1.18,18.48,25.134094,0.248270469,0,0.751729531
2.36,18.48,25.134094,0.248270469,0,0.751729531
3.54,18.48,25.134094,0.248270469,0,0.751729531
4.72,18.48,25.134094,0.248270469,0,0.751729531
5.9,18.48,25.134094,0.248270469,0,0.751729531
7.08,18.48,25.134094,0.248270469,0,0.751729531
8.26,18.48,25.134094,0.248270469,0,0.751729531
9.44,18.48,25.134094,0.248270469,0,0.751729531
10.62,18.48,25.134094,0.248270469,0,0.751729531
0,19.66,25.134094,0.165513646,0,0.834486354
1.18,19.66,25.134094,0.165513646,0,0.834486354
2.36,19.66,25.134094,0.165513646,0,0.834486354
3.54,19.66,25.134094,0.165513646,0,0.834486354
4.72,19.66,25.134094,0.165513646,0,0.834486354
5.9,19.66,25.134094,0.165513646,0,0.834486354
7.08,19.66,25.134094,0.165513646,0,0.834486354
8.26,19.66,25.134094,0.165513646,0,0.834486354
9.44,19.66,25.134094,0.165513646,0,0.834486354
10.62,19.66,25.134094,0.165513646,0,0.834486354
0,20.84,25.134094,0.124135234,0,0.875864766
1.18,20.84,25.134094,0.124135234,0,0.875864766
2.36,20.84,25.134094,0.124135234,0,0.875864766
3.54,20.84,25.134094,0.124135234,0,0.875864766
4.72,20.84,25.134094,0.124135234,0,0.875864766
5.9,20.84,25.134094,0.124135234,0,0.875864766
7.08,20.84,25.134094,0.124135234,0,0.875864766
8.26,20.84,25.134094,0.124135234,0,0.875864766
9.44,20.84,25.134094,0.124135234,0,0.875864766
10.62,20.84,25.134094,0.124135234,0,0.875864766
0,22.02,25.134094,0.082756823,0,0.917243177
1.18,22.02,25.134094,0.082756823,0,0.917243177
2.36,22.02,25.134094,0.082756823,0,0.917243177
3.54,22.02,25.134094,0.082756823,0,0.917243177
4.72,22.02,25.134094,0.082756823,0,0.917243177
5.9,22.02,25.134094,0.082756823,0,0.917243177
7.08,22.02,25.134094,0.082756823,0,0.917243177
8.26,22.02,25.134094,0.082756823,0,0.917243177
9.44,22.02,25.134094,0.082756823,0,0.917243177
10.62,22.02,25.134094,0.082756823,0,0.917243177
0,23.2,25.134094,0.041378411,0,0.958621589
1.18,23.2,25.134094,0.041378411,0,0.958621589
2.36,23.2,25.134094,0.041378411,0,0.958621589
3.54,23.2,25.134094,0.041378411,0,0.958621589
4.72,23.2,25.134094,0.041378411,0,0.958621589
5.9,23.2,25.134094,0.041378411,0,0.958621589
7.08,23.2,25.134094,0.041378411,0,0.958621589
8.26,23.2,25.134094,0.041378411,0,0.958621589
9.44,23.2,25.134094,0.041378411,0,0.958621589
10.62,23.2,25.134094,0.041378411,0,0.958621589
0,24.38,25.134094,0,0,1
1.18,24.38,25.134094,0,0,1
2.36,24.38,25.134094,0,0,1
3.54,24.38,25.134094,0,0,1
4.72,24.38,25.134094,0,0,1
5.9,24.38,25.134094,0,0,1
7.08,24.38,25.134094,0,0,1
8.26,24.38,25.134094,0,0,1
9.44,24.38,25.134094,0,0,1
10.62,24.38,25.134094,0,0,1
0,-24,25.754094,0,0,1
1.18,-24,25.754094,0,0,1
2.36,-24,25.754094,0,0,1
3.54,-24,25.754094,0,0,1
4.72,-24,25.754094,0,0,1
5.9,-24,25.754094,0,0,1
7.08,-24,25.754094,0,0,1
8.26,-24,25.754094,0,0,1
9.44,-24,25.754094,0,0,1
10.62,-24,25.754094,0,0,1
0,-22.82,25.754094,0.041237428,0,0.958762572
1.18,-22.82,25.754094,0.041237428,0,0.958762572
2.36,-22.82,25.754094,0.041237428,0,0.958762572
3.54,-22.82,25.754094,0.041237428,0,0.958762572
4.72,-22.82,25.754094,0.041237428,0,0.958762572
5.9,-22.82,25.754094,0.041237428,0,0.958762572
7.08,-22.82,25.754094,0.041237428,0,0.958762572
8.26,-22.82,25.754094,0.041237428,0,0.958762572
9.44,-22.82,25.754094,0.041237428,0,0.958762572
10.62,-22.82,25.754094,0.041237428,0,0.958762572
0,-21.64,25.754094,0.082474857,0,0.917525143
1.18,-21.64,25.754094,0.082474857,0,0.917525143
2.36,-21.64,25.754094,0.082474857,0,0.917525143
3.54,-21.64,25.754094,0.082474857,0,0.917525143
4.72,-21.64,25.754094,0.082474857,0,0.917525143
5.9,-21.64,25.754094,0.082474857,0,0.917525143
7.08,-21.64,25.754094,0.082474857,0,0.917525143
8.26,-21.64,25.754094,0.082474857,0,0.917525143
9.44,-21.64,25.754094,0.082474857,0,0.917525143
10.62,-21.64,25.754094,0.082474857,0,0.917525143
0,-20.46,25.754094,0.164949714,0,0.835050286
1.18,-20.46,25.754094,0.164949714,0,0.835050286
2.36,-20.46,25.754094,0.164949714,0,0.835050286
3.54,-20.46,25.754094,0.164949714,0,0.835050286
4.72,-20.46,25.754094,0.164949714,0,0.835050286
5.9,-20.46,25.754094,0.164949714,0,0.835050286
7.08,-20.46,25.754094,0.164949714,0,0.835050286
8.26,-20.46,25.754094,0.164949714,0,0.835050286
9.44,-20.46,25.754094,0.164949714,0,0.835050286
10.62,-20.46,25.754094,0.164949714,0,0.835050286
0,-19.28,25.754094,0.206187142,0,0.793812858
1.18,-19.28,25.754094,0.206187142,0,0.793812858
2.36,-19.28,25.754094,0.206187142,0,0.793812858
3.54,-19.28,25.754094,0.206187142,0,0.793812858
4.72,-19.28,25.754094,0.206187142,0,0.793812858
5.9,-19.28,25.754094,0.206187142,0,0.793812858
7.08,-19.28,25.754094,0.206187142,0,0.793812858
8.26,-19.28,25.754094,0.206187142,0,0.793812858
9.44,-19.28,25.754094,0.206187142,0,0.793812858
10.62,-19.28,25.754094,0.206187142,0,0.793812858
0,-18.1,25.754094,0.24742457,0,0.75257543
1.18,-18.1,25.754094,0.24742457,0,0.75257543
2.36,-18.1,25.754094,0.24742457,0,0.75257543
3.54,-18.1,25.754094,0.24742457,0,0.75257543
4.72,-18.1,25.754094,0.24742457,0,0.75257543
5.9,-18.1,25.754094,0.24742457,0,0.75257543
7.08,-18.1,25.754094,0.24742457,0,0.75257543
8.26,-18.1,25.754094,0.24742457,0,0.75257543
9.44,-18.1,25.754094,0.24742457,0,0.75257543
10.62,-18.1,25.754094,0.24742457,0,0.75257543
0,-16.92,25.754094,0.288661999,0,0.711338001
1.18,-16.92,25.754094,0.288661999,0,0.711338001
2.36,-16.92,25.754094,0.288661999,0,0.711338001
3.54,-16.92,25.754094,0.288661999,0,0.711338001
4.72,-16.92,25.754094,0.288661999,0,0.711338001
5.9,-16.92,25.754094,0.288661999,0,0.711338001
7.08,-16.92,25.754094,0.288661999,0,0.711338001
8.26,-16.92,25.754094,0.288661999,0,0.711338001
9.44,-16.92,25.754094,0.288661999,0,0.711338001
10.62,-16.92,25.754094,0.288661999,0,0.711338001
0,-15.74,25.754094,0.329899427,0,0.670100573
1.18,-15.74,25.754094,0.329899427,0,0.670100573
2.36,-15.74,25.754094,0.329899427,0,0.670100573
3.54,-15.74,25.754094,0.329899427,0,0.670100573
4.72,-15.74,25.754094,0.329899427,0,0.670100573
5.9,-15.74,25.754094,0.329899427,0,0.670100573
7.08,-15.74,25.754094,0.329899427,0,0.670100573
8.26,-15.74,25.754094,0.329899427,0,0.670100573
9.44,-15.74,25.754094,0.329899427,0,0.670100573
10.62,-15.74,25.754094,0.329899427,0,0.670100573
0,-14.56,25.754094,0.371136856,0,0.628863144
1.18,-14.56,25.754094,0.371136856,0,0.628863144
2.36,-14.56,25.754094,0.371136856,0,0.628863144
3.54,-14.56,25.754094,0.371136856,0,0.628863144
4.72,-14.56,25.754094,0.371136856,0,0.628863144
5.9,-14.56,25.754094,0.371136856,0,0.628863144
7.08,-14.56,25.754094,0.371136856,0,0.628863144
8.26,-14.56,25.754094,0.371136856,0,0.628863144
9.44,-14.56,25.754094,0.371136856,0,0.628863144
10.62,-14.56,25.754094,0.371136856,0,0.628863144
0,-13.38,25.754094,0.453611712,0,0.546388288
1.18,-13.38,25.754094,0.453611712,0,0.546388288
2.36,-13.38,25.754094,0.453611712,0,0.546388288
3.54,-13.38,25.754094,0.453611712,0,0.546388288
4.72,-13.38,25.754094,0.453611712,0,0.546388288
5.9,-13.38,25.754094,0.453611712,0,0.546388288
7.08,-13.38,25.754094,0.453611712,0,0.546388288
8.26,-13.38,25.754094,0.453611712,0,0.546388288
9.44,-13.38,25.754094,0.453611712,0,0.546388288
10.62,-13.38,25.754094,0.453611712,0,0.546388288
0,-12.2,25.754094,0.494849141,0,0.505150859
1.18,-12.2,25.754094,0.494849141,0,0.505150859
2.36,-12.2,25.754094,0.494849141,0,0.505150859
3.54,-12.2,25.754094,0.494849141,0,0.505150859
4.72,-12.2,25.754094,0.494849141,0,0.505150859
5.9,-12.2,25.754094,0.494849141,0,0.505150859
7.08,-12.2,25.754094,0.494849141,0,0.505150859
8.26,-12.2,25.754094,0.494849141,0,0.505150859
9.44,-12.2,25.754094,0.494849141,0,0.505150859
10.62,-12.2,25.754094,0.494849141,0,0.505150859
0,-11.02,25.754094,0.536086569,0,0.463913431
1.18,-11.02,25.754094,0.536086569,0,0.463913431
2.36,-11.02,25.754094,0.536086569,0,0.463913431
3.54,-11.02,25.754094,0.536086569,0,0.463913431
4.72,-11.02,25.754094,0.536086569,0,0.463913431
5.9,-11.02,25.754094,0.536086569,0,0.463913431
7.08,-11.02,25.754094,0.536086569,0,0.463913431
8.26,-11.02,25.754094,0.536086569,0,0.463913431
9.44,-11.02,25.754094,0.536086569,0,0.463913431
10.62,-11.02,25.754094,0.536086569,0,0.463913431
0,-9.84,25.754094,0.577323998,0,0.422676002
1.18,-9.84,25.754094,0.577323998,0,0.422676002
2.36,-9.84,25.754094,0.577323998,0,0.422676002
3.54,-9.84,25.754094,0.577323998,0,0.422676002
4.72,-9.84,25.754094,0.577323998,0,0.422676002
5.9,-9.84,25.754094,0.577323998,0,0.422676002
7.08,-9.84,25.754094,0.577323998,0,0.422676002
8.26,-9.84,25.754094,0.577323998,0,0.422676002
9.44,-9.84,25.754094,0.577323998,0,0.422676002
10.62,-9.84,25.754094,0.577323998,0,0.422676002
0,-8.66,25.754094,0.618561426,0,0.381438574
1.18,-8.66,25.754094,0.618561426,0,0.381438574
2.36,-8.66,25.754094,0.618561426,0,0.381438574
3.54,-8.66,25.754094,0.618561426,0,0.381438574
4.72,-8.66,25.754094,0.618561426,0,0.381438574
5.9,-8.66,25.754094,0.618561426,0,0.381438574
7.08,-8.66,25.754094,0.618561426,0,0.381438574
8.26,-8.66,25.754094,0.618561426,0,0.381438574
9.44,-8.66,25.754094,0.618561426,0,0.381438574
10.62,-8.66,25.754094,0.618561426,0,0.381438574
0,-7.48,25.754094,0.701036283,0,0.298963717
1.18,-7.48,25.754094,0.701036283,0,0.298963717
2.36,-7.48,25.754094,0.701036283,0,0.298963717
3.54,-7.48,25.754094,0.701036283,0,0.298963717
4.72,-7.48,25.754094,0.701036283,0,0.298963717
5.9,-7.48,25.754094,0.701036283,0,0.298963717
7.08,-7.48,25.754094,0.701036283,0,0.298963717
8.26,-7.48,25.754094,0.701036283,0,0.298963717
9.44,-7.48,25.754094,0.701036283,0,0.298963717
10.62,-7.48,25.754094,0.701036283,0,0.298963717
0,-6.3,25.754094,0.742273711,0,0.257726289
1.18,-6.3,25.754094,0.742273711,0,0.257726289
2.36,-6.3,25.754094,0.742273711,0,0.257726289
3.54,-6.3,25.754094,0.742273711,0,0.257726289
4.72,-6.3,25.754094,0.742273711,0,0.257726289
5.9,-6.3,25.754094,0.742273711,0,0.257726289
7.08,-6.3,25.754094,0.742273711,0,0.257726289
8.26,-6.3,25.754094,0.742273711,0,0.257726289
9.44,-6.3,25.754094,0.742273711,0,0.257726289
10.62,-6.3,25.754094,0.742273711,0,0.257726289
0,-5.12,25.754094,0.78351114,0,0.21648886
1.18,-5.12,25.754094,0.78351114,0,0.21648886
2.36,-5.12,25.754094,0.78351114,0,0.21648886
3.54,-5.12,25.754094,0.78351114,0,0.21648886
4.72,-5.12,25.754094,0.78351114,0,0.21648886
5.9,-5.12,25.754094,0.78351114,0,0.21648886
7.08,-5.12,25.754094,0.78351114,0,0.21648886
8.26,-5.12,25.754094,0.78351114,0,0.21648886
9.44,-5.12,25.754094,0.78351114,0,0.21648886
10.62,-5.12,25.754094,0.78351114,0,0.21648886
0,-3.94,25.754094,0.824748568,0,0.175251432
1.18,-3.94,25.754094,0.824748568,0,0.175251432
2.36,-3.94,25.754094,0.824748568,0,0.175251432
3.54,-3.94,25.754094,0.824748568,0,0.175251432
4.72,-3.94,25.754094,0.824748568,0,0.175251432
5.9,-3.94,25.754094,0.824748568,0,0.175251432
7.08,-3.94,25.754094,0.824748568,0,0.175251432
8.26,-3.94,25.754094,0.824748568,0,0.175251432
9.44,-3.94,25.754094,0.824748568,0,0.175251432
10.62,-3.94,25.754094,0.824748568,0,0.175251432
0,-2.76,25.754094,0.865985997,0,0.134014003
1.18,-2.76,25.754094,0.865985997,0,0.134014003
2.36,-2.76,25.754094,0.865985997,0,0.134014003
3.54,-2.76,25.754094,0.865985997,0,0.134014003
4.72,-2.76,25.754094,0.865985997,0,0.134014003
5.9,-2.76,25.754094,0.865985997,0,0.134014003
7.08,-2.76,25.754094,0.865985997,0,0.134014003
8.26,-2.76,25.754094,0.865985997,0,0.134014003
9.44,-2.76,25.754094,0.865985997,0,0.134014003
10.62,-2.76,25.754094,0.865985997,0,0.134014003
0,-1.58,25.754094,0.907223425,0,0.092776575
1.18,-1.58,25.754094,0.907223425,0,0.092776575
2.36,-1.58,25.754094,0.907223425,0,0.092776575
3.54,-1.58,25.754094,0.907223425,0,0.092776575
4.72,-1.58,25.754094,0.907223425,0,0.092776575
5.9,-1.58,25.754094,0.907223425,0,0.092776575
7.08,-1.58,25.754094,0.907223425,0,0.092776575
8.26,-1.58,25.754094,0.907223425,0,0.092776575
9.44,-1.58,25.754094,0.907223425,0,0.092776575
10.62,-1.58,25.754094,0.907223425,0,0.092776575
0,-0.400000000000002,25.754094,0.97691039,0,0.02308961
1.18,-0.400000000000002,25.754094,0.97691039,0,0.02308961
2.36,-0.400000000000002,25.754094,0.97691039,0,0.02308961
3.54,-0.400000000000002,25.754094,0.97691039,0,0.02308961
4.72,-0.400000000000002,25.754094,0.97691039,0,0.02308961
5.9,-0.400000000000002,25.754094,0.97691039,0,0.02308961
7.08,-0.400000000000002,25.754094,0.97691039,0,0.02308961
8.26,-0.400000000000002,25.754094,0.97691039,0,0.02308961
9.44,-0.400000000000002,25.754094,0.97691039,0,0.02308961
10.62,-0.400000000000002,25.754094,0.97691039,0,0.02308961
0,0.779999999999998,25.754094,0.948460853,0,0.051539147
1.18,0.779999999999998,25.754094,0.948460853,0,0.051539147
2.36,0.779999999999998,25.754094,0.948460853,0,0.051539147
3.54,0.779999999999998,25.754094,0.948460853,0,0.051539147
4.72,0.779999999999998,25.754094,0.948460853,0,0.051539147
5.9,0.779999999999998,25.754094,0.948460853,0,0.051539147
7.08,0.779999999999998,25.754094,0.948460853,0,0.051539147
8.26,0.779999999999998,25.754094,0.948460853,0,0.051539147
9.44,0.779999999999998,25.754094,0.948460853,0,0.051539147
10.62,0.779999999999998,25.754094,0.948460853,0,0.051539147
0,1.96,25.754094,0.907223425,0,0.092776575
1.18,1.96,25.754094,0.907223425,0,0.092776575
2.36,1.96,25.754094,0.907223425,0,0.092776575
3.54,1.96,25.754094,0.907223425,0,0.092776575
4.72,1.96,25.754094,0.907223425,0,0.092776575
5.9,1.96,25.754094,0.907223425,0,0.092776575
7.08,1.96,25.754094,0.907223425,0,0.092776575
8.26,1.96,25.754094,0.907223425,0,0.092776575
9.44,1.96,25.754094,0.907223425,0,0.092776575
10.62,1.96,25.754094,0.907223425,0,0.092776575
0,3.14,25.754094,0.865985997,0,0.134014003
1.18,3.14,25.754094,0.865985997,0,0.134014003
2.36,3.14,25.754094,0.865985997,0,0.134014003
3.54,3.14,25.754094,0.865985997,0,0.134014003
4.72,3.14,25.754094,0.865985997,0,0.134014003
5.9,3.14,25.754094,0.865985997,0,0.134014003
7.08,3.14,25.754094,0.865985997,0,0.134014003
8.26,3.14,25.754094,0.865985997,0,0.134014003
9.44,3.14,25.754094,0.865985997,0,0.134014003
10.62,3.14,25.754094,0.865985997,0,0.134014003
0,4.32,25.754094,0.824748568,0,0.175251432
1.18,4.32,25.754094,0.824748568,0,0.175251432
2.36,4.32,25.754094,0.824748568,0,0.175251432
3.54,4.32,25.754094,0.824748568,0,0.175251432
4.72,4.32,25.754094,0.824748568,0,0.175251432
5.9,4.32,25.754094,0.824748568,0,0.175251432
7.08,4.32,25.754094,0.824748568,0,0.175251432
8.26,4.32,25.754094,0.824748568,0,0.175251432
9.44,4.32,25.754094,0.824748568,0,0.175251432
10.62,4.32,25.754094,0.824748568,0,0.175251432
0,5.5,25.754094,0.78351114,0,0.21648886
1.18,5.5,25.754094,0.78351114,0,0.21648886
2.36,5.5,25.754094,0.78351114,0,0.21648886
3.54,5.5,25.754094,0.78351114,0,0.21648886
4.72,5.5,25.754094,0.78351114,0,0.21648886
5.9,5.5,25.754094,0.78351114,0,0.21648886
7.08,5.5,25.754094,0.78351114,0,0.21648886
8.26,5.5,25.754094,0.78351114,0,0.21648886
9.44,5.5,25.754094,0.78351114,0,0.21648886
10.62,5.5,25.754094,0.78351114,0,0.21648886
0,6.68,25.754094,0.701036283,0,0.298963717
1.18,6.68,25.754094,0.701036283,0,0.298963717
2.36,6.68,25.754094,0.701036283,0,0.298963717
3.54,6.68,25.754094,0.701036283,0,0.298963717
4.72,6.68,25.754094,0.701036283,0,0.298963717
5.9,6.68,25.754094,0.701036283,0,0.298963717
7.08,6.68,25.754094,0.701036283,0,0.298963717
8.26,6.68,25.754094,0.701036283,0,0.298963717
9.44,6.68,25.754094,0.701036283,0,0.298963717
10.62,6.68,25.754094,0.701036283,0,0.298963717
0,7.86,25.754094,0.659798855,0,0.340201145
1.18,7.86,25.754094,0.659798855,0,0.340201145
2.36,7.86,25.754094,0.659798855,0,0.340201145
3.54,7.86,25.754094,0.659798855,0,0.340201145
4.72,7.86,25.754094,0.659798855,0,0.340201145
5.9,7.86,25.754094,0.659798855,0,0.340201145
7.08,7.86,25.754094,0.659798855,0,0.340201145
8.26,7.86,25.754094,0.659798855,0,0.340201145
9.44,7.86,25.754094,0.659798855,0,0.340201145
10.62,7.86,25.754094,0.659798855,0,0.340201145
0,9.04,25.754094,0.618561426,0,0.381438574
1.18,9.04,25.754094,0.618561426,0,0.381438574
2.36,9.04,25.754094,0.618561426,0,0.381438574
3.54,9.04,25.754094,0.618561426,0,0.381438574
4.72,9.04,25.754094,0.618561426,0,0.381438574
5.9,9.04,25.754094,0.618561426,0,0.381438574
7.08,9.04,25.754094,0.618561426,0,0.381438574
8.26,9.04,25.754094,0.618561426,0,0.381438574
9.44,9.04,25.754094,0.618561426,0,0.381438574
10.62,9.04,25.754094,0.618561426,0,0.381438574
0,10.22,25.754094,0.577323998,0,0.422676002
1.18,10.22,25.754094,0.577323998,0,0.422676002
2.36,10.22,25.754094,0.577323998,0,0.422676002
3.54,10.22,25.754094,0.577323998,0,0.422676002
4.72,10.22,25.754094,0.577323998,0,0.422676002
5.9,10.22,25.754094,0.577323998,0,0.422676002
7.08,10.22,25.754094,0.577323998,0,0.422676002
8.26,10.22,25.754094,0.577323998,0,0.422676002
9.44,10.22,25.754094,0.577323998,0,0.422676002
10.62,10.22,25.754094,0.577323998,0,0.422676002
0,11.4,25.754094,0.536086569,0,0.463913431
1.18,11.4,25.754094,0.536086569,0,0.463913431
2.36,11.4,25.754094,0.536086569,0,0.463913431
3.54,11.4,25.754094,0.536086569,0,0.463913431
4.72,11.4,25.754094,0.536086569,0,0.463913431
5.9,11.4,25.754094,0.536086569,0,0.463913431
7.08,11.4,25.754094,0.536086569,0,0.463913431
8.26,11.4,25.754094,0.536086569,0,0.463913431
9.44,11.4,25.754094,0.536086569,0,0.463913431
10.62,11.4,25.754094,0.536086569,0,0.463913431
0,12.58,25.754094,0.453611712,0,0.546388288
1.18,12.58,25.754094,0.453611712,0,0.546388288
2.36,12.58,25.754094,0.453611712,0,0.546388288
3.54,12.58,25.754094,0.453611712,0,0.546388288
4.72,12.58,25.754094,0.453611712,0,0.546388288
5.9,12.58,25.754094,0.453611712,0,0.546388288
7.08,12.58,25.754094,0.453611712,0,0.546388288
8.26,12.58,25.754094,0.453611712,0,0.546388288
9.44,12.58,25.754094,0.453611712,0,0.546388288
10.62,12.58,25.754094,0.453611712,0,0.546388288
0,13.76,25.754094,0.412374284,0,0.587625716
1.18,13.76,25.754094,0.412374284,0,0.587625716
2.36,13.76,25.754094,0.412374284,0,0.587625716
3.54,13.76,25.754094,0.412374284,0,0.587625716
4.72,13.76,25.754094,0.412374284,0,0.587625716
5.9,13.76,25.754094,0.412374284,0,0.587625716
7.08,13.76,25.754094,0.412374284,0,0.587625716
8.26,13.76,25.754094,0.412374284,0,0.587625716
9.44,13.76,25.754094,0.412374284,0,0.587625716
10.62,13.76,25.754094,0.412374284,0,0.587625716
0,14.94,25.754094,0.371136856,0,0.628863144
1.18,14.94,25.754094,0.371136856,0,0.628863144
2.36,14.94,25.754094,0.371136856,0,0.628863144
3.54,14.94,25.754094,0.371136856,0,0.628863144
4.72,14.94,25.754094,0.371136856,0,0.628863144
5.9,14.94,25.754094,0.371136856,0,0.628863144
7.08,14.94,25.754094,0.371136856,0,0.628863144
8.26,14.94,25.754094,0.371136856,0,0.628863144
9.44,14.94,25.754094,0.371136856,0,0.628863144
10.62,14.94,25.754094,0.371136856,0,0.628863144
0,16.12,25.754094,0.329899427,0,0.670100573
1.18,16.12,25.754094,0.329899427,0,0.670100573
2.36,16.12,25.754094,0.329899427,0,0.670100573
3.54,16.12,25.754094,0.329899427,0,0.670100573
4.72,16.12,25.754094,0.329899427,0,0.670100573
5.9,16.12,25.754094,0.329899427,0,0.670100573
7.08,16.12,25.754094,0.329899427,0,0.670100573
8.26,16.12,25.754094,0.329899427,0,0.670100573
9.44,16.12,25.754094,0.329899427,0,0.670100573
10.62,16.12,25.754094,0.329899427,0,0.670100573
0,17.3,25.754094,0.288661999,0,0.711338001
1.18,17.3,25.754094,0.288661999,0,0.711338001
2.36,17.3,25.754094,0.288661999,0,0.711338001
3.54,17.3,25.754094,0.288661999,0,0.711338001
4.72,17.3,25.754094,0.288661999,0,0.711338001
5.9,17.3,25.754094,0.288661999,0,0.711338001
7.08,17.3,25.754094,0.288661999,0,0.711338001
8.26,17.3,25.754094,0.288661999,0,0.711338001
9.44,17.3,25.754094,0.288661999,0,0.711338001
10.62,17.3,25.754094,0.288661999,0,0.711338001
0,18.48,25.754094,0.24742457,0,0.75257543
1.18,18.48,25.754094,0.24742457,0,0.75257543
2.36,18.48,25.754094,0.24742457,0,0.75257543
3.54,18.48,25.754094,0.24742457,0,0.75257543
4.72,18.48,25.754094,0.24742457,0,0.75257543
5.9,18.48,25.754094,0.24742457,0,0.75257543
7.08,18.48,25.754094,0.24742457,0,0.75257543
8.26,18.48,25.754094,0.24742457,0,0.75257543
9.44,18.48,25.754094,0.24742457,0,0.75257543
10.62,18.48,25.754094,0.24742457,0,0.75257543
0,19.66,25.754094,0.164949714,0,0.835050286
1.18,19.66,25.754094,0.164949714,0,0.835050286
2.36,19.66,25.754094,0.164949714,0,0.835050286
3.54,19.66,25.754094,0.164949714,0,0.835050286
4.72,19.66,25.754094,0.164949714,0,0.835050286
5.9,19.66,25.754094,0.164949714,0,0.835050286
7.08,19.66,25.754094,0.164949714,0,0.835050286
8.26,19.66,25.754094,0.164949714,0,0.835050286
9.44,19.66,25.754094,0.164949714,0,0.835050286
10.62,19.66,25.754094,0.164949714,0,0.835050286
0,20.84,25.754094,0.123712285,0,0.876287715
1.18,20.84,25.754094,0.123712285,0,0.876287715
2.36,20.84,25.754094,0.123712285,0,0.876287715
3.54,20.84,25.754094,0.123712285,0,0.876287715
4.72,20.84,25.754094,0.123712285,0,0.876287715
5.9,20.84,25.754094,0.123712285,0,0.876287715
7.08,20.84,25.754094,0.123712285,0,0.876287715
8.26,20.84,25.754094,0.123712285,0,0.876287715
9.44,20.84,25.754094,0.123712285,0,0.876287715
10.62,20.84,25.754094,0.123712285,0,0.876287715
0,22.02,25.754094,0.082474857,0,0.917525143
1.18,22.02,25.754094,0.082474857,0,0.917525143
2.36,22.02,25.754094,0.082474857,0,0.917525143
3.54,22.02,25.754094,0.082474857,0,0.917525143
4.72,22.02,25.754094,0.082474857,0,0.917525143
5.9,22.02,25.754094,0.082474857,0,0.917525143
7.08,22.02,25.754094,0.082474857,0,0.917525143
8.26,22.02,25.754094,0.082474857,0,0.917525143
9.44,22.02,25.754094,0.082474857,0,0.917525143
10.62,22.02,25.754094,0.082474857,0,0.917525143
0,23.2,25.754094,0.041237428,0,0.958762572
1.18,23.2,25.754094,0.041237428,0,0.958762572
2.36,23.2,25.754094,0.041237428,0,0.958762572
3.54,23.2,25.754094,0.041237428,0,0.958762572
4.72,23.2,25.754094,0.041237428,0,0.958762572
5.9,23.2,25.754094,0.041237428,0,0.958762572
7.08,23.2,25.754094,0.041237428,0,0.958762572
8.26,23.2,25.754094,0.041237428,0,0.958762572
9.44,23.2,25.754094,0.041237428,0,0.958762572
10.62,23.2,25.754094,0.041237428,0,0.958762572
0,24.38,25.754094,0,0,1
1.18,24.38,25.754094,0,0,1
2.36,24.38,25.754094,0,0,1
3.54,24.38,25.754094,0,0,1
4.72,24.38,25.754094,0,0,1
5.9,24.38,25.754094,0,0,1
7.08,24.38,25.754094,0,0,1
8.26,24.38,25.754094,0,0,1
9.44,24.38,25.754094,0,0,1
10.62,24.38,25.754094,0,0,1
0,-24,26.374094,0,0,1
1.18,-24,26.374094,0,0,1
2.36,-24,26.374094,0,0,1
3.54,-24,26.374094,0,0,1
4.72,-24,26.374094,0,0,1
5.9,-24,26.374094,0,0,1
7.08,-24,26.374094,0,0,1
8.26,-24,26.374094,0,0,1
9.44,-24,26.374094,0,0,1
10.62,-24,26.374094,0,0,1
0,-22.82,26.374094,0.041095962,0,0.958904038
1.18,-22.82,26.374094,0.041095962,0,0.958904038
2.36,-22.82,26.374094,0.041095962,0,0.958904038
3.54,-22.82,26.374094,0.041095962,0,0.958904038
4.72,-22.82,26.374094,0.041095962,0,0.958904038
5.9,-22.82,26.374094,0.041095962,0,0.958904038
7.08,-22.82,26.374094,0.041095962,0,0.958904038
8.26,-22.82,26.374094,0.041095962,0,0.958904038
9.44,-22.82,26.374094,0.041095962,0,0.958904038
10.62,-22.82,26.374094,0.041095962,0,0.958904038
0,-21.64,26.374094,0.082191923,0,0.917808077
1.18,-21.64,26.374094,0.082191923,0,0.917808077
2.36,-21.64,26.374094,0.082191923,0,0.917808077
3.54,-21.64,26.374094,0.082191923,0,0.917808077
4.72,-21.64,26.374094,0.082191923,0,0.917808077
5.9,-21.64,26.374094,0.082191923,0,0.917808077
7.08,-21.64,26.374094,0.082191923,0,0.917808077
8.26,-21.64,26.374094,0.082191923,0,0.917808077
9.44,-21.64,26.374094,0.082191923,0,0.917808077
10.62,-21.64,26.374094,0.082191923,0,0.917808077
0,-20.46,26.374094,0.164383847,0,0.835616153
1.18,-20.46,26.374094,0.164383847,0,0.835616153
2.36,-20.46,26.374094,0.164383847,0,0.835616153
3.54,-20.46,26.374094,0.164383847,0,0.835616153
4.72,-20.46,26.374094,0.164383847,0,0.835616153
5.9,-20.46,26.374094,0.164383847,0,0.835616153
7.08,-20.46,26.374094,0.164383847,0,0.835616153
8.26,-20.46,26.374094,0.164383847,0,0.835616153
9.44,-20.46,26.374094,0.164383847,0,0.835616153
10.62,-20.46,26.374094,0.164383847,0,0.835616153
0,-19.28,26.374094,0.205479808,0,0.794520192
1.18,-19.28,26.374094,0.205479808,0,0.794520192
2.36,-19.28,26.374094,0.205479808,0,0.794520192
3.54,-19.28,26.374094,0.205479808,0,0.794520192
4.72,-19.28,26.374094,0.205479808,0,0.794520192
5.9,-19.28,26.374094,0.205479808,0,0.794520192
7.08,-19.28,26.374094,0.205479808,0,0.794520192
8.26,-19.28,26.374094,0.205479808,0,0.794520192
9.44,-19.28,26.374094,0.205479808,0,0.794520192
10.62,-19.28,26.374094,0.205479808,0,0.794520192
0,-18.1,26.374094,0.24657577,0,0.75342423
1.18,-18.1,26.374094,0.24657577,0,0.75342423
2.36,-18.1,26.374094,0.24657577,0,0.75342423
3.54,-18.1,26.374094,0.24657577,0,0.75342423
4.72,-18.1,26.374094,0.24657577,0,0.75342423
5.9,-18.1,26.374094,0.24657577,0,0.75342423
7.08,-18.1,26.374094,0.24657577,0,0.75342423
8.26,-18.1,26.374094,0.24657577,0,0.75342423
9.44,-18.1,26.374094,0.24657577,0,0.75342423
10.62,-18.1,26.374094,0.24657577,0,0.75342423
0,-16.92,26.374094,0.287671732,0,0.712328268
1.18,-16.92,26.374094,0.287671732,0,0.712328268
2.36,-16.92,26.374094,0.287671732,0,0.712328268
3.54,-16.92,26.374094,0.287671732,0,0.712328268
4.72,-16.92,26.374094,0.287671732,0,0.712328268
5.9,-16.92,26.374094,0.287671732,0,0.712328268
7.08,-16.92,26.374094,0.287671732,0,0.712328268
8.26,-16.92,26.374094,0.287671732,0,0.712328268
9.44,-16.92,26.374094,0.287671732,0,0.712328268
10.62,-16.92,26.374094,0.287671732,0,0.712328268
0,-15.74,26.374094,0.328767693,0,0.671232307
1.18,-15.74,26.374094,0.328767693,0,0.671232307
2.36,-15.74,26.374094,0.328767693,0,0.671232307
3.54,-15.74,26.374094,0.328767693,0,0.671232307
4.72,-15.74,26.374094,0.328767693,0,0.671232307
5.9,-15.74,26.374094,0.328767693,0,0.671232307
7.08,-15.74,26.374094,0.328767693,0,0.671232307
8.26,-15.74,26.374094,0.328767693,0,0.671232307
9.44,-15.74,26.374094,0.328767693,0,0.671232307
10.62,-15.74,26.374094,0.328767693,0,0.671232307
0,-14.56,26.374094,0.369863655,0,0.630136345
1.18,-14.56,26.374094,0.369863655,0,0.630136345
2.36,-14.56,26.374094,0.369863655,0,0.630136345
3.54,-14.56,26.374094,0.369863655,0,0.630136345
4.72,-14.56,26.374094,0.369863655,0,0.630136345
5.9,-14.56,26.374094,0.369863655,0,0.630136345
7.08,-14.56,26.374094,0.369863655,0,0.630136345
8.26,-14.56,26.374094,0.369863655,0,0.630136345
9.44,-14.56,26.374094,0.369863655,0,0.630136345
10.62,-14.56,26.374094,0.369863655,0,0.630136345
0,-13.38,26.374094,0.452055579,0,0.547944421
1.18,-13.38,26.374094,0.452055579,0,0.547944421
2.36,-13.38,26.374094,0.452055579,0,0.547944421
3.54,-13.38,26.374094,0.452055579,0,0.547944421
4.72,-13.38,26.374094,0.452055579,0,0.547944421
5.9,-13.38,26.374094,0.452055579,0,0.547944421
7.08,-13.38,26.374094,0.452055579,0,0.547944421
8.26,-13.38,26.374094,0.452055579,0,0.547944421
9.44,-13.38,26.374094,0.452055579,0,0.547944421
10.62,-13.38,26.374094,0.452055579,0,0.547944421
0,-12.2,26.374094,0.49315154,0,0.50684846
1.18,-12.2,26.374094,0.49315154,0,0.50684846
2.36,-12.2,26.374094,0.49315154,0,0.50684846
3.54,-12.2,26.374094,0.49315154,0,0.50684846
4.72,-12.2,26.374094,0.49315154,0,0.50684846
5.9,-12.2,26.374094,0.49315154,0,0.50684846
7.08,-12.2,26.374094,0.49315154,0,0.50684846
8.26,-12.2,26.374094,0.49315154,0,0.50684846
9.44,-12.2,26.374094,0.49315154,0,0.50684846
10.62,-12.2,26.374094,0.49315154,0,0.50684846
0,-11.02,26.374094,0.534247502,0,0.465752498
1.18,-11.02,26.374094,0.534247502,0,0.465752498
2.36,-11.02,26.374094,0.534247502,0,0.465752498
3.54,-11.02,26.374094,0.534247502,0,0.465752498
4.72,-11.02,26.374094,0.534247502,0,0.465752498
5.9,-11.02,26.374094,0.534247502,0,0.465752498
7.08,-11.02,26.374094,0.534247502,0,0.465752498
8.26,-11.02,26.374094,0.534247502,0,0.465752498
9.44,-11.02,26.374094,0.534247502,0,0.465752498
10.62,-11.02,26.374094,0.534247502,0,0.465752498
0,-9.84,26.374094,0.575343464,0,0.424656536
1.18,-9.84,26.374094,0.575343464,0,0.424656536
2.36,-9.84,26.374094,0.575343464,0,0.424656536
3.54,-9.84,26.374094,0.575343464,0,0.424656536
4.72,-9.84,26.374094,0.575343464,0,0.424656536
5.9,-9.84,26.374094,0.575343464,0,0.424656536
7.08,-9.84,26.374094,0.575343464,0,0.424656536
8.26,-9.84,26.374094,0.575343464,0,0.424656536
9.44,-9.84,26.374094,0.575343464,0,0.424656536
10.62,-9.84,26.374094,0.575343464,0,0.424656536
0,-8.66,26.374094,0.616439425,0,0.383560575
1.18,-8.66,26.374094,0.616439425,0,0.383560575
2.36,-8.66,26.374094,0.616439425,0,0.383560575
3.54,-8.66,26.374094,0.616439425,0,0.383560575
4.72,-8.66,26.374094,0.616439425,0,0.383560575
5.9,-8.66,26.374094,0.616439425,0,0.383560575
7.08,-8.66,26.374094,0.616439425,0,0.383560575
8.26,-8.66,26.374094,0.616439425,0,0.383560575
9.44,-8.66,26.374094,0.616439425,0,0.383560575
10.62,-8.66,26.374094,0.616439425,0,0.383560575
0,-7.48,26.374094,0.698631349,0,0.301368651
1.18,-7.48,26.374094,0.698631349,0,0.301368651
2.36,-7.48,26.374094,0.698631349,0,0.301368651
3.54,-7.48,26.374094,0.698631349,0,0.301368651
4.72,-7.48,26.374094,0.698631349,0,0.301368651
5.9,-7.48,26.374094,0.698631349,0,0.301368651
7.08,-7.48,26.374094,0.698631349,0,0.301368651
8.26,-7.48,26.374094,0.698631349,0,0.301368651
9.44,-7.48,26.374094,0.698631349,0,0.301368651
10.62,-7.48,26.374094,0.698631349,0,0.301368651
0,-6.3,26.374094,0.73972731,0,0.26027269
1.18,-6.3,26.374094,0.73972731,0,0.26027269
2.36,-6.3,26.374094,0.73972731,0,0.26027269
3.54,-6.3,26.374094,0.73972731,0,0.26027269
4.72,-6.3,26.374094,0.73972731,0,0.26027269
5.9,-6.3,26.374094,0.73972731,0,0.26027269
7.08,-6.3,26.374094,0.73972731,0,0.26027269
8.26,-6.3,26.374094,0.73972731,0,0.26027269
9.44,-6.3,26.374094,0.73972731,0,0.26027269
10.62,-6.3,26.374094,0.73972731,0,0.26027269
0,-5.12,26.374094,0.780823272,0,0.219176728
1.18,-5.12,26.374094,0.780823272,0,0.219176728
2.36,-5.12,26.374094,0.780823272,0,0.219176728
3.54,-5.12,26.374094,0.780823272,0,0.219176728
4.72,-5.12,26.374094,0.780823272,0,0.219176728
5.9,-5.12,26.374094,0.780823272,0,0.219176728
7.08,-5.12,26.374094,0.780823272,0,0.219176728
8.26,-5.12,26.374094,0.780823272,0,0.219176728
9.44,-5.12,26.374094,0.780823272,0,0.219176728
10.62,-5.12,26.374094,0.780823272,0,0.219176728
0,-3.94,26.374094,0.821919234,0,0.178080766
1.18,-3.94,26.374094,0.821919234,0,0.178080766
2.36,-3.94,26.374094,0.821919234,0,0.178080766
3.54,-3.94,26.374094,0.821919234,0,0.178080766
4.72,-3.94,26.374094,0.821919234,0,0.178080766
5.9,-3.94,26.374094,0.821919234,0,0.178080766
7.08,-3.94,26.374094,0.821919234,0,0.178080766
8.26,-3.94,26.374094,0.821919234,0,0.178080766
9.44,-3.94,26.374094,0.821919234,0,0.178080766
10.62,-3.94,26.374094,0.821919234,0,0.178080766
0,-2.76,26.374094,0.863015195,0,0.136984805
1.18,-2.76,26.374094,0.863015195,0,0.136984805
2.36,-2.76,26.374094,0.863015195,0,0.136984805
3.54,-2.76,26.374094,0.863015195,0,0.136984805
4.72,-2.76,26.374094,0.863015195,0,0.136984805
5.9,-2.76,26.374094,0.863015195,0,0.136984805
7.08,-2.76,26.374094,0.863015195,0,0.136984805
8.26,-2.76,26.374094,0.863015195,0,0.136984805
9.44,-2.76,26.374094,0.863015195,0,0.136984805
10.62,-2.76,26.374094,0.863015195,0,0.136984805
0,-1.58,26.374094,0.904111157,0,0.095888843
1.18,-1.58,26.374094,0.904111157,0,0.095888843
2.36,-1.58,26.374094,0.904111157,0,0.095888843
3.54,-1.58,26.374094,0.904111157,0,0.095888843
4.72,-1.58,26.374094,0.904111157,0,0.095888843
5.9,-1.58,26.374094,0.904111157,0,0.095888843
7.08,-1.58,26.374094,0.904111157,0,0.095888843
8.26,-1.58,26.374094,0.904111157,0,0.095888843
9.44,-1.58,26.374094,0.904111157,0,0.095888843
10.62,-1.58,26.374094,0.904111157,0,0.095888843
0,-0.400000000000002,26.374094,0.973559058,0,0.026440942
1.18,-0.400000000000002,26.374094,0.973559058,0,0.026440942
2.36,-0.400000000000002,26.374094,0.973559058,0,0.026440942
3.54,-0.400000000000002,26.374094,0.973559058,0,0.026440942
4.72,-0.400000000000002,26.374094,0.973559058,0,0.026440942
5.9,-0.400000000000002,26.374094,0.973559058,0,0.026440942
7.08,-0.400000000000002,26.374094,0.973559058,0,0.026440942
8.26,-0.400000000000002,26.374094,0.973559058,0,0.026440942
9.44,-0.400000000000002,26.374094,0.973559058,0,0.026440942
10.62,-0.400000000000002,26.374094,0.973559058,0,0.026440942
0,0.779999999999998,26.374094,0.945207119,0,0.054792881
1.18,0.779999999999998,26.374094,0.945207119,0,0.054792881
2.36,0.779999999999998,26.374094,0.945207119,0,0.054792881
3.54,0.779999999999998,26.374094,0.945207119,0,0.054792881
4.72,0.779999999999998,26.374094,0.945207119,0,0.054792881
5.9,0.779999999999998,26.374094,0.945207119,0,0.054792881
7.08,0.779999999999998,26.374094,0.945207119,0,0.054792881
8.26,0.779999999999998,26.374094,0.945207119,0,0.054792881
9.44,0.779999999999998,26.374094,0.945207119,0,0.054792881
10.62,0.779999999999998,26.374094,0.945207119,0,0.054792881
0,1.96,26.374094,0.904111157,0,0.095888843
1.18,1.96,26.374094,0.904111157,0,0.095888843
2.36,1.96,26.374094,0.904111157,0,0.095888843
3.54,1.96,26.374094,0.904111157,0,0.095888843
4.72,1.96,26.374094,0.904111157,0,0.095888843
5.9,1.96,26.374094,0.904111157,0,0.095888843
7.08,1.96,26.374094,0.904111157,0,0.095888843
8.26,1.96,26.374094,0.904111157,0,0.095888843
9.44,1.96,26.374094,0.904111157,0,0.095888843
10.62,1.96,26.374094,0.904111157,0,0.095888843
0,3.14,26.374094,0.863015195,0,0.136984805
1.18,3.14,26.374094,0.863015195,0,0.136984805
2.36,3.14,26.374094,0.863015195,0,0.136984805
3.54,3.14,26.374094,0.863015195,0,0.136984805
4.72,3.14,26.374094,0.863015195,0,0.136984805
5.9,3.14,26.374094,0.863015195,0,0.136984805
7.08,3.14,26.374094,0.863015195,0,0.136984805
8.26,3.14,26.374094,0.863015195,0,0.136984805
9.44,3.14,26.374094,0.863015195,0,0.136984805
10.62,3.14,26.374094,0.863015195,0,0.136984805
0,4.32,26.374094,0.821919234,0,0.178080766
1.18,4.32,26.374094,0.821919234,0,0.178080766
2.36,4.32,26.374094,0.821919234,0,0.178080766
3.54,4.32,26.374094,0.821919234,0,0.178080766
4.72,4.32,26.374094,0.821919234,0,0.178080766
5.9,4.32,26.374094,0.821919234,0,0.178080766
7.08,4.32,26.374094,0.821919234,0,0.178080766
8.26,4.32,26.374094,0.821919234,0,0.178080766
9.44,4.32,26.374094,0.821919234,0,0.178080766
10.62,4.32,26.374094,0.821919234,0,0.178080766
0,5.5,26.374094,0.780823272,0,0.219176728
1.18,5.5,26.374094,0.780823272,0,0.219176728
2.36,5.5,26.374094,0.780823272,0,0.219176728
3.54,5.5,26.374094,0.780823272,0,0.219176728
4.72,5.5,26.374094,0.780823272,0,0.219176728
5.9,5.5,26.374094,0.780823272,0,0.219176728
7.08,5.5,26.374094,0.780823272,0,0.219176728
8.26,5.5,26.374094,0.780823272,0,0.219176728
9.44,5.5,26.374094,0.780823272,0,0.219176728
10.62,5.5,26.374094,0.780823272,0,0.219176728
0,6.68,26.374094,0.698631349,0,0.301368651
1.18,6.68,26.374094,0.698631349,0,0.301368651
2.36,6.68,26.374094,0.698631349,0,0.301368651
3.54,6.68,26.374094,0.698631349,0,0.301368651
4.72,6.68,26.374094,0.698631349,0,0.301368651
5.9,6.68,26.374094,0.698631349,0,0.301368651
7.08,6.68,26.374094,0.698631349,0,0.301368651
8.26,6.68,26.374094,0.698631349,0,0.301368651
9.44,6.68,26.374094,0.698631349,0,0.301368651
10.62,6.68,26.374094,0.698631349,0,0.301368651
0,7.86,26.374094,0.657535387,0,0.342464613
1.18,7.86,26.374094,0.657535387,0,0.342464613
2.36,7.86,26.374094,0.657535387,0,0.342464613
3.54,7.86,26.374094,0.657535387,0,0.342464613
4.72,7.86,26.374094,0.657535387,0,0.342464613
5.9,7.86,26.374094,0.657535387,0,0.342464613
7.08,7.86,26.374094,0.657535387,0,0.342464613
8.26,7.86,26.374094,0.657535387,0,0.342464613
9.44,7.86,26.374094,0.657535387,0,0.342464613
10.62,7.86,26.374094,0.657535387,0,0.342464613
0,9.04,26.374094,0.616439425,0,0.383560575
1.18,9.04,26.374094,0.616439425,0,0.383560575
2.36,9.04,26.374094,0.616439425,0,0.383560575
3.54,9.04,26.374094,0.616439425,0,0.383560575
4.72,9.04,26.374094,0.616439425,0,0.383560575
5.9,9.04,26.374094,0.616439425,0,0.383560575
7.08,9.04,26.374094,0.616439425,0,0.383560575
8.26,9.04,26.374094,0.616439425,0,0.383560575
9.44,9.04,26.374094,0.616439425,0,0.383560575
10.62,9.04,26.374094,0.616439425,0,0.383560575
0,10.22,26.374094,0.575343464,0,0.424656536
1.18,10.22,26.374094,0.575343464,0,0.424656536
2.36,10.22,26.374094,0.575343464,0,0.424656536
3.54,10.22,26.374094,0.575343464,0,0.424656536
4.72,10.22,26.374094,0.575343464,0,0.424656536
5.9,10.22,26.374094,0.575343464,0,0.424656536
7.08,10.22,26.374094,0.575343464,0,0.424656536
8.26,10.22,26.374094,0.575343464,0,0.424656536
9.44,10.22,26.374094,0.575343464,0,0.424656536
10.62,10.22,26.374094,0.575343464,0,0.424656536
0,11.4,26.374094,0.534247502,0,0.465752498
1.18,11.4,26.374094,0.534247502,0,0.465752498
2.36,11.4,26.374094,0.534247502,0,0.465752498
3.54,11.4,26.374094,0.534247502,0,0.465752498
4.72,11.4,26.374094,0.534247502,0,0.465752498
5.9,11.4,26.374094,0.534247502,0,0.465752498
7.08,11.4,26.374094,0.534247502,0,0.465752498
8.26,11.4,26.374094,0.534247502,0,0.465752498
9.44,11.4,26.374094,0.534247502,0,0.465752498
10.62,11.4,26.374094,0.534247502,0,0.465752498
0,12.58,26.374094,0.452055579,0,0.547944421
1.18,12.58,26.374094,0.452055579,0,0.547944421
2.36,12.58,26.374094,0.452055579,0,0.547944421
3.54,12.58,26.374094,0.452055579,0,0.547944421
4.72,12.58,26.374094,0.452055579,0,0.547944421
5.9,12.58,26.374094,0.452055579,0,0.547944421
7.08,12.58,26.374094,0.452055579,0,0.547944421
8.26,12.58,26.374094,0.452055579,0,0.547944421
9.44,12.58,26.374094,0.452055579,0,0.547944421
10.62,12.58,26.374094,0.452055579,0,0.547944421
0,13.76,26.374094,0.410959617,0,0.589040383
1.18,13.76,26.374094,0.410959617,0,0.589040383
2.36,13.76,26.374094,0.410959617,0,0.589040383
3.54,13.76,26.374094,0.410959617,0,0.589040383
4.72,13.76,26.374094,0.410959617,0,0.589040383
5.9,13.76,26.374094,0.410959617,0,0.589040383
7.08,13.76,26.374094,0.410959617,0,0.589040383
8.26,13.76,26.374094,0.410959617,0,0.589040383
9.44,13.76,26.374094,0.410959617,0,0.589040383
10.62,13.76,26.374094,0.410959617,0,0.589040383
0,14.94,26.374094,0.369863655,0,0.630136345
1.18,14.94,26.374094,0.369863655,0,0.630136345
2.36,14.94,26.374094,0.369863655,0,0.630136345
3.54,14.94,26.374094,0.369863655,0,0.630136345
4.72,14.94,26.374094,0.369863655,0,0.630136345
5.9,14.94,26.374094,0.369863655,0,0.630136345
7.08,14.94,26.374094,0.369863655,0,0.630136345
8.26,14.94,26.374094,0.369863655,0,0.630136345
9.44,14.94,26.374094,0.369863655,0,0.630136345
10.62,14.94,26.374094,0.369863655,0,0.630136345
0,16.12,26.374094,0.328767693,0,0.671232307
1.18,16.12,26.374094,0.328767693,0,0.671232307
2.36,16.12,26.374094,0.328767693,0,0.671232307
3.54,16.12,26.374094,0.328767693,0,0.671232307
4.72,16.12,26.374094,0.328767693,0,0.671232307
5.9,16.12,26.374094,0.328767693,0,0.671232307
7.08,16.12,26.374094,0.328767693,0,0.671232307
8.26,16.12,26.374094,0.328767693,0,0.671232307
9.44,16.12,26.374094,0.328767693,0,0.671232307
10.62,16.12,26.374094,0.328767693,0,0.671232307
0,17.3,26.374094,0.287671732,0,0.712328268
1.18,17.3,26.374094,0.287671732,0,0.712328268
2.36,17.3,26.374094,0.287671732,0,0.712328268
3.54,17.3,26.374094,0.287671732,0,0.712328268
4.72,17.3,26.374094,0.287671732,0,0.712328268
5.9,17.3,26.374094,0.287671732,0,0.712328268
7.08,17.3,26.374094,0.287671732,0,0.712328268
8.26,17.3,26.374094,0.287671732,0,0.712328268
9.44,17.3,26.374094,0.287671732,0,0.712328268
10.62,17.3,26.374094,0.287671732,0,0.712328268
0,18.48,26.374094,0.24657577,0,0.75342423
1.18,18.48,26.374094,0.24657577,0,0.75342423
2.36,18.48,26.374094,0.24657577,0,0.75342423
3.54,18.48,26.374094,0.24657577,0,0.75342423
4.72,18.48,26.374094,0.24657577,0,0.75342423
5.9,18.48,26.374094,0.24657577,0,0.75342423
7.08,18.48,26.374094,0.24657577,0,0.75342423
8.26,18.48,26.374094,0.24657577,0,0.75342423
9.44,18.48,26.374094,0.24657577,0,0.75342423
10.62,18.48,26.374094,0.24657577,0,0.75342423
0,19.66,26.374094,0.164383847,0,0.835616153
1.18,19.66,26.374094,0.164383847,0,0.835616153
2.36,19.66,26.374094,0.164383847,0,0.835616153
3.54,19.66,26.374094,0.164383847,0,0.835616153
4.72,19.66,26.374094,0.164383847,0,0.835616153
5.9,19.66,26.374094,0.164383847,0,0.835616153
7.08,19.66,26.374094,0.164383847,0,0.835616153
8.26,19.66,26.374094,0.164383847,0,0.835616153
9.44,19.66,26.374094,0.164383847,0,0.835616153
10.62,19.66,26.374094,0.164383847,0,0.835616153
0,20.84,26.374094,0.123287885,0,0.876712115
1.18,20.84,26.374094,0.123287885,0,0.876712115
2.36,20.84,26.374094,0.123287885,0,0.876712115
3.54,20.84,26.374094,0.123287885,0,0.876712115
4.72,20.84,26.374094,0.123287885,0,0.876712115
5.9,20.84,26.374094,0.123287885,0,0.876712115
7.08,20.84,26.374094,0.123287885,0,0.876712115
8.26,20.84,26.374094,0.123287885,0,0.876712115
9.44,20.84,26.374094,0.123287885,0,0.876712115
10.62,20.84,26.374094,0.123287885,0,0.876712115
0,22.02,26.374094,0.082191923,0,0.917808077
1.18,22.02,26.374094,0.082191923,0,0.917808077
2.36,22.02,26.374094,0.082191923,0,0.917808077
3.54,22.02,26.374094,0.082191923,0,0.917808077
4.72,22.02,26.374094,0.082191923,0,0.917808077
5.9,22.02,26.374094,0.082191923,0,0.917808077
7.08,22.02,26.374094,0.082191923,0,0.917808077
8.26,22.02,26.374094,0.082191923,0,0.917808077
9.44,22.02,26.374094,0.082191923,0,0.917808077
10.62,22.02,26.374094,0.082191923,0,0.917808077
0,23.2,26.374094,0.041095962,0,0.958904038
1.18,23.2,26.374094,0.041095962,0,0.958904038
2.36,23.2,26.374094,0.041095962,0,0.958904038
3.54,23.2,26.374094,0.041095962,0,0.958904038
4.72,23.2,26.374094,0.041095962,0,0.958904038
5.9,23.2,26.374094,0.041095962,0,0.958904038
7.08,23.2,26.374094,0.041095962,0,0.958904038
8.26,23.2,26.374094,0.041095962,0,0.958904038
9.44,23.2,26.374094,0.041095962,0,0.958904038
10.62,23.2,26.374094,0.041095962,0,0.958904038
0,24.38,26.374094,0,0,1
1.18,24.38,26.374094,0,0,1
2.36,24.38,26.374094,0,0,1
3.54,24.38,26.374094,0,0,1
4.72,24.38,26.374094,0,0,1
5.9,24.38,26.374094,0,0,1
7.08,24.38,26.374094,0,0,1
8.26,24.38,26.374094,0,0,1
9.44,24.38,26.374094,0,0,1
10.62,24.38,26.374094,0,0,1
0,-24,26.994094,0,0,1
1.18,-24,26.994094,0,0,1
2.36,-24,26.994094,0,0,1
3.54,-24,26.994094,0,0,1
4.72,-24,26.994094,0,0,1
5.9,-24,26.994094,0,0,1
7.08,-24,26.994094,0,0,1
8.26,-24,26.994094,0,0,1
9.44,-24,26.994094,0,0,1
10.62,-24,26.994094,0,0,1
0,-22.82,26.994094,0.040954006,0,0.959045994
1.18,-22.82,26.994094,0.040954006,0,0.959045994
2.36,-22.82,26.994094,0.040954006,0,0.959045994
3.54,-22.82,26.994094,0.040954006,0,0.959045994
4.72,-22.82,26.994094,0.040954006,0,0.959045994
5.9,-22.82,26.994094,0.040954006,0,0.959045994
7.08,-22.82,26.994094,0.040954006,0,0.959045994
8.26,-22.82,26.994094,0.040954006,0,0.959045994
9.44,-22.82,26.994094,0.040954006,0,0.959045994
10.62,-22.82,26.994094,0.040954006,0,0.959045994
0,-21.64,26.994094,0.081908013,0,0.918091987
1.18,-21.64,26.994094,0.081908013,0,0.918091987
2.36,-21.64,26.994094,0.081908013,0,0.918091987
3.54,-21.64,26.994094,0.081908013,0,0.918091987
4.72,-21.64,26.994094,0.081908013,0,0.918091987
5.9,-21.64,26.994094,0.081908013,0,0.918091987
7.08,-21.64,26.994094,0.081908013,0,0.918091987
8.26,-21.64,26.994094,0.081908013,0,0.918091987
9.44,-21.64,26.994094,0.081908013,0,0.918091987
10.62,-21.64,26.994094,0.081908013,0,0.918091987
0,-20.46,26.994094,0.163816025,0,0.836183975
1.18,-20.46,26.994094,0.163816025,0,0.836183975
2.36,-20.46,26.994094,0.163816025,0,0.836183975
3.54,-20.46,26.994094,0.163816025,0,0.836183975
4.72,-20.46,26.994094,0.163816025,0,0.836183975
5.9,-20.46,26.994094,0.163816025,0,0.836183975
7.08,-20.46,26.994094,0.163816025,0,0.836183975
8.26,-20.46,26.994094,0.163816025,0,0.836183975
9.44,-20.46,26.994094,0.163816025,0,0.836183975
10.62,-20.46,26.994094,0.163816025,0,0.836183975
0,-19.28,26.994094,0.204770031,0,0.795229969
1.18,-19.28,26.994094,0.204770031,0,0.795229969
2.36,-19.28,26.994094,0.204770031,0,0.795229969
3.54,-19.28,26.994094,0.204770031,0,0.795229969
4.72,-19.28,26.994094,0.204770031,0,0.795229969
5.9,-19.28,26.994094,0.204770031,0,0.795229969
7.08,-19.28,26.994094,0.204770031,0,0.795229969
8.26,-19.28,26.994094,0.204770031,0,0.795229969
9.44,-19.28,26.994094,0.204770031,0,0.795229969
10.62,-19.28,26.994094,0.204770031,0,0.795229969
0,-18.1,26.994094,0.245724038,0,0.754275962
1.18,-18.1,26.994094,0.245724038,0,0.754275962
2.36,-18.1,26.994094,0.245724038,0,0.754275962
3.54,-18.1,26.994094,0.245724038,0,0.754275962
4.72,-18.1,26.994094,0.245724038,0,0.754275962
5.9,-18.1,26.994094,0.245724038,0,0.754275962
7.08,-18.1,26.994094,0.245724038,0,0.754275962
8.26,-18.1,26.994094,0.245724038,0,0.754275962
9.44,-18.1,26.994094,0.245724038,0,0.754275962
10.62,-18.1,26.994094,0.245724038,0,0.754275962
0,-16.92,26.994094,0.286678044,0,0.713321956
1.18,-16.92,26.994094,0.286678044,0,0.713321956
2.36,-16.92,26.994094,0.286678044,0,0.713321956
3.54,-16.92,26.994094,0.286678044,0,0.713321956
4.72,-16.92,26.994094,0.286678044,0,0.713321956
5.9,-16.92,26.994094,0.286678044,0,0.713321956
7.08,-16.92,26.994094,0.286678044,0,0.713321956
8.26,-16.92,26.994094,0.286678044,0,0.713321956
9.44,-16.92,26.994094,0.286678044,0,0.713321956
10.62,-16.92,26.994094,0.286678044,0,0.713321956
0,-15.74,26.994094,0.32763205,0,0.67236795
1.18,-15.74,26.994094,0.32763205,0,0.67236795
2.36,-15.74,26.994094,0.32763205,0,0.67236795
3.54,-15.74,26.994094,0.32763205,0,0.67236795
4.72,-15.74,26.994094,0.32763205,0,0.67236795
5.9,-15.74,26.994094,0.32763205,0,0.67236795
7.08,-15.74,26.994094,0.32763205,0,0.67236795
8.26,-15.74,26.994094,0.32763205,0,0.67236795
9.44,-15.74,26.994094,0.32763205,0,0.67236795
10.62,-15.74,26.994094,0.32763205,0,0.67236795
0,-14.56,26.994094,0.368586057,0,0.631413943
1.18,-14.56,26.994094,0.368586057,0,0.631413943
2.36,-14.56,26.994094,0.368586057,0,0.631413943
3.54,-14.56,26.994094,0.368586057,0,0.631413943
4.72,-14.56,26.994094,0.368586057,0,0.631413943
5.9,-14.56,26.994094,0.368586057,0,0.631413943
7.08,-14.56,26.994094,0.368586057,0,0.631413943
8.26,-14.56,26.994094,0.368586057,0,0.631413943
9.44,-14.56,26.994094,0.368586057,0,0.631413943
10.62,-14.56,26.994094,0.368586057,0,0.631413943
0,-13.38,26.994094,0.450494069,0,0.549505931
1.18,-13.38,26.994094,0.450494069,0,0.549505931
2.36,-13.38,26.994094,0.450494069,0,0.549505931
3.54,-13.38,26.994094,0.450494069,0,0.549505931
4.72,-13.38,26.994094,0.450494069,0,0.549505931
5.9,-13.38,26.994094,0.450494069,0,0.549505931
7.08,-13.38,26.994094,0.450494069,0,0.549505931
8.26,-13.38,26.994094,0.450494069,0,0.549505931
9.44,-13.38,26.994094,0.450494069,0,0.549505931
10.62,-13.38,26.994094,0.450494069,0,0.549505931
0,-12.2,26.994094,0.491448076,0,0.508551924
1.18,-12.2,26.994094,0.491448076,0,0.508551924
2.36,-12.2,26.994094,0.491448076,0,0.508551924
3.54,-12.2,26.994094,0.491448076,0,0.508551924
4.72,-12.2,26.994094,0.491448076,0,0.508551924
5.9,-12.2,26.994094,0.491448076,0,0.508551924
7.08,-12.2,26.994094,0.491448076,0,0.508551924
8.26,-12.2,26.994094,0.491448076,0,0.508551924
9.44,-12.2,26.994094,0.491448076,0,0.508551924
10.62,-12.2,26.994094,0.491448076,0,0.508551924
0,-11.02,26.994094,0.532402082,0,0.467597918
1.18,-11.02,26.994094,0.532402082,0,0.467597918
2.36,-11.02,26.994094,0.532402082,0,0.467597918
3.54,-11.02,26.994094,0.532402082,0,0.467597918
4.72,-11.02,26.994094,0.532402082,0,0.467597918
5.9,-11.02,26.994094,0.532402082,0,0.467597918
7.08,-11.02,26.994094,0.532402082,0,0.467597918
8.26,-11.02,26.994094,0.532402082,0,0.467597918
9.44,-11.02,26.994094,0.532402082,0,0.467597918
10.62,-11.02,26.994094,0.532402082,0,0.467597918
0,-9.84,26.994094,0.573356088,0,0.426643912
1.18,-9.84,26.994094,0.573356088,0,0.426643912
2.36,-9.84,26.994094,0.573356088,0,0.426643912
3.54,-9.84,26.994094,0.573356088,0,0.426643912
4.72,-9.84,26.994094,0.573356088,0,0.426643912
5.9,-9.84,26.994094,0.573356088,0,0.426643912
7.08,-9.84,26.994094,0.573356088,0,0.426643912
8.26,-9.84,26.994094,0.573356088,0,0.426643912
9.44,-9.84,26.994094,0.573356088,0,0.426643912
10.62,-9.84,26.994094,0.573356088,0,0.426643912
0,-8.66,26.994094,0.614310094,0,0.385689906
1.18,-8.66,26.994094,0.614310094,0,0.385689906
2.36,-8.66,26.994094,0.614310094,0,0.385689906
3.54,-8.66,26.994094,0.614310094,0,0.385689906
4.72,-8.66,26.994094,0.614310094,0,0.385689906
5.9,-8.66,26.994094,0.614310094,0,0.385689906
7.08,-8.66,26.994094,0.614310094,0,0.385689906
8.26,-8.66,26.994094,0.614310094,0,0.385689906
9.44,-8.66,26.994094,0.614310094,0,0.385689906
10.62,-8.66,26.994094,0.614310094,0,0.385689906
0,-7.48,26.994094,0.696218107,0,0.303781893
1.18,-7.48,26.994094,0.696218107,0,0.303781893
2.36,-7.48,26.994094,0.696218107,0,0.303781893
3.54,-7.48,26.994094,0.696218107,0,0.303781893
4.72,-7.48,26.994094,0.696218107,0,0.303781893
5.9,-7.48,26.994094,0.696218107,0,0.303781893
7.08,-7.48,26.994094,0.696218107,0,0.303781893
8.26,-7.48,26.994094,0.696218107,0,0.303781893
9.44,-7.48,26.994094,0.696218107,0,0.303781893
10.62,-7.48,26.994094,0.696218107,0,0.303781893
0,-6.3,26.994094,0.737172113,0,0.262827887
1.18,-6.3,26.994094,0.737172113,0,0.262827887
2.36,-6.3,26.994094,0.737172113,0,0.262827887
3.54,-6.3,26.994094,0.737172113,0,0.262827887
4.72,-6.3,26.994094,0.737172113,0,0.262827887
5.9,-6.3,26.994094,0.737172113,0,0.262827887
7.08,-6.3,26.994094,0.737172113,0,0.262827887
8.26,-6.3,26.994094,0.737172113,0,0.262827887
9.44,-6.3,26.994094,0.737172113,0,0.262827887
10.62,-6.3,26.994094,0.737172113,0,0.262827887
0,-5.12,26.994094,0.77812612,0,0.22187388
1.18,-5.12,26.994094,0.77812612,0,0.22187388
2.36,-5.12,26.994094,0.77812612,0,0.22187388
3.54,-5.12,26.994094,0.77812612,0,0.22187388
4.72,-5.12,26.994094,0.77812612,0,0.22187388
5.9,-5.12,26.994094,0.77812612,0,0.22187388
7.08,-5.12,26.994094,0.77812612,0,0.22187388
8.26,-5.12,26.994094,0.77812612,0,0.22187388
9.44,-5.12,26.994094,0.77812612,0,0.22187388
10.62,-5.12,26.994094,0.77812612,0,0.22187388
0,-3.94,26.994094,0.819080126,0,0.180919874
1.18,-3.94,26.994094,0.819080126,0,0.180919874
2.36,-3.94,26.994094,0.819080126,0,0.180919874
3.54,-3.94,26.994094,0.819080126,0,0.180919874
4.72,-3.94,26.994094,0.819080126,0,0.180919874
5.9,-3.94,26.994094,0.819080126,0,0.180919874
7.08,-3.94,26.994094,0.819080126,0,0.180919874
8.26,-3.94,26.994094,0.819080126,0,0.180919874
9.44,-3.94,26.994094,0.819080126,0,0.180919874
10.62,-3.94,26.994094,0.819080126,0,0.180919874
0,-2.76,26.994094,0.860034132,0,0.139965868
1.18,-2.76,26.994094,0.860034132,0,0.139965868
2.36,-2.76,26.994094,0.860034132,0,0.139965868
3.54,-2.76,26.994094,0.860034132,0,0.139965868
4.72,-2.76,26.994094,0.860034132,0,0.139965868
5.9,-2.76,26.994094,0.860034132,0,0.139965868
7.08,-2.76,26.994094,0.860034132,0,0.139965868
8.26,-2.76,26.994094,0.860034132,0,0.139965868
9.44,-2.76,26.994094,0.860034132,0,0.139965868
10.62,-2.76,26.994094,0.860034132,0,0.139965868
0,-1.58,26.994094,0.900988139,0,0.099011861
1.18,-1.58,26.994094,0.900988139,0,0.099011861
2.36,-1.58,26.994094,0.900988139,0,0.099011861
3.54,-1.58,26.994094,0.900988139,0,0.099011861
4.72,-1.58,26.994094,0.900988139,0,0.099011861
5.9,-1.58,26.994094,0.900988139,0,0.099011861
7.08,-1.58,26.994094,0.900988139,0,0.099011861
8.26,-1.58,26.994094,0.900988139,0,0.099011861
9.44,-1.58,26.994094,0.900988139,0,0.099011861
10.62,-1.58,26.994094,0.900988139,0,0.099011861
0,-0.400000000000002,26.994094,0.97019615,0,0.02980385
1.18,-0.400000000000002,26.994094,0.97019615,0,0.02980385
2.36,-0.400000000000002,26.994094,0.97019615,0,0.02980385
3.54,-0.400000000000002,26.994094,0.97019615,0,0.02980385
4.72,-0.400000000000002,26.994094,0.97019615,0,0.02980385
5.9,-0.400000000000002,26.994094,0.97019615,0,0.02980385
7.08,-0.400000000000002,26.994094,0.97019615,0,0.02980385
8.26,-0.400000000000002,26.994094,0.97019615,0,0.02980385
9.44,-0.400000000000002,26.994094,0.97019615,0,0.02980385
10.62,-0.400000000000002,26.994094,0.97019615,0,0.02980385
0,0.779999999999998,26.994094,0.941942145,0,0.058057855
1.18,0.779999999999998,26.994094,0.941942145,0,0.058057855
2.36,0.779999999999998,26.994094,0.941942145,0,0.058057855
3.54,0.779999999999998,26.994094,0.941942145,0,0.058057855
4.72,0.779999999999998,26.994094,0.941942145,0,0.058057855
5.9,0.779999999999998,26.994094,0.941942145,0,0.058057855
7.08,0.779999999999998,26.994094,0.941942145,0,0.058057855
8.26,0.779999999999998,26.994094,0.941942145,0,0.058057855
9.44,0.779999999999998,26.994094,0.941942145,0,0.058057855
10.62,0.779999999999998,26.994094,0.941942145,0,0.058057855
0,1.96,26.994094,0.900988139,0,0.099011861
1.18,1.96,26.994094,0.900988139,0,0.099011861
2.36,1.96,26.994094,0.900988139,0,0.099011861
3.54,1.96,26.994094,0.900988139,0,0.099011861
4.72,1.96,26.994094,0.900988139,0,0.099011861
5.9,1.96,26.994094,0.900988139,0,0.099011861
7.08,1.96,26.994094,0.900988139,0,0.099011861
8.26,1.96,26.994094,0.900988139,0,0.099011861
9.44,1.96,26.994094,0.900988139,0,0.099011861
10.62,1.96,26.994094,0.900988139,0,0.099011861
0,3.14,26.994094,0.860034132,0,0.139965868
1.18,3.14,26.994094,0.860034132,0,0.139965868
2.36,3.14,26.994094,0.860034132,0,0.139965868
3.54,3.14,26.994094,0.860034132,0,0.139965868
4.72,3.14,26.994094,0.860034132,0,0.139965868
5.9,3.14,26.994094,0.860034132,0,0.139965868
7.08,3.14,26.994094,0.860034132,0,0.139965868
8.26,3.14,26.994094,0.860034132,0,0.139965868
9.44,3.14,26.994094,0.860034132,0,0.139965868
10.62,3.14,26.994094,0.860034132,0,0.139965868
0,4.32,26.994094,0.819080126,0,0.180919874
1.18,4.32,26.994094,0.819080126,0,0.180919874
2.36,4.32,26.994094,0.819080126,0,0.180919874
3.54,4.32,26.994094,0.819080126,0,0.180919874
4.72,4.32,26.994094,0.819080126,0,0.180919874
5.9,4.32,26.994094,0.819080126,0,0.180919874
7.08,4.32,26.994094,0.819080126,0,0.180919874
8.26,4.32,26.994094,0.819080126,0,0.180919874
9.44,4.32,26.994094,0.819080126,0,0.180919874
10.62,4.32,26.994094,0.819080126,0,0.180919874
0,5.5,26.994094,0.77812612,0,0.22187388
1.18,5.5,26.994094,0.77812612,0,0.22187388
2.36,5.5,26.994094,0.77812612,0,0.22187388
3.54,5.5,26.994094,0.77812612,0,0.22187388
4.72,5.5,26.994094,0.77812612,0,0.22187388
5.9,5.5,26.994094,0.77812612,0,0.22187388
7.08,5.5,26.994094,0.77812612,0,0.22187388
8.26,5.5,26.994094,0.77812612,0,0.22187388
9.44,5.5,26.994094,0.77812612,0,0.22187388
10.62,5.5,26.994094,0.77812612,0,0.22187388
0,6.68,26.994094,0.696218107,0,0.303781893
1.18,6.68,26.994094,0.696218107,0,0.303781893
2.36,6.68,26.994094,0.696218107,0,0.303781893
3.54,6.68,26.994094,0.696218107,0,0.303781893
4.72,6.68,26.994094,0.696218107,0,0.303781893
5.9,6.68,26.994094,0.696218107,0,0.303781893
7.08,6.68,26.994094,0.696218107,0,0.303781893
8.26,6.68,26.994094,0.696218107,0,0.303781893
9.44,6.68,26.994094,0.696218107,0,0.303781893
10.62,6.68,26.994094,0.696218107,0,0.303781893
0,7.86,26.994094,0.655264101,0,0.344735899
1.18,7.86,26.994094,0.655264101,0,0.344735899
2.36,7.86,26.994094,0.655264101,0,0.344735899
3.54,7.86,26.994094,0.655264101,0,0.344735899
4.72,7.86,26.994094,0.655264101,0,0.344735899
5.9,7.86,26.994094,0.655264101,0,0.344735899
7.08,7.86,26.994094,0.655264101,0,0.344735899
8.26,7.86,26.994094,0.655264101,0,0.344735899
9.44,7.86,26.994094,0.655264101,0,0.344735899
10.62,7.86,26.994094,0.655264101,0,0.344735899
0,9.04,26.994094,0.614310094,0,0.385689906
1.18,9.04,26.994094,0.614310094,0,0.385689906
2.36,9.04,26.994094,0.614310094,0,0.385689906
3.54,9.04,26.994094,0.614310094,0,0.385689906
4.72,9.04,26.994094,0.614310094,0,0.385689906
5.9,9.04,26.994094,0.614310094,0,0.385689906
7.08,9.04,26.994094,0.614310094,0,0.385689906
8.26,9.04,26.994094,0.614310094,0,0.385689906
9.44,9.04,26.994094,0.614310094,0,0.385689906
10.62,9.04,26.994094,0.614310094,0,0.385689906
0,10.22,26.994094,0.573356088,0,0.426643912
1.18,10.22,26.994094,0.573356088,0,0.426643912
2.36,10.22,26.994094,0.573356088,0,0.426643912
3.54,10.22,26.994094,0.573356088,0,0.426643912
4.72,10.22,26.994094,0.573356088,0,0.426643912
5.9,10.22,26.994094,0.573356088,0,0.426643912
7.08,10.22,26.994094,0.573356088,0,0.426643912
8.26,10.22,26.994094,0.573356088,0,0.426643912
9.44,10.22,26.994094,0.573356088,0,0.426643912
10.62,10.22,26.994094,0.573356088,0,0.426643912
0,11.4,26.994094,0.532402082,0,0.467597918
1.18,11.4,26.994094,0.532402082,0,0.467597918
2.36,11.4,26.994094,0.532402082,0,0.467597918
3.54,11.4,26.994094,0.532402082,0,0.467597918
4.72,11.4,26.994094,0.532402082,0,0.467597918
5.9,11.4,26.994094,0.532402082,0,0.467597918
7.08,11.4,26.994094,0.532402082,0,0.467597918
8.26,11.4,26.994094,0.532402082,0,0.467597918
9.44,11.4,26.994094,0.532402082,0,0.467597918
10.62,11.4,26.994094,0.532402082,0,0.467597918
0,12.58,26.994094,0.450494069,0,0.549505931
1.18,12.58,26.994094,0.450494069,0,0.549505931
2.36,12.58,26.994094,0.450494069,0,0.549505931
3.54,12.58,26.994094,0.450494069,0,0.549505931
4.72,12.58,26.994094,0.450494069,0,0.549505931
5.9,12.58,26.994094,0.450494069,0,0.549505931
7.08,12.58,26.994094,0.450494069,0,0.549505931
8.26,12.58,26.994094,0.450494069,0,0.549505931
9.44,12.58,26.994094,0.450494069,0,0.549505931
10.62,12.58,26.994094,0.450494069,0,0.549505931
0,13.76,26.994094,0.409540063,0,0.590459937
1.18,13.76,26.994094,0.409540063,0,0.590459937
2.36,13.76,26.994094,0.409540063,0,0.590459937
3.54,13.76,26.994094,0.409540063,0,0.590459937
4.72,13.76,26.994094,0.409540063,0,0.590459937
5.9,13.76,26.994094,0.409540063,0,0.590459937
7.08,13.76,26.994094,0.409540063,0,0.590459937
8.26,13.76,26.994094,0.409540063,0,0.590459937
9.44,13.76,26.994094,0.409540063,0,0.590459937
10.62,13.76,26.994094,0.409540063,0,0.590459937
0,14.94,26.994094,0.368586057,0,0.631413943
1.18,14.94,26.994094,0.368586057,0,0.631413943
2.36,14.94,26.994094,0.368586057,0,0.631413943
3.54,14.94,26.994094,0.368586057,0,0.631413943
4.72,14.94,26.994094,0.368586057,0,0.631413943
5.9,14.94,26.994094,0.368586057,0,0.631413943
7.08,14.94,26.994094,0.368586057,0,0.631413943
8.26,14.94,26.994094,0.368586057,0,0.631413943
9.44,14.94,26.994094,0.368586057,0,0.631413943
10.62,14.94,26.994094,0.368586057,0,0.631413943
0,16.12,26.994094,0.32763205,0,0.67236795
1.18,16.12,26.994094,0.32763205,0,0.67236795
2.36,16.12,26.994094,0.32763205,0,0.67236795
3.54,16.12,26.994094,0.32763205,0,0.67236795
4.72,16.12,26.994094,0.32763205,0,0.67236795
5.9,16.12,26.994094,0.32763205,0,0.67236795
7.08,16.12,26.994094,0.32763205,0,0.67236795
8.26,16.12,26.994094,0.32763205,0,0.67236795
9.44,16.12,26.994094,0.32763205,0,0.67236795
10.62,16.12,26.994094,0.32763205,0,0.67236795
0,17.3,26.994094,0.286678044,0,0.713321956
1.18,17.3,26.994094,0.286678044,0,0.713321956
2.36,17.3,26.994094,0.286678044,0,0.713321956
3.54,17.3,26.994094,0.286678044,0,0.713321956
4.72,17.3,26.994094,0.286678044,0,0.713321956
5.9,17.3,26.994094,0.286678044,0,0.713321956
7.08,17.3,26.994094,0.286678044,0,0.713321956
8.26,17.3,26.994094,0.286678044,0,0.713321956
9.44,17.3,26.994094,0.286678044,0,0.713321956
10.62,17.3,26.994094,0.286678044,0,0.713321956
0,18.48,26.994094,0.245724038,0,0.754275962
1.18,18.48,26.994094,0.245724038,0,0.754275962
2.36,18.48,26.994094,0.245724038,0,0.754275962
3.54,18.48,26.994094,0.245724038,0,0.754275962
4.72,18.48,26.994094,0.245724038,0,0.754275962
5.9,18.48,26.994094,0.245724038,0,0.754275962
7.08,18.48,26.994094,0.245724038,0,0.754275962
8.26,18.48,26.994094,0.245724038,0,0.754275962
9.44,18.48,26.994094,0.245724038,0,0.754275962
10.62,18.48,26.994094,0.245724038,0,0.754275962
0,19.66,26.994094,0.163816025,0,0.836183975
1.18,19.66,26.994094,0.163816025,0,0.836183975
2.36,19.66,26.994094,0.163816025,0,0.836183975
3.54,19.66,26.994094,0.163816025,0,0.836183975
4.72,19.66,26.994094,0.163816025,0,0.836183975
5.9,19.66,26.994094,0.163816025,0,0.836183975
7.08,19.66,26.994094,0.163816025,0,0.836183975
8.26,19.66,26.994094,0.163816025,0,0.836183975
9.44,19.66,26.994094,0.163816025,0,0.836183975
10.62,19.66,26.994094,0.163816025,0,0.836183975
0,20.84,26.994094,0.122862019,0,0.877137981
1.18,20.84,26.994094,0.122862019,0,0.877137981
2.36,20.84,26.994094,0.122862019,0,0.877137981
3.54,20.84,26.994094,0.122862019,0,0.877137981
4.72,20.84,26.994094,0.122862019,0,0.877137981
5.9,20.84,26.994094,0.122862019,0,0.877137981
7.08,20.84,26.994094,0.122862019,0,0.877137981
8.26,20.84,26.994094,0.122862019,0,0.877137981
9.44,20.84,26.994094,0.122862019,0,0.877137981
10.62,20.84,26.994094,0.122862019,0,0.877137981
0,22.02,26.994094,0.081908013,0,0.918091987
1.18,22.02,26.994094,0.081908013,0,0.918091987
2.36,22.02,26.994094,0.081908013,0,0.918091987
3.54,22.02,26.994094,0.081908013,0,0.918091987
4.72,22.02,26.994094,0.081908013,0,0.918091987
5.9,22.02,26.994094,0.081908013,0,0.918091987
7.08,22.02,26.994094,0.081908013,0,0.918091987
8.26,22.02,26.994094,0.081908013,0,0.918091987
9.44,22.02,26.994094,0.081908013,0,0.918091987
10.62,22.02,26.994094,0.081908013,0,0.918091987
0,23.2,26.994094,0.040954006,0,0.959045994
1.18,23.2,26.994094,0.040954006,0,0.959045994
2.36,23.2,26.994094,0.040954006,0,0.959045994
3.54,23.2,26.994094,0.040954006,0,0.959045994
4.72,23.2,26.994094,0.040954006,0,0.959045994
5.9,23.2,26.994094,0.040954006,0,0.959045994
7.08,23.2,26.994094,0.040954006,0,0.959045994
8.26,23.2,26.994094,0.040954006,0,0.959045994
9.44,23.2,26.994094,0.040954006,0,0.959045994
10.62,23.2,26.994094,0.040954006,0,0.959045994
0,24.38,26.994094,0,0,1
1.18,24.38,26.994094,0,0,1
2.36,24.38,26.994094,0,0,1
3.54,24.38,26.994094,0,0,1
4.72,24.38,26.994094,0,0,1
5.9,24.38,26.994094,0,0,1
7.08,24.38,26.994094,0,0,1
8.26,24.38,26.994094,0,0,1
9.44,24.38,26.994094,0,0,1
10.62,24.38,26.994094,0,0,1
0,-24,27.614094,0,0,1
1.18,-24,27.614094,0,0,1
2.36,-24,27.614094,0,0,1
3.54,-24,27.614094,0,0,1
4.72,-24,27.614094,0,0,1
5.9,-24,27.614094,0,0,1
7.08,-24,27.614094,0,0,1
8.26,-24,27.614094,0,0,1
9.44,-24,27.614094,0,0,1
10.62,-24,27.614094,0,0,1
0,-22.82,27.614094,0.040668609,0,0.959331391
1.18,-22.82,27.614094,0.040668609,0,0.959331391
2.36,-22.82,27.614094,0.040668609,0,0.959331391
3.54,-22.82,27.614094,0.040668609,0,0.959331391
4.72,-22.82,27.614094,0.040668609,0,0.959331391
5.9,-22.82,27.614094,0.040668609,0,0.959331391
7.08,-22.82,27.614094,0.040668609,0,0.959331391
8.26,-22.82,27.614094,0.040668609,0,0.959331391
9.44,-22.82,27.614094,0.040668609,0,0.959331391
10.62,-22.82,27.614094,0.040668609,0,0.959331391
0,-21.64,27.614094,0.081337218,0,0.918662782
1.18,-21.64,27.614094,0.081337218,0,0.918662782
2.36,-21.64,27.614094,0.081337218,0,0.918662782
3.54,-21.64,27.614094,0.081337218,0,0.918662782
4.72,-21.64,27.614094,0.081337218,0,0.918662782
5.9,-21.64,27.614094,0.081337218,0,0.918662782
7.08,-21.64,27.614094,0.081337218,0,0.918662782
8.26,-21.64,27.614094,0.081337218,0,0.918662782
9.44,-21.64,27.614094,0.081337218,0,0.918662782
10.62,-21.64,27.614094,0.081337218,0,0.918662782
0,-20.46,27.614094,0.162674436,0,0.837325564
1.18,-20.46,27.614094,0.162674436,0,0.837325564
2.36,-20.46,27.614094,0.162674436,0,0.837325564
3.54,-20.46,27.614094,0.162674436,0,0.837325564
4.72,-20.46,27.614094,0.162674436,0,0.837325564
5.9,-20.46,27.614094,0.162674436,0,0.837325564
7.08,-20.46,27.614094,0.162674436,0,0.837325564
8.26,-20.46,27.614094,0.162674436,0,0.837325564
9.44,-20.46,27.614094,0.162674436,0,0.837325564
10.62,-20.46,27.614094,0.162674436,0,0.837325564
0,-19.28,27.614094,0.203343045,0,0.796656955
1.18,-19.28,27.614094,0.203343045,0,0.796656955
2.36,-19.28,27.614094,0.203343045,0,0.796656955
3.54,-19.28,27.614094,0.203343045,0,0.796656955
4.72,-19.28,27.614094,0.203343045,0,0.796656955
5.9,-19.28,27.614094,0.203343045,0,0.796656955
7.08,-19.28,27.614094,0.203343045,0,0.796656955
8.26,-19.28,27.614094,0.203343045,0,0.796656955
9.44,-19.28,27.614094,0.203343045,0,0.796656955
10.62,-19.28,27.614094,0.203343045,0,0.796656955
0,-18.1,27.614094,0.244011654,0,0.755988346
1.18,-18.1,27.614094,0.244011654,0,0.755988346
2.36,-18.1,27.614094,0.244011654,0,0.755988346
3.54,-18.1,27.614094,0.244011654,0,0.755988346
4.72,-18.1,27.614094,0.244011654,0,0.755988346
5.9,-18.1,27.614094,0.244011654,0,0.755988346
7.08,-18.1,27.614094,0.244011654,0,0.755988346
8.26,-18.1,27.614094,0.244011654,0,0.755988346
9.44,-18.1,27.614094,0.244011654,0,0.755988346
10.62,-18.1,27.614094,0.244011654,0,0.755988346
0,-16.92,27.614094,0.284680263,0,0.715319737
1.18,-16.92,27.614094,0.284680263,0,0.715319737
2.36,-16.92,27.614094,0.284680263,0,0.715319737
3.54,-16.92,27.614094,0.284680263,0,0.715319737
4.72,-16.92,27.614094,0.284680263,0,0.715319737
5.9,-16.92,27.614094,0.284680263,0,0.715319737
7.08,-16.92,27.614094,0.284680263,0,0.715319737
8.26,-16.92,27.614094,0.284680263,0,0.715319737
9.44,-16.92,27.614094,0.284680263,0,0.715319737
10.62,-16.92,27.614094,0.284680263,0,0.715319737
0,-15.74,27.614094,0.325348872,0,0.674651128
1.18,-15.74,27.614094,0.325348872,0,0.674651128
2.36,-15.74,27.614094,0.325348872,0,0.674651128
3.54,-15.74,27.614094,0.325348872,0,0.674651128
4.72,-15.74,27.614094,0.325348872,0,0.674651128
5.9,-15.74,27.614094,0.325348872,0,0.674651128
7.08,-15.74,27.614094,0.325348872,0,0.674651128
8.26,-15.74,27.614094,0.325348872,0,0.674651128
9.44,-15.74,27.614094,0.325348872,0,0.674651128
10.62,-15.74,27.614094,0.325348872,0,0.674651128
0,-14.56,27.614094,0.366017481,0,0.633982519
1.18,-14.56,27.614094,0.366017481,0,0.633982519
2.36,-14.56,27.614094,0.366017481,0,0.633982519
3.54,-14.56,27.614094,0.366017481,0,0.633982519
4.72,-14.56,27.614094,0.366017481,0,0.633982519
5.9,-14.56,27.614094,0.366017481,0,0.633982519
7.08,-14.56,27.614094,0.366017481,0,0.633982519
8.26,-14.56,27.614094,0.366017481,0,0.633982519
9.44,-14.56,27.614094,0.366017481,0,0.633982519
10.62,-14.56,27.614094,0.366017481,0,0.633982519
0,-13.38,27.614094,0.4473547,0,0.5526453
1.18,-13.38,27.614094,0.4473547,0,0.5526453
2.36,-13.38,27.614094,0.4473547,0,0.5526453
3.54,-13.38,27.614094,0.4473547,0,0.5526453
4.72,-13.38,27.614094,0.4473547,0,0.5526453
5.9,-13.38,27.614094,0.4473547,0,0.5526453
7.08,-13.38,27.614094,0.4473547,0,0.5526453
8.26,-13.38,27.614094,0.4473547,0,0.5526453
9.44,-13.38,27.614094,0.4473547,0,0.5526453
10.62,-13.38,27.614094,0.4473547,0,0.5526453
0,-12.2,27.614094,0.488023309,0,0.511976691
1.18,-12.2,27.614094,0.488023309,0,0.511976691
2.36,-12.2,27.614094,0.488023309,0,0.511976691
3.54,-12.2,27.614094,0.488023309,0,0.511976691
4.72,-12.2,27.614094,0.488023309,0,0.511976691
5.9,-12.2,27.614094,0.488023309,0,0.511976691
7.08,-12.2,27.614094,0.488023309,0,0.511976691
8.26,-12.2,27.614094,0.488023309,0,0.511976691
9.44,-12.2,27.614094,0.488023309,0,0.511976691
10.62,-12.2,27.614094,0.488023309,0,0.511976691
0,-11.02,27.614094,0.528691918,0,0.471308082
1.18,-11.02,27.614094,0.528691918,0,0.471308082
2.36,-11.02,27.614094,0.528691918,0,0.471308082
3.54,-11.02,27.614094,0.528691918,0,0.471308082
4.72,-11.02,27.614094,0.528691918,0,0.471308082
5.9,-11.02,27.614094,0.528691918,0,0.471308082
7.08,-11.02,27.614094,0.528691918,0,0.471308082
8.26,-11.02,27.614094,0.528691918,0,0.471308082
9.44,-11.02,27.614094,0.528691918,0,0.471308082
10.62,-11.02,27.614094,0.528691918,0,0.471308082
0,-9.84,27.614094,0.569360527,0,0.430639473
1.18,-9.84,27.614094,0.569360527,0,0.430639473
2.36,-9.84,27.614094,0.569360527,0,0.430639473
3.54,-9.84,27.614094,0.569360527,0,0.430639473
4.72,-9.84,27.614094,0.569360527,0,0.430639473
5.9,-9.84,27.614094,0.569360527,0,0.430639473
7.08,-9.84,27.614094,0.569360527,0,0.430639473
8.26,-9.84,27.614094,0.569360527,0,0.430639473
9.44,-9.84,27.614094,0.569360527,0,0.430639473
10.62,-9.84,27.614094,0.569360527,0,0.430639473
0,-8.66,27.614094,0.610029136,0,0.389970864
1.18,-8.66,27.614094,0.610029136,0,0.389970864
2.36,-8.66,27.614094,0.610029136,0,0.389970864
3.54,-8.66,27.614094,0.610029136,0,0.389970864
4.72,-8.66,27.614094,0.610029136,0,0.389970864
5.9,-8.66,27.614094,0.610029136,0,0.389970864
7.08,-8.66,27.614094,0.610029136,0,0.389970864
8.26,-8.66,27.614094,0.610029136,0,0.389970864
9.44,-8.66,27.614094,0.610029136,0,0.389970864
10.62,-8.66,27.614094,0.610029136,0,0.389970864
0,-7.48,27.614094,0.691366354,0,0.308633646
1.18,-7.48,27.614094,0.691366354,0,0.308633646
2.36,-7.48,27.614094,0.691366354,0,0.308633646
3.54,-7.48,27.614094,0.691366354,0,0.308633646
4.72,-7.48,27.614094,0.691366354,0,0.308633646
5.9,-7.48,27.614094,0.691366354,0,0.308633646
7.08,-7.48,27.614094,0.691366354,0,0.308633646
8.26,-7.48,27.614094,0.691366354,0,0.308633646
9.44,-7.48,27.614094,0.691366354,0,0.308633646
10.62,-7.48,27.614094,0.691366354,0,0.308633646
0,-6.3,27.614094,0.732034963,0,0.267965037
1.18,-6.3,27.614094,0.732034963,0,0.267965037
2.36,-6.3,27.614094,0.732034963,0,0.267965037
3.54,-6.3,27.614094,0.732034963,0,0.267965037
4.72,-6.3,27.614094,0.732034963,0,0.267965037
5.9,-6.3,27.614094,0.732034963,0,0.267965037
7.08,-6.3,27.614094,0.732034963,0,0.267965037
8.26,-6.3,27.614094,0.732034963,0,0.267965037
9.44,-6.3,27.614094,0.732034963,0,0.267965037
10.62,-6.3,27.614094,0.732034963,0,0.267965037
0,-5.12,27.614094,0.772703572,0,0.227296428
1.18,-5.12,27.614094,0.772703572,0,0.227296428
2.36,-5.12,27.614094,0.772703572,0,0.227296428
3.54,-5.12,27.614094,0.772703572,0,0.227296428
4.72,-5.12,27.614094,0.772703572,0,0.227296428
5.9,-5.12,27.614094,0.772703572,0,0.227296428
7.08,-5.12,27.614094,0.772703572,0,0.227296428
8.26,-5.12,27.614094,0.772703572,0,0.227296428
9.44,-5.12,27.614094,0.772703572,0,0.227296428
10.62,-5.12,27.614094,0.772703572,0,0.227296428
0,-3.94,27.614094,0.813372181,0,0.186627819
1.18,-3.94,27.614094,0.813372181,0,0.186627819
2.36,-3.94,27.614094,0.813372181,0,0.186627819
3.54,-3.94,27.614094,0.813372181,0,0.186627819
4.72,-3.94,27.614094,0.813372181,0,0.186627819
5.9,-3.94,27.614094,0.813372181,0,0.186627819
7.08,-3.94,27.614094,0.813372181,0,0.186627819
8.26,-3.94,27.614094,0.813372181,0,0.186627819
9.44,-3.94,27.614094,0.813372181,0,0.186627819
10.62,-3.94,27.614094,0.813372181,0,0.186627819
0,-2.76,27.614094,0.85404079,0,0.14595921
1.18,-2.76,27.614094,0.85404079,0,0.14595921
2.36,-2.76,27.614094,0.85404079,0,0.14595921
3.54,-2.76,27.614094,0.85404079,0,0.14595921
4.72,-2.76,27.614094,0.85404079,0,0.14595921
5.9,-2.76,27.614094,0.85404079,0,0.14595921
7.08,-2.76,27.614094,0.85404079,0,0.14595921
8.26,-2.76,27.614094,0.85404079,0,0.14595921
9.44,-2.76,27.614094,0.85404079,0,0.14595921
10.62,-2.76,27.614094,0.85404079,0,0.14595921
0,-1.58,27.614094,0.894709399,0,0.105290601
1.18,-1.58,27.614094,0.894709399,0,0.105290601
2.36,-1.58,27.614094,0.894709399,0,0.105290601
3.54,-1.58,27.614094,0.894709399,0,0.105290601
4.72,-1.58,27.614094,0.894709399,0,0.105290601
5.9,-1.58,27.614094,0.894709399,0,0.105290601
7.08,-1.58,27.614094,0.894709399,0,0.105290601
8.26,-1.58,27.614094,0.894709399,0,0.105290601
9.44,-1.58,27.614094,0.894709399,0,0.105290601
10.62,-1.58,27.614094,0.894709399,0,0.105290601
0,-0.400000000000002,27.614094,0.963435119,0,0.036564881
1.18,-0.400000000000002,27.614094,0.963435119,0,0.036564881
2.36,-0.400000000000002,27.614094,0.963435119,0,0.036564881
3.54,-0.400000000000002,27.614094,0.963435119,0,0.036564881
4.72,-0.400000000000002,27.614094,0.963435119,0,0.036564881
5.9,-0.400000000000002,27.614094,0.963435119,0,0.036564881
7.08,-0.400000000000002,27.614094,0.963435119,0,0.036564881
8.26,-0.400000000000002,27.614094,0.963435119,0,0.036564881
9.44,-0.400000000000002,27.614094,0.963435119,0,0.036564881
10.62,-0.400000000000002,27.614094,0.963435119,0,0.036564881
0,0.779999999999998,27.614094,0.935378008,0,0.064621992
1.18,0.779999999999998,27.614094,0.935378008,0,0.064621992
2.36,0.779999999999998,27.614094,0.935378008,0,0.064621992
3.54,0.779999999999998,27.614094,0.935378008,0,0.064621992
4.72,0.779999999999998,27.614094,0.935378008,0,0.064621992
5.9,0.779999999999998,27.614094,0.935378008,0,0.064621992
7.08,0.779999999999998,27.614094,0.935378008,0,0.064621992
8.26,0.779999999999998,27.614094,0.935378008,0,0.064621992
9.44,0.779999999999998,27.614094,0.935378008,0,0.064621992
10.62,0.779999999999998,27.614094,0.935378008,0,0.064621992
0,1.96,27.614094,0.894709399,0,0.105290601
1.18,1.96,27.614094,0.894709399,0,0.105290601
2.36,1.96,27.614094,0.894709399,0,0.105290601
3.54,1.96,27.614094,0.894709399,0,0.105290601
4.72,1.96,27.614094,0.894709399,0,0.105290601
5.9,1.96,27.614094,0.894709399,0,0.105290601
7.08,1.96,27.614094,0.894709399,0,0.105290601
8.26,1.96,27.614094,0.894709399,0,0.105290601
9.44,1.96,27.614094,0.894709399,0,0.105290601
10.62,1.96,27.614094,0.894709399,0,0.105290601
0,3.14,27.614094,0.85404079,0,0.14595921
1.18,3.14,27.614094,0.85404079,0,0.14595921
2.36,3.14,27.614094,0.85404079,0,0.14595921
3.54,3.14,27.614094,0.85404079,0,0.14595921
4.72,3.14,27.614094,0.85404079,0,0.14595921
5.9,3.14,27.614094,0.85404079,0,0.14595921
7.08,3.14,27.614094,0.85404079,0,0.14595921
8.26,3.14,27.614094,0.85404079,0,0.14595921
9.44,3.14,27.614094,0.85404079,0,0.14595921
10.62,3.14,27.614094,0.85404079,0,0.14595921
0,4.32,27.614094,0.813372181,0,0.186627819
1.18,4.32,27.614094,0.813372181,0,0.186627819
2.36,4.32,27.614094,0.813372181,0,0.186627819
3.54,4.32,27.614094,0.813372181,0,0.186627819
4.72,4.32,27.614094,0.813372181,0,0.186627819
5.9,4.32,27.614094,0.813372181,0,0.186627819
7.08,4.32,27.614094,0.813372181,0,0.186627819
8.26,4.32,27.614094,0.813372181,0,0.186627819
9.44,4.32,27.614094,0.813372181,0,0.186627819
10.62,4.32,27.614094,0.813372181,0,0.186627819
0,5.5,27.614094,0.772703572,0,0.227296428
1.18,5.5,27.614094,0.772703572,0,0.227296428
2.36,5.5,27.614094,0.772703572,0,0.227296428
3.54,5.5,27.614094,0.772703572,0,0.227296428
4.72,5.5,27.614094,0.772703572,0,0.227296428
5.9,5.5,27.614094,0.772703572,0,0.227296428
7.08,5.5,27.614094,0.772703572,0,0.227296428
8.26,5.5,27.614094,0.772703572,0,0.227296428
9.44,5.5,27.614094,0.772703572,0,0.227296428
10.62,5.5,27.614094,0.772703572,0,0.227296428
0,6.68,27.614094,0.691366354,0,0.308633646
1.18,6.68,27.614094,0.691366354,0,0.308633646
2.36,6.68,27.614094,0.691366354,0,0.308633646
3.54,6.68,27.614094,0.691366354,0,0.308633646
4.72,6.68,27.614094,0.691366354,0,0.308633646
5.9,6.68,27.614094,0.691366354,0,0.308633646
7.08,6.68,27.614094,0.691366354,0,0.308633646
8.26,6.68,27.614094,0.691366354,0,0.308633646
9.44,6.68,27.614094,0.691366354,0,0.308633646
10.62,6.68,27.614094,0.691366354,0,0.308633646
0,7.86,27.614094,0.650697745,0,0.349302255
1.18,7.86,27.614094,0.650697745,0,0.349302255
2.36,7.86,27.614094,0.650697745,0,0.349302255
3.54,7.86,27.614094,0.650697745,0,0.349302255
4.72,7.86,27.614094,0.650697745,0,0.349302255
5.9,7.86,27.614094,0.650697745,0,0.349302255
7.08,7.86,27.614094,0.650697745,0,0.349302255
8.26,7.86,27.614094,0.650697745,0,0.349302255
9.44,7.86,27.614094,0.650697745,0,0.349302255
10.62,7.86,27.614094,0.650697745,0,0.349302255
0,9.04,27.614094,0.610029136,0,0.389970864
1.18,9.04,27.614094,0.610029136,0,0.389970864
2.36,9.04,27.614094,0.610029136,0,0.389970864
3.54,9.04,27.614094,0.610029136,0,0.389970864
4.72,9.04,27.614094,0.610029136,0,0.389970864
5.9,9.04,27.614094,0.610029136,0,0.389970864
7.08,9.04,27.614094,0.610029136,0,0.389970864
8.26,9.04,27.614094,0.610029136,0,0.389970864
9.44,9.04,27.614094,0.610029136,0,0.389970864
10.62,9.04,27.614094,0.610029136,0,0.389970864
0,10.22,27.614094,0.569360527,0,0.430639473
1.18,10.22,27.614094,0.569360527,0,0.430639473
2.36,10.22,27.614094,0.569360527,0,0.430639473
3.54,10.22,27.614094,0.569360527,0,0.430639473
4.72,10.22,27.614094,0.569360527,0,0.430639473
5.9,10.22,27.614094,0.569360527,0,0.430639473
7.08,10.22,27.614094,0.569360527,0,0.430639473
8.26,10.22,27.614094,0.569360527,0,0.430639473
9.44,10.22,27.614094,0.569360527,0,0.430639473
10.62,10.22,27.614094,0.569360527,0,0.430639473
0,11.4,27.614094,0.528691918,0,0.471308082
1.18,11.4,27.614094,0.528691918,0,0.471308082
2.36,11.4,27.614094,0.528691918,0,0.471308082
3.54,11.4,27.614094,0.528691918,0,0.471308082
4.72,11.4,27.614094,0.528691918,0,0.471308082
5.9,11.4,27.614094,0.528691918,0,0.471308082
7.08,11.4,27.614094,0.528691918,0,0.471308082
8.26,11.4,27.614094,0.528691918,0,0.471308082
9.44,11.4,27.614094,0.528691918,0,0.471308082
10.62,11.4,27.614094,0.528691918,0,0.471308082
0,12.58,27.614094,0.4473547,0,0.5526453
1.18,12.58,27.614094,0.4473547,0,0.5526453
2.36,12.58,27.614094,0.4473547,0,0.5526453
3.54,12.58,27.614094,0.4473547,0,0.5526453
4.72,12.58,27.614094,0.4473547,0,0.5526453
5.9,12.58,27.614094,0.4473547,0,0.5526453
7.08,12.58,27.614094,0.4473547,0,0.5526453
8.26,12.58,27.614094,0.4473547,0,0.5526453
9.44,12.58,27.614094,0.4473547,0,0.5526453
10.62,12.58,27.614094,0.4473547,0,0.5526453
0,13.76,27.614094,0.40668609,0,0.59331391
1.18,13.76,27.614094,0.40668609,0,0.59331391
2.36,13.76,27.614094,0.40668609,0,0.59331391
3.54,13.76,27.614094,0.40668609,0,0.59331391
4.72,13.76,27.614094,0.40668609,0,0.59331391
5.9,13.76,27.614094,0.40668609,0,0.59331391
7.08,13.76,27.614094,0.40668609,0,0.59331391
8.26,13.76,27.614094,0.40668609,0,0.59331391
9.44,13.76,27.614094,0.40668609,0,0.59331391
10.62,13.76,27.614094,0.40668609,0,0.59331391
0,14.94,27.614094,0.366017481,0,0.633982519
1.18,14.94,27.614094,0.366017481,0,0.633982519
2.36,14.94,27.614094,0.366017481,0,0.633982519
3.54,14.94,27.614094,0.366017481,0,0.633982519
4.72,14.94,27.614094,0.366017481,0,0.633982519
5.9,14.94,27.614094,0.366017481,0,0.633982519
7.08,14.94,27.614094,0.366017481,0,0.633982519
8.26,14.94,27.614094,0.366017481,0,0.633982519
9.44,14.94,27.614094,0.366017481,0,0.633982519
10.62,14.94,27.614094,0.366017481,0,0.633982519
0,16.12,27.614094,0.325348872,0,0.674651128
1.18,16.12,27.614094,0.325348872,0,0.674651128
2.36,16.12,27.614094,0.325348872,0,0.674651128
3.54,16.12,27.614094,0.325348872,0,0.674651128
4.72,16.12,27.614094,0.325348872,0,0.674651128
5.9,16.12,27.614094,0.325348872,0,0.674651128
7.08,16.12,27.614094,0.325348872,0,0.674651128
8.26,16.12,27.614094,0.325348872,0,0.674651128
9.44,16.12,27.614094,0.325348872,0,0.674651128
10.62,16.12,27.614094,0.325348872,0,0.674651128
0,17.3,27.614094,0.284680263,0,0.715319737
1.18,17.3,27.614094,0.284680263,0,0.715319737
2.36,17.3,27.614094,0.284680263,0,0.715319737
3.54,17.3,27.614094,0.284680263,0,0.715319737
4.72,17.3,27.614094,0.284680263,0,0.715319737
5.9,17.3,27.614094,0.284680263,0,0.715319737
7.08,17.3,27.614094,0.284680263,0,0.715319737
8.26,17.3,27.614094,0.284680263,0,0.715319737
9.44,17.3,27.614094,0.284680263,0,0.715319737
10.62,17.3,27.614094,0.284680263,0,0.715319737
0,18.48,27.614094,0.244011654,0,0.755988346
1.18,18.48,27.614094,0.244011654,0,0.755988346
2.36,18.48,27.614094,0.244011654,0,0.755988346
3.54,18.48,27.614094,0.244011654,0,0.755988346
4.72,18.48,27.614094,0.244011654,0,0.755988346
5.9,18.48,27.614094,0.244011654,0,0.755988346
7.08,18.48,27.614094,0.244011654,0,0.755988346
8.26,18.48,27.614094,0.244011654,0,0.755988346
9.44,18.48,27.614094,0.244011654,0,0.755988346
10.62,18.48,27.614094,0.244011654,0,0.755988346
0,19.66,27.614094,0.162674436,0,0.837325564
1.18,19.66,27.614094,0.162674436,0,0.837325564
2.36,19.66,27.614094,0.162674436,0,0.837325564
3.54,19.66,27.614094,0.162674436,0,0.837325564
4.72,19.66,27.614094,0.162674436,0,0.837325564
5.9,19.66,27.614094,0.162674436,0,0.837325564
7.08,19.66,27.614094,0.162674436,0,0.837325564
8.26,19.66,27.614094,0.162674436,0,0.837325564
9.44,19.66,27.614094,0.162674436,0,0.837325564
10.62,19.66,27.614094,0.162674436,0,0.837325564
0,20.84,27.614094,0.122005827,0,0.877994173
1.18,20.84,27.614094,0.122005827,0,0.877994173
2.36,20.84,27.614094,0.122005827,0,0.877994173
3.54,20.84,27.614094,0.122005827,0,0.877994173
4.72,20.84,27.614094,0.122005827,0,0.877994173
5.9,20.84,27.614094,0.122005827,0,0.877994173
7.08,20.84,27.614094,0.122005827,0,0.877994173
8.26,20.84,27.614094,0.122005827,0,0.877994173
9.44,20.84,27.614094,0.122005827,0,0.877994173
10.62,20.84,27.614094,0.122005827,0,0.877994173
0,22.02,27.614094,0.081337218,0,0.918662782
1.18,22.02,27.614094,0.081337218,0,0.918662782
2.36,22.02,27.614094,0.081337218,0,0.918662782
3.54,22.02,27.614094,0.081337218,0,0.918662782
4.72,22.02,27.614094,0.081337218,0,0.918662782
5.9,22.02,27.614094,0.081337218,0,0.918662782
7.08,22.02,27.614094,0.081337218,0,0.918662782
8.26,22.02,27.614094,0.081337218,0,0.918662782
9.44,22.02,27.614094,0.081337218,0,0.918662782
10.62,22.02,27.614094,0.081337218,0,0.918662782
0,23.2,27.614094,0.040668609,0,0.959331391
1.18,23.2,27.614094,0.040668609,0,0.959331391
2.36,23.2,27.614094,0.040668609,0,0.959331391
3.54,23.2,27.614094,0.040668609,0,0.959331391
4.72,23.2,27.614094,0.040668609,0,0.959331391
5.9,23.2,27.614094,0.040668609,0,0.959331391
7.08,23.2,27.614094,0.040668609,0,0.959331391
8.26,23.2,27.614094,0.040668609,0,0.959331391
9.44,23.2,27.614094,0.040668609,0,0.959331391
10.62,23.2,27.614094,0.040668609,0,0.959331391
0,24.38,27.614094,0,0,1
1.18,24.38,27.614094,0,0,1
2.36,24.38,27.614094,0,0,1
3.54,24.38,27.614094,0,0,1
4.72,24.38,27.614094,0,0,1
5.9,24.38,27.614094,0,0,1
7.08,24.38,27.614094,0,0,1
8.26,24.38,27.614094,0,0,1
9.44,24.38,27.614094,0,0,1
10.62,24.38,27.614094,0,0,1
0,-24,28.234094,0,0,1
1.18,-24,28.234094,0,0,1
2.36,-24,28.234094,0,0,1
3.54,-24,28.234094,0,0,1
4.72,-24,28.234094,0,0,1
5.9,-24,28.234094,0,0,1
7.08,-24,28.234094,0,0,1
8.26,-24,28.234094,0,0,1
9.44,-24,28.234094,0,0,1
10.62,-24,28.234094,0,0,1
0,-22.82,28.234094,0.040525157,0,0.959474843
1.18,-22.82,28.234094,0.040525157,0,0.959474843
2.36,-22.82,28.234094,0.040525157,0,0.959474843
3.54,-22.82,28.234094,0.040525157,0,0.959474843
4.72,-22.82,28.234094,0.040525157,0,0.959474843
5.9,-22.82,28.234094,0.040525157,0,0.959474843
7.08,-22.82,28.234094,0.040525157,0,0.959474843
8.26,-22.82,28.234094,0.040525157,0,0.959474843
9.44,-22.82,28.234094,0.040525157,0,0.959474843
10.62,-22.82,28.234094,0.040525157,0,0.959474843
0,-21.64,28.234094,0.081050313,0,0.918949687
1.18,-21.64,28.234094,0.081050313,0,0.918949687
2.36,-21.64,28.234094,0.081050313,0,0.918949687
3.54,-21.64,28.234094,0.081050313,0,0.918949687
4.72,-21.64,28.234094,0.081050313,0,0.918949687
5.9,-21.64,28.234094,0.081050313,0,0.918949687
7.08,-21.64,28.234094,0.081050313,0,0.918949687
8.26,-21.64,28.234094,0.081050313,0,0.918949687
9.44,-21.64,28.234094,0.081050313,0,0.918949687
10.62,-21.64,28.234094,0.081050313,0,0.918949687
0,-20.46,28.234094,0.162100627,0,0.837899373
1.18,-20.46,28.234094,0.162100627,0,0.837899373
2.36,-20.46,28.234094,0.162100627,0,0.837899373
3.54,-20.46,28.234094,0.162100627,0,0.837899373
4.72,-20.46,28.234094,0.162100627,0,0.837899373
5.9,-20.46,28.234094,0.162100627,0,0.837899373
7.08,-20.46,28.234094,0.162100627,0,0.837899373
8.26,-20.46,28.234094,0.162100627,0,0.837899373
9.44,-20.46,28.234094,0.162100627,0,0.837899373
10.62,-20.46,28.234094,0.162100627,0,0.837899373
0,-19.28,28.234094,0.202625784,0,0.797374216
1.18,-19.28,28.234094,0.202625784,0,0.797374216
2.36,-19.28,28.234094,0.202625784,0,0.797374216
3.54,-19.28,28.234094,0.202625784,0,0.797374216
4.72,-19.28,28.234094,0.202625784,0,0.797374216
5.9,-19.28,28.234094,0.202625784,0,0.797374216
7.08,-19.28,28.234094,0.202625784,0,0.797374216
8.26,-19.28,28.234094,0.202625784,0,0.797374216
9.44,-19.28,28.234094,0.202625784,0,0.797374216
10.62,-19.28,28.234094,0.202625784,0,0.797374216
0,-18.1,28.234094,0.24315094,0,0.75684906
1.18,-18.1,28.234094,0.24315094,0,0.75684906
2.36,-18.1,28.234094,0.24315094,0,0.75684906
3.54,-18.1,28.234094,0.24315094,0,0.75684906
4.72,-18.1,28.234094,0.24315094,0,0.75684906
5.9,-18.1,28.234094,0.24315094,0,0.75684906
7.08,-18.1,28.234094,0.24315094,0,0.75684906
8.26,-18.1,28.234094,0.24315094,0,0.75684906
9.44,-18.1,28.234094,0.24315094,0,0.75684906
10.62,-18.1,28.234094,0.24315094,0,0.75684906
0,-16.92,28.234094,0.283676097,0,0.716323903
1.18,-16.92,28.234094,0.283676097,0,0.716323903
2.36,-16.92,28.234094,0.283676097,0,0.716323903
3.54,-16.92,28.234094,0.283676097,0,0.716323903
4.72,-16.92,28.234094,0.283676097,0,0.716323903
5.9,-16.92,28.234094,0.283676097,0,0.716323903
7.08,-16.92,28.234094,0.283676097,0,0.716323903
8.26,-16.92,28.234094,0.283676097,0,0.716323903
9.44,-16.92,28.234094,0.283676097,0,0.716323903
10.62,-16.92,28.234094,0.283676097,0,0.716323903
0,-15.74,28.234094,0.324201254,0,0.675798746
1.18,-15.74,28.234094,0.324201254,0,0.675798746
2.36,-15.74,28.234094,0.324201254,0,0.675798746
3.54,-15.74,28.234094,0.324201254,0,0.675798746
4.72,-15.74,28.234094,0.324201254,0,0.675798746
5.9,-15.74,28.234094,0.324201254,0,0.675798746
7.08,-15.74,28.234094,0.324201254,0,0.675798746
8.26,-15.74,28.234094,0.324201254,0,0.675798746
9.44,-15.74,28.234094,0.324201254,0,0.675798746
10.62,-15.74,28.234094,0.324201254,0,0.675798746
0,-14.56,28.234094,0.36472641,0,0.63527359
1.18,-14.56,28.234094,0.36472641,0,0.63527359
2.36,-14.56,28.234094,0.36472641,0,0.63527359
3.54,-14.56,28.234094,0.36472641,0,0.63527359
4.72,-14.56,28.234094,0.36472641,0,0.63527359
5.9,-14.56,28.234094,0.36472641,0,0.63527359
7.08,-14.56,28.234094,0.36472641,0,0.63527359
8.26,-14.56,28.234094,0.36472641,0,0.63527359
9.44,-14.56,28.234094,0.36472641,0,0.63527359
10.62,-14.56,28.234094,0.36472641,0,0.63527359
0,-13.38,28.234094,0.445776724,0,0.554223276
1.18,-13.38,28.234094,0.445776724,0,0.554223276
2.36,-13.38,28.234094,0.445776724,0,0.554223276
3.54,-13.38,28.234094,0.445776724,0,0.554223276
4.72,-13.38,28.234094,0.445776724,0,0.554223276
5.9,-13.38,28.234094,0.445776724,0,0.554223276
7.08,-13.38,28.234094,0.445776724,0,0.554223276
8.26,-13.38,28.234094,0.445776724,0,0.554223276
9.44,-13.38,28.234094,0.445776724,0,0.554223276
10.62,-13.38,28.234094,0.445776724,0,0.554223276
0,-12.2,28.234094,0.486301881,0,0.513698119
1.18,-12.2,28.234094,0.486301881,0,0.513698119
2.36,-12.2,28.234094,0.486301881,0,0.513698119
3.54,-12.2,28.234094,0.486301881,0,0.513698119
4.72,-12.2,28.234094,0.486301881,0,0.513698119
5.9,-12.2,28.234094,0.486301881,0,0.513698119
7.08,-12.2,28.234094,0.486301881,0,0.513698119
8.26,-12.2,28.234094,0.486301881,0,0.513698119
9.44,-12.2,28.234094,0.486301881,0,0.513698119
10.62,-12.2,28.234094,0.486301881,0,0.513698119
0,-11.02,28.234094,0.526827037,0,0.473172963
1.18,-11.02,28.234094,0.526827037,0,0.473172963
2.36,-11.02,28.234094,0.526827037,0,0.473172963
3.54,-11.02,28.234094,0.526827037,0,0.473172963
4.72,-11.02,28.234094,0.526827037,0,0.473172963
5.9,-11.02,28.234094,0.526827037,0,0.473172963
7.08,-11.02,28.234094,0.526827037,0,0.473172963
8.26,-11.02,28.234094,0.526827037,0,0.473172963
9.44,-11.02,28.234094,0.526827037,0,0.473172963
10.62,-11.02,28.234094,0.526827037,0,0.473172963
0,-9.84,28.234094,0.567352194,0,0.432647806
1.18,-9.84,28.234094,0.567352194,0,0.432647806
2.36,-9.84,28.234094,0.567352194,0,0.432647806
3.54,-9.84,28.234094,0.567352194,0,0.432647806
4.72,-9.84,28.234094,0.567352194,0,0.432647806
5.9,-9.84,28.234094,0.567352194,0,0.432647806
7.08,-9.84,28.234094,0.567352194,0,0.432647806
8.26,-9.84,28.234094,0.567352194,0,0.432647806
9.44,-9.84,28.234094,0.567352194,0,0.432647806
10.62,-9.84,28.234094,0.567352194,0,0.432647806
0,-8.66,28.234094,0.607877351,0,0.392122649
1.18,-8.66,28.234094,0.607877351,0,0.392122649
2.36,-8.66,28.234094,0.607877351,0,0.392122649
3.54,-8.66,28.234094,0.607877351,0,0.392122649
4.72,-8.66,28.234094,0.607877351,0,0.392122649
5.9,-8.66,28.234094,0.607877351,0,0.392122649
7.08,-8.66,28.234094,0.607877351,0,0.392122649
8.26,-8.66,28.234094,0.607877351,0,0.392122649
9.44,-8.66,28.234094,0.607877351,0,0.392122649
10.62,-8.66,28.234094,0.607877351,0,0.392122649
0,-7.48,28.234094,0.688927664,0,0.311072336
1.18,-7.48,28.234094,0.688927664,0,0.311072336
2.36,-7.48,28.234094,0.688927664,0,0.311072336
3.54,-7.48,28.234094,0.688927664,0,0.311072336
4.72,-7.48,28.234094,0.688927664,0,0.311072336
5.9,-7.48,28.234094,0.688927664,0,0.311072336
7.08,-7.48,28.234094,0.688927664,0,0.311072336
8.26,-7.48,28.234094,0.688927664,0,0.311072336
9.44,-7.48,28.234094,0.688927664,0,0.311072336
10.62,-7.48,28.234094,0.688927664,0,0.311072336
0,-6.3,28.234094,0.729452821,0,0.270547179
1.18,-6.3,28.234094,0.729452821,0,0.270547179
2.36,-6.3,28.234094,0.729452821,0,0.270547179
3.54,-6.3,28.234094,0.729452821,0,0.270547179
4.72,-6.3,28.234094,0.729452821,0,0.270547179
5.9,-6.3,28.234094,0.729452821,0,0.270547179
7.08,-6.3,28.234094,0.729452821,0,0.270547179
8.26,-6.3,28.234094,0.729452821,0,0.270547179
9.44,-6.3,28.234094,0.729452821,0,0.270547179
10.62,-6.3,28.234094,0.729452821,0,0.270547179
0,-5.12,28.234094,0.769977978,0,0.230022022
1.18,-5.12,28.234094,0.769977978,0,0.230022022
2.36,-5.12,28.234094,0.769977978,0,0.230022022
3.54,-5.12,28.234094,0.769977978,0,0.230022022
4.72,-5.12,28.234094,0.769977978,0,0.230022022
5.9,-5.12,28.234094,0.769977978,0,0.230022022
7.08,-5.12,28.234094,0.769977978,0,0.230022022
8.26,-5.12,28.234094,0.769977978,0,0.230022022
9.44,-5.12,28.234094,0.769977978,0,0.230022022
10.62,-5.12,28.234094,0.769977978,0,0.230022022
0,-3.94,28.234094,0.810503134,0,0.189496866
1.18,-3.94,28.234094,0.810503134,0,0.189496866
2.36,-3.94,28.234094,0.810503134,0,0.189496866
3.54,-3.94,28.234094,0.810503134,0,0.189496866
4.72,-3.94,28.234094,0.810503134,0,0.189496866
5.9,-3.94,28.234094,0.810503134,0,0.189496866
7.08,-3.94,28.234094,0.810503134,0,0.189496866
8.26,-3.94,28.234094,0.810503134,0,0.189496866
9.44,-3.94,28.234094,0.810503134,0,0.189496866
10.62,-3.94,28.234094,0.810503134,0,0.189496866
0,-2.76,28.234094,0.851028291,0,0.148971709
1.18,-2.76,28.234094,0.851028291,0,0.148971709
2.36,-2.76,28.234094,0.851028291,0,0.148971709
3.54,-2.76,28.234094,0.851028291,0,0.148971709
4.72,-2.76,28.234094,0.851028291,0,0.148971709
5.9,-2.76,28.234094,0.851028291,0,0.148971709
7.08,-2.76,28.234094,0.851028291,0,0.148971709
8.26,-2.76,28.234094,0.851028291,0,0.148971709
9.44,-2.76,28.234094,0.851028291,0,0.148971709
10.62,-2.76,28.234094,0.851028291,0,0.148971709
0,-1.58,28.234094,0.891553448,0,0.108446552
1.18,-1.58,28.234094,0.891553448,0,0.108446552
2.36,-1.58,28.234094,0.891553448,0,0.108446552
3.54,-1.58,28.234094,0.891553448,0,0.108446552
4.72,-1.58,28.234094,0.891553448,0,0.108446552
5.9,-1.58,28.234094,0.891553448,0,0.108446552
7.08,-1.58,28.234094,0.891553448,0,0.108446552
8.26,-1.58,28.234094,0.891553448,0,0.108446552
9.44,-1.58,28.234094,0.891553448,0,0.108446552
10.62,-1.58,28.234094,0.891553448,0,0.108446552
0,-0.400000000000002,28.234094,0.960036748,0,0.039963252
1.18,-0.400000000000002,28.234094,0.960036748,0,0.039963252
2.36,-0.400000000000002,28.234094,0.960036748,0,0.039963252
3.54,-0.400000000000002,28.234094,0.960036748,0,0.039963252
4.72,-0.400000000000002,28.234094,0.960036748,0,0.039963252
5.9,-0.400000000000002,28.234094,0.960036748,0,0.039963252
7.08,-0.400000000000002,28.234094,0.960036748,0,0.039963252
8.26,-0.400000000000002,28.234094,0.960036748,0,0.039963252
9.44,-0.400000000000002,28.234094,0.960036748,0,0.039963252
10.62,-0.400000000000002,28.234094,0.960036748,0,0.039963252
0,0.779999999999998,28.234094,0.932078604,0,0.067921396
1.18,0.779999999999998,28.234094,0.932078604,0,0.067921396
2.36,0.779999999999998,28.234094,0.932078604,0,0.067921396
3.54,0.779999999999998,28.234094,0.932078604,0,0.067921396
4.72,0.779999999999998,28.234094,0.932078604,0,0.067921396
5.9,0.779999999999998,28.234094,0.932078604,0,0.067921396
7.08,0.779999999999998,28.234094,0.932078604,0,0.067921396
8.26,0.779999999999998,28.234094,0.932078604,0,0.067921396
9.44,0.779999999999998,28.234094,0.932078604,0,0.067921396
10.62,0.779999999999998,28.234094,0.932078604,0,0.067921396
0,1.96,28.234094,0.891553448,0,0.108446552
1.18,1.96,28.234094,0.891553448,0,0.108446552
2.36,1.96,28.234094,0.891553448,0,0.108446552
3.54,1.96,28.234094,0.891553448,0,0.108446552
4.72,1.96,28.234094,0.891553448,0,0.108446552
5.9,1.96,28.234094,0.891553448,0,0.108446552
7.08,1.96,28.234094,0.891553448,0,0.108446552
8.26,1.96,28.234094,0.891553448,0,0.108446552
9.44,1.96,28.234094,0.891553448,0,0.108446552
10.62,1.96,28.234094,0.891553448,0,0.108446552
0,3.14,28.234094,0.851028291,0,0.148971709
1.18,3.14,28.234094,0.851028291,0,0.148971709
2.36,3.14,28.234094,0.851028291,0,0.148971709
3.54,3.14,28.234094,0.851028291,0,0.148971709
4.72,3.14,28.234094,0.851028291,0,0.148971709
5.9,3.14,28.234094,0.851028291,0,0.148971709
7.08,3.14,28.234094,0.851028291,0,0.148971709
8.26,3.14,28.234094,0.851028291,0,0.148971709
9.44,3.14,28.234094,0.851028291,0,0.148971709
10.62,3.14,28.234094,0.851028291,0,0.148971709
0,4.32,28.234094,0.810503134,0,0.189496866
1.18,4.32,28.234094,0.810503134,0,0.189496866
2.36,4.32,28.234094,0.810503134,0,0.189496866
3.54,4.32,28.234094,0.810503134,0,0.189496866
4.72,4.32,28.234094,0.810503134,0,0.189496866
5.9,4.32,28.234094,0.810503134,0,0.189496866
7.08,4.32,28.234094,0.810503134,0,0.189496866
8.26,4.32,28.234094,0.810503134,0,0.189496866
9.44,4.32,28.234094,0.810503134,0,0.189496866
10.62,4.32,28.234094,0.810503134,0,0.189496866
0,5.5,28.234094,0.769977978,0,0.230022022
1.18,5.5,28.234094,0.769977978,0,0.230022022
2.36,5.5,28.234094,0.769977978,0,0.230022022
3.54,5.5,28.234094,0.769977978,0,0.230022022
4.72,5.5,28.234094,0.769977978,0,0.230022022
5.9,5.5,28.234094,0.769977978,0,0.230022022
7.08,5.5,28.234094,0.769977978,0,0.230022022
8.26,5.5,28.234094,0.769977978,0,0.230022022
9.44,5.5,28.234094,0.769977978,0,0.230022022
10.62,5.5,28.234094,0.769977978,0,0.230022022
0,6.68,28.234094,0.688927664,0,0.311072336
1.18,6.68,28.234094,0.688927664,0,0.311072336
2.36,6.68,28.234094,0.688927664,0,0.311072336
3.54,6.68,28.234094,0.688927664,0,0.311072336
4.72,6.68,28.234094,0.688927664,0,0.311072336
5.9,6.68,28.234094,0.688927664,0,0.311072336
7.08,6.68,28.234094,0.688927664,0,0.311072336
8.26,6.68,28.234094,0.688927664,0,0.311072336
9.44,6.68,28.234094,0.688927664,0,0.311072336
10.62,6.68,28.234094,0.688927664,0,0.311072336
0,7.86,28.234094,0.648402507,0,0.351597493
1.18,7.86,28.234094,0.648402507,0,0.351597493
2.36,7.86,28.234094,0.648402507,0,0.351597493
3.54,7.86,28.234094,0.648402507,0,0.351597493
4.72,7.86,28.234094,0.648402507,0,0.351597493
5.9,7.86,28.234094,0.648402507,0,0.351597493
7.08,7.86,28.234094,0.648402507,0,0.351597493
8.26,7.86,28.234094,0.648402507,0,0.351597493
9.44,7.86,28.234094,0.648402507,0,0.351597493
10.62,7.86,28.234094,0.648402507,0,0.351597493
0,9.04,28.234094,0.607877351,0,0.392122649
1.18,9.04,28.234094,0.607877351,0,0.392122649
2.36,9.04,28.234094,0.607877351,0,0.392122649
3.54,9.04,28.234094,0.607877351,0,0.392122649
4.72,9.04,28.234094,0.607877351,0,0.392122649
5.9,9.04,28.234094,0.607877351,0,0.392122649
7.08,9.04,28.234094,0.607877351,0,0.392122649
8.26,9.04,28.234094,0.607877351,0,0.392122649
9.44,9.04,28.234094,0.607877351,0,0.392122649
10.62,9.04,28.234094,0.607877351,0,0.392122649
0,10.22,28.234094,0.567352194,0,0.432647806
1.18,10.22,28.234094,0.567352194,0,0.432647806
2.36,10.22,28.234094,0.567352194,0,0.432647806
3.54,10.22,28.234094,0.567352194,0,0.432647806
4.72,10.22,28.234094,0.567352194,0,0.432647806
5.9,10.22,28.234094,0.567352194,0,0.432647806
7.08,10.22,28.234094,0.567352194,0,0.432647806
8.26,10.22,28.234094,0.567352194,0,0.432647806
9.44,10.22,28.234094,0.567352194,0,0.432647806
10.62,10.22,28.234094,0.567352194,0,0.432647806
0,11.4,28.234094,0.526827037,0,0.473172963
1.18,11.4,28.234094,0.526827037,0,0.473172963
2.36,11.4,28.234094,0.526827037,0,0.473172963
3.54,11.4,28.234094,0.526827037,0,0.473172963
4.72,11.4,28.234094,0.526827037,0,0.473172963
5.9,11.4,28.234094,0.526827037,0,0.473172963
7.08,11.4,28.234094,0.526827037,0,0.473172963
8.26,11.4,28.234094,0.526827037,0,0.473172963
9.44,11.4,28.234094,0.526827037,0,0.473172963
10.62,11.4,28.234094,0.526827037,0,0.473172963
0,12.58,28.234094,0.445776724,0,0.554223276
1.18,12.58,28.234094,0.445776724,0,0.554223276
2.36,12.58,28.234094,0.445776724,0,0.554223276
3.54,12.58,28.234094,0.445776724,0,0.554223276
4.72,12.58,28.234094,0.445776724,0,0.554223276
5.9,12.58,28.234094,0.445776724,0,0.554223276
7.08,12.58,28.234094,0.445776724,0,0.554223276
8.26,12.58,28.234094,0.445776724,0,0.554223276
9.44,12.58,28.234094,0.445776724,0,0.554223276
10.62,12.58,28.234094,0.445776724,0,0.554223276
0,13.76,28.234094,0.405251567,0,0.594748433
1.18,13.76,28.234094,0.405251567,0,0.594748433
2.36,13.76,28.234094,0.405251567,0,0.594748433
3.54,13.76,28.234094,0.405251567,0,0.594748433
4.72,13.76,28.234094,0.405251567,0,0.594748433
5.9,13.76,28.234094,0.405251567,0,0.594748433
7.08,13.76,28.234094,0.405251567,0,0.594748433
8.26,13.76,28.234094,0.405251567,0,0.594748433
9.44,13.76,28.234094,0.405251567,0,0.594748433
10.62,13.76,28.234094,0.405251567,0,0.594748433
0,14.94,28.234094,0.36472641,0,0.63527359
1.18,14.94,28.234094,0.36472641,0,0.63527359
2.36,14.94,28.234094,0.36472641,0,0.63527359
3.54,14.94,28.234094,0.36472641,0,0.63527359
4.72,14.94,28.234094,0.36472641,0,0.63527359
5.9,14.94,28.234094,0.36472641,0,0.63527359
7.08,14.94,28.234094,0.36472641,0,0.63527359
8.26,14.94,28.234094,0.36472641,0,0.63527359
9.44,14.94,28.234094,0.36472641,0,0.63527359
10.62,14.94,28.234094,0.36472641,0,0.63527359
0,16.12,28.234094,0.324201254,0,0.675798746
1.18,16.12,28.234094,0.324201254,0,0.675798746
2.36,16.12,28.234094,0.324201254,0,0.675798746
3.54,16.12,28.234094,0.324201254,0,0.675798746
4.72,16.12,28.234094,0.324201254,0,0.675798746
5.9,16.12,28.234094,0.324201254,0,0.675798746
7.08,16.12,28.234094,0.324201254,0,0.675798746
8.26,16.12,28.234094,0.324201254,0,0.675798746
9.44,16.12,28.234094,0.324201254,0,0.675798746
10.62,16.12,28.234094,0.324201254,0,0.675798746
0,17.3,28.234094,0.283676097,0,0.716323903
1.18,17.3,28.234094,0.283676097,0,0.716323903
2.36,17.3,28.234094,0.283676097,0,0.716323903
3.54,17.3,28.234094,0.283676097,0,0.716323903
4.72,17.3,28.234094,0.283676097,0,0.716323903
5.9,17.3,28.234094,0.283676097,0,0.716323903
7.08,17.3,28.234094,0.283676097,0,0.716323903
8.26,17.3,28.234094,0.283676097,0,0.716323903
9.44,17.3,28.234094,0.283676097,0,0.716323903
10.62,17.3,28.234094,0.283676097,0,0.716323903
0,18.48,28.234094,0.24315094,0,0.75684906
1.18,18.48,28.234094,0.24315094,0,0.75684906
2.36,18.48,28.234094,0.24315094,0,0.75684906
3.54,18.48,28.234094,0.24315094,0,0.75684906
4.72,18.48,28.234094,0.24315094,0,0.75684906
5.9,18.48,28.234094,0.24315094,0,0.75684906
7.08,18.48,28.234094,0.24315094,0,0.75684906
8.26,18.48,28.234094,0.24315094,0,0.75684906
9.44,18.48,28.234094,0.24315094,0,0.75684906
10.62,18.48,28.234094,0.24315094,0,0.75684906
0,19.66,28.234094,0.162100627,0,0.837899373
1.18,19.66,28.234094,0.162100627,0,0.837899373
2.36,19.66,28.234094,0.162100627,0,0.837899373
3.54,19.66,28.234094,0.162100627,0,0.837899373
4.72,19.66,28.234094,0.162100627,0,0.837899373
5.9,19.66,28.234094,0.162100627,0,0.837899373
7.08,19.66,28.234094,0.162100627,0,0.837899373
8.26,19.66,28.234094,0.162100627,0,0.837899373
9.44,19.66,28.234094,0.162100627,0,0.837899373
10.62,19.66,28.234094,0.162100627,0,0.837899373
0,20.84,28.234094,0.12157547,0,0.87842453
1.18,20.84,28.234094,0.12157547,0,0.87842453
2.36,20.84,28.234094,0.12157547,0,0.87842453
3.54,20.84,28.234094,0.12157547,0,0.87842453
4.72,20.84,28.234094,0.12157547,0,0.87842453
5.9,20.84,28.234094,0.12157547,0,0.87842453
7.08,20.84,28.234094,0.12157547,0,0.87842453
8.26,20.84,28.234094,0.12157547,0,0.87842453
9.44,20.84,28.234094,0.12157547,0,0.87842453
10.62,20.84,28.234094,0.12157547,0,0.87842453
0,22.02,28.234094,0.081050313,0,0.918949687
1.18,22.02,28.234094,0.081050313,0,0.918949687
2.36,22.02,28.234094,0.081050313,0,0.918949687
3.54,22.02,28.234094,0.081050313,0,0.918949687
4.72,22.02,28.234094,0.081050313,0,0.918949687
5.9,22.02,28.234094,0.081050313,0,0.918949687
7.08,22.02,28.234094,0.081050313,0,0.918949687
8.26,22.02,28.234094,0.081050313,0,0.918949687
9.44,22.02,28.234094,0.081050313,0,0.918949687
10.62,22.02,28.234094,0.081050313,0,0.918949687
0,23.2,28.234094,0.040525157,0,0.959474843
1.18,23.2,28.234094,0.040525157,0,0.959474843
2.36,23.2,28.234094,0.040525157,0,0.959474843
3.54,23.2,28.234094,0.040525157,0,0.959474843
4.72,23.2,28.234094,0.040525157,0,0.959474843
5.9,23.2,28.234094,0.040525157,0,0.959474843
7.08,23.2,28.234094,0.040525157,0,0.959474843
8.26,23.2,28.234094,0.040525157,0,0.959474843
9.44,23.2,28.234094,0.040525157,0,0.959474843
10.62,23.2,28.234094,0.040525157,0,0.959474843
0,24.38,28.234094,0,0,1
1.18,24.38,28.234094,0,0,1
2.36,24.38,28.234094,0,0,1
3.54,24.38,28.234094,0,0,1
4.72,24.38,28.234094,0,0,1
5.9,24.38,28.234094,0,0,1
7.08,24.38,28.234094,0,0,1
8.26,24.38,28.234094,0,0,1
9.44,24.38,28.234094,0,0,1
10.62,24.38,28.234094,0,0,1
0,-24,28.854094,0,0,1
1.18,-24,28.854094,0,0,1
2.36,-24,28.854094,0,0,1
3.54,-24,28.854094,0,0,1
4.72,-24,28.854094,0,0,1
5.9,-24,28.854094,0,0,1
7.08,-24,28.854094,0,0,1
8.26,-24,28.854094,0,0,1
9.44,-24,28.854094,0,0,1
10.62,-24,28.854094,0,0,1
0,-22.82,28.854094,0.040381195,0,0.959618805
1.18,-22.82,28.854094,0.040381195,0,0.959618805
2.36,-22.82,28.854094,0.040381195,0,0.959618805
3.54,-22.82,28.854094,0.040381195,0,0.959618805
4.72,-22.82,28.854094,0.040381195,0,0.959618805
5.9,-22.82,28.854094,0.040381195,0,0.959618805
7.08,-22.82,28.854094,0.040381195,0,0.959618805
8.26,-22.82,28.854094,0.040381195,0,0.959618805
9.44,-22.82,28.854094,0.040381195,0,0.959618805
10.62,-22.82,28.854094,0.040381195,0,0.959618805
0,-21.64,28.854094,0.08076239,0,0.91923761
1.18,-21.64,28.854094,0.08076239,0,0.91923761
2.36,-21.64,28.854094,0.08076239,0,0.91923761
3.54,-21.64,28.854094,0.08076239,0,0.91923761
4.72,-21.64,28.854094,0.08076239,0,0.91923761
5.9,-21.64,28.854094,0.08076239,0,0.91923761
7.08,-21.64,28.854094,0.08076239,0,0.91923761
8.26,-21.64,28.854094,0.08076239,0,0.91923761
9.44,-21.64,28.854094,0.08076239,0,0.91923761
10.62,-21.64,28.854094,0.08076239,0,0.91923761
0,-20.46,28.854094,0.161524779,0,0.838475221
1.18,-20.46,28.854094,0.161524779,0,0.838475221
2.36,-20.46,28.854094,0.161524779,0,0.838475221
3.54,-20.46,28.854094,0.161524779,0,0.838475221
4.72,-20.46,28.854094,0.161524779,0,0.838475221
5.9,-20.46,28.854094,0.161524779,0,0.838475221
7.08,-20.46,28.854094,0.161524779,0,0.838475221
8.26,-20.46,28.854094,0.161524779,0,0.838475221
9.44,-20.46,28.854094,0.161524779,0,0.838475221
10.62,-20.46,28.854094,0.161524779,0,0.838475221
0,-19.28,28.854094,0.201905974,0,0.798094026
1.18,-19.28,28.854094,0.201905974,0,0.798094026
2.36,-19.28,28.854094,0.201905974,0,0.798094026
3.54,-19.28,28.854094,0.201905974,0,0.798094026
4.72,-19.28,28.854094,0.201905974,0,0.798094026
5.9,-19.28,28.854094,0.201905974,0,0.798094026
7.08,-19.28,28.854094,0.201905974,0,0.798094026
8.26,-19.28,28.854094,0.201905974,0,0.798094026
9.44,-19.28,28.854094,0.201905974,0,0.798094026
10.62,-19.28,28.854094,0.201905974,0,0.798094026
0,-18.1,28.854094,0.242287169,0,0.757712831
1.18,-18.1,28.854094,0.242287169,0,0.757712831
2.36,-18.1,28.854094,0.242287169,0,0.757712831
3.54,-18.1,28.854094,0.242287169,0,0.757712831
4.72,-18.1,28.854094,0.242287169,0,0.757712831
5.9,-18.1,28.854094,0.242287169,0,0.757712831
7.08,-18.1,28.854094,0.242287169,0,0.757712831
8.26,-18.1,28.854094,0.242287169,0,0.757712831
9.44,-18.1,28.854094,0.242287169,0,0.757712831
10.62,-18.1,28.854094,0.242287169,0,0.757712831
0,-16.92,28.854094,0.282668363,0,0.717331637
1.18,-16.92,28.854094,0.282668363,0,0.717331637
2.36,-16.92,28.854094,0.282668363,0,0.717331637
3.54,-16.92,28.854094,0.282668363,0,0.717331637
4.72,-16.92,28.854094,0.282668363,0,0.717331637
5.9,-16.92,28.854094,0.282668363,0,0.717331637
7.08,-16.92,28.854094,0.282668363,0,0.717331637
8.26,-16.92,28.854094,0.282668363,0,0.717331637
9.44,-16.92,28.854094,0.282668363,0,0.717331637
10.62,-16.92,28.854094,0.282668363,0,0.717331637
0,-15.74,28.854094,0.323049558,0,0.676950442
1.18,-15.74,28.854094,0.323049558,0,0.676950442
2.36,-15.74,28.854094,0.323049558,0,0.676950442
3.54,-15.74,28.854094,0.323049558,0,0.676950442
4.72,-15.74,28.854094,0.323049558,0,0.676950442
5.9,-15.74,28.854094,0.323049558,0,0.676950442
7.08,-15.74,28.854094,0.323049558,0,0.676950442
8.26,-15.74,28.854094,0.323049558,0,0.676950442
9.44,-15.74,28.854094,0.323049558,0,0.676950442
10.62,-15.74,28.854094,0.323049558,0,0.676950442
0,-14.56,28.854094,0.363430753,0,0.636569247
1.18,-14.56,28.854094,0.363430753,0,0.636569247
2.36,-14.56,28.854094,0.363430753,0,0.636569247
3.54,-14.56,28.854094,0.363430753,0,0.636569247
4.72,-14.56,28.854094,0.363430753,0,0.636569247
5.9,-14.56,28.854094,0.363430753,0,0.636569247
7.08,-14.56,28.854094,0.363430753,0,0.636569247
8.26,-14.56,28.854094,0.363430753,0,0.636569247
9.44,-14.56,28.854094,0.363430753,0,0.636569247
10.62,-14.56,28.854094,0.363430753,0,0.636569247
0,-13.38,28.854094,0.444193143,0,0.555806857
1.18,-13.38,28.854094,0.444193143,0,0.555806857
2.36,-13.38,28.854094,0.444193143,0,0.555806857
3.54,-13.38,28.854094,0.444193143,0,0.555806857
4.72,-13.38,28.854094,0.444193143,0,0.555806857
5.9,-13.38,28.854094,0.444193143,0,0.555806857
7.08,-13.38,28.854094,0.444193143,0,0.555806857
8.26,-13.38,28.854094,0.444193143,0,0.555806857
9.44,-13.38,28.854094,0.444193143,0,0.555806857
10.62,-13.38,28.854094,0.444193143,0,0.555806857
0,-12.2,28.854094,0.484574337,0,0.515425663
1.18,-12.2,28.854094,0.484574337,0,0.515425663
2.36,-12.2,28.854094,0.484574337,0,0.515425663
3.54,-12.2,28.854094,0.484574337,0,0.515425663
4.72,-12.2,28.854094,0.484574337,0,0.515425663
5.9,-12.2,28.854094,0.484574337,0,0.515425663
7.08,-12.2,28.854094,0.484574337,0,0.515425663
8.26,-12.2,28.854094,0.484574337,0,0.515425663
9.44,-12.2,28.854094,0.484574337,0,0.515425663
10.62,-12.2,28.854094,0.484574337,0,0.515425663
0,-11.02,28.854094,0.524955532,0,0.475044468
1.18,-11.02,28.854094,0.524955532,0,0.475044468
2.36,-11.02,28.854094,0.524955532,0,0.475044468
3.54,-11.02,28.854094,0.524955532,0,0.475044468
4.72,-11.02,28.854094,0.524955532,0,0.475044468
5.9,-11.02,28.854094,0.524955532,0,0.475044468
7.08,-11.02,28.854094,0.524955532,0,0.475044468
8.26,-11.02,28.854094,0.524955532,0,0.475044468
9.44,-11.02,28.854094,0.524955532,0,0.475044468
10.62,-11.02,28.854094,0.524955532,0,0.475044468
0,-9.84,28.854094,0.565336727,0,0.434663273
1.18,-9.84,28.854094,0.565336727,0,0.434663273
2.36,-9.84,28.854094,0.565336727,0,0.434663273
3.54,-9.84,28.854094,0.565336727,0,0.434663273
4.72,-9.84,28.854094,0.565336727,0,0.434663273
5.9,-9.84,28.854094,0.565336727,0,0.434663273
7.08,-9.84,28.854094,0.565336727,0,0.434663273
8.26,-9.84,28.854094,0.565336727,0,0.434663273
9.44,-9.84,28.854094,0.565336727,0,0.434663273
10.62,-9.84,28.854094,0.565336727,0,0.434663273
0,-8.66,28.854094,0.605717922,0,0.394282078
1.18,-8.66,28.854094,0.605717922,0,0.394282078
2.36,-8.66,28.854094,0.605717922,0,0.394282078
3.54,-8.66,28.854094,0.605717922,0,0.394282078
4.72,-8.66,28.854094,0.605717922,0,0.394282078
5.9,-8.66,28.854094,0.605717922,0,0.394282078
7.08,-8.66,28.854094,0.605717922,0,0.394282078
8.26,-8.66,28.854094,0.605717922,0,0.394282078
9.44,-8.66,28.854094,0.605717922,0,0.394282078
10.62,-8.66,28.854094,0.605717922,0,0.394282078
0,-7.48,28.854094,0.686480311,0,0.313519689
1.18,-7.48,28.854094,0.686480311,0,0.313519689
2.36,-7.48,28.854094,0.686480311,0,0.313519689
3.54,-7.48,28.854094,0.686480311,0,0.313519689
4.72,-7.48,28.854094,0.686480311,0,0.313519689
5.9,-7.48,28.854094,0.686480311,0,0.313519689
7.08,-7.48,28.854094,0.686480311,0,0.313519689
8.26,-7.48,28.854094,0.686480311,0,0.313519689
9.44,-7.48,28.854094,0.686480311,0,0.313519689
10.62,-7.48,28.854094,0.686480311,0,0.313519689
0,-6.3,28.854094,0.726861506,0,0.273138494
1.18,-6.3,28.854094,0.726861506,0,0.273138494
2.36,-6.3,28.854094,0.726861506,0,0.273138494
3.54,-6.3,28.854094,0.726861506,0,0.273138494
4.72,-6.3,28.854094,0.726861506,0,0.273138494
5.9,-6.3,28.854094,0.726861506,0,0.273138494
7.08,-6.3,28.854094,0.726861506,0,0.273138494
8.26,-6.3,28.854094,0.726861506,0,0.273138494
9.44,-6.3,28.854094,0.726861506,0,0.273138494
10.62,-6.3,28.854094,0.726861506,0,0.273138494
0,-5.12,28.854094,0.767242701,0,0.232757299
1.18,-5.12,28.854094,0.767242701,0,0.232757299
2.36,-5.12,28.854094,0.767242701,0,0.232757299
3.54,-5.12,28.854094,0.767242701,0,0.232757299
4.72,-5.12,28.854094,0.767242701,0,0.232757299
5.9,-5.12,28.854094,0.767242701,0,0.232757299
7.08,-5.12,28.854094,0.767242701,0,0.232757299
8.26,-5.12,28.854094,0.767242701,0,0.232757299
9.44,-5.12,28.854094,0.767242701,0,0.232757299
10.62,-5.12,28.854094,0.767242701,0,0.232757299
0,-3.94,28.854094,0.807623896,0,0.192376104
1.18,-3.94,28.854094,0.807623896,0,0.192376104
2.36,-3.94,28.854094,0.807623896,0,0.192376104
3.54,-3.94,28.854094,0.807623896,0,0.192376104
4.72,-3.94,28.854094,0.807623896,0,0.192376104
5.9,-3.94,28.854094,0.807623896,0,0.192376104
7.08,-3.94,28.854094,0.807623896,0,0.192376104
8.26,-3.94,28.854094,0.807623896,0,0.192376104
9.44,-3.94,28.854094,0.807623896,0,0.192376104
10.62,-3.94,28.854094,0.807623896,0,0.192376104
0,-2.76,28.854094,0.84800509,0,0.15199491
1.18,-2.76,28.854094,0.84800509,0,0.15199491
2.36,-2.76,28.854094,0.84800509,0,0.15199491
3.54,-2.76,28.854094,0.84800509,0,0.15199491
4.72,-2.76,28.854094,0.84800509,0,0.15199491
5.9,-2.76,28.854094,0.84800509,0,0.15199491
7.08,-2.76,28.854094,0.84800509,0,0.15199491
8.26,-2.76,28.854094,0.84800509,0,0.15199491
9.44,-2.76,28.854094,0.84800509,0,0.15199491
10.62,-2.76,28.854094,0.84800509,0,0.15199491
0,-1.58,28.854094,0.888386285,0,0.111613715
1.18,-1.58,28.854094,0.888386285,0,0.111613715
2.36,-1.58,28.854094,0.888386285,0,0.111613715
3.54,-1.58,28.854094,0.888386285,0,0.111613715
4.72,-1.58,28.854094,0.888386285,0,0.111613715
5.9,-1.58,28.854094,0.888386285,0,0.111613715
7.08,-1.58,28.854094,0.888386285,0,0.111613715
8.26,-1.58,28.854094,0.888386285,0,0.111613715
9.44,-1.58,28.854094,0.888386285,0,0.111613715
10.62,-1.58,28.854094,0.888386285,0,0.111613715
0,-0.400000000000002,28.854094,0.956626305,0,0.043373695
1.18,-0.400000000000002,28.854094,0.956626305,0,0.043373695
2.36,-0.400000000000002,28.854094,0.956626305,0,0.043373695
3.54,-0.400000000000002,28.854094,0.956626305,0,0.043373695
4.72,-0.400000000000002,28.854094,0.956626305,0,0.043373695
5.9,-0.400000000000002,28.854094,0.956626305,0,0.043373695
7.08,-0.400000000000002,28.854094,0.956626305,0,0.043373695
8.26,-0.400000000000002,28.854094,0.956626305,0,0.043373695
9.44,-0.400000000000002,28.854094,0.956626305,0,0.043373695
10.62,-0.400000000000002,28.854094,0.956626305,0,0.043373695
0,0.779999999999998,28.854094,0.92876748,0,0.07123252
1.18,0.779999999999998,28.854094,0.92876748,0,0.07123252
2.36,0.779999999999998,28.854094,0.92876748,0,0.07123252
3.54,0.779999999999998,28.854094,0.92876748,0,0.07123252
4.72,0.779999999999998,28.854094,0.92876748,0,0.07123252
5.9,0.779999999999998,28.854094,0.92876748,0,0.07123252
7.08,0.779999999999998,28.854094,0.92876748,0,0.07123252
8.26,0.779999999999998,28.854094,0.92876748,0,0.07123252
9.44,0.779999999999998,28.854094,0.92876748,0,0.07123252
10.62,0.779999999999998,28.854094,0.92876748,0,0.07123252
0,1.96,28.854094,0.888386285,0,0.111613715
1.18,1.96,28.854094,0.888386285,0,0.111613715
2.36,1.96,28.854094,0.888386285,0,0.111613715
3.54,1.96,28.854094,0.888386285,0,0.111613715
4.72,1.96,28.854094,0.888386285,0,0.111613715
5.9,1.96,28.854094,0.888386285,0,0.111613715
7.08,1.96,28.854094,0.888386285,0,0.111613715
8.26,1.96,28.854094,0.888386285,0,0.111613715
9.44,1.96,28.854094,0.888386285,0,0.111613715
10.62,1.96,28.854094,0.888386285,0,0.111613715
0,3.14,28.854094,0.84800509,0,0.15199491
1.18,3.14,28.854094,0.84800509,0,0.15199491
2.36,3.14,28.854094,0.84800509,0,0.15199491
3.54,3.14,28.854094,0.84800509,0,0.15199491
4.72,3.14,28.854094,0.84800509,0,0.15199491
5.9,3.14,28.854094,0.84800509,0,0.15199491
7.08,3.14,28.854094,0.84800509,0,0.15199491
8.26,3.14,28.854094,0.84800509,0,0.15199491
9.44,3.14,28.854094,0.84800509,0,0.15199491
10.62,3.14,28.854094,0.84800509,0,0.15199491
0,4.32,28.854094,0.807623896,0,0.192376104
1.18,4.32,28.854094,0.807623896,0,0.192376104
2.36,4.32,28.854094,0.807623896,0,0.192376104
3.54,4.32,28.854094,0.807623896,0,0.192376104
4.72,4.32,28.854094,0.807623896,0,0.192376104
5.9,4.32,28.854094,0.807623896,0,0.192376104
7.08,4.32,28.854094,0.807623896,0,0.192376104
8.26,4.32,28.854094,0.807623896,0,0.192376104
9.44,4.32,28.854094,0.807623896,0,0.192376104
10.62,4.32,28.854094,0.807623896,0,0.192376104
0,5.5,28.854094,0.767242701,0,0.232757299
1.18,5.5,28.854094,0.767242701,0,0.232757299
2.36,5.5,28.854094,0.767242701,0,0.232757299
3.54,5.5,28.854094,0.767242701,0,0.232757299
4.72,5.5,28.854094,0.767242701,0,0.232757299
5.9,5.5,28.854094,0.767242701,0,0.232757299
7.08,5.5,28.854094,0.767242701,0,0.232757299
8.26,5.5,28.854094,0.767242701,0,0.232757299
9.44,5.5,28.854094,0.767242701,0,0.232757299
10.62,5.5,28.854094,0.767242701,0,0.232757299
0,6.68,28.854094,0.686480311,0,0.313519689
1.18,6.68,28.854094,0.686480311,0,0.313519689
2.36,6.68,28.854094,0.686480311,0,0.313519689
3.54,6.68,28.854094,0.686480311,0,0.313519689
4.72,6.68,28.854094,0.686480311,0,0.313519689
5.9,6.68,28.854094,0.686480311,0,0.313519689
7.08,6.68,28.854094,0.686480311,0,0.313519689
8.26,6.68,28.854094,0.686480311,0,0.313519689
9.44,6.68,28.854094,0.686480311,0,0.313519689
10.62,6.68,28.854094,0.686480311,0,0.313519689
0,7.86,28.854094,0.646099116,0,0.353900884
1.18,7.86,28.854094,0.646099116,0,0.353900884
2.36,7.86,28.854094,0.646099116,0,0.353900884
3.54,7.86,28.854094,0.646099116,0,0.353900884
4.72,7.86,28.854094,0.646099116,0,0.353900884
5.9,7.86,28.854094,0.646099116,0,0.353900884
7.08,7.86,28.854094,0.646099116,0,0.353900884
8.26,7.86,28.854094,0.646099116,0,0.353900884
9.44,7.86,28.854094,0.646099116,0,0.353900884
10.62,7.86,28.854094,0.646099116,0,0.353900884
0,9.04,28.854094,0.605717922,0,0.394282078
1.18,9.04,28.854094,0.605717922,0,0.394282078
2.36,9.04,28.854094,0.605717922,0,0.394282078
3.54,9.04,28.854094,0.605717922,0,0.394282078
4.72,9.04,28.854094,0.605717922,0,0.394282078
5.9,9.04,28.854094,0.605717922,0,0.394282078
7.08,9.04,28.854094,0.605717922,0,0.394282078
8.26,9.04,28.854094,0.605717922,0,0.394282078
9.44,9.04,28.854094,0.605717922,0,0.394282078
10.62,9.04,28.854094,0.605717922,0,0.394282078
0,10.22,28.854094,0.565336727,0,0.434663273
1.18,10.22,28.854094,0.565336727,0,0.434663273
2.36,10.22,28.854094,0.565336727,0,0.434663273
3.54,10.22,28.854094,0.565336727,0,0.434663273
4.72,10.22,28.854094,0.565336727,0,0.434663273
5.9,10.22,28.854094,0.565336727,0,0.434663273
7.08,10.22,28.854094,0.565336727,0,0.434663273
8.26,10.22,28.854094,0.565336727,0,0.434663273
9.44,10.22,28.854094,0.565336727,0,0.434663273
10.62,10.22,28.854094,0.565336727,0,0.434663273
0,11.4,28.854094,0.524955532,0,0.475044468
1.18,11.4,28.854094,0.524955532,0,0.475044468
2.36,11.4,28.854094,0.524955532,0,0.475044468
3.54,11.4,28.854094,0.524955532,0,0.475044468
4.72,11.4,28.854094,0.524955532,0,0.475044468
5.9,11.4,28.854094,0.524955532,0,0.475044468
7.08,11.4,28.854094,0.524955532,0,0.475044468
8.26,11.4,28.854094,0.524955532,0,0.475044468
9.44,11.4,28.854094,0.524955532,0,0.475044468
10.62,11.4,28.854094,0.524955532,0,0.475044468
0,12.58,28.854094,0.444193143,0,0.555806857
1.18,12.58,28.854094,0.444193143,0,0.555806857
2.36,12.58,28.854094,0.444193143,0,0.555806857
3.54,12.58,28.854094,0.444193143,0,0.555806857
4.72,12.58,28.854094,0.444193143,0,0.555806857
5.9,12.58,28.854094,0.444193143,0,0.555806857
7.08,12.58,28.854094,0.444193143,0,0.555806857
8.26,12.58,28.854094,0.444193143,0,0.555806857
9.44,12.58,28.854094,0.444193143,0,0.555806857
10.62,12.58,28.854094,0.444193143,0,0.555806857
0,13.76,28.854094,0.403811948,0,0.596188052
1.18,13.76,28.854094,0.403811948,0,0.596188052
2.36,13.76,28.854094,0.403811948,0,0.596188052
3.54,13.76,28.854094,0.403811948,0,0.596188052
4.72,13.76,28.854094,0.403811948,0,0.596188052
5.9,13.76,28.854094,0.403811948,0,0.596188052
7.08,13.76,28.854094,0.403811948,0,0.596188052
8.26,13.76,28.854094,0.403811948,0,0.596188052
9.44,13.76,28.854094,0.403811948,0,0.596188052
10.62,13.76,28.854094,0.403811948,0,0.596188052
0,14.94,28.854094,0.363430753,0,0.636569247
1.18,14.94,28.854094,0.363430753,0,0.636569247
2.36,14.94,28.854094,0.363430753,0,0.636569247
3.54,14.94,28.854094,0.363430753,0,0.636569247
4.72,14.94,28.854094,0.363430753,0,0.636569247
5.9,14.94,28.854094,0.363430753,0,0.636569247
7.08,14.94,28.854094,0.363430753,0,0.636569247
8.26,14.94,28.854094,0.363430753,0,0.636569247
9.44,14.94,28.854094,0.363430753,0,0.636569247
10.62,14.94,28.854094,0.363430753,0,0.636569247
0,16.12,28.854094,0.323049558,0,0.676950442
1.18,16.12,28.854094,0.323049558,0,0.676950442
2.36,16.12,28.854094,0.323049558,0,0.676950442
3.54,16.12,28.854094,0.323049558,0,0.676950442
4.72,16.12,28.854094,0.323049558,0,0.676950442
5.9,16.12,28.854094,0.323049558,0,0.676950442
7.08,16.12,28.854094,0.323049558,0,0.676950442
8.26,16.12,28.854094,0.323049558,0,0.676950442
9.44,16.12,28.854094,0.323049558,0,0.676950442
10.62,16.12,28.854094,0.323049558,0,0.676950442
0,17.3,28.854094,0.282668363,0,0.717331637
1.18,17.3,28.854094,0.282668363,0,0.717331637
2.36,17.3,28.854094,0.282668363,0,0.717331637
3.54,17.3,28.854094,0.282668363,0,0.717331637
4.72,17.3,28.854094,0.282668363,0,0.717331637
5.9,17.3,28.854094,0.282668363,0,0.717331637
7.08,17.3,28.854094,0.282668363,0,0.717331637
8.26,17.3,28.854094,0.282668363,0,0.717331637
9.44,17.3,28.854094,0.282668363,0,0.717331637
10.62,17.3,28.854094,0.282668363,0,0.717331637
0,18.48,28.854094,0.242287169,0,0.757712831
1.18,18.48,28.854094,0.242287169,0,0.757712831
2.36,18.48,28.854094,0.242287169,0,0.757712831
3.54,18.48,28.854094,0.242287169,0,0.757712831
4.72,18.48,28.854094,0.242287169,0,0.757712831
5.9,18.48,28.854094,0.242287169,0,0.757712831
7.08,18.48,28.854094,0.242287169,0,0.757712831
8.26,18.48,28.854094,0.242287169,0,0.757712831
9.44,18.48,28.854094,0.242287169,0,0.757712831
10.62,18.48,28.854094,0.242287169,0,0.757712831
0,19.66,28.854094,0.161524779,0,0.838475221
1.18,19.66,28.854094,0.161524779,0,0.838475221
2.36,19.66,28.854094,0.161524779,0,0.838475221
3.54,19.66,28.854094,0.161524779,0,0.838475221
4.72,19.66,28.854094,0.161524779,0,0.838475221
5.9,19.66,28.854094,0.161524779,0,0.838475221
7.08,19.66,28.854094,0.161524779,0,0.838475221
8.26,19.66,28.854094,0.161524779,0,0.838475221
9.44,19.66,28.854094,0.161524779,0,0.838475221
10.62,19.66,28.854094,0.161524779,0,0.838475221
0,20.84,28.854094,0.121143584,0,0.878856416
1.18,20.84,28.854094,0.121143584,0,0.878856416
2.36,20.84,28.854094,0.121143584,0,0.878856416
3.54,20.84,28.854094,0.121143584,0,0.878856416
4.72,20.84,28.854094,0.121143584,0,0.878856416
5.9,20.84,28.854094,0.121143584,0,0.878856416
7.08,20.84,28.854094,0.121143584,0,0.878856416
8.26,20.84,28.854094,0.121143584,0,0.878856416
9.44,20.84,28.854094,0.121143584,0,0.878856416
10.62,20.84,28.854094,0.121143584,0,0.878856416
0,22.02,28.854094,0.08076239,0,0.91923761
1.18,22.02,28.854094,0.08076239,0,0.91923761
2.36,22.02,28.854094,0.08076239,0,0.91923761
3.54,22.02,28.854094,0.08076239,0,0.91923761
4.72,22.02,28.854094,0.08076239,0,0.91923761
5.9,22.02,28.854094,0.08076239,0,0.91923761
7.08,22.02,28.854094,0.08076239,0,0.91923761
8.26,22.02,28.854094,0.08076239,0,0.91923761
9.44,22.02,28.854094,0.08076239,0,0.91923761
10.62,22.02,28.854094,0.08076239,0,0.91923761
0,23.2,28.854094,0.040381195,0,0.959618805
1.18,23.2,28.854094,0.040381195,0,0.959618805
2.36,23.2,28.854094,0.040381195,0,0.959618805
3.54,23.2,28.854094,0.040381195,0,0.959618805
4.72,23.2,28.854094,0.040381195,0,0.959618805
5.9,23.2,28.854094,0.040381195,0,0.959618805
7.08,23.2,28.854094,0.040381195,0,0.959618805
8.26,23.2,28.854094,0.040381195,0,0.959618805
9.44,23.2,28.854094,0.040381195,0,0.959618805
10.62,23.2,28.854094,0.040381195,0,0.959618805
0,24.38,28.854094,0,0,1
1.18,24.38,28.854094,0,0,1
2.36,24.38,28.854094,0,0,1
3.54,24.38,28.854094,0,0,1
4.72,24.38,28.854094,0,0,1
5.9,24.38,28.854094,0,0,1
7.08,24.38,28.854094,0,0,1
8.26,24.38,28.854094,0,0,1
9.44,24.38,28.854094,0,0,1
10.62,24.38,28.854094,0,0,1
0,-24,29.474094,0,0,1
1.18,-24,29.474094,0,0,1
2.36,-24,29.474094,0,0,1
3.54,-24,29.474094,0,0,1
4.72,-24,29.474094,0,0,1
5.9,-24,29.474094,0,0,1
7.08,-24,29.474094,0,0,1
8.26,-24,29.474094,0,0,1
9.44,-24,29.474094,0,0,1
10.62,-24,29.474094,0,0,1
0,-22.82,29.474094,0.040236718,0,0.959763282
1.18,-22.82,29.474094,0.040236718,0,0.959763282
2.36,-22.82,29.474094,0.040236718,0,0.959763282
3.54,-22.82,29.474094,0.040236718,0,0.959763282
4.72,-22.82,29.474094,0.040236718,0,0.959763282
5.9,-22.82,29.474094,0.040236718,0,0.959763282
7.08,-22.82,29.474094,0.040236718,0,0.959763282
8.26,-22.82,29.474094,0.040236718,0,0.959763282
9.44,-22.82,29.474094,0.040236718,0,0.959763282
10.62,-22.82,29.474094,0.040236718,0,0.959763282
0,-21.64,29.474094,0.080473436,0,0.919526564
1.18,-21.64,29.474094,0.080473436,0,0.919526564
2.36,-21.64,29.474094,0.080473436,0,0.919526564
3.54,-21.64,29.474094,0.080473436,0,0.919526564
4.72,-21.64,29.474094,0.080473436,0,0.919526564
5.9,-21.64,29.474094,0.080473436,0,0.919526564
7.08,-21.64,29.474094,0.080473436,0,0.919526564
8.26,-21.64,29.474094,0.080473436,0,0.919526564
9.44,-21.64,29.474094,0.080473436,0,0.919526564
10.62,-21.64,29.474094,0.080473436,0,0.919526564
0,-20.46,29.474094,0.160946871,0,0.839053129
1.18,-20.46,29.474094,0.160946871,0,0.839053129
2.36,-20.46,29.474094,0.160946871,0,0.839053129
3.54,-20.46,29.474094,0.160946871,0,0.839053129
4.72,-20.46,29.474094,0.160946871,0,0.839053129
5.9,-20.46,29.474094,0.160946871,0,0.839053129
7.08,-20.46,29.474094,0.160946871,0,0.839053129
8.26,-20.46,29.474094,0.160946871,0,0.839053129
9.44,-20.46,29.474094,0.160946871,0,0.839053129
10.62,-20.46,29.474094,0.160946871,0,0.839053129
0,-19.28,29.474094,0.201183589,0,0.798816411
1.18,-19.28,29.474094,0.201183589,0,0.798816411
2.36,-19.28,29.474094,0.201183589,0,0.798816411
3.54,-19.28,29.474094,0.201183589,0,0.798816411
4.72,-19.28,29.474094,0.201183589,0,0.798816411
5.9,-19.28,29.474094,0.201183589,0,0.798816411
7.08,-19.28,29.474094,0.201183589,0,0.798816411
8.26,-19.28,29.474094,0.201183589,0,0.798816411
9.44,-19.28,29.474094,0.201183589,0,0.798816411
10.62,-19.28,29.474094,0.201183589,0,0.798816411
0,-18.1,29.474094,0.241420307,0,0.758579693
1.18,-18.1,29.474094,0.241420307,0,0.758579693
2.36,-18.1,29.474094,0.241420307,0,0.758579693
3.54,-18.1,29.474094,0.241420307,0,0.758579693
4.72,-18.1,29.474094,0.241420307,0,0.758579693
5.9,-18.1,29.474094,0.241420307,0,0.758579693
7.08,-18.1,29.474094,0.241420307,0,0.758579693
8.26,-18.1,29.474094,0.241420307,0,0.758579693
9.44,-18.1,29.474094,0.241420307,0,0.758579693
10.62,-18.1,29.474094,0.241420307,0,0.758579693
0,-16.92,29.474094,0.281657024,0,0.718342976
1.18,-16.92,29.474094,0.281657024,0,0.718342976
2.36,-16.92,29.474094,0.281657024,0,0.718342976
3.54,-16.92,29.474094,0.281657024,0,0.718342976
4.72,-16.92,29.474094,0.281657024,0,0.718342976
5.9,-16.92,29.474094,0.281657024,0,0.718342976
7.08,-16.92,29.474094,0.281657024,0,0.718342976
8.26,-16.92,29.474094,0.281657024,0,0.718342976
9.44,-16.92,29.474094,0.281657024,0,0.718342976
10.62,-16.92,29.474094,0.281657024,0,0.718342976
0,-15.74,29.474094,0.321893742,0,0.678106258
1.18,-15.74,29.474094,0.321893742,0,0.678106258
2.36,-15.74,29.474094,0.321893742,0,0.678106258
3.54,-15.74,29.474094,0.321893742,0,0.678106258
4.72,-15.74,29.474094,0.321893742,0,0.678106258
5.9,-15.74,29.474094,0.321893742,0,0.678106258
7.08,-15.74,29.474094,0.321893742,0,0.678106258
8.26,-15.74,29.474094,0.321893742,0,0.678106258
9.44,-15.74,29.474094,0.321893742,0,0.678106258
10.62,-15.74,29.474094,0.321893742,0,0.678106258
0,-14.56,29.474094,0.36213046,0,0.63786954
1.18,-14.56,29.474094,0.36213046,0,0.63786954
2.36,-14.56,29.474094,0.36213046,0,0.63786954
3.54,-14.56,29.474094,0.36213046,0,0.63786954
4.72,-14.56,29.474094,0.36213046,0,0.63786954
5.9,-14.56,29.474094,0.36213046,0,0.63786954
7.08,-14.56,29.474094,0.36213046,0,0.63786954
8.26,-14.56,29.474094,0.36213046,0,0.63786954
9.44,-14.56,29.474094,0.36213046,0,0.63786954
10.62,-14.56,29.474094,0.36213046,0,0.63786954
0,-13.38,29.474094,0.442603895,0,0.557396105
1.18,-13.38,29.474094,0.442603895,0,0.557396105
2.36,-13.38,29.474094,0.442603895,0,0.557396105
3.54,-13.38,29.474094,0.442603895,0,0.557396105
4.72,-13.38,29.474094,0.442603895,0,0.557396105
5.9,-13.38,29.474094,0.442603895,0,0.557396105
7.08,-13.38,29.474094,0.442603895,0,0.557396105
8.26,-13.38,29.474094,0.442603895,0,0.557396105
9.44,-13.38,29.474094,0.442603895,0,0.557396105
10.62,-13.38,29.474094,0.442603895,0,0.557396105
0,-12.2,29.474094,0.482840613,0,0.517159387
1.18,-12.2,29.474094,0.482840613,0,0.517159387
2.36,-12.2,29.474094,0.482840613,0,0.517159387
3.54,-12.2,29.474094,0.482840613,0,0.517159387
4.72,-12.2,29.474094,0.482840613,0,0.517159387
5.9,-12.2,29.474094,0.482840613,0,0.517159387
7.08,-12.2,29.474094,0.482840613,0,0.517159387
8.26,-12.2,29.474094,0.482840613,0,0.517159387
9.44,-12.2,29.474094,0.482840613,0,0.517159387
10.62,-12.2,29.474094,0.482840613,0,0.517159387
0,-11.02,29.474094,0.523077331,0,0.476922669
1.18,-11.02,29.474094,0.523077331,0,0.476922669
2.36,-11.02,29.474094,0.523077331,0,0.476922669
3.54,-11.02,29.474094,0.523077331,0,0.476922669
4.72,-11.02,29.474094,0.523077331,0,0.476922669
5.9,-11.02,29.474094,0.523077331,0,0.476922669
7.08,-11.02,29.474094,0.523077331,0,0.476922669
8.26,-11.02,29.474094,0.523077331,0,0.476922669
9.44,-11.02,29.474094,0.523077331,0,0.476922669
10.62,-11.02,29.474094,0.523077331,0,0.476922669
0,-9.84,29.474094,0.563314049,0,0.436685951
1.18,-9.84,29.474094,0.563314049,0,0.436685951
2.36,-9.84,29.474094,0.563314049,0,0.436685951
3.54,-9.84,29.474094,0.563314049,0,0.436685951
4.72,-9.84,29.474094,0.563314049,0,0.436685951
5.9,-9.84,29.474094,0.563314049,0,0.436685951
7.08,-9.84,29.474094,0.563314049,0,0.436685951
8.26,-9.84,29.474094,0.563314049,0,0.436685951
9.44,-9.84,29.474094,0.563314049,0,0.436685951
10.62,-9.84,29.474094,0.563314049,0,0.436685951
0,-8.66,29.474094,0.603550767,0,0.396449233
1.18,-8.66,29.474094,0.603550767,0,0.396449233
2.36,-8.66,29.474094,0.603550767,0,0.396449233
3.54,-8.66,29.474094,0.603550767,0,0.396449233
4.72,-8.66,29.474094,0.603550767,0,0.396449233
5.9,-8.66,29.474094,0.603550767,0,0.396449233
7.08,-8.66,29.474094,0.603550767,0,0.396449233
8.26,-8.66,29.474094,0.603550767,0,0.396449233
9.44,-8.66,29.474094,0.603550767,0,0.396449233
10.62,-8.66,29.474094,0.603550767,0,0.396449233
0,-7.48,29.474094,0.684024202,0,0.315975798
1.18,-7.48,29.474094,0.684024202,0,0.315975798
2.36,-7.48,29.474094,0.684024202,0,0.315975798
3.54,-7.48,29.474094,0.684024202,0,0.315975798
4.72,-7.48,29.474094,0.684024202,0,0.315975798
5.9,-7.48,29.474094,0.684024202,0,0.315975798
7.08,-7.48,29.474094,0.684024202,0,0.315975798
8.26,-7.48,29.474094,0.684024202,0,0.315975798
9.44,-7.48,29.474094,0.684024202,0,0.315975798
10.62,-7.48,29.474094,0.684024202,0,0.315975798
0,-6.3,29.474094,0.72426092,0,0.27573908
1.18,-6.3,29.474094,0.72426092,0,0.27573908
2.36,-6.3,29.474094,0.72426092,0,0.27573908
3.54,-6.3,29.474094,0.72426092,0,0.27573908
4.72,-6.3,29.474094,0.72426092,0,0.27573908
5.9,-6.3,29.474094,0.72426092,0,0.27573908
7.08,-6.3,29.474094,0.72426092,0,0.27573908
8.26,-6.3,29.474094,0.72426092,0,0.27573908
9.44,-6.3,29.474094,0.72426092,0,0.27573908
10.62,-6.3,29.474094,0.72426092,0,0.27573908
0,-5.12,29.474094,0.764497638,0,0.235502362
1.18,-5.12,29.474094,0.764497638,0,0.235502362
2.36,-5.12,29.474094,0.764497638,0,0.235502362
3.54,-5.12,29.474094,0.764497638,0,0.235502362
4.72,-5.12,29.474094,0.764497638,0,0.235502362
5.9,-5.12,29.474094,0.764497638,0,0.235502362
7.08,-5.12,29.474094,0.764497638,0,0.235502362
8.26,-5.12,29.474094,0.764497638,0,0.235502362
9.44,-5.12,29.474094,0.764497638,0,0.235502362
10.62,-5.12,29.474094,0.764497638,0,0.235502362
0,-3.94,29.474094,0.804734355,0,0.195265645
1.18,-3.94,29.474094,0.804734355,0,0.195265645
2.36,-3.94,29.474094,0.804734355,0,0.195265645
3.54,-3.94,29.474094,0.804734355,0,0.195265645
4.72,-3.94,29.474094,0.804734355,0,0.195265645
5.9,-3.94,29.474094,0.804734355,0,0.195265645
7.08,-3.94,29.474094,0.804734355,0,0.195265645
8.26,-3.94,29.474094,0.804734355,0,0.195265645
9.44,-3.94,29.474094,0.804734355,0,0.195265645
10.62,-3.94,29.474094,0.804734355,0,0.195265645
0,-2.76,29.474094,0.844971073,0,0.155028927
1.18,-2.76,29.474094,0.844971073,0,0.155028927
2.36,-2.76,29.474094,0.844971073,0,0.155028927
3.54,-2.76,29.474094,0.844971073,0,0.155028927
4.72,-2.76,29.474094,0.844971073,0,0.155028927
5.9,-2.76,29.474094,0.844971073,0,0.155028927
7.08,-2.76,29.474094,0.844971073,0,0.155028927
8.26,-2.76,29.474094,0.844971073,0,0.155028927
9.44,-2.76,29.474094,0.844971073,0,0.155028927
10.62,-2.76,29.474094,0.844971073,0,0.155028927
0,-1.58,29.474094,0.885207791,0,0.114792209
1.18,-1.58,29.474094,0.885207791,0,0.114792209
2.36,-1.58,29.474094,0.885207791,0,0.114792209
3.54,-1.58,29.474094,0.885207791,0,0.114792209
4.72,-1.58,29.474094,0.885207791,0,0.114792209
5.9,-1.58,29.474094,0.885207791,0,0.114792209
7.08,-1.58,29.474094,0.885207791,0,0.114792209
8.26,-1.58,29.474094,0.885207791,0,0.114792209
9.44,-1.58,29.474094,0.885207791,0,0.114792209
10.62,-1.58,29.474094,0.885207791,0,0.114792209
0,-0.400000000000002,29.474094,0.953203659,0,0.046796341
1.18,-0.400000000000002,29.474094,0.953203659,0,0.046796341
2.36,-0.400000000000002,29.474094,0.953203659,0,0.046796341
3.54,-0.400000000000002,29.474094,0.953203659,0,0.046796341
4.72,-0.400000000000002,29.474094,0.953203659,0,0.046796341
5.9,-0.400000000000002,29.474094,0.953203659,0,0.046796341
7.08,-0.400000000000002,29.474094,0.953203659,0,0.046796341
8.26,-0.400000000000002,29.474094,0.953203659,0,0.046796341
9.44,-0.400000000000002,29.474094,0.953203659,0,0.046796341
10.62,-0.400000000000002,29.474094,0.953203659,0,0.046796341
0,0.779999999999998,29.474094,0.925444509,0,0.074555491
1.18,0.779999999999998,29.474094,0.925444509,0,0.074555491
2.36,0.779999999999998,29.474094,0.925444509,0,0.074555491
3.54,0.779999999999998,29.474094,0.925444509,0,0.074555491
4.72,0.779999999999998,29.474094,0.925444509,0,0.074555491
5.9,0.779999999999998,29.474094,0.925444509,0,0.074555491
7.08,0.779999999999998,29.474094,0.925444509,0,0.074555491
8.26,0.779999999999998,29.474094,0.925444509,0,0.074555491
9.44,0.779999999999998,29.474094,0.925444509,0,0.074555491
10.62,0.779999999999998,29.474094,0.925444509,0,0.074555491
0,1.96,29.474094,0.885207791,0,0.114792209
1.18,1.96,29.474094,0.885207791,0,0.114792209
2.36,1.96,29.474094,0.885207791,0,0.114792209
3.54,1.96,29.474094,0.885207791,0,0.114792209
4.72,1.96,29.474094,0.885207791,0,0.114792209
5.9,1.96,29.474094,0.885207791,0,0.114792209
7.08,1.96,29.474094,0.885207791,0,0.114792209
8.26,1.96,29.474094,0.885207791,0,0.114792209
9.44,1.96,29.474094,0.885207791,0,0.114792209
10.62,1.96,29.474094,0.885207791,0,0.114792209
0,3.14,29.474094,0.844971073,0,0.155028927
1.18,3.14,29.474094,0.844971073,0,0.155028927
2.36,3.14,29.474094,0.844971073,0,0.155028927
3.54,3.14,29.474094,0.844971073,0,0.155028927
4.72,3.14,29.474094,0.844971073,0,0.155028927
5.9,3.14,29.474094,0.844971073,0,0.155028927
7.08,3.14,29.474094,0.844971073,0,0.155028927
8.26,3.14,29.474094,0.844971073,0,0.155028927
9.44,3.14,29.474094,0.844971073,0,0.155028927
10.62,3.14,29.474094,0.844971073,0,0.155028927
0,4.32,29.474094,0.804734355,0,0.195265645
1.18,4.32,29.474094,0.804734355,0,0.195265645
2.36,4.32,29.474094,0.804734355,0,0.195265645
3.54,4.32,29.474094,0.804734355,0,0.195265645
4.72,4.32,29.474094,0.804734355,0,0.195265645
5.9,4.32,29.474094,0.804734355,0,0.195265645
7.08,4.32,29.474094,0.804734355,0,0.195265645
8.26,4.32,29.474094,0.804734355,0,0.195265645
9.44,4.32,29.474094,0.804734355,0,0.195265645
10.62,4.32,29.474094,0.804734355,0,0.195265645
0,5.5,29.474094,0.764497638,0,0.235502362
1.18,5.5,29.474094,0.764497638,0,0.235502362
2.36,5.5,29.474094,0.764497638,0,0.235502362
3.54,5.5,29.474094,0.764497638,0,0.235502362
4.72,5.5,29.474094,0.764497638,0,0.235502362
5.9,5.5,29.474094,0.764497638,0,0.235502362
7.08,5.5,29.474094,0.764497638,0,0.235502362
8.26,5.5,29.474094,0.764497638,0,0.235502362
9.44,5.5,29.474094,0.764497638,0,0.235502362
10.62,5.5,29.474094,0.764497638,0,0.235502362
0,6.68,29.474094,0.684024202,0,0.315975798
1.18,6.68,29.474094,0.684024202,0,0.315975798
2.36,6.68,29.474094,0.684024202,0,0.315975798
3.54,6.68,29.474094,0.684024202,0,0.315975798
4.72,6.68,29.474094,0.684024202,0,0.315975798
5.9,6.68,29.474094,0.684024202,0,0.315975798
7.08,6.68,29.474094,0.684024202,0,0.315975798
8.26,6.68,29.474094,0.684024202,0,0.315975798
9.44,6.68,29.474094,0.684024202,0,0.315975798
10.62,6.68,29.474094,0.684024202,0,0.315975798
0,7.86,29.474094,0.643787484,0,0.356212516
1.18,7.86,29.474094,0.643787484,0,0.356212516
2.36,7.86,29.474094,0.643787484,0,0.356212516
3.54,7.86,29.474094,0.643787484,0,0.356212516
4.72,7.86,29.474094,0.643787484,0,0.356212516
5.9,7.86,29.474094,0.643787484,0,0.356212516
7.08,7.86,29.474094,0.643787484,0,0.356212516
8.26,7.86,29.474094,0.643787484,0,0.356212516
9.44,7.86,29.474094,0.643787484,0,0.356212516
10.62,7.86,29.474094,0.643787484,0,0.356212516
0,9.04,29.474094,0.603550767,0,0.396449233
1.18,9.04,29.474094,0.603550767,0,0.396449233
2.36,9.04,29.474094,0.603550767,0,0.396449233
3.54,9.04,29.474094,0.603550767,0,0.396449233
4.72,9.04,29.474094,0.603550767,0,0.396449233
5.9,9.04,29.474094,0.603550767,0,0.396449233
7.08,9.04,29.474094,0.603550767,0,0.396449233
8.26,9.04,29.474094,0.603550767,0,0.396449233
9.44,9.04,29.474094,0.603550767,0,0.396449233
10.62,9.04,29.474094,0.603550767,0,0.396449233
0,10.22,29.474094,0.563314049,0,0.436685951
1.18,10.22,29.474094,0.563314049,0,0.436685951
2.36,10.22,29.474094,0.563314049,0,0.436685951
3.54,10.22,29.474094,0.563314049,0,0.436685951
4.72,10.22,29.474094,0.563314049,0,0.436685951
5.9,10.22,29.474094,0.563314049,0,0.436685951
7.08,10.22,29.474094,0.563314049,0,0.436685951
8.26,10.22,29.474094,0.563314049,0,0.436685951
9.44,10.22,29.474094,0.563314049,0,0.436685951
10.62,10.22,29.474094,0.563314049,0,0.436685951
0,11.4,29.474094,0.523077331,0,0.476922669
1.18,11.4,29.474094,0.523077331,0,0.476922669
2.36,11.4,29.474094,0.523077331,0,0.476922669
3.54,11.4,29.474094,0.523077331,0,0.476922669
4.72,11.4,29.474094,0.523077331,0,0.476922669
5.9,11.4,29.474094,0.523077331,0,0.476922669
7.08,11.4,29.474094,0.523077331,0,0.476922669
8.26,11.4,29.474094,0.523077331,0,0.476922669
9.44,11.4,29.474094,0.523077331,0,0.476922669
10.62,11.4,29.474094,0.523077331,0,0.476922669
0,12.58,29.474094,0.442603895,0,0.557396105
1.18,12.58,29.474094,0.442603895,0,0.557396105
2.36,12.58,29.474094,0.442603895,0,0.557396105
3.54,12.58,29.474094,0.442603895,0,0.557396105
4.72,12.58,29.474094,0.442603895,0,0.557396105
5.9,12.58,29.474094,0.442603895,0,0.557396105
7.08,12.58,29.474094,0.442603895,0,0.557396105
8.26,12.58,29.474094,0.442603895,0,0.557396105
9.44,12.58,29.474094,0.442603895,0,0.557396105
10.62,12.58,29.474094,0.442603895,0,0.557396105
0,13.76,29.474094,0.402367178,0,0.597632822
1.18,13.76,29.474094,0.402367178,0,0.597632822
2.36,13.76,29.474094,0.402367178,0,0.597632822
3.54,13.76,29.474094,0.402367178,0,0.597632822
4.72,13.76,29.474094,0.402367178,0,0.597632822
5.9,13.76,29.474094,0.402367178,0,0.597632822
7.08,13.76,29.474094,0.402367178,0,0.597632822
8.26,13.76,29.474094,0.402367178,0,0.597632822
9.44,13.76,29.474094,0.402367178,0,0.597632822
10.62,13.76,29.474094,0.402367178,0,0.597632822
0,14.94,29.474094,0.36213046,0,0.63786954
1.18,14.94,29.474094,0.36213046,0,0.63786954
2.36,14.94,29.474094,0.36213046,0,0.63786954
3.54,14.94,29.474094,0.36213046,0,0.63786954
4.72,14.94,29.474094,0.36213046,0,0.63786954
5.9,14.94,29.474094,0.36213046,0,0.63786954
7.08,14.94,29.474094,0.36213046,0,0.63786954
8.26,14.94,29.474094,0.36213046,0,0.63786954
9.44,14.94,29.474094,0.36213046,0,0.63786954
10.62,14.94,29.474094,0.36213046,0,0.63786954
0,16.12,29.474094,0.321893742,0,0.678106258
1.18,16.12,29.474094,0.321893742,0,0.678106258
2.36,16.12,29.474094,0.321893742,0,0.678106258
3.54,16.12,29.474094,0.321893742,0,0.678106258
4.72,16.12,29.474094,0.321893742,0,0.678106258
5.9,16.12,29.474094,0.321893742,0,0.678106258
7.08,16.12,29.474094,0.321893742,0,0.678106258
8.26,16.12,29.474094,0.321893742,0,0.678106258
9.44,16.12,29.474094,0.321893742,0,0.678106258
10.62,16.12,29.474094,0.321893742,0,0.678106258
0,17.3,29.474094,0.281657024,0,0.718342976
1.18,17.3,29.474094,0.281657024,0,0.718342976
2.36,17.3,29.474094,0.281657024,0,0.718342976
3.54,17.3,29.474094,0.281657024,0,0.718342976
4.72,17.3,29.474094,0.281657024,0,0.718342976
5.9,17.3,29.474094,0.281657024,0,0.718342976
7.08,17.3,29.474094,0.281657024,0,0.718342976
8.26,17.3,29.474094,0.281657024,0,0.718342976
9.44,17.3,29.474094,0.281657024,0,0.718342976
10.62,17.3,29.474094,0.281657024,0,0.718342976
0,18.48,29.474094,0.241420307,0,0.758579693
1.18,18.48,29.474094,0.241420307,0,0.758579693
2.36,18.48,29.474094,0.241420307,0,0.758579693
3.54,18.48,29.474094,0.241420307,0,0.758579693
4.72,18.48,29.474094,0.241420307,0,0.758579693
5.9,18.48,29.474094,0.241420307,0,0.758579693
7.08,18.48,29.474094,0.241420307,0,0.758579693
8.26,18.48,29.474094,0.241420307,0,0.758579693
9.44,18.48,29.474094,0.241420307,0,0.758579693
10.62,18.48,29.474094,0.241420307,0,0.758579693
0,19.66,29.474094,0.160946871,0,0.839053129
1.18,19.66,29.474094,0.160946871,0,0.839053129
2.36,19.66,29.474094,0.160946871,0,0.839053129
3.54,19.66,29.474094,0.160946871,0,0.839053129
4.72,19.66,29.474094,0.160946871,0,0.839053129
5.9,19.66,29.474094,0.160946871,0,0.839053129
7.08,19.66,29.474094,0.160946871,0,0.839053129
8.26,19.66,29.474094,0.160946871,0,0.839053129
9.44,19.66,29.474094,0.160946871,0,0.839053129
10.62,19.66,29.474094,0.160946871,0,0.839053129
0,20.84,29.474094,0.120710153,0,0.879289847
1.18,20.84,29.474094,0.120710153,0,0.879289847
2.36,20.84,29.474094,0.120710153,0,0.879289847
3.54,20.84,29.474094,0.120710153,0,0.879289847
4.72,20.84,29.474094,0.120710153,0,0.879289847
5.9,20.84,29.474094,0.120710153,0,0.879289847
7.08,20.84,29.474094,0.120710153,0,0.879289847
8.26,20.84,29.474094,0.120710153,0,0.879289847
9.44,20.84,29.474094,0.120710153,0,0.879289847
10.62,20.84,29.474094,0.120710153,0,0.879289847
0,22.02,29.474094,0.080473436,0,0.919526564
1.18,22.02,29.474094,0.080473436,0,0.919526564
2.36,22.02,29.474094,0.080473436,0,0.919526564
3.54,22.02,29.474094,0.080473436,0,0.919526564
4.72,22.02,29.474094,0.080473436,0,0.919526564
5.9,22.02,29.474094,0.080473436,0,0.919526564
7.08,22.02,29.474094,0.080473436,0,0.919526564
8.26,22.02,29.474094,0.080473436,0,0.919526564
9.44,22.02,29.474094,0.080473436,0,0.919526564
10.62,22.02,29.474094,0.080473436,0,0.919526564
0,23.2,29.474094,0.040236718,0,0.959763282
1.18,23.2,29.474094,0.040236718,0,0.959763282
2.36,23.2,29.474094,0.040236718,0,0.959763282
3.54,23.2,29.474094,0.040236718,0,0.959763282
4.72,23.2,29.474094,0.040236718,0,0.959763282
5.9,23.2,29.474094,0.040236718,0,0.959763282
7.08,23.2,29.474094,0.040236718,0,0.959763282
8.26,23.2,29.474094,0.040236718,0,0.959763282
9.44,23.2,29.474094,0.040236718,0,0.959763282
10.62,23.2,29.474094,0.040236718,0,0.959763282
0,24.38,29.474094,0,0,1
1.18,24.38,29.474094,0,0,1
2.36,24.38,29.474094,0,0,1
3.54,24.38,29.474094,0,0,1
4.72,24.38,29.474094,0,0,1
5.9,24.38,29.474094,0,0,1
7.08,24.38,29.474094,0,0,1
8.26,24.38,29.474094,0,0,1
9.44,24.38,29.474094,0,0,1
10.62,24.38,29.474094,0,0,1
0,-22.82,30.094094,0.04009172,0,0.95990828
1.18,-22.82,30.094094,0.04009172,0,0.95990828
2.36,-22.82,30.094094,0.04009172,0,0.95990828
3.54,-22.82,30.094094,0.04009172,0,0.95990828
4.72,-22.82,30.094094,0.04009172,0,0.95990828
5.9,-22.82,30.094094,0.04009172,0,0.95990828
7.08,-22.82,30.094094,0.04009172,0,0.95990828
8.26,-22.82,30.094094,0.04009172,0,0.95990828
9.44,-22.82,30.094094,0.04009172,0,0.95990828
10.62,-22.82,30.094094,0.04009172,0,0.95990828
0,-21.64,30.094094,0.079892392,0,0.920107608
1.18,-21.64,30.094094,0.079892392,0,0.920107608
2.36,-21.64,30.094094,0.079892392,0,0.920107608
3.54,-21.64,30.094094,0.079892392,0,0.920107608
4.72,-21.64,30.094094,0.079892392,0,0.920107608
5.9,-21.64,30.094094,0.079892392,0,0.920107608
7.08,-21.64,30.094094,0.079892392,0,0.920107608
8.26,-21.64,30.094094,0.079892392,0,0.920107608
9.44,-21.64,30.094094,0.079892392,0,0.920107608
10.62,-21.64,30.094094,0.079892392,0,0.920107608
0,-20.46,30.094094,0.159784785,0,0.840215215
1.18,-20.46,30.094094,0.159784785,0,0.840215215
2.36,-20.46,30.094094,0.159784785,0,0.840215215
3.54,-20.46,30.094094,0.159784785,0,0.840215215
4.72,-20.46,30.094094,0.159784785,0,0.840215215
5.9,-20.46,30.094094,0.159784785,0,0.840215215
7.08,-20.46,30.094094,0.159784785,0,0.840215215
8.26,-20.46,30.094094,0.159784785,0,0.840215215
9.44,-20.46,30.094094,0.159784785,0,0.840215215
10.62,-20.46,30.094094,0.159784785,0,0.840215215
0,-19.28,30.094094,0.199730981,0,0.800269019
1.18,-19.28,30.094094,0.199730981,0,0.800269019
2.36,-19.28,30.094094,0.199730981,0,0.800269019
3.54,-19.28,30.094094,0.199730981,0,0.800269019
4.72,-19.28,30.094094,0.199730981,0,0.800269019
5.9,-19.28,30.094094,0.199730981,0,0.800269019
7.08,-19.28,30.094094,0.199730981,0,0.800269019
8.26,-19.28,30.094094,0.199730981,0,0.800269019
9.44,-19.28,30.094094,0.199730981,0,0.800269019
10.62,-19.28,30.094094,0.199730981,0,0.800269019
0,-18.1,30.094094,0.239677177,0,0.760322823
1.18,-18.1,30.094094,0.239677177,0,0.760322823
2.36,-18.1,30.094094,0.239677177,0,0.760322823
3.54,-18.1,30.094094,0.239677177,0,0.760322823
4.72,-18.1,30.094094,0.239677177,0,0.760322823
5.9,-18.1,30.094094,0.239677177,0,0.760322823
7.08,-18.1,30.094094,0.239677177,0,0.760322823
8.26,-18.1,30.094094,0.239677177,0,0.760322823
9.44,-18.1,30.094094,0.239677177,0,0.760322823
10.62,-18.1,30.094094,0.239677177,0,0.760322823
0,-16.92,30.094094,0.279623373,0,0.720376627
1.18,-16.92,30.094094,0.279623373,0,0.720376627
2.36,-16.92,30.094094,0.279623373,0,0.720376627
3.54,-16.92,30.094094,0.279623373,0,0.720376627
4.72,-16.92,30.094094,0.279623373,0,0.720376627
5.9,-16.92,30.094094,0.279623373,0,0.720376627
7.08,-16.92,30.094094,0.279623373,0,0.720376627
8.26,-16.92,30.094094,0.279623373,0,0.720376627
9.44,-16.92,30.094094,0.279623373,0,0.720376627
10.62,-16.92,30.094094,0.279623373,0,0.720376627
0,-15.74,30.094094,0.319569569,0,0.680430431
1.18,-15.74,30.094094,0.319569569,0,0.680430431
2.36,-15.74,30.094094,0.319569569,0,0.680430431
3.54,-15.74,30.094094,0.319569569,0,0.680430431
4.72,-15.74,30.094094,0.319569569,0,0.680430431
5.9,-15.74,30.094094,0.319569569,0,0.680430431
7.08,-15.74,30.094094,0.319569569,0,0.680430431
8.26,-15.74,30.094094,0.319569569,0,0.680430431
9.44,-15.74,30.094094,0.319569569,0,0.680430431
10.62,-15.74,30.094094,0.319569569,0,0.680430431
0,-14.56,30.094094,0.359515765,0,0.640484235
1.18,-14.56,30.094094,0.359515765,0,0.640484235
2.36,-14.56,30.094094,0.359515765,0,0.640484235
3.54,-14.56,30.094094,0.359515765,0,0.640484235
4.72,-14.56,30.094094,0.359515765,0,0.640484235
5.9,-14.56,30.094094,0.359515765,0,0.640484235
7.08,-14.56,30.094094,0.359515765,0,0.640484235
8.26,-14.56,30.094094,0.359515765,0,0.640484235
9.44,-14.56,30.094094,0.359515765,0,0.640484235
10.62,-14.56,30.094094,0.359515765,0,0.640484235
0,-13.38,30.094094,0.439408158,0,0.560591842
1.18,-13.38,30.094094,0.439408158,0,0.560591842
2.36,-13.38,30.094094,0.439408158,0,0.560591842
3.54,-13.38,30.094094,0.439408158,0,0.560591842
4.72,-13.38,30.094094,0.439408158,0,0.560591842
5.9,-13.38,30.094094,0.439408158,0,0.560591842
7.08,-13.38,30.094094,0.439408158,0,0.560591842
8.26,-13.38,30.094094,0.439408158,0,0.560591842
9.44,-13.38,30.094094,0.439408158,0,0.560591842
10.62,-13.38,30.094094,0.439408158,0,0.560591842
0,-12.2,30.094094,0.479354354,0,0.520645646
1.18,-12.2,30.094094,0.479354354,0,0.520645646
2.36,-12.2,30.094094,0.479354354,0,0.520645646
3.54,-12.2,30.094094,0.479354354,0,0.520645646
4.72,-12.2,30.094094,0.479354354,0,0.520645646
5.9,-12.2,30.094094,0.479354354,0,0.520645646
7.08,-12.2,30.094094,0.479354354,0,0.520645646
8.26,-12.2,30.094094,0.479354354,0,0.520645646
9.44,-12.2,30.094094,0.479354354,0,0.520645646
10.62,-12.2,30.094094,0.479354354,0,0.520645646
0,-11.02,30.094094,0.51930055,0,0.48069945
1.18,-11.02,30.094094,0.51930055,0,0.48069945
2.36,-11.02,30.094094,0.51930055,0,0.48069945
3.54,-11.02,30.094094,0.51930055,0,0.48069945
4.72,-11.02,30.094094,0.51930055,0,0.48069945
5.9,-11.02,30.094094,0.51930055,0,0.48069945
7.08,-11.02,30.094094,0.51930055,0,0.48069945
8.26,-11.02,30.094094,0.51930055,0,0.48069945
9.44,-11.02,30.094094,0.51930055,0,0.48069945
10.62,-11.02,30.094094,0.51930055,0,0.48069945
0,-9.84,30.094094,0.559246746,0,0.440753254
1.18,-9.84,30.094094,0.559246746,0,0.440753254
2.36,-9.84,30.094094,0.559246746,0,0.440753254
3.54,-9.84,30.094094,0.559246746,0,0.440753254
4.72,-9.84,30.094094,0.559246746,0,0.440753254
5.9,-9.84,30.094094,0.559246746,0,0.440753254
7.08,-9.84,30.094094,0.559246746,0,0.440753254
8.26,-9.84,30.094094,0.559246746,0,0.440753254
9.44,-9.84,30.094094,0.559246746,0,0.440753254
10.62,-9.84,30.094094,0.559246746,0,0.440753254
0,-8.66,30.094094,0.599192942,0,0.400807058
1.18,-8.66,30.094094,0.599192942,0,0.400807058
2.36,-8.66,30.094094,0.599192942,0,0.400807058
3.54,-8.66,30.094094,0.599192942,0,0.400807058
4.72,-8.66,30.094094,0.599192942,0,0.400807058
5.9,-8.66,30.094094,0.599192942,0,0.400807058
7.08,-8.66,30.094094,0.599192942,0,0.400807058
8.26,-8.66,30.094094,0.599192942,0,0.400807058
9.44,-8.66,30.094094,0.599192942,0,0.400807058
10.62,-8.66,30.094094,0.599192942,0,0.400807058
0,-7.48,30.094094,0.679085335,0,0.320914665
1.18,-7.48,30.094094,0.679085335,0,0.320914665
2.36,-7.48,30.094094,0.679085335,0,0.320914665
3.54,-7.48,30.094094,0.679085335,0,0.320914665
4.72,-7.48,30.094094,0.679085335,0,0.320914665
5.9,-7.48,30.094094,0.679085335,0,0.320914665
7.08,-7.48,30.094094,0.679085335,0,0.320914665
8.26,-7.48,30.094094,0.679085335,0,0.320914665
9.44,-7.48,30.094094,0.679085335,0,0.320914665
10.62,-7.48,30.094094,0.679085335,0,0.320914665
0,-6.3,30.094094,0.719031531,0,0.280968469
1.18,-6.3,30.094094,0.719031531,0,0.280968469
2.36,-6.3,30.094094,0.719031531,0,0.280968469
3.54,-6.3,30.094094,0.719031531,0,0.280968469
4.72,-6.3,30.094094,0.719031531,0,0.280968469
5.9,-6.3,30.094094,0.719031531,0,0.280968469
7.08,-6.3,30.094094,0.719031531,0,0.280968469
8.26,-6.3,30.094094,0.719031531,0,0.280968469
9.44,-6.3,30.094094,0.719031531,0,0.280968469
10.62,-6.3,30.094094,0.719031531,0,0.280968469
0,-5.12,30.094094,0.758977727,0,0.241022273
1.18,-5.12,30.094094,0.758977727,0,0.241022273
2.36,-5.12,30.094094,0.758977727,0,0.241022273
3.54,-5.12,30.094094,0.758977727,0,0.241022273
4.72,-5.12,30.094094,0.758977727,0,0.241022273
5.9,-5.12,30.094094,0.758977727,0,0.241022273
7.08,-5.12,30.094094,0.758977727,0,0.241022273
8.26,-5.12,30.094094,0.758977727,0,0.241022273
9.44,-5.12,30.094094,0.758977727,0,0.241022273
10.62,-5.12,30.094094,0.758977727,0,0.241022273
0,-3.94,30.094094,0.798923923,0,0.201076077
1.18,-3.94,30.094094,0.798923923,0,0.201076077
2.36,-3.94,30.094094,0.798923923,0,0.201076077
3.54,-3.94,30.094094,0.798923923,0,0.201076077
4.72,-3.94,30.094094,0.798923923,0,0.201076077
5.9,-3.94,30.094094,0.798923923,0,0.201076077
7.08,-3.94,30.094094,0.798923923,0,0.201076077
8.26,-3.94,30.094094,0.798923923,0,0.201076077
9.44,-3.94,30.094094,0.798923923,0,0.201076077
10.62,-3.94,30.094094,0.798923923,0,0.201076077
0,-2.76,30.094094,0.838870119,0,0.161129881
1.18,-2.76,30.094094,0.838870119,0,0.161129881
2.36,-2.76,30.094094,0.838870119,0,0.161129881
3.54,-2.76,30.094094,0.838870119,0,0.161129881
4.72,-2.76,30.094094,0.838870119,0,0.161129881
5.9,-2.76,30.094094,0.838870119,0,0.161129881
7.08,-2.76,30.094094,0.838870119,0,0.161129881
8.26,-2.76,30.094094,0.838870119,0,0.161129881
9.44,-2.76,30.094094,0.838870119,0,0.161129881
10.62,-2.76,30.094094,0.838870119,0,0.161129881
0,-1.58,30.094094,0.878816315,0,0.121183685
1.18,-1.58,30.094094,0.878816315,0,0.121183685
2.36,-1.58,30.094094,0.878816315,0,0.121183685
3.54,-1.58,30.094094,0.878816315,0,0.121183685
4.72,-1.58,30.094094,0.878816315,0,0.121183685
5.9,-1.58,30.094094,0.878816315,0,0.121183685
7.08,-1.58,30.094094,0.878816315,0,0.121183685
8.26,-1.58,30.094094,0.878816315,0,0.121183685
9.44,-1.58,30.094094,0.878816315,0,0.121183685
10.62,-1.58,30.094094,0.878816315,0,0.121183685
0,-0.400000000000002,30.094094,0.946321232,0,0.053678768
1.18,-0.400000000000002,30.094094,0.946321232,0,0.053678768
2.36,-0.400000000000002,30.094094,0.946321232,0,0.053678768
3.54,-0.400000000000002,30.094094,0.946321232,0,0.053678768
4.72,-0.400000000000002,30.094094,0.946321232,0,0.053678768
5.9,-0.400000000000002,30.094094,0.946321232,0,0.053678768
7.08,-0.400000000000002,30.094094,0.946321232,0,0.053678768
8.26,-0.400000000000002,30.094094,0.946321232,0,0.053678768
9.44,-0.400000000000002,30.094094,0.946321232,0,0.053678768
10.62,-0.400000000000002,30.094094,0.946321232,0,0.053678768
0,0.779999999999998,30.094094,0.918762512,0,0.081237488
1.18,0.779999999999998,30.094094,0.918762512,0,0.081237488
2.36,0.779999999999998,30.094094,0.918762512,0,0.081237488
3.54,0.779999999999998,30.094094,0.918762512,0,0.081237488
4.72,0.779999999999998,30.094094,0.918762512,0,0.081237488
5.9,0.779999999999998,30.094094,0.918762512,0,0.081237488
7.08,0.779999999999998,30.094094,0.918762512,0,0.081237488
8.26,0.779999999999998,30.094094,0.918762512,0,0.081237488
9.44,0.779999999999998,30.094094,0.918762512,0,0.081237488
10.62,0.779999999999998,30.094094,0.918762512,0,0.081237488
0,1.96,30.094094,0.878816315,0,0.121183685
1.18,1.96,30.094094,0.878816315,0,0.121183685
2.36,1.96,30.094094,0.878816315,0,0.121183685
3.54,1.96,30.094094,0.878816315,0,0.121183685
4.72,1.96,30.094094,0.878816315,0,0.121183685
5.9,1.96,30.094094,0.878816315,0,0.121183685
7.08,1.96,30.094094,0.878816315,0,0.121183685
8.26,1.96,30.094094,0.878816315,0,0.121183685
9.44,1.96,30.094094,0.878816315,0,0.121183685
10.62,1.96,30.094094,0.878816315,0,0.121183685
0,3.14,30.094094,0.838870119,0,0.161129881
1.18,3.14,30.094094,0.838870119,0,0.161129881
2.36,3.14,30.094094,0.838870119,0,0.161129881
3.54,3.14,30.094094,0.838870119,0,0.161129881
4.72,3.14,30.094094,0.838870119,0,0.161129881
5.9,3.14,30.094094,0.838870119,0,0.161129881
7.08,3.14,30.094094,0.838870119,0,0.161129881
8.26,3.14,30.094094,0.838870119,0,0.161129881
9.44,3.14,30.094094,0.838870119,0,0.161129881
10.62,3.14,30.094094,0.838870119,0,0.161129881
0,4.32,30.094094,0.798923923,0,0.201076077
1.18,4.32,30.094094,0.798923923,0,0.201076077
2.36,4.32,30.094094,0.798923923,0,0.201076077
3.54,4.32,30.094094,0.798923923,0,0.201076077
4.72,4.32,30.094094,0.798923923,0,0.201076077
5.9,4.32,30.094094,0.798923923,0,0.201076077
7.08,4.32,30.094094,0.798923923,0,0.201076077
8.26,4.32,30.094094,0.798923923,0,0.201076077
9.44,4.32,30.094094,0.798923923,0,0.201076077
10.62,4.32,30.094094,0.798923923,0,0.201076077
0,5.5,30.094094,0.758977727,0,0.241022273
1.18,5.5,30.094094,0.758977727,0,0.241022273
2.36,5.5,30.094094,0.758977727,0,0.241022273
3.54,5.5,30.094094,0.758977727,0,0.241022273
4.72,5.5,30.094094,0.758977727,0,0.241022273
5.9,5.5,30.094094,0.758977727,0,0.241022273
7.08,5.5,30.094094,0.758977727,0,0.241022273
8.26,5.5,30.094094,0.758977727,0,0.241022273
9.44,5.5,30.094094,0.758977727,0,0.241022273
10.62,5.5,30.094094,0.758977727,0,0.241022273
0,6.68,30.094094,0.679085335,0,0.320914665
1.18,6.68,30.094094,0.679085335,0,0.320914665
2.36,6.68,30.094094,0.679085335,0,0.320914665
3.54,6.68,30.094094,0.679085335,0,0.320914665
4.72,6.68,30.094094,0.679085335,0,0.320914665
5.9,6.68,30.094094,0.679085335,0,0.320914665
7.08,6.68,30.094094,0.679085335,0,0.320914665
8.26,6.68,30.094094,0.679085335,0,0.320914665
9.44,6.68,30.094094,0.679085335,0,0.320914665
10.62,6.68,30.094094,0.679085335,0,0.320914665
0,7.86,30.094094,0.639139138,0,0.360860862
1.18,7.86,30.094094,0.639139138,0,0.360860862
2.36,7.86,30.094094,0.639139138,0,0.360860862
3.54,7.86,30.094094,0.639139138,0,0.360860862
4.72,7.86,30.094094,0.639139138,0,0.360860862
5.9,7.86,30.094094,0.639139138,0,0.360860862
7.08,7.86,30.094094,0.639139138,0,0.360860862
8.26,7.86,30.094094,0.639139138,0,0.360860862
9.44,7.86,30.094094,0.639139138,0,0.360860862
10.62,7.86,30.094094,0.639139138,0,0.360860862
0,9.04,30.094094,0.599192942,0,0.400807058
1.18,9.04,30.094094,0.599192942,0,0.400807058
2.36,9.04,30.094094,0.599192942,0,0.400807058
3.54,9.04,30.094094,0.599192942,0,0.400807058
4.72,9.04,30.094094,0.599192942,0,0.400807058
5.9,9.04,30.094094,0.599192942,0,0.400807058
7.08,9.04,30.094094,0.599192942,0,0.400807058
8.26,9.04,30.094094,0.599192942,0,0.400807058
9.44,9.04,30.094094,0.599192942,0,0.400807058
10.62,9.04,30.094094,0.599192942,0,0.400807058
0,10.22,30.094094,0.559246746,0,0.440753254
1.18,10.22,30.094094,0.559246746,0,0.440753254
2.36,10.22,30.094094,0.559246746,0,0.440753254
3.54,10.22,30.094094,0.559246746,0,0.440753254
4.72,10.22,30.094094,0.559246746,0,0.440753254
5.9,10.22,30.094094,0.559246746,0,0.440753254
7.08,10.22,30.094094,0.559246746,0,0.440753254
8.26,10.22,30.094094,0.559246746,0,0.440753254
9.44,10.22,30.094094,0.559246746,0,0.440753254
10.62,10.22,30.094094,0.559246746,0,0.440753254
0,11.4,30.094094,0.51930055,0,0.48069945
1.18,11.4,30.094094,0.51930055,0,0.48069945
2.36,11.4,30.094094,0.51930055,0,0.48069945
3.54,11.4,30.094094,0.51930055,0,0.48069945
4.72,11.4,30.094094,0.51930055,0,0.48069945
5.9,11.4,30.094094,0.51930055,0,0.48069945
7.08,11.4,30.094094,0.51930055,0,0.48069945
8.26,11.4,30.094094,0.51930055,0,0.48069945
9.44,11.4,30.094094,0.51930055,0,0.48069945
10.62,11.4,30.094094,0.51930055,0,0.48069945
0,12.58,30.094094,0.439408158,0,0.560591842
1.18,12.58,30.094094,0.439408158,0,0.560591842
2.36,12.58,30.094094,0.439408158,0,0.560591842
3.54,12.58,30.094094,0.439408158,0,0.560591842
4.72,12.58,30.094094,0.439408158,0,0.560591842
5.9,12.58,30.094094,0.439408158,0,0.560591842
7.08,12.58,30.094094,0.439408158,0,0.560591842
8.26,12.58,30.094094,0.439408158,0,0.560591842
9.44,12.58,30.094094,0.439408158,0,0.560591842
10.62,12.58,30.094094,0.439408158,0,0.560591842
0,13.76,30.094094,0.399461962,0,0.600538038
1.18,13.76,30.094094,0.399461962,0,0.600538038
2.36,13.76,30.094094,0.399461962,0,0.600538038
3.54,13.76,30.094094,0.399461962,0,0.600538038
4.72,13.76,30.094094,0.399461962,0,0.600538038
5.9,13.76,30.094094,0.399461962,0,0.600538038
7.08,13.76,30.094094,0.399461962,0,0.600538038
8.26,13.76,30.094094,0.399461962,0,0.600538038
9.44,13.76,30.094094,0.399461962,0,0.600538038
10.62,13.76,30.094094,0.399461962,0,0.600538038
0,14.94,30.094094,0.359515765,0,0.640484235
1.18,14.94,30.094094,0.359515765,0,0.640484235
2.36,14.94,30.094094,0.359515765,0,0.640484235
3.54,14.94,30.094094,0.359515765,0,0.640484235
4.72,14.94,30.094094,0.359515765,0,0.640484235
5.9,14.94,30.094094,0.359515765,0,0.640484235
7.08,14.94,30.094094,0.359515765,0,0.640484235
8.26,14.94,30.094094,0.359515765,0,0.640484235
9.44,14.94,30.094094,0.359515765,0,0.640484235
10.62,14.94,30.094094,0.359515765,0,0.640484235
0,16.12,30.094094,0.319569569,0,0.680430431
1.18,16.12,30.094094,0.319569569,0,0.680430431
2.36,16.12,30.094094,0.319569569,0,0.680430431
3.54,16.12,30.094094,0.319569569,0,0.680430431
4.72,16.12,30.094094,0.319569569,0,0.680430431
5.9,16.12,30.094094,0.319569569,0,0.680430431
7.08,16.12,30.094094,0.319569569,0,0.680430431
8.26,16.12,30.094094,0.319569569,0,0.680430431
9.44,16.12,30.094094,0.319569569,0,0.680430431
10.62,16.12,30.094094,0.319569569,0,0.680430431
0,17.3,30.094094,0.279623373,0,0.720376627
1.18,17.3,30.094094,0.279623373,0,0.720376627
2.36,17.3,30.094094,0.279623373,0,0.720376627
3.54,17.3,30.094094,0.279623373,0,0.720376627
4.72,17.3,30.094094,0.279623373,0,0.720376627
5.9,17.3,30.094094,0.279623373,0,0.720376627
7.08,17.3,30.094094,0.279623373,0,0.720376627
8.26,17.3,30.094094,0.279623373,0,0.720376627
9.44,17.3,30.094094,0.279623373,0,0.720376627
10.62,17.3,30.094094,0.279623373,0,0.720376627
0,18.48,30.094094,0.239677177,0,0.760322823
1.18,18.48,30.094094,0.239677177,0,0.760322823
2.36,18.48,30.094094,0.239677177,0,0.760322823
3.54,18.48,30.094094,0.239677177,0,0.760322823
4.72,18.48,30.094094,0.239677177,0,0.760322823
5.9,18.48,30.094094,0.239677177,0,0.760322823
7.08,18.48,30.094094,0.239677177,0,0.760322823
8.26,18.48,30.094094,0.239677177,0,0.760322823
9.44,18.48,30.094094,0.239677177,0,0.760322823
10.62,18.48,30.094094,0.239677177,0,0.760322823
0,19.66,30.094094,0.159784785,0,0.840215215
1.18,19.66,30.094094,0.159784785,0,0.840215215
2.36,19.66,30.094094,0.159784785,0,0.840215215
3.54,19.66,30.094094,0.159784785,0,0.840215215
4.72,19.66,30.094094,0.159784785,0,0.840215215
5.9,19.66,30.094094,0.159784785,0,0.840215215
7.08,19.66,30.094094,0.159784785,0,0.840215215
8.26,19.66,30.094094,0.159784785,0,0.840215215
9.44,19.66,30.094094,0.159784785,0,0.840215215
10.62,19.66,30.094094,0.159784785,0,0.840215215
0,20.84,30.094094,0.119838588,0,0.880161412
1.18,20.84,30.094094,0.119838588,0,0.880161412
2.36,20.84,30.094094,0.119838588,0,0.880161412
3.54,20.84,30.094094,0.119838588,0,0.880161412
4.72,20.84,30.094094,0.119838588,0,0.880161412
5.9,20.84,30.094094,0.119838588,0,0.880161412
7.08,20.84,30.094094,0.119838588,0,0.880161412
8.26,20.84,30.094094,0.119838588,0,0.880161412
9.44,20.84,30.094094,0.119838588,0,0.880161412
10.62,20.84,30.094094,0.119838588,0,0.880161412
0,22.02,30.094094,0.079892392,0,0.920107608
1.18,22.02,30.094094,0.079892392,0,0.920107608
2.36,22.02,30.094094,0.079892392,0,0.920107608
3.54,22.02,30.094094,0.079892392,0,0.920107608
4.72,22.02,30.094094,0.079892392,0,0.920107608
5.9,22.02,30.094094,0.079892392,0,0.920107608
7.08,22.02,30.094094,0.079892392,0,0.920107608
8.26,22.02,30.094094,0.079892392,0,0.920107608
9.44,22.02,30.094094,0.079892392,0,0.920107608
10.62,22.02,30.094094,0.079892392,0,0.920107608
0,23.2,30.094094,0.04009172,0,0.95990828
1.18,23.2,30.094094,0.04009172,0,0.95990828
2.36,23.2,30.094094,0.04009172,0,0.95990828
3.54,23.2,30.094094,0.04009172,0,0.95990828
4.72,23.2,30.094094,0.04009172,0,0.95990828
5.9,23.2,30.094094,0.04009172,0,0.95990828
7.08,23.2,30.094094,0.04009172,0,0.95990828
8.26,23.2,30.094094,0.04009172,0,0.95990828
9.44,23.2,30.094094,0.04009172,0,0.95990828
10.62,23.2,30.094094,0.04009172,0,0.95990828
0,-22.82,30.714094,0.079892392,0,0.920107608
1.18,-22.82,30.714094,0.079892392,0,0.920107608
2.36,-22.82,30.714094,0.079892392,0,0.920107608
3.54,-22.82,30.714094,0.079892392,0,0.920107608
4.72,-22.82,30.714094,0.079892392,0,0.920107608
5.9,-22.82,30.714094,0.079892392,0,0.920107608
7.08,-22.82,30.714094,0.079892392,0,0.920107608
8.26,-22.82,30.714094,0.079892392,0,0.920107608
9.44,-22.82,30.714094,0.079892392,0,0.920107608
10.62,-22.82,30.714094,0.079892392,0,0.920107608
0,-21.64,30.714094,0.079892392,0,0.920107608
1.18,-21.64,30.714094,0.079892392,0,0.920107608
2.36,-21.64,30.714094,0.079892392,0,0.920107608
3.54,-21.64,30.714094,0.079892392,0,0.920107608
4.72,-21.64,30.714094,0.079892392,0,0.920107608
5.9,-21.64,30.714094,0.079892392,0,0.920107608
7.08,-21.64,30.714094,0.079892392,0,0.920107608
8.26,-21.64,30.714094,0.079892392,0,0.920107608
9.44,-21.64,30.714094,0.079892392,0,0.920107608
10.62,-21.64,30.714094,0.079892392,0,0.920107608
0,-20.46,30.714094,0.15920056,0,0.84079944
1.18,-20.46,30.714094,0.15920056,0,0.84079944
2.36,-20.46,30.714094,0.15920056,0,0.84079944
3.54,-20.46,30.714094,0.15920056,0,0.84079944
4.72,-20.46,30.714094,0.15920056,0,0.84079944
5.9,-20.46,30.714094,0.15920056,0,0.84079944
7.08,-20.46,30.714094,0.15920056,0,0.84079944
8.26,-20.46,30.714094,0.15920056,0,0.84079944
9.44,-20.46,30.714094,0.15920056,0,0.84079944
10.62,-20.46,30.714094,0.15920056,0,0.84079944
0,-19.28,30.714094,0.199000701,0,0.800999299
1.18,-19.28,30.714094,0.199000701,0,0.800999299
2.36,-19.28,30.714094,0.199000701,0,0.800999299
3.54,-19.28,30.714094,0.199000701,0,0.800999299
4.72,-19.28,30.714094,0.199000701,0,0.800999299
5.9,-19.28,30.714094,0.199000701,0,0.800999299
7.08,-19.28,30.714094,0.199000701,0,0.800999299
8.26,-19.28,30.714094,0.199000701,0,0.800999299
9.44,-19.28,30.714094,0.199000701,0,0.800999299
10.62,-19.28,30.714094,0.199000701,0,0.800999299
0,-18.1,30.714094,0.238800841,0,0.761199159
1.18,-18.1,30.714094,0.238800841,0,0.761199159
2.36,-18.1,30.714094,0.238800841,0,0.761199159
3.54,-18.1,30.714094,0.238800841,0,0.761199159
4.72,-18.1,30.714094,0.238800841,0,0.761199159
5.9,-18.1,30.714094,0.238800841,0,0.761199159
7.08,-18.1,30.714094,0.238800841,0,0.761199159
8.26,-18.1,30.714094,0.238800841,0,0.761199159
9.44,-18.1,30.714094,0.238800841,0,0.761199159
10.62,-18.1,30.714094,0.238800841,0,0.761199159
0,-16.92,30.714094,0.278600981,0,0.721399019
1.18,-16.92,30.714094,0.278600981,0,0.721399019
2.36,-16.92,30.714094,0.278600981,0,0.721399019
3.54,-16.92,30.714094,0.278600981,0,0.721399019
4.72,-16.92,30.714094,0.278600981,0,0.721399019
5.9,-16.92,30.714094,0.278600981,0,0.721399019
7.08,-16.92,30.714094,0.278600981,0,0.721399019
8.26,-16.92,30.714094,0.278600981,0,0.721399019
9.44,-16.92,30.714094,0.278600981,0,0.721399019
10.62,-16.92,30.714094,0.278600981,0,0.721399019
0,-15.74,30.714094,0.318401121,0,0.681598879
1.18,-15.74,30.714094,0.318401121,0,0.681598879
2.36,-15.74,30.714094,0.318401121,0,0.681598879
3.54,-15.74,30.714094,0.318401121,0,0.681598879
4.72,-15.74,30.714094,0.318401121,0,0.681598879
5.9,-15.74,30.714094,0.318401121,0,0.681598879
7.08,-15.74,30.714094,0.318401121,0,0.681598879
8.26,-15.74,30.714094,0.318401121,0,0.681598879
9.44,-15.74,30.714094,0.318401121,0,0.681598879
10.62,-15.74,30.714094,0.318401121,0,0.681598879
0,-14.56,30.714094,0.358201261,0,0.641798739
1.18,-14.56,30.714094,0.358201261,0,0.641798739
2.36,-14.56,30.714094,0.358201261,0,0.641798739
3.54,-14.56,30.714094,0.358201261,0,0.641798739
4.72,-14.56,30.714094,0.358201261,0,0.641798739
5.9,-14.56,30.714094,0.358201261,0,0.641798739
7.08,-14.56,30.714094,0.358201261,0,0.641798739
8.26,-14.56,30.714094,0.358201261,0,0.641798739
9.44,-14.56,30.714094,0.358201261,0,0.641798739
10.62,-14.56,30.714094,0.358201261,0,0.641798739
0,-13.38,30.714094,0.437801541,0,0.562198459
1.18,-13.38,30.714094,0.437801541,0,0.562198459
2.36,-13.38,30.714094,0.437801541,0,0.562198459
3.54,-13.38,30.714094,0.437801541,0,0.562198459
4.72,-13.38,30.714094,0.437801541,0,0.562198459
5.9,-13.38,30.714094,0.437801541,0,0.562198459
7.08,-13.38,30.714094,0.437801541,0,0.562198459
8.26,-13.38,30.714094,0.437801541,0,0.562198459
9.44,-13.38,30.714094,0.437801541,0,0.562198459
10.62,-13.38,30.714094,0.437801541,0,0.562198459
0,-12.2,30.714094,0.477601681,0,0.522398319
1.18,-12.2,30.714094,0.477601681,0,0.522398319
2.36,-12.2,30.714094,0.477601681,0,0.522398319
3.54,-12.2,30.714094,0.477601681,0,0.522398319
4.72,-12.2,30.714094,0.477601681,0,0.522398319
5.9,-12.2,30.714094,0.477601681,0,0.522398319
7.08,-12.2,30.714094,0.477601681,0,0.522398319
8.26,-12.2,30.714094,0.477601681,0,0.522398319
9.44,-12.2,30.714094,0.477601681,0,0.522398319
10.62,-12.2,30.714094,0.477601681,0,0.522398319
0,-11.02,30.714094,0.517401821,0,0.482598179
1.18,-11.02,30.714094,0.517401821,0,0.482598179
2.36,-11.02,30.714094,0.517401821,0,0.482598179
3.54,-11.02,30.714094,0.517401821,0,0.482598179
4.72,-11.02,30.714094,0.517401821,0,0.482598179
5.9,-11.02,30.714094,0.517401821,0,0.482598179
7.08,-11.02,30.714094,0.517401821,0,0.482598179
8.26,-11.02,30.714094,0.517401821,0,0.482598179
9.44,-11.02,30.714094,0.517401821,0,0.482598179
10.62,-11.02,30.714094,0.517401821,0,0.482598179
0,-9.84,30.714094,0.557201961,0,0.442798039
1.18,-9.84,30.714094,0.557201961,0,0.442798039
2.36,-9.84,30.714094,0.557201961,0,0.442798039
3.54,-9.84,30.714094,0.557201961,0,0.442798039
4.72,-9.84,30.714094,0.557201961,0,0.442798039
5.9,-9.84,30.714094,0.557201961,0,0.442798039
7.08,-9.84,30.714094,0.557201961,0,0.442798039
8.26,-9.84,30.714094,0.557201961,0,0.442798039
9.44,-9.84,30.714094,0.557201961,0,0.442798039
10.62,-9.84,30.714094,0.557201961,0,0.442798039
0,-8.66,30.714094,0.597002102,0,0.402997898
1.18,-8.66,30.714094,0.597002102,0,0.402997898
2.36,-8.66,30.714094,0.597002102,0,0.402997898
3.54,-8.66,30.714094,0.597002102,0,0.402997898
4.72,-8.66,30.714094,0.597002102,0,0.402997898
5.9,-8.66,30.714094,0.597002102,0,0.402997898
7.08,-8.66,30.714094,0.597002102,0,0.402997898
8.26,-8.66,30.714094,0.597002102,0,0.402997898
9.44,-8.66,30.714094,0.597002102,0,0.402997898
10.62,-8.66,30.714094,0.597002102,0,0.402997898
0,-7.48,30.714094,0.676602382,0,0.323397618
1.18,-7.48,30.714094,0.676602382,0,0.323397618
2.36,-7.48,30.714094,0.676602382,0,0.323397618
3.54,-7.48,30.714094,0.676602382,0,0.323397618
4.72,-7.48,30.714094,0.676602382,0,0.323397618
5.9,-7.48,30.714094,0.676602382,0,0.323397618
7.08,-7.48,30.714094,0.676602382,0,0.323397618
8.26,-7.48,30.714094,0.676602382,0,0.323397618
9.44,-7.48,30.714094,0.676602382,0,0.323397618
10.62,-7.48,30.714094,0.676602382,0,0.323397618
0,-6.3,30.714094,0.716402522,0,0.283597478
1.18,-6.3,30.714094,0.716402522,0,0.283597478
2.36,-6.3,30.714094,0.716402522,0,0.283597478
3.54,-6.3,30.714094,0.716402522,0,0.283597478
4.72,-6.3,30.714094,0.716402522,0,0.283597478
5.9,-6.3,30.714094,0.716402522,0,0.283597478
7.08,-6.3,30.714094,0.716402522,0,0.283597478
8.26,-6.3,30.714094,0.716402522,0,0.283597478
9.44,-6.3,30.714094,0.716402522,0,0.283597478
10.62,-6.3,30.714094,0.716402522,0,0.283597478
0,-5.12,30.714094,0.756202662,0,0.243797338
1.18,-5.12,30.714094,0.756202662,0,0.243797338
2.36,-5.12,30.714094,0.756202662,0,0.243797338
3.54,-5.12,30.714094,0.756202662,0,0.243797338
4.72,-5.12,30.714094,0.756202662,0,0.243797338
5.9,-5.12,30.714094,0.756202662,0,0.243797338
7.08,-5.12,30.714094,0.756202662,0,0.243797338
8.26,-5.12,30.714094,0.756202662,0,0.243797338
9.44,-5.12,30.714094,0.756202662,0,0.243797338
10.62,-5.12,30.714094,0.756202662,0,0.243797338
0,-3.94,30.714094,0.796002802,0,0.203997198
1.18,-3.94,30.714094,0.796002802,0,0.203997198
2.36,-3.94,30.714094,0.796002802,0,0.203997198
3.54,-3.94,30.714094,0.796002802,0,0.203997198
4.72,-3.94,30.714094,0.796002802,0,0.203997198
5.9,-3.94,30.714094,0.796002802,0,0.203997198
7.08,-3.94,30.714094,0.796002802,0,0.203997198
8.26,-3.94,30.714094,0.796002802,0,0.203997198
9.44,-3.94,30.714094,0.796002802,0,0.203997198
10.62,-3.94,30.714094,0.796002802,0,0.203997198
0,-2.76,30.714094,0.835802942,0,0.164197058
1.18,-2.76,30.714094,0.835802942,0,0.164197058
2.36,-2.76,30.714094,0.835802942,0,0.164197058
3.54,-2.76,30.714094,0.835802942,0,0.164197058
4.72,-2.76,30.714094,0.835802942,0,0.164197058
5.9,-2.76,30.714094,0.835802942,0,0.164197058
7.08,-2.76,30.714094,0.835802942,0,0.164197058
8.26,-2.76,30.714094,0.835802942,0,0.164197058
9.44,-2.76,30.714094,0.835802942,0,0.164197058
10.62,-2.76,30.714094,0.835802942,0,0.164197058
0,-1.58,30.714094,0.875603082,0,0.124396918
1.18,-1.58,30.714094,0.875603082,0,0.124396918
2.36,-1.58,30.714094,0.875603082,0,0.124396918
3.54,-1.58,30.714094,0.875603082,0,0.124396918
4.72,-1.58,30.714094,0.875603082,0,0.124396918
5.9,-1.58,30.714094,0.875603082,0,0.124396918
7.08,-1.58,30.714094,0.875603082,0,0.124396918
8.26,-1.58,30.714094,0.875603082,0,0.124396918
9.44,-1.58,30.714094,0.875603082,0,0.124396918
10.62,-1.58,30.714094,0.875603082,0,0.124396918
0,-0.400000000000002,30.714094,0.94286118,0,0.05713882
1.18,-0.400000000000002,30.714094,0.94286118,0,0.05713882
2.36,-0.400000000000002,30.714094,0.94286118,0,0.05713882
3.54,-0.400000000000002,30.714094,0.94286118,0,0.05713882
4.72,-0.400000000000002,30.714094,0.94286118,0,0.05713882
5.9,-0.400000000000002,30.714094,0.94286118,0,0.05713882
7.08,-0.400000000000002,30.714094,0.94286118,0,0.05713882
8.26,-0.400000000000002,30.714094,0.94286118,0,0.05713882
9.44,-0.400000000000002,30.714094,0.94286118,0,0.05713882
10.62,-0.400000000000002,30.714094,0.94286118,0,0.05713882
0,0.779999999999998,30.714094,0.915403222,0,0.084596778
1.18,0.779999999999998,30.714094,0.915403222,0,0.084596778
2.36,0.779999999999998,30.714094,0.915403222,0,0.084596778
3.54,0.779999999999998,30.714094,0.915403222,0,0.084596778
4.72,0.779999999999998,30.714094,0.915403222,0,0.084596778
5.9,0.779999999999998,30.714094,0.915403222,0,0.084596778
7.08,0.779999999999998,30.714094,0.915403222,0,0.084596778
8.26,0.779999999999998,30.714094,0.915403222,0,0.084596778
9.44,0.779999999999998,30.714094,0.915403222,0,0.084596778
10.62,0.779999999999998,30.714094,0.915403222,0,0.084596778
0,1.96,30.714094,0.875603082,0,0.124396918
1.18,1.96,30.714094,0.875603082,0,0.124396918
2.36,1.96,30.714094,0.875603082,0,0.124396918
3.54,1.96,30.714094,0.875603082,0,0.124396918
4.72,1.96,30.714094,0.875603082,0,0.124396918
5.9,1.96,30.714094,0.875603082,0,0.124396918
7.08,1.96,30.714094,0.875603082,0,0.124396918
8.26,1.96,30.714094,0.875603082,0,0.124396918
9.44,1.96,30.714094,0.875603082,0,0.124396918
10.62,1.96,30.714094,0.875603082,0,0.124396918
0,3.14,30.714094,0.835802942,0,0.164197058
1.18,3.14,30.714094,0.835802942,0,0.164197058
2.36,3.14,30.714094,0.835802942,0,0.164197058
3.54,3.14,30.714094,0.835802942,0,0.164197058
4.72,3.14,30.714094,0.835802942,0,0.164197058
5.9,3.14,30.714094,0.835802942,0,0.164197058
7.08,3.14,30.714094,0.835802942,0,0.164197058
8.26,3.14,30.714094,0.835802942,0,0.164197058
9.44,3.14,30.714094,0.835802942,0,0.164197058
10.62,3.14,30.714094,0.835802942,0,0.164197058
0,4.32,30.714094,0.796002802,0,0.203997198
1.18,4.32,30.714094,0.796002802,0,0.203997198
2.36,4.32,30.714094,0.796002802,0,0.203997198
3.54,4.32,30.714094,0.796002802,0,0.203997198
4.72,4.32,30.714094,0.796002802,0,0.203997198
5.9,4.32,30.714094,0.796002802,0,0.203997198
7.08,4.32,30.714094,0.796002802,0,0.203997198
8.26,4.32,30.714094,0.796002802,0,0.203997198
9.44,4.32,30.714094,0.796002802,0,0.203997198
10.62,4.32,30.714094,0.796002802,0,0.203997198
0,5.5,30.714094,0.756202662,0,0.243797338
1.18,5.5,30.714094,0.756202662,0,0.243797338
2.36,5.5,30.714094,0.756202662,0,0.243797338
3.54,5.5,30.714094,0.756202662,0,0.243797338
4.72,5.5,30.714094,0.756202662,0,0.243797338
5.9,5.5,30.714094,0.756202662,0,0.243797338
7.08,5.5,30.714094,0.756202662,0,0.243797338
8.26,5.5,30.714094,0.756202662,0,0.243797338
9.44,5.5,30.714094,0.756202662,0,0.243797338
10.62,5.5,30.714094,0.756202662,0,0.243797338
0,6.68,30.714094,0.676602382,0,0.323397618
1.18,6.68,30.714094,0.676602382,0,0.323397618
2.36,6.68,30.714094,0.676602382,0,0.323397618
3.54,6.68,30.714094,0.676602382,0,0.323397618
4.72,6.68,30.714094,0.676602382,0,0.323397618
5.9,6.68,30.714094,0.676602382,0,0.323397618
7.08,6.68,30.714094,0.676602382,0,0.323397618
8.26,6.68,30.714094,0.676602382,0,0.323397618
9.44,6.68,30.714094,0.676602382,0,0.323397618
10.62,6.68,30.714094,0.676602382,0,0.323397618
0,7.86,30.714094,0.636802242,0,0.363197758
1.18,7.86,30.714094,0.636802242,0,0.363197758
2.36,7.86,30.714094,0.636802242,0,0.363197758
3.54,7.86,30.714094,0.636802242,0,0.363197758
4.72,7.86,30.714094,0.636802242,0,0.363197758
5.9,7.86,30.714094,0.636802242,0,0.363197758
7.08,7.86,30.714094,0.636802242,0,0.363197758
8.26,7.86,30.714094,0.636802242,0,0.363197758
9.44,7.86,30.714094,0.636802242,0,0.363197758
10.62,7.86,30.714094,0.636802242,0,0.363197758
0,9.04,30.714094,0.597002102,0,0.402997898
1.18,9.04,30.714094,0.597002102,0,0.402997898
2.36,9.04,30.714094,0.597002102,0,0.402997898
3.54,9.04,30.714094,0.597002102,0,0.402997898
4.72,9.04,30.714094,0.597002102,0,0.402997898
5.9,9.04,30.714094,0.597002102,0,0.402997898
7.08,9.04,30.714094,0.597002102,0,0.402997898
8.26,9.04,30.714094,0.597002102,0,0.402997898
9.44,9.04,30.714094,0.597002102,0,0.402997898
10.62,9.04,30.714094,0.597002102,0,0.402997898
0,10.22,30.714094,0.557201961,0,0.442798039
1.18,10.22,30.714094,0.557201961,0,0.442798039
2.36,10.22,30.714094,0.557201961,0,0.442798039
3.54,10.22,30.714094,0.557201961,0,0.442798039
4.72,10.22,30.714094,0.557201961,0,0.442798039
5.9,10.22,30.714094,0.557201961,0,0.442798039
7.08,10.22,30.714094,0.557201961,0,0.442798039
8.26,10.22,30.714094,0.557201961,0,0.442798039
9.44,10.22,30.714094,0.557201961,0,0.442798039
10.62,10.22,30.714094,0.557201961,0,0.442798039
0,11.4,30.714094,0.517401821,0,0.482598179
1.18,11.4,30.714094,0.517401821,0,0.482598179
2.36,11.4,30.714094,0.517401821,0,0.482598179
3.54,11.4,30.714094,0.517401821,0,0.482598179
4.72,11.4,30.714094,0.517401821,0,0.482598179
5.9,11.4,30.714094,0.517401821,0,0.482598179
7.08,11.4,30.714094,0.517401821,0,0.482598179
8.26,11.4,30.714094,0.517401821,0,0.482598179
9.44,11.4,30.714094,0.517401821,0,0.482598179
10.62,11.4,30.714094,0.517401821,0,0.482598179
0,12.58,30.714094,0.437801541,0,0.562198459
1.18,12.58,30.714094,0.437801541,0,0.562198459
2.36,12.58,30.714094,0.437801541,0,0.562198459
3.54,12.58,30.714094,0.437801541,0,0.562198459
4.72,12.58,30.714094,0.437801541,0,0.562198459
5.9,12.58,30.714094,0.437801541,0,0.562198459
7.08,12.58,30.714094,0.437801541,0,0.562198459
8.26,12.58,30.714094,0.437801541,0,0.562198459
9.44,12.58,30.714094,0.437801541,0,0.562198459
10.62,12.58,30.714094,0.437801541,0,0.562198459
0,13.76,30.714094,0.398001401,0,0.601998599
1.18,13.76,30.714094,0.398001401,0,0.601998599
2.36,13.76,30.714094,0.398001401,0,0.601998599
3.54,13.76,30.714094,0.398001401,0,0.601998599
4.72,13.76,30.714094,0.398001401,0,0.601998599
5.9,13.76,30.714094,0.398001401,0,0.601998599
7.08,13.76,30.714094,0.398001401,0,0.601998599
8.26,13.76,30.714094,0.398001401,0,0.601998599
9.44,13.76,30.714094,0.398001401,0,0.601998599
10.62,13.76,30.714094,0.398001401,0,0.601998599
0,14.94,30.714094,0.358201261,0,0.641798739
1.18,14.94,30.714094,0.358201261,0,0.641798739
2.36,14.94,30.714094,0.358201261,0,0.641798739
3.54,14.94,30.714094,0.358201261,0,0.641798739
4.72,14.94,30.714094,0.358201261,0,0.641798739
5.9,14.94,30.714094,0.358201261,0,0.641798739
7.08,14.94,30.714094,0.358201261,0,0.641798739
8.26,14.94,30.714094,0.358201261,0,0.641798739
9.44,14.94,30.714094,0.358201261,0,0.641798739
10.62,14.94,30.714094,0.358201261,0,0.641798739
0,16.12,30.714094,0.318401121,0,0.681598879
1.18,16.12,30.714094,0.318401121,0,0.681598879
2.36,16.12,30.714094,0.318401121,0,0.681598879
3.54,16.12,30.714094,0.318401121,0,0.681598879
4.72,16.12,30.714094,0.318401121,0,0.681598879
5.9,16.12,30.714094,0.318401121,0,0.681598879
7.08,16.12,30.714094,0.318401121,0,0.681598879
8.26,16.12,30.714094,0.318401121,0,0.681598879
9.44,16.12,30.714094,0.318401121,0,0.681598879
10.62,16.12,30.714094,0.318401121,0,0.681598879
0,17.3,30.714094,0.278600981,0,0.721399019
1.18,17.3,30.714094,0.278600981,0,0.721399019
2.36,17.3,30.714094,0.278600981,0,0.721399019
3.54,17.3,30.714094,0.278600981,0,0.721399019
4.72,17.3,30.714094,0.278600981,0,0.721399019
5.9,17.3,30.714094,0.278600981,0,0.721399019
7.08,17.3,30.714094,0.278600981,0,0.721399019
8.26,17.3,30.714094,0.278600981,0,0.721399019
9.44,17.3,30.714094,0.278600981,0,0.721399019
10.62,17.3,30.714094,0.278600981,0,0.721399019
0,18.48,30.714094,0.238800841,0,0.761199159
1.18,18.48,30.714094,0.238800841,0,0.761199159
2.36,18.48,30.714094,0.238800841,0,0.761199159
3.54,18.48,30.714094,0.238800841,0,0.761199159
4.72,18.48,30.714094,0.238800841,0,0.761199159
5.9,18.48,30.714094,0.238800841,0,0.761199159
7.08,18.48,30.714094,0.238800841,0,0.761199159
8.26,18.48,30.714094,0.238800841,0,0.761199159
9.44,18.48,30.714094,0.238800841,0,0.761199159
10.62,18.48,30.714094,0.238800841,0,0.761199159
0,19.66,30.714094,0.15920056,0,0.84079944
1.18,19.66,30.714094,0.15920056,0,0.84079944
2.36,19.66,30.714094,0.15920056,0,0.84079944
3.54,19.66,30.714094,0.15920056,0,0.84079944
4.72,19.66,30.714094,0.15920056,0,0.84079944
5.9,19.66,30.714094,0.15920056,0,0.84079944
7.08,19.66,30.714094,0.15920056,0,0.84079944
8.26,19.66,30.714094,0.15920056,0,0.84079944
9.44,19.66,30.714094,0.15920056,0,0.84079944
10.62,19.66,30.714094,0.15920056,0,0.84079944
0,20.84,30.714094,0.11940042,0,0.88059958
1.18,20.84,30.714094,0.11940042,0,0.88059958
2.36,20.84,30.714094,0.11940042,0,0.88059958
3.54,20.84,30.714094,0.11940042,0,0.88059958
4.72,20.84,30.714094,0.11940042,0,0.88059958
5.9,20.84,30.714094,0.11940042,0,0.88059958
7.08,20.84,30.714094,0.11940042,0,0.88059958
8.26,20.84,30.714094,0.11940042,0,0.88059958
9.44,20.84,30.714094,0.11940042,0,0.88059958
10.62,20.84,30.714094,0.11940042,0,0.88059958
0,22.02,30.714094,0.079892392,0,0.920107608
1.18,22.02,30.714094,0.079892392,0,0.920107608
2.36,22.02,30.714094,0.079892392,0,0.920107608
3.54,22.02,30.714094,0.079892392,0,0.920107608
4.72,22.02,30.714094,0.079892392,0,0.920107608
5.9,22.02,30.714094,0.079892392,0,0.920107608
7.08,22.02,30.714094,0.079892392,0,0.920107608
8.26,22.02,30.714094,0.079892392,0,0.920107608
9.44,22.02,30.714094,0.079892392,0,0.920107608
10.62,22.02,30.714094,0.079892392,0,0.920107608
0,-20.46,31.334094,0.158614184,0,0.841385816
1.18,-20.46,31.334094,0.158614184,0,0.841385816
2.36,-20.46,31.334094,0.158614184,0,0.841385816
3.54,-20.46,31.334094,0.158614184,0,0.841385816
4.72,-20.46,31.334094,0.158614184,0,0.841385816
5.9,-20.46,31.334094,0.158614184,0,0.841385816
7.08,-20.46,31.334094,0.158614184,0,0.841385816
8.26,-20.46,31.334094,0.158614184,0,0.841385816
9.44,-20.46,31.334094,0.158614184,0,0.841385816
10.62,-20.46,31.334094,0.158614184,0,0.841385816
0,-19.28,31.334094,0.19826773,0,0.80173227
1.18,-19.28,31.334094,0.19826773,0,0.80173227
2.36,-19.28,31.334094,0.19826773,0,0.80173227
3.54,-19.28,31.334094,0.19826773,0,0.80173227
4.72,-19.28,31.334094,0.19826773,0,0.80173227
5.9,-19.28,31.334094,0.19826773,0,0.80173227
7.08,-19.28,31.334094,0.19826773,0,0.80173227
8.26,-19.28,31.334094,0.19826773,0,0.80173227
9.44,-19.28,31.334094,0.19826773,0,0.80173227
10.62,-19.28,31.334094,0.19826773,0,0.80173227
0,-18.1,31.334094,0.237921277,0,0.762078723
1.18,-18.1,31.334094,0.237921277,0,0.762078723
2.36,-18.1,31.334094,0.237921277,0,0.762078723
3.54,-18.1,31.334094,0.237921277,0,0.762078723
4.72,-18.1,31.334094,0.237921277,0,0.762078723
5.9,-18.1,31.334094,0.237921277,0,0.762078723
7.08,-18.1,31.334094,0.237921277,0,0.762078723
8.26,-18.1,31.334094,0.237921277,0,0.762078723
9.44,-18.1,31.334094,0.237921277,0,0.762078723
10.62,-18.1,31.334094,0.237921277,0,0.762078723
0,-16.92,31.334094,0.277574823,0,0.722425177
1.18,-16.92,31.334094,0.277574823,0,0.722425177
2.36,-16.92,31.334094,0.277574823,0,0.722425177
3.54,-16.92,31.334094,0.277574823,0,0.722425177
4.72,-16.92,31.334094,0.277574823,0,0.722425177
5.9,-16.92,31.334094,0.277574823,0,0.722425177
7.08,-16.92,31.334094,0.277574823,0,0.722425177
8.26,-16.92,31.334094,0.277574823,0,0.722425177
9.44,-16.92,31.334094,0.277574823,0,0.722425177
10.62,-16.92,31.334094,0.277574823,0,0.722425177
0,-15.74,31.334094,0.317228369,0,0.682771631
1.18,-15.74,31.334094,0.317228369,0,0.682771631
2.36,-15.74,31.334094,0.317228369,0,0.682771631
3.54,-15.74,31.334094,0.317228369,0,0.682771631
4.72,-15.74,31.334094,0.317228369,0,0.682771631
5.9,-15.74,31.334094,0.317228369,0,0.682771631
7.08,-15.74,31.334094,0.317228369,0,0.682771631
8.26,-15.74,31.334094,0.317228369,0,0.682771631
9.44,-15.74,31.334094,0.317228369,0,0.682771631
10.62,-15.74,31.334094,0.317228369,0,0.682771631
0,-14.56,31.334094,0.356881915,0,0.643118085
1.18,-14.56,31.334094,0.356881915,0,0.643118085
2.36,-14.56,31.334094,0.356881915,0,0.643118085
3.54,-14.56,31.334094,0.356881915,0,0.643118085
4.72,-14.56,31.334094,0.356881915,0,0.643118085
5.9,-14.56,31.334094,0.356881915,0,0.643118085
7.08,-14.56,31.334094,0.356881915,0,0.643118085
8.26,-14.56,31.334094,0.356881915,0,0.643118085
9.44,-14.56,31.334094,0.356881915,0,0.643118085
10.62,-14.56,31.334094,0.356881915,0,0.643118085
0,-13.38,31.334094,0.436189007,0,0.563810993
1.18,-13.38,31.334094,0.436189007,0,0.563810993
2.36,-13.38,31.334094,0.436189007,0,0.563810993
3.54,-13.38,31.334094,0.436189007,0,0.563810993
4.72,-13.38,31.334094,0.436189007,0,0.563810993
5.9,-13.38,31.334094,0.436189007,0,0.563810993
7.08,-13.38,31.334094,0.436189007,0,0.563810993
8.26,-13.38,31.334094,0.436189007,0,0.563810993
9.44,-13.38,31.334094,0.436189007,0,0.563810993
10.62,-13.38,31.334094,0.436189007,0,0.563810993
0,-12.2,31.334094,0.475842553,0,0.524157447
1.18,-12.2,31.334094,0.475842553,0,0.524157447
2.36,-12.2,31.334094,0.475842553,0,0.524157447
3.54,-12.2,31.334094,0.475842553,0,0.524157447
4.72,-12.2,31.334094,0.475842553,0,0.524157447
5.9,-12.2,31.334094,0.475842553,0,0.524157447
7.08,-12.2,31.334094,0.475842553,0,0.524157447
8.26,-12.2,31.334094,0.475842553,0,0.524157447
9.44,-12.2,31.334094,0.475842553,0,0.524157447
10.62,-12.2,31.334094,0.475842553,0,0.524157447
0,-11.02,31.334094,0.515496099,0,0.484503901
1.18,-11.02,31.334094,0.515496099,0,0.484503901
2.36,-11.02,31.334094,0.515496099,0,0.484503901
3.54,-11.02,31.334094,0.515496099,0,0.484503901
4.72,-11.02,31.334094,0.515496099,0,0.484503901
5.9,-11.02,31.334094,0.515496099,0,0.484503901
7.08,-11.02,31.334094,0.515496099,0,0.484503901
8.26,-11.02,31.334094,0.515496099,0,0.484503901
9.44,-11.02,31.334094,0.515496099,0,0.484503901
10.62,-11.02,31.334094,0.515496099,0,0.484503901
0,-9.84,31.334094,0.555149645,0,0.444850355
1.18,-9.84,31.334094,0.555149645,0,0.444850355
2.36,-9.84,31.334094,0.555149645,0,0.444850355
3.54,-9.84,31.334094,0.555149645,0,0.444850355
4.72,-9.84,31.334094,0.555149645,0,0.444850355
5.9,-9.84,31.334094,0.555149645,0,0.444850355
7.08,-9.84,31.334094,0.555149645,0,0.444850355
8.26,-9.84,31.334094,0.555149645,0,0.444850355
9.44,-9.84,31.334094,0.555149645,0,0.444850355
10.62,-9.84,31.334094,0.555149645,0,0.444850355
0,-8.66,31.334094,0.594803191,0,0.405196809
1.18,-8.66,31.334094,0.594803191,0,0.405196809
2.36,-8.66,31.334094,0.594803191,0,0.405196809
3.54,-8.66,31.334094,0.594803191,0,0.405196809
4.72,-8.66,31.334094,0.594803191,0,0.405196809
5.9,-8.66,31.334094,0.594803191,0,0.405196809
7.08,-8.66,31.334094,0.594803191,0,0.405196809
8.26,-8.66,31.334094,0.594803191,0,0.405196809
9.44,-8.66,31.334094,0.594803191,0,0.405196809
10.62,-8.66,31.334094,0.594803191,0,0.405196809
0,-7.48,31.334094,0.674110283,0,0.325889717
1.18,-7.48,31.334094,0.674110283,0,0.325889717
2.36,-7.48,31.334094,0.674110283,0,0.325889717
3.54,-7.48,31.334094,0.674110283,0,0.325889717
4.72,-7.48,31.334094,0.674110283,0,0.325889717
5.9,-7.48,31.334094,0.674110283,0,0.325889717
7.08,-7.48,31.334094,0.674110283,0,0.325889717
8.26,-7.48,31.334094,0.674110283,0,0.325889717
9.44,-7.48,31.334094,0.674110283,0,0.325889717
10.62,-7.48,31.334094,0.674110283,0,0.325889717
0,-6.3,31.334094,0.71376383,0,0.28623617
1.18,-6.3,31.334094,0.71376383,0,0.28623617
2.36,-6.3,31.334094,0.71376383,0,0.28623617
3.54,-6.3,31.334094,0.71376383,0,0.28623617
4.72,-6.3,31.334094,0.71376383,0,0.28623617
5.9,-6.3,31.334094,0.71376383,0,0.28623617
7.08,-6.3,31.334094,0.71376383,0,0.28623617
8.26,-6.3,31.334094,0.71376383,0,0.28623617
9.44,-6.3,31.334094,0.71376383,0,0.28623617
10.62,-6.3,31.334094,0.71376383,0,0.28623617
0,-5.12,31.334094,0.753417376,0,0.246582624
1.18,-5.12,31.334094,0.753417376,0,0.246582624
2.36,-5.12,31.334094,0.753417376,0,0.246582624
3.54,-5.12,31.334094,0.753417376,0,0.246582624
4.72,-5.12,31.334094,0.753417376,0,0.246582624
5.9,-5.12,31.334094,0.753417376,0,0.246582624
7.08,-5.12,31.334094,0.753417376,0,0.246582624
8.26,-5.12,31.334094,0.753417376,0,0.246582624
9.44,-5.12,31.334094,0.753417376,0,0.246582624
10.62,-5.12,31.334094,0.753417376,0,0.246582624
0,-3.94,31.334094,0.793070922,0,0.206929078
1.18,-3.94,31.334094,0.793070922,0,0.206929078
2.36,-3.94,31.334094,0.793070922,0,0.206929078
3.54,-3.94,31.334094,0.793070922,0,0.206929078
4.72,-3.94,31.334094,0.793070922,0,0.206929078
5.9,-3.94,31.334094,0.793070922,0,0.206929078
7.08,-3.94,31.334094,0.793070922,0,0.206929078
8.26,-3.94,31.334094,0.793070922,0,0.206929078
9.44,-3.94,31.334094,0.793070922,0,0.206929078
10.62,-3.94,31.334094,0.793070922,0,0.206929078
0,-2.76,31.334094,0.832724468,0,0.167275532
1.18,-2.76,31.334094,0.832724468,0,0.167275532
2.36,-2.76,31.334094,0.832724468,0,0.167275532
3.54,-2.76,31.334094,0.832724468,0,0.167275532
4.72,-2.76,31.334094,0.832724468,0,0.167275532
5.9,-2.76,31.334094,0.832724468,0,0.167275532
7.08,-2.76,31.334094,0.832724468,0,0.167275532
8.26,-2.76,31.334094,0.832724468,0,0.167275532
9.44,-2.76,31.334094,0.832724468,0,0.167275532
10.62,-2.76,31.334094,0.832724468,0,0.167275532
0,-1.58,31.334094,0.872378014,0,0.127621986
1.18,-1.58,31.334094,0.872378014,0,0.127621986
2.36,-1.58,31.334094,0.872378014,0,0.127621986
3.54,-1.58,31.334094,0.872378014,0,0.127621986
4.72,-1.58,31.334094,0.872378014,0,0.127621986
5.9,-1.58,31.334094,0.872378014,0,0.127621986
7.08,-1.58,31.334094,0.872378014,0,0.127621986
8.26,-1.58,31.334094,0.872378014,0,0.127621986
9.44,-1.58,31.334094,0.872378014,0,0.127621986
10.62,-1.58,31.334094,0.872378014,0,0.127621986
0,-0.400000000000002,31.334094,0.939388383,0,0.060611617
1.18,-0.400000000000002,31.334094,0.939388383,0,0.060611617
2.36,-0.400000000000002,31.334094,0.939388383,0,0.060611617
3.54,-0.400000000000002,31.334094,0.939388383,0,0.060611617
4.72,-0.400000000000002,31.334094,0.939388383,0,0.060611617
5.9,-0.400000000000002,31.334094,0.939388383,0,0.060611617
7.08,-0.400000000000002,31.334094,0.939388383,0,0.060611617
8.26,-0.400000000000002,31.334094,0.939388383,0,0.060611617
9.44,-0.400000000000002,31.334094,0.939388383,0,0.060611617
10.62,-0.400000000000002,31.334094,0.939388383,0,0.060611617
0,0.779999999999998,31.334094,0.91203156,0,0.08796844
1.18,0.779999999999998,31.334094,0.91203156,0,0.08796844
2.36,0.779999999999998,31.334094,0.91203156,0,0.08796844
3.54,0.779999999999998,31.334094,0.91203156,0,0.08796844
4.72,0.779999999999998,31.334094,0.91203156,0,0.08796844
5.9,0.779999999999998,31.334094,0.91203156,0,0.08796844
7.08,0.779999999999998,31.334094,0.91203156,0,0.08796844
8.26,0.779999999999998,31.334094,0.91203156,0,0.08796844
9.44,0.779999999999998,31.334094,0.91203156,0,0.08796844
10.62,0.779999999999998,31.334094,0.91203156,0,0.08796844
0,1.96,31.334094,0.872378014,0,0.127621986
1.18,1.96,31.334094,0.872378014,0,0.127621986
2.36,1.96,31.334094,0.872378014,0,0.127621986
3.54,1.96,31.334094,0.872378014,0,0.127621986
4.72,1.96,31.334094,0.872378014,0,0.127621986
5.9,1.96,31.334094,0.872378014,0,0.127621986
7.08,1.96,31.334094,0.872378014,0,0.127621986
8.26,1.96,31.334094,0.872378014,0,0.127621986
9.44,1.96,31.334094,0.872378014,0,0.127621986
10.62,1.96,31.334094,0.872378014,0,0.127621986
0,3.14,31.334094,0.832724468,0,0.167275532
1.18,3.14,31.334094,0.832724468,0,0.167275532
2.36,3.14,31.334094,0.832724468,0,0.167275532
3.54,3.14,31.334094,0.832724468,0,0.167275532
4.72,3.14,31.334094,0.832724468,0,0.167275532
5.9,3.14,31.334094,0.832724468,0,0.167275532
7.08,3.14,31.334094,0.832724468,0,0.167275532
8.26,3.14,31.334094,0.832724468,0,0.167275532
9.44,3.14,31.334094,0.832724468,0,0.167275532
10.62,3.14,31.334094,0.832724468,0,0.167275532
0,4.32,31.334094,0.793070922,0,0.206929078
1.18,4.32,31.334094,0.793070922,0,0.206929078
2.36,4.32,31.334094,0.793070922,0,0.206929078
3.54,4.32,31.334094,0.793070922,0,0.206929078
4.72,4.32,31.334094,0.793070922,0,0.206929078
5.9,4.32,31.334094,0.793070922,0,0.206929078
7.08,4.32,31.334094,0.793070922,0,0.206929078
8.26,4.32,31.334094,0.793070922,0,0.206929078
9.44,4.32,31.334094,0.793070922,0,0.206929078
10.62,4.32,31.334094,0.793070922,0,0.206929078
0,5.5,31.334094,0.753417376,0,0.246582624
1.18,5.5,31.334094,0.753417376,0,0.246582624
2.36,5.5,31.334094,0.753417376,0,0.246582624
3.54,5.5,31.334094,0.753417376,0,0.246582624
4.72,5.5,31.334094,0.753417376,0,0.246582624
5.9,5.5,31.334094,0.753417376,0,0.246582624
7.08,5.5,31.334094,0.753417376,0,0.246582624
8.26,5.5,31.334094,0.753417376,0,0.246582624
9.44,5.5,31.334094,0.753417376,0,0.246582624
10.62,5.5,31.334094,0.753417376,0,0.246582624
0,6.68,31.334094,0.674110283,0,0.325889717
1.18,6.68,31.334094,0.674110283,0,0.325889717
2.36,6.68,31.334094,0.674110283,0,0.325889717
3.54,6.68,31.334094,0.674110283,0,0.325889717
4.72,6.68,31.334094,0.674110283,0,0.325889717
5.9,6.68,31.334094,0.674110283,0,0.325889717
7.08,6.68,31.334094,0.674110283,0,0.325889717
8.26,6.68,31.334094,0.674110283,0,0.325889717
9.44,6.68,31.334094,0.674110283,0,0.325889717
10.62,6.68,31.334094,0.674110283,0,0.325889717
0,7.86,31.334094,0.634456737,0,0.365543263
1.18,7.86,31.334094,0.634456737,0,0.365543263
2.36,7.86,31.334094,0.634456737,0,0.365543263
3.54,7.86,31.334094,0.634456737,0,0.365543263
4.72,7.86,31.334094,0.634456737,0,0.365543263
5.9,7.86,31.334094,0.634456737,0,0.365543263
7.08,7.86,31.334094,0.634456737,0,0.365543263
8.26,7.86,31.334094,0.634456737,0,0.365543263
9.44,7.86,31.334094,0.634456737,0,0.365543263
10.62,7.86,31.334094,0.634456737,0,0.365543263
0,9.04,31.334094,0.594803191,0,0.405196809
1.18,9.04,31.334094,0.594803191,0,0.405196809
2.36,9.04,31.334094,0.594803191,0,0.405196809
3.54,9.04,31.334094,0.594803191,0,0.405196809
4.72,9.04,31.334094,0.594803191,0,0.405196809
5.9,9.04,31.334094,0.594803191,0,0.405196809
7.08,9.04,31.334094,0.594803191,0,0.405196809
8.26,9.04,31.334094,0.594803191,0,0.405196809
9.44,9.04,31.334094,0.594803191,0,0.405196809
10.62,9.04,31.334094,0.594803191,0,0.405196809
0,10.22,31.334094,0.555149645,0,0.444850355
1.18,10.22,31.334094,0.555149645,0,0.444850355
2.36,10.22,31.334094,0.555149645,0,0.444850355
3.54,10.22,31.334094,0.555149645,0,0.444850355
4.72,10.22,31.334094,0.555149645,0,0.444850355
5.9,10.22,31.334094,0.555149645,0,0.444850355
7.08,10.22,31.334094,0.555149645,0,0.444850355
8.26,10.22,31.334094,0.555149645,0,0.444850355
9.44,10.22,31.334094,0.555149645,0,0.444850355
10.62,10.22,31.334094,0.555149645,0,0.444850355
0,11.4,31.334094,0.515496099,0,0.484503901
1.18,11.4,31.334094,0.515496099,0,0.484503901
2.36,11.4,31.334094,0.515496099,0,0.484503901
3.54,11.4,31.334094,0.515496099,0,0.484503901
4.72,11.4,31.334094,0.515496099,0,0.484503901
5.9,11.4,31.334094,0.515496099,0,0.484503901
7.08,11.4,31.334094,0.515496099,0,0.484503901
8.26,11.4,31.334094,0.515496099,0,0.484503901
9.44,11.4,31.334094,0.515496099,0,0.484503901
10.62,11.4,31.334094,0.515496099,0,0.484503901
0,12.58,31.334094,0.436189007,0,0.563810993
1.18,12.58,31.334094,0.436189007,0,0.563810993
2.36,12.58,31.334094,0.436189007,0,0.563810993
3.54,12.58,31.334094,0.436189007,0,0.563810993
4.72,12.58,31.334094,0.436189007,0,0.563810993
5.9,12.58,31.334094,0.436189007,0,0.563810993
7.08,12.58,31.334094,0.436189007,0,0.563810993
8.26,12.58,31.334094,0.436189007,0,0.563810993
9.44,12.58,31.334094,0.436189007,0,0.563810993
10.62,12.58,31.334094,0.436189007,0,0.563810993
0,13.76,31.334094,0.396535461,0,0.603464539
1.18,13.76,31.334094,0.396535461,0,0.603464539
2.36,13.76,31.334094,0.396535461,0,0.603464539
3.54,13.76,31.334094,0.396535461,0,0.603464539
4.72,13.76,31.334094,0.396535461,0,0.603464539
5.9,13.76,31.334094,0.396535461,0,0.603464539
7.08,13.76,31.334094,0.396535461,0,0.603464539
8.26,13.76,31.334094,0.396535461,0,0.603464539
9.44,13.76,31.334094,0.396535461,0,0.603464539
10.62,13.76,31.334094,0.396535461,0,0.603464539
0,14.94,31.334094,0.356881915,0,0.643118085
1.18,14.94,31.334094,0.356881915,0,0.643118085
2.36,14.94,31.334094,0.356881915,0,0.643118085
3.54,14.94,31.334094,0.356881915,0,0.643118085
4.72,14.94,31.334094,0.356881915,0,0.643118085
5.9,14.94,31.334094,0.356881915,0,0.643118085
7.08,14.94,31.334094,0.356881915,0,0.643118085
8.26,14.94,31.334094,0.356881915,0,0.643118085
9.44,14.94,31.334094,0.356881915,0,0.643118085
10.62,14.94,31.334094,0.356881915,0,0.643118085
0,16.12,31.334094,0.317228369,0,0.682771631
1.18,16.12,31.334094,0.317228369,0,0.682771631
2.36,16.12,31.334094,0.317228369,0,0.682771631
3.54,16.12,31.334094,0.317228369,0,0.682771631
4.72,16.12,31.334094,0.317228369,0,0.682771631
5.9,16.12,31.334094,0.317228369,0,0.682771631
7.08,16.12,31.334094,0.317228369,0,0.682771631
8.26,16.12,31.334094,0.317228369,0,0.682771631
9.44,16.12,31.334094,0.317228369,0,0.682771631
10.62,16.12,31.334094,0.317228369,0,0.682771631
0,17.3,31.334094,0.277574823,0,0.722425177
1.18,17.3,31.334094,0.277574823,0,0.722425177
2.36,17.3,31.334094,0.277574823,0,0.722425177
3.54,17.3,31.334094,0.277574823,0,0.722425177
4.72,17.3,31.334094,0.277574823,0,0.722425177
5.9,17.3,31.334094,0.277574823,0,0.722425177
7.08,17.3,31.334094,0.277574823,0,0.722425177
8.26,17.3,31.334094,0.277574823,0,0.722425177
9.44,17.3,31.334094,0.277574823,0,0.722425177
10.62,17.3,31.334094,0.277574823,0,0.722425177
0,18.48,31.334094,0.237921277,0,0.762078723
1.18,18.48,31.334094,0.237921277,0,0.762078723
2.36,18.48,31.334094,0.237921277,0,0.762078723
3.54,18.48,31.334094,0.237921277,0,0.762078723
4.72,18.48,31.334094,0.237921277,0,0.762078723
5.9,18.48,31.334094,0.237921277,0,0.762078723
7.08,18.48,31.334094,0.237921277,0,0.762078723
8.26,18.48,31.334094,0.237921277,0,0.762078723
9.44,18.48,31.334094,0.237921277,0,0.762078723
10.62,18.48,31.334094,0.237921277,0,0.762078723
0,19.66,31.334094,0.158614184,0,0.841385816
1.18,19.66,31.334094,0.158614184,0,0.841385816
2.36,19.66,31.334094,0.158614184,0,0.841385816
3.54,19.66,31.334094,0.158614184,0,0.841385816
4.72,19.66,31.334094,0.158614184,0,0.841385816
5.9,19.66,31.334094,0.158614184,0,0.841385816
7.08,19.66,31.334094,0.158614184,0,0.841385816
8.26,19.66,31.334094,0.158614184,0,0.841385816
9.44,19.66,31.334094,0.158614184,0,0.841385816
10.62,19.66,31.334094,0.158614184,0,0.841385816
0,20.84,31.334094,0.11940042,0,0.88059958
1.18,20.84,31.334094,0.11940042,0,0.88059958
2.36,20.84,31.334094,0.11940042,0,0.88059958
3.54,20.84,31.334094,0.11940042,0,0.88059958
4.72,20.84,31.334094,0.11940042,0,0.88059958
5.9,20.84,31.334094,0.11940042,0,0.88059958
7.08,20.84,31.334094,0.11940042,0,0.88059958
8.26,20.84,31.334094,0.11940042,0,0.88059958
9.44,20.84,31.334094,0.11940042,0,0.88059958
10.62,20.84,31.334094,0.11940042,0,0.88059958
0,-19.28,31.954094,0.197532041,0,0.802467959
1.18,-19.28,31.954094,0.197532041,0,0.802467959
2.36,-19.28,31.954094,0.197532041,0,0.802467959
3.54,-19.28,31.954094,0.197532041,0,0.802467959
4.72,-19.28,31.954094,0.197532041,0,0.802467959
5.9,-19.28,31.954094,0.197532041,0,0.802467959
7.08,-19.28,31.954094,0.197532041,0,0.802467959
8.26,-19.28,31.954094,0.197532041,0,0.802467959
9.44,-19.28,31.954094,0.197532041,0,0.802467959
10.62,-19.28,31.954094,0.197532041,0,0.802467959
0,-18.1,31.954094,0.237038449,0,0.762961551
1.18,-18.1,31.954094,0.237038449,0,0.762961551
2.36,-18.1,31.954094,0.237038449,0,0.762961551
3.54,-18.1,31.954094,0.237038449,0,0.762961551
4.72,-18.1,31.954094,0.237038449,0,0.762961551
5.9,-18.1,31.954094,0.237038449,0,0.762961551
7.08,-18.1,31.954094,0.237038449,0,0.762961551
8.26,-18.1,31.954094,0.237038449,0,0.762961551
9.44,-18.1,31.954094,0.237038449,0,0.762961551
10.62,-18.1,31.954094,0.237038449,0,0.762961551
0,-16.92,31.954094,0.276544857,0,0.723455143
1.18,-16.92,31.954094,0.276544857,0,0.723455143
2.36,-16.92,31.954094,0.276544857,0,0.723455143
3.54,-16.92,31.954094,0.276544857,0,0.723455143
4.72,-16.92,31.954094,0.276544857,0,0.723455143
5.9,-16.92,31.954094,0.276544857,0,0.723455143
7.08,-16.92,31.954094,0.276544857,0,0.723455143
8.26,-16.92,31.954094,0.276544857,0,0.723455143
9.44,-16.92,31.954094,0.276544857,0,0.723455143
10.62,-16.92,31.954094,0.276544857,0,0.723455143
0,-15.74,31.954094,0.316051265,0,0.683948735
1.18,-15.74,31.954094,0.316051265,0,0.683948735
2.36,-15.74,31.954094,0.316051265,0,0.683948735
3.54,-15.74,31.954094,0.316051265,0,0.683948735
4.72,-15.74,31.954094,0.316051265,0,0.683948735
5.9,-15.74,31.954094,0.316051265,0,0.683948735
7.08,-15.74,31.954094,0.316051265,0,0.683948735
8.26,-15.74,31.954094,0.316051265,0,0.683948735
9.44,-15.74,31.954094,0.316051265,0,0.683948735
10.62,-15.74,31.954094,0.316051265,0,0.683948735
0,-14.56,31.954094,0.355557673,0,0.644442327
1.18,-14.56,31.954094,0.355557673,0,0.644442327
2.36,-14.56,31.954094,0.355557673,0,0.644442327
3.54,-14.56,31.954094,0.355557673,0,0.644442327
4.72,-14.56,31.954094,0.355557673,0,0.644442327
5.9,-14.56,31.954094,0.355557673,0,0.644442327
7.08,-14.56,31.954094,0.355557673,0,0.644442327
8.26,-14.56,31.954094,0.355557673,0,0.644442327
9.44,-14.56,31.954094,0.355557673,0,0.644442327
10.62,-14.56,31.954094,0.355557673,0,0.644442327
0,-13.38,31.954094,0.434570489,0,0.565429511
1.18,-13.38,31.954094,0.434570489,0,0.565429511
2.36,-13.38,31.954094,0.434570489,0,0.565429511
3.54,-13.38,31.954094,0.434570489,0,0.565429511
4.72,-13.38,31.954094,0.434570489,0,0.565429511
5.9,-13.38,31.954094,0.434570489,0,0.565429511
7.08,-13.38,31.954094,0.434570489,0,0.565429511
8.26,-13.38,31.954094,0.434570489,0,0.565429511
9.44,-13.38,31.954094,0.434570489,0,0.565429511
10.62,-13.38,31.954094,0.434570489,0,0.565429511
0,-12.2,31.954094,0.474076897,0,0.525923103
1.18,-12.2,31.954094,0.474076897,0,0.525923103
2.36,-12.2,31.954094,0.474076897,0,0.525923103
3.54,-12.2,31.954094,0.474076897,0,0.525923103
4.72,-12.2,31.954094,0.474076897,0,0.525923103
5.9,-12.2,31.954094,0.474076897,0,0.525923103
7.08,-12.2,31.954094,0.474076897,0,0.525923103
8.26,-12.2,31.954094,0.474076897,0,0.525923103
9.44,-12.2,31.954094,0.474076897,0,0.525923103
10.62,-12.2,31.954094,0.474076897,0,0.525923103
0,-11.02,31.954094,0.513583306,0,0.486416694
1.18,-11.02,31.954094,0.513583306,0,0.486416694
2.36,-11.02,31.954094,0.513583306,0,0.486416694
3.54,-11.02,31.954094,0.513583306,0,0.486416694
4.72,-11.02,31.954094,0.513583306,0,0.486416694
5.9,-11.02,31.954094,0.513583306,0,0.486416694
7.08,-11.02,31.954094,0.513583306,0,0.486416694
8.26,-11.02,31.954094,0.513583306,0,0.486416694
9.44,-11.02,31.954094,0.513583306,0,0.486416694
10.62,-11.02,31.954094,0.513583306,0,0.486416694
0,-9.84,31.954094,0.553089714,0,0.446910286
1.18,-9.84,31.954094,0.553089714,0,0.446910286
2.36,-9.84,31.954094,0.553089714,0,0.446910286
3.54,-9.84,31.954094,0.553089714,0,0.446910286
4.72,-9.84,31.954094,0.553089714,0,0.446910286
5.9,-9.84,31.954094,0.553089714,0,0.446910286
7.08,-9.84,31.954094,0.553089714,0,0.446910286
8.26,-9.84,31.954094,0.553089714,0,0.446910286
9.44,-9.84,31.954094,0.553089714,0,0.446910286
10.62,-9.84,31.954094,0.553089714,0,0.446910286
0,-8.66,31.954094,0.592596122,0,0.407403878
1.18,-8.66,31.954094,0.592596122,0,0.407403878
2.36,-8.66,31.954094,0.592596122,0,0.407403878
3.54,-8.66,31.954094,0.592596122,0,0.407403878
4.72,-8.66,31.954094,0.592596122,0,0.407403878
5.9,-8.66,31.954094,0.592596122,0,0.407403878
7.08,-8.66,31.954094,0.592596122,0,0.407403878
8.26,-8.66,31.954094,0.592596122,0,0.407403878
9.44,-8.66,31.954094,0.592596122,0,0.407403878
10.62,-8.66,31.954094,0.592596122,0,0.407403878
0,-7.48,31.954094,0.671608938,0,0.328391062
1.18,-7.48,31.954094,0.671608938,0,0.328391062
2.36,-7.48,31.954094,0.671608938,0,0.328391062
3.54,-7.48,31.954094,0.671608938,0,0.328391062
4.72,-7.48,31.954094,0.671608938,0,0.328391062
5.9,-7.48,31.954094,0.671608938,0,0.328391062
7.08,-7.48,31.954094,0.671608938,0,0.328391062
8.26,-7.48,31.954094,0.671608938,0,0.328391062
9.44,-7.48,31.954094,0.671608938,0,0.328391062
10.62,-7.48,31.954094,0.671608938,0,0.328391062
0,-6.3,31.954094,0.711115346,0,0.288884654
1.18,-6.3,31.954094,0.711115346,0,0.288884654
2.36,-6.3,31.954094,0.711115346,0,0.288884654
3.54,-6.3,31.954094,0.711115346,0,0.288884654
4.72,-6.3,31.954094,0.711115346,0,0.288884654
5.9,-6.3,31.954094,0.711115346,0,0.288884654
7.08,-6.3,31.954094,0.711115346,0,0.288884654
8.26,-6.3,31.954094,0.711115346,0,0.288884654
9.44,-6.3,31.954094,0.711115346,0,0.288884654
10.62,-6.3,31.954094,0.711115346,0,0.288884654
0,-5.12,31.954094,0.750621754,0,0.249378246
1.18,-5.12,31.954094,0.750621754,0,0.249378246
2.36,-5.12,31.954094,0.750621754,0,0.249378246
3.54,-5.12,31.954094,0.750621754,0,0.249378246
4.72,-5.12,31.954094,0.750621754,0,0.249378246
5.9,-5.12,31.954094,0.750621754,0,0.249378246
7.08,-5.12,31.954094,0.750621754,0,0.249378246
8.26,-5.12,31.954094,0.750621754,0,0.249378246
9.44,-5.12,31.954094,0.750621754,0,0.249378246
10.62,-5.12,31.954094,0.750621754,0,0.249378246
0,-3.94,31.954094,0.790128162,0,0.209871838
1.18,-3.94,31.954094,0.790128162,0,0.209871838
2.36,-3.94,31.954094,0.790128162,0,0.209871838
3.54,-3.94,31.954094,0.790128162,0,0.209871838
4.72,-3.94,31.954094,0.790128162,0,0.209871838
5.9,-3.94,31.954094,0.790128162,0,0.209871838
7.08,-3.94,31.954094,0.790128162,0,0.209871838
8.26,-3.94,31.954094,0.790128162,0,0.209871838
9.44,-3.94,31.954094,0.790128162,0,0.209871838
10.62,-3.94,31.954094,0.790128162,0,0.209871838
0,-2.76,31.954094,0.82963457,0,0.17036543
1.18,-2.76,31.954094,0.82963457,0,0.17036543
2.36,-2.76,31.954094,0.82963457,0,0.17036543
3.54,-2.76,31.954094,0.82963457,0,0.17036543
4.72,-2.76,31.954094,0.82963457,0,0.17036543
5.9,-2.76,31.954094,0.82963457,0,0.17036543
7.08,-2.76,31.954094,0.82963457,0,0.17036543
8.26,-2.76,31.954094,0.82963457,0,0.17036543
9.44,-2.76,31.954094,0.82963457,0,0.17036543
10.62,-2.76,31.954094,0.82963457,0,0.17036543
0,-1.58,31.954094,0.869140979,0,0.130859021
1.18,-1.58,31.954094,0.869140979,0,0.130859021
2.36,-1.58,31.954094,0.869140979,0,0.130859021
3.54,-1.58,31.954094,0.869140979,0,0.130859021
4.72,-1.58,31.954094,0.869140979,0,0.130859021
5.9,-1.58,31.954094,0.869140979,0,0.130859021
7.08,-1.58,31.954094,0.869140979,0,0.130859021
8.26,-1.58,31.954094,0.869140979,0,0.130859021
9.44,-1.58,31.954094,0.869140979,0,0.130859021
10.62,-1.58,31.954094,0.869140979,0,0.130859021
0,-0.400000000000002,31.954094,0.9359027,0,0.0640973
1.18,-0.400000000000002,31.954094,0.9359027,0,0.0640973
2.36,-0.400000000000002,31.954094,0.9359027,0,0.0640973
3.54,-0.400000000000002,31.954094,0.9359027,0,0.0640973
4.72,-0.400000000000002,31.954094,0.9359027,0,0.0640973
5.9,-0.400000000000002,31.954094,0.9359027,0,0.0640973
7.08,-0.400000000000002,31.954094,0.9359027,0,0.0640973
8.26,-0.400000000000002,31.954094,0.9359027,0,0.0640973
9.44,-0.400000000000002,31.954094,0.9359027,0,0.0640973
10.62,-0.400000000000002,31.954094,0.9359027,0,0.0640973
0,0.779999999999998,31.954094,0.908647387,0,0.091352613
1.18,0.779999999999998,31.954094,0.908647387,0,0.091352613
2.36,0.779999999999998,31.954094,0.908647387,0,0.091352613
3.54,0.779999999999998,31.954094,0.908647387,0,0.091352613
4.72,0.779999999999998,31.954094,0.908647387,0,0.091352613
5.9,0.779999999999998,31.954094,0.908647387,0,0.091352613
7.08,0.779999999999998,31.954094,0.908647387,0,0.091352613
8.26,0.779999999999998,31.954094,0.908647387,0,0.091352613
9.44,0.779999999999998,31.954094,0.908647387,0,0.091352613
10.62,0.779999999999998,31.954094,0.908647387,0,0.091352613
0,1.96,31.954094,0.869140979,0,0.130859021
1.18,1.96,31.954094,0.869140979,0,0.130859021
2.36,1.96,31.954094,0.869140979,0,0.130859021
3.54,1.96,31.954094,0.869140979,0,0.130859021
4.72,1.96,31.954094,0.869140979,0,0.130859021
5.9,1.96,31.954094,0.869140979,0,0.130859021
7.08,1.96,31.954094,0.869140979,0,0.130859021
8.26,1.96,31.954094,0.869140979,0,0.130859021
9.44,1.96,31.954094,0.869140979,0,0.130859021
10.62,1.96,31.954094,0.869140979,0,0.130859021
0,3.14,31.954094,0.82963457,0,0.17036543
1.18,3.14,31.954094,0.82963457,0,0.17036543
2.36,3.14,31.954094,0.82963457,0,0.17036543
3.54,3.14,31.954094,0.82963457,0,0.17036543
4.72,3.14,31.954094,0.82963457,0,0.17036543
5.9,3.14,31.954094,0.82963457,0,0.17036543
7.08,3.14,31.954094,0.82963457,0,0.17036543
8.26,3.14,31.954094,0.82963457,0,0.17036543
9.44,3.14,31.954094,0.82963457,0,0.17036543
10.62,3.14,31.954094,0.82963457,0,0.17036543
0,4.32,31.954094,0.790128162,0,0.209871838
1.18,4.32,31.954094,0.790128162,0,0.209871838
2.36,4.32,31.954094,0.790128162,0,0.209871838
3.54,4.32,31.954094,0.790128162,0,0.209871838
4.72,4.32,31.954094,0.790128162,0,0.209871838
5.9,4.32,31.954094,0.790128162,0,0.209871838
7.08,4.32,31.954094,0.790128162,0,0.209871838
8.26,4.32,31.954094,0.790128162,0,0.209871838
9.44,4.32,31.954094,0.790128162,0,0.209871838
10.62,4.32,31.954094,0.790128162,0,0.209871838
0,5.5,31.954094,0.750621754,0,0.249378246
1.18,5.5,31.954094,0.750621754,0,0.249378246
2.36,5.5,31.954094,0.750621754,0,0.249378246
3.54,5.5,31.954094,0.750621754,0,0.249378246
4.72,5.5,31.954094,0.750621754,0,0.249378246
5.9,5.5,31.954094,0.750621754,0,0.249378246
7.08,5.5,31.954094,0.750621754,0,0.249378246
8.26,5.5,31.954094,0.750621754,0,0.249378246
9.44,5.5,31.954094,0.750621754,0,0.249378246
10.62,5.5,31.954094,0.750621754,0,0.249378246
0,6.68,31.954094,0.671608938,0,0.328391062
1.18,6.68,31.954094,0.671608938,0,0.328391062
2.36,6.68,31.954094,0.671608938,0,0.328391062
3.54,6.68,31.954094,0.671608938,0,0.328391062
4.72,6.68,31.954094,0.671608938,0,0.328391062
5.9,6.68,31.954094,0.671608938,0,0.328391062
7.08,6.68,31.954094,0.671608938,0,0.328391062
8.26,6.68,31.954094,0.671608938,0,0.328391062
9.44,6.68,31.954094,0.671608938,0,0.328391062
10.62,6.68,31.954094,0.671608938,0,0.328391062
0,7.86,31.954094,0.63210253,0,0.36789747
1.18,7.86,31.954094,0.63210253,0,0.36789747
2.36,7.86,31.954094,0.63210253,0,0.36789747
3.54,7.86,31.954094,0.63210253,0,0.36789747
4.72,7.86,31.954094,0.63210253,0,0.36789747
5.9,7.86,31.954094,0.63210253,0,0.36789747
7.08,7.86,31.954094,0.63210253,0,0.36789747
8.26,7.86,31.954094,0.63210253,0,0.36789747
9.44,7.86,31.954094,0.63210253,0,0.36789747
10.62,7.86,31.954094,0.63210253,0,0.36789747
0,9.04,31.954094,0.592596122,0,0.407403878
1.18,9.04,31.954094,0.592596122,0,0.407403878
2.36,9.04,31.954094,0.592596122,0,0.407403878
3.54,9.04,31.954094,0.592596122,0,0.407403878
4.72,9.04,31.954094,0.592596122,0,0.407403878
5.9,9.04,31.954094,0.592596122,0,0.407403878
7.08,9.04,31.954094,0.592596122,0,0.407403878
8.26,9.04,31.954094,0.592596122,0,0.407403878
9.44,9.04,31.954094,0.592596122,0,0.407403878
10.62,9.04,31.954094,0.592596122,0,0.407403878
0,10.22,31.954094,0.553089714,0,0.446910286
1.18,10.22,31.954094,0.553089714,0,0.446910286
2.36,10.22,31.954094,0.553089714,0,0.446910286
3.54,10.22,31.954094,0.553089714,0,0.446910286
4.72,10.22,31.954094,0.553089714,0,0.446910286
5.9,10.22,31.954094,0.553089714,0,0.446910286
7.08,10.22,31.954094,0.553089714,0,0.446910286
8.26,10.22,31.954094,0.553089714,0,0.446910286
9.44,10.22,31.954094,0.553089714,0,0.446910286
10.62,10.22,31.954094,0.553089714,0,0.446910286
0,11.4,31.954094,0.513583306,0,0.486416694
1.18,11.4,31.954094,0.513583306,0,0.486416694
2.36,11.4,31.954094,0.513583306,0,0.486416694
3.54,11.4,31.954094,0.513583306,0,0.486416694
4.72,11.4,31.954094,0.513583306,0,0.486416694
5.9,11.4,31.954094,0.513583306,0,0.486416694
7.08,11.4,31.954094,0.513583306,0,0.486416694
8.26,11.4,31.954094,0.513583306,0,0.486416694
9.44,11.4,31.954094,0.513583306,0,0.486416694
10.62,11.4,31.954094,0.513583306,0,0.486416694
0,12.58,31.954094,0.434570489,0,0.565429511
1.18,12.58,31.954094,0.434570489,0,0.565429511
2.36,12.58,31.954094,0.434570489,0,0.565429511
3.54,12.58,31.954094,0.434570489,0,0.565429511
4.72,12.58,31.954094,0.434570489,0,0.565429511
5.9,12.58,31.954094,0.434570489,0,0.565429511
7.08,12.58,31.954094,0.434570489,0,0.565429511
8.26,12.58,31.954094,0.434570489,0,0.565429511
9.44,12.58,31.954094,0.434570489,0,0.565429511
10.62,12.58,31.954094,0.434570489,0,0.565429511
0,13.76,31.954094,0.395064081,0,0.604935919
1.18,13.76,31.954094,0.395064081,0,0.604935919
2.36,13.76,31.954094,0.395064081,0,0.604935919
3.54,13.76,31.954094,0.395064081,0,0.604935919
4.72,13.76,31.954094,0.395064081,0,0.604935919
5.9,13.76,31.954094,0.395064081,0,0.604935919
7.08,13.76,31.954094,0.395064081,0,0.604935919
8.26,13.76,31.954094,0.395064081,0,0.604935919
9.44,13.76,31.954094,0.395064081,0,0.604935919
10.62,13.76,31.954094,0.395064081,0,0.604935919
0,14.94,31.954094,0.355557673,0,0.644442327
1.18,14.94,31.954094,0.355557673,0,0.644442327
2.36,14.94,31.954094,0.355557673,0,0.644442327
3.54,14.94,31.954094,0.355557673,0,0.644442327
4.72,14.94,31.954094,0.355557673,0,0.644442327
5.9,14.94,31.954094,0.355557673,0,0.644442327
7.08,14.94,31.954094,0.355557673,0,0.644442327
8.26,14.94,31.954094,0.355557673,0,0.644442327
9.44,14.94,31.954094,0.355557673,0,0.644442327
10.62,14.94,31.954094,0.355557673,0,0.644442327
0,16.12,31.954094,0.316051265,0,0.683948735
1.18,16.12,31.954094,0.316051265,0,0.683948735
2.36,16.12,31.954094,0.316051265,0,0.683948735
3.54,16.12,31.954094,0.316051265,0,0.683948735
4.72,16.12,31.954094,0.316051265,0,0.683948735
5.9,16.12,31.954094,0.316051265,0,0.683948735
7.08,16.12,31.954094,0.316051265,0,0.683948735
8.26,16.12,31.954094,0.316051265,0,0.683948735
9.44,16.12,31.954094,0.316051265,0,0.683948735
10.62,16.12,31.954094,0.316051265,0,0.683948735
0,17.3,31.954094,0.276544857,0,0.723455143
1.18,17.3,31.954094,0.276544857,0,0.723455143
2.36,17.3,31.954094,0.276544857,0,0.723455143
3.54,17.3,31.954094,0.276544857,0,0.723455143
4.72,17.3,31.954094,0.276544857,0,0.723455143
5.9,17.3,31.954094,0.276544857,0,0.723455143
7.08,17.3,31.954094,0.276544857,0,0.723455143
8.26,17.3,31.954094,0.276544857,0,0.723455143
9.44,17.3,31.954094,0.276544857,0,0.723455143
10.62,17.3,31.954094,0.276544857,0,0.723455143
0,18.48,31.954094,0.237038449,0,0.762961551
1.18,18.48,31.954094,0.237038449,0,0.762961551
2.36,18.48,31.954094,0.237038449,0,0.762961551
3.54,18.48,31.954094,0.237038449,0,0.762961551
4.72,18.48,31.954094,0.237038449,0,0.762961551
5.9,18.48,31.954094,0.237038449,0,0.762961551
7.08,18.48,31.954094,0.237038449,0,0.762961551
8.26,18.48,31.954094,0.237038449,0,0.762961551
9.44,18.48,31.954094,0.237038449,0,0.762961551
10.62,18.48,31.954094,0.237038449,0,0.762961551
0,19.66,31.954094,0.197532041,0,0.802467959
1.18,19.66,31.954094,0.197532041,0,0.802467959
2.36,19.66,31.954094,0.197532041,0,0.802467959
3.54,19.66,31.954094,0.197532041,0,0.802467959
4.72,19.66,31.954094,0.197532041,0,0.802467959
5.9,19.66,31.954094,0.197532041,0,0.802467959
7.08,19.66,31.954094,0.197532041,0,0.802467959
8.26,19.66,31.954094,0.197532041,0,0.802467959
9.44,19.66,31.954094,0.197532041,0,0.802467959
10.62,19.66,31.954094,0.197532041,0,0.802467959
0,-18.1,32.574094,0.236152321,0,0.763847679
1.18,-18.1,32.574094,0.236152321,0,0.763847679
2.36,-18.1,32.574094,0.236152321,0,0.763847679
3.54,-18.1,32.574094,0.236152321,0,0.763847679
4.72,-18.1,32.574094,0.236152321,0,0.763847679
5.9,-18.1,32.574094,0.236152321,0,0.763847679
7.08,-18.1,32.574094,0.236152321,0,0.763847679
8.26,-18.1,32.574094,0.236152321,0,0.763847679
9.44,-18.1,32.574094,0.236152321,0,0.763847679
10.62,-18.1,32.574094,0.236152321,0,0.763847679
0,-16.92,32.574094,0.274473331,0,0.725526669
1.18,-16.92,32.574094,0.274473331,0,0.725526669
2.36,-16.92,32.574094,0.274473331,0,0.725526669
3.54,-16.92,32.574094,0.274473331,0,0.725526669
4.72,-16.92,32.574094,0.274473331,0,0.725526669
5.9,-16.92,32.574094,0.274473331,0,0.725526669
7.08,-16.92,32.574094,0.274473331,0,0.725526669
8.26,-16.92,32.574094,0.274473331,0,0.725526669
9.44,-16.92,32.574094,0.274473331,0,0.725526669
10.62,-16.92,32.574094,0.274473331,0,0.725526669
0,-15.74,32.574094,0.313683806,0,0.686316194
1.18,-15.74,32.574094,0.313683806,0,0.686316194
2.36,-15.74,32.574094,0.313683806,0,0.686316194
3.54,-15.74,32.574094,0.313683806,0,0.686316194
4.72,-15.74,32.574094,0.313683806,0,0.686316194
5.9,-15.74,32.574094,0.313683806,0,0.686316194
7.08,-15.74,32.574094,0.313683806,0,0.686316194
8.26,-15.74,32.574094,0.313683806,0,0.686316194
9.44,-15.74,32.574094,0.313683806,0,0.686316194
10.62,-15.74,32.574094,0.313683806,0,0.686316194
0,-14.56,32.574094,0.352894282,0,0.647105718
1.18,-14.56,32.574094,0.352894282,0,0.647105718
2.36,-14.56,32.574094,0.352894282,0,0.647105718
3.54,-14.56,32.574094,0.352894282,0,0.647105718
4.72,-14.56,32.574094,0.352894282,0,0.647105718
5.9,-14.56,32.574094,0.352894282,0,0.647105718
7.08,-14.56,32.574094,0.352894282,0,0.647105718
8.26,-14.56,32.574094,0.352894282,0,0.647105718
9.44,-14.56,32.574094,0.352894282,0,0.647105718
10.62,-14.56,32.574094,0.352894282,0,0.647105718
0,-13.38,32.574094,0.431315234,0,0.568684766
1.18,-13.38,32.574094,0.431315234,0,0.568684766
2.36,-13.38,32.574094,0.431315234,0,0.568684766
3.54,-13.38,32.574094,0.431315234,0,0.568684766
4.72,-13.38,32.574094,0.431315234,0,0.568684766
5.9,-13.38,32.574094,0.431315234,0,0.568684766
7.08,-13.38,32.574094,0.431315234,0,0.568684766
8.26,-13.38,32.574094,0.431315234,0,0.568684766
9.44,-13.38,32.574094,0.431315234,0,0.568684766
10.62,-13.38,32.574094,0.431315234,0,0.568684766
0,-12.2,32.574094,0.47052571,0,0.52947429
1.18,-12.2,32.574094,0.47052571,0,0.52947429
2.36,-12.2,32.574094,0.47052571,0,0.52947429
3.54,-12.2,32.574094,0.47052571,0,0.52947429
4.72,-12.2,32.574094,0.47052571,0,0.52947429
5.9,-12.2,32.574094,0.47052571,0,0.52947429
7.08,-12.2,32.574094,0.47052571,0,0.52947429
8.26,-12.2,32.574094,0.47052571,0,0.52947429
9.44,-12.2,32.574094,0.47052571,0,0.52947429
10.62,-12.2,32.574094,0.47052571,0,0.52947429
0,-11.02,32.574094,0.509736185,0,0.490263815
1.18,-11.02,32.574094,0.509736185,0,0.490263815
2.36,-11.02,32.574094,0.509736185,0,0.490263815
3.54,-11.02,32.574094,0.509736185,0,0.490263815
4.72,-11.02,32.574094,0.509736185,0,0.490263815
5.9,-11.02,32.574094,0.509736185,0,0.490263815
7.08,-11.02,32.574094,0.509736185,0,0.490263815
8.26,-11.02,32.574094,0.509736185,0,0.490263815
9.44,-11.02,32.574094,0.509736185,0,0.490263815
10.62,-11.02,32.574094,0.509736185,0,0.490263815
0,-9.84,32.574094,0.548946661,0,0.451053339
1.18,-9.84,32.574094,0.548946661,0,0.451053339
2.36,-9.84,32.574094,0.548946661,0,0.451053339
3.54,-9.84,32.574094,0.548946661,0,0.451053339
4.72,-9.84,32.574094,0.548946661,0,0.451053339
5.9,-9.84,32.574094,0.548946661,0,0.451053339
7.08,-9.84,32.574094,0.548946661,0,0.451053339
8.26,-9.84,32.574094,0.548946661,0,0.451053339
9.44,-9.84,32.574094,0.548946661,0,0.451053339
10.62,-9.84,32.574094,0.548946661,0,0.451053339
0,-8.66,32.574094,0.588157137,0,0.411842863
1.18,-8.66,32.574094,0.588157137,0,0.411842863
2.36,-8.66,32.574094,0.588157137,0,0.411842863
3.54,-8.66,32.574094,0.588157137,0,0.411842863
4.72,-8.66,32.574094,0.588157137,0,0.411842863
5.9,-8.66,32.574094,0.588157137,0,0.411842863
7.08,-8.66,32.574094,0.588157137,0,0.411842863
8.26,-8.66,32.574094,0.588157137,0,0.411842863
9.44,-8.66,32.574094,0.588157137,0,0.411842863
10.62,-8.66,32.574094,0.588157137,0,0.411842863
0,-7.48,32.574094,0.666578089,0,0.333421911
1.18,-7.48,32.574094,0.666578089,0,0.333421911
2.36,-7.48,32.574094,0.666578089,0,0.333421911
3.54,-7.48,32.574094,0.666578089,0,0.333421911
4.72,-7.48,32.574094,0.666578089,0,0.333421911
5.9,-7.48,32.574094,0.666578089,0,0.333421911
7.08,-7.48,32.574094,0.666578089,0,0.333421911
8.26,-7.48,32.574094,0.666578089,0,0.333421911
9.44,-7.48,32.574094,0.666578089,0,0.333421911
10.62,-7.48,32.574094,0.666578089,0,0.333421911
0,-6.3,32.574094,0.705788564,0,0.294211436
1.18,-6.3,32.574094,0.705788564,0,0.294211436
2.36,-6.3,32.574094,0.705788564,0,0.294211436
3.54,-6.3,32.574094,0.705788564,0,0.294211436
4.72,-6.3,32.574094,0.705788564,0,0.294211436
5.9,-6.3,32.574094,0.705788564,0,0.294211436
7.08,-6.3,32.574094,0.705788564,0,0.294211436
8.26,-6.3,32.574094,0.705788564,0,0.294211436
9.44,-6.3,32.574094,0.705788564,0,0.294211436
10.62,-6.3,32.574094,0.705788564,0,0.294211436
0,-5.12,32.574094,0.74499904,0,0.25500096
1.18,-5.12,32.574094,0.74499904,0,0.25500096
2.36,-5.12,32.574094,0.74499904,0,0.25500096
3.54,-5.12,32.574094,0.74499904,0,0.25500096
4.72,-5.12,32.574094,0.74499904,0,0.25500096
5.9,-5.12,32.574094,0.74499904,0,0.25500096
7.08,-5.12,32.574094,0.74499904,0,0.25500096
8.26,-5.12,32.574094,0.74499904,0,0.25500096
9.44,-5.12,32.574094,0.74499904,0,0.25500096
10.62,-5.12,32.574094,0.74499904,0,0.25500096
0,-3.94,32.574094,0.784209516,0,0.215790484
1.18,-3.94,32.574094,0.784209516,0,0.215790484
2.36,-3.94,32.574094,0.784209516,0,0.215790484
3.54,-3.94,32.574094,0.784209516,0,0.215790484
4.72,-3.94,32.574094,0.784209516,0,0.215790484
5.9,-3.94,32.574094,0.784209516,0,0.215790484
7.08,-3.94,32.574094,0.784209516,0,0.215790484
8.26,-3.94,32.574094,0.784209516,0,0.215790484
9.44,-3.94,32.574094,0.784209516,0,0.215790484
10.62,-3.94,32.574094,0.784209516,0,0.215790484
0,-2.76,32.574094,0.823419992,0,0.176580008
1.18,-2.76,32.574094,0.823419992,0,0.176580008
2.36,-2.76,32.574094,0.823419992,0,0.176580008
3.54,-2.76,32.574094,0.823419992,0,0.176580008
4.72,-2.76,32.574094,0.823419992,0,0.176580008
5.9,-2.76,32.574094,0.823419992,0,0.176580008
7.08,-2.76,32.574094,0.823419992,0,0.176580008
8.26,-2.76,32.574094,0.823419992,0,0.176580008
9.44,-2.76,32.574094,0.823419992,0,0.176580008
10.62,-2.76,32.574094,0.823419992,0,0.176580008
0,-1.58,32.574094,0.862630468,0,0.137369532
1.18,-1.58,32.574094,0.862630468,0,0.137369532
2.36,-1.58,32.574094,0.862630468,0,0.137369532
3.54,-1.58,32.574094,0.862630468,0,0.137369532
4.72,-1.58,32.574094,0.862630468,0,0.137369532
5.9,-1.58,32.574094,0.862630468,0,0.137369532
7.08,-1.58,32.574094,0.862630468,0,0.137369532
8.26,-1.58,32.574094,0.862630468,0,0.137369532
9.44,-1.58,32.574094,0.862630468,0,0.137369532
10.62,-1.58,32.574094,0.862630468,0,0.137369532
0,-0.400000000000002,32.574094,0.928892094,0,0.071107906
1.18,-0.400000000000002,32.574094,0.928892094,0,0.071107906
2.36,-0.400000000000002,32.574094,0.928892094,0,0.071107906
3.54,-0.400000000000002,32.574094,0.928892094,0,0.071107906
4.72,-0.400000000000002,32.574094,0.928892094,0,0.071107906
5.9,-0.400000000000002,32.574094,0.928892094,0,0.071107906
7.08,-0.400000000000002,32.574094,0.928892094,0,0.071107906
8.26,-0.400000000000002,32.574094,0.928892094,0,0.071107906
9.44,-0.400000000000002,32.574094,0.928892094,0,0.071107906
10.62,-0.400000000000002,32.574094,0.928892094,0,0.071107906
0,0.779999999999998,32.574094,0.901840943,0,0.098159057
1.18,0.779999999999998,32.574094,0.901840943,0,0.098159057
2.36,0.779999999999998,32.574094,0.901840943,0,0.098159057
3.54,0.779999999999998,32.574094,0.901840943,0,0.098159057
4.72,0.779999999999998,32.574094,0.901840943,0,0.098159057
5.9,0.779999999999998,32.574094,0.901840943,0,0.098159057
7.08,0.779999999999998,32.574094,0.901840943,0,0.098159057
8.26,0.779999999999998,32.574094,0.901840943,0,0.098159057
9.44,0.779999999999998,32.574094,0.901840943,0,0.098159057
10.62,0.779999999999998,32.574094,0.901840943,0,0.098159057
0,1.96,32.574094,0.862630468,0,0.137369532
1.18,1.96,32.574094,0.862630468,0,0.137369532
2.36,1.96,32.574094,0.862630468,0,0.137369532
3.54,1.96,32.574094,0.862630468,0,0.137369532
4.72,1.96,32.574094,0.862630468,0,0.137369532
5.9,1.96,32.574094,0.862630468,0,0.137369532
7.08,1.96,32.574094,0.862630468,0,0.137369532
8.26,1.96,32.574094,0.862630468,0,0.137369532
9.44,1.96,32.574094,0.862630468,0,0.137369532
10.62,1.96,32.574094,0.862630468,0,0.137369532
0,3.14,32.574094,0.823419992,0,0.176580008
1.18,3.14,32.574094,0.823419992,0,0.176580008
2.36,3.14,32.574094,0.823419992,0,0.176580008
3.54,3.14,32.574094,0.823419992,0,0.176580008
4.72,3.14,32.574094,0.823419992,0,0.176580008
5.9,3.14,32.574094,0.823419992,0,0.176580008
7.08,3.14,32.574094,0.823419992,0,0.176580008
8.26,3.14,32.574094,0.823419992,0,0.176580008
9.44,3.14,32.574094,0.823419992,0,0.176580008
10.62,3.14,32.574094,0.823419992,0,0.176580008
0,4.32,32.574094,0.784209516,0,0.215790484
1.18,4.32,32.574094,0.784209516,0,0.215790484
2.36,4.32,32.574094,0.784209516,0,0.215790484
3.54,4.32,32.574094,0.784209516,0,0.215790484
4.72,4.32,32.574094,0.784209516,0,0.215790484
5.9,4.32,32.574094,0.784209516,0,0.215790484
7.08,4.32,32.574094,0.784209516,0,0.215790484
8.26,4.32,32.574094,0.784209516,0,0.215790484
9.44,4.32,32.574094,0.784209516,0,0.215790484
10.62,4.32,32.574094,0.784209516,0,0.215790484
0,5.5,32.574094,0.74499904,0,0.25500096
1.18,5.5,32.574094,0.74499904,0,0.25500096
2.36,5.5,32.574094,0.74499904,0,0.25500096
3.54,5.5,32.574094,0.74499904,0,0.25500096
4.72,5.5,32.574094,0.74499904,0,0.25500096
5.9,5.5,32.574094,0.74499904,0,0.25500096
7.08,5.5,32.574094,0.74499904,0,0.25500096
8.26,5.5,32.574094,0.74499904,0,0.25500096
9.44,5.5,32.574094,0.74499904,0,0.25500096
10.62,5.5,32.574094,0.74499904,0,0.25500096
0,6.68,32.574094,0.666578089,0,0.333421911
1.18,6.68,32.574094,0.666578089,0,0.333421911
2.36,6.68,32.574094,0.666578089,0,0.333421911
3.54,6.68,32.574094,0.666578089,0,0.333421911
4.72,6.68,32.574094,0.666578089,0,0.333421911
5.9,6.68,32.574094,0.666578089,0,0.333421911
7.08,6.68,32.574094,0.666578089,0,0.333421911
8.26,6.68,32.574094,0.666578089,0,0.333421911
9.44,6.68,32.574094,0.666578089,0,0.333421911
10.62,6.68,32.574094,0.666578089,0,0.333421911
0,7.86,32.574094,0.627367613,0,0.372632387
1.18,7.86,32.574094,0.627367613,0,0.372632387
2.36,7.86,32.574094,0.627367613,0,0.372632387
3.54,7.86,32.574094,0.627367613,0,0.372632387
4.72,7.86,32.574094,0.627367613,0,0.372632387
5.9,7.86,32.574094,0.627367613,0,0.372632387
7.08,7.86,32.574094,0.627367613,0,0.372632387
8.26,7.86,32.574094,0.627367613,0,0.372632387
9.44,7.86,32.574094,0.627367613,0,0.372632387
10.62,7.86,32.574094,0.627367613,0,0.372632387
0,9.04,32.574094,0.588157137,0,0.411842863
1.18,9.04,32.574094,0.588157137,0,0.411842863
2.36,9.04,32.574094,0.588157137,0,0.411842863
3.54,9.04,32.574094,0.588157137,0,0.411842863
4.72,9.04,32.574094,0.588157137,0,0.411842863
5.9,9.04,32.574094,0.588157137,0,0.411842863
7.08,9.04,32.574094,0.588157137,0,0.411842863
8.26,9.04,32.574094,0.588157137,0,0.411842863
9.44,9.04,32.574094,0.588157137,0,0.411842863
10.62,9.04,32.574094,0.588157137,0,0.411842863
0,10.22,32.574094,0.548946661,0,0.451053339
1.18,10.22,32.574094,0.548946661,0,0.451053339
2.36,10.22,32.574094,0.548946661,0,0.451053339
3.54,10.22,32.574094,0.548946661,0,0.451053339
4.72,10.22,32.574094,0.548946661,0,0.451053339
5.9,10.22,32.574094,0.548946661,0,0.451053339
7.08,10.22,32.574094,0.548946661,0,0.451053339
8.26,10.22,32.574094,0.548946661,0,0.451053339
9.44,10.22,32.574094,0.548946661,0,0.451053339
10.62,10.22,32.574094,0.548946661,0,0.451053339
0,11.4,32.574094,0.509736185,0,0.490263815
1.18,11.4,32.574094,0.509736185,0,0.490263815
2.36,11.4,32.574094,0.509736185,0,0.490263815
3.54,11.4,32.574094,0.509736185,0,0.490263815
4.72,11.4,32.574094,0.509736185,0,0.490263815
5.9,11.4,32.574094,0.509736185,0,0.490263815
7.08,11.4,32.574094,0.509736185,0,0.490263815
8.26,11.4,32.574094,0.509736185,0,0.490263815
9.44,11.4,32.574094,0.509736185,0,0.490263815
10.62,11.4,32.574094,0.509736185,0,0.490263815
0,12.58,32.574094,0.431315234,0,0.568684766
1.18,12.58,32.574094,0.431315234,0,0.568684766
2.36,12.58,32.574094,0.431315234,0,0.568684766
3.54,12.58,32.574094,0.431315234,0,0.568684766
4.72,12.58,32.574094,0.431315234,0,0.568684766
5.9,12.58,32.574094,0.431315234,0,0.568684766
7.08,12.58,32.574094,0.431315234,0,0.568684766
8.26,12.58,32.574094,0.431315234,0,0.568684766
9.44,12.58,32.574094,0.431315234,0,0.568684766
10.62,12.58,32.574094,0.431315234,0,0.568684766
0,13.76,32.574094,0.392104758,0,0.607895242
1.18,13.76,32.574094,0.392104758,0,0.607895242
2.36,13.76,32.574094,0.392104758,0,0.607895242
3.54,13.76,32.574094,0.392104758,0,0.607895242
4.72,13.76,32.574094,0.392104758,0,0.607895242
5.9,13.76,32.574094,0.392104758,0,0.607895242
7.08,13.76,32.574094,0.392104758,0,0.607895242
8.26,13.76,32.574094,0.392104758,0,0.607895242
9.44,13.76,32.574094,0.392104758,0,0.607895242
10.62,13.76,32.574094,0.392104758,0,0.607895242
0,14.94,32.574094,0.352894282,0,0.647105718
1.18,14.94,32.574094,0.352894282,0,0.647105718
2.36,14.94,32.574094,0.352894282,0,0.647105718
3.54,14.94,32.574094,0.352894282,0,0.647105718
4.72,14.94,32.574094,0.352894282,0,0.647105718
5.9,14.94,32.574094,0.352894282,0,0.647105718
7.08,14.94,32.574094,0.352894282,0,0.647105718
8.26,14.94,32.574094,0.352894282,0,0.647105718
9.44,14.94,32.574094,0.352894282,0,0.647105718
10.62,14.94,32.574094,0.352894282,0,0.647105718
0,16.12,32.574094,0.313683806,0,0.686316194
1.18,16.12,32.574094,0.313683806,0,0.686316194
2.36,16.12,32.574094,0.313683806,0,0.686316194
3.54,16.12,32.574094,0.313683806,0,0.686316194
4.72,16.12,32.574094,0.313683806,0,0.686316194
5.9,16.12,32.574094,0.313683806,0,0.686316194
7.08,16.12,32.574094,0.313683806,0,0.686316194
8.26,16.12,32.574094,0.313683806,0,0.686316194
9.44,16.12,32.574094,0.313683806,0,0.686316194
10.62,16.12,32.574094,0.313683806,0,0.686316194
0,17.3,32.574094,0.274473331,0,0.725526669
1.18,17.3,32.574094,0.274473331,0,0.725526669
2.36,17.3,32.574094,0.274473331,0,0.725526669
3.54,17.3,32.574094,0.274473331,0,0.725526669
4.72,17.3,32.574094,0.274473331,0,0.725526669
5.9,17.3,32.574094,0.274473331,0,0.725526669
7.08,17.3,32.574094,0.274473331,0,0.725526669
8.26,17.3,32.574094,0.274473331,0,0.725526669
9.44,17.3,32.574094,0.274473331,0,0.725526669
10.62,17.3,32.574094,0.274473331,0,0.725526669
0,18.48,32.574094,0.236152321,0,0.763847679
1.18,18.48,32.574094,0.236152321,0,0.763847679
2.36,18.48,32.574094,0.236152321,0,0.763847679
3.54,18.48,32.574094,0.236152321,0,0.763847679
4.72,18.48,32.574094,0.236152321,0,0.763847679
5.9,18.48,32.574094,0.236152321,0,0.763847679
7.08,18.48,32.574094,0.236152321,0,0.763847679
8.26,18.48,32.574094,0.236152321,0,0.763847679
9.44,18.48,32.574094,0.236152321,0,0.763847679
10.62,18.48,32.574094,0.236152321,0,0.763847679
0,-16.92,33.194094,0.274473331,0,0.725526669
1.18,-16.92,33.194094,0.274473331,0,0.725526669
2.36,-16.92,33.194094,0.274473331,0,0.725526669
3.54,-16.92,33.194094,0.274473331,0,0.725526669
4.72,-16.92,33.194094,0.274473331,0,0.725526669
5.9,-16.92,33.194094,0.274473331,0,0.725526669
7.08,-16.92,33.194094,0.274473331,0,0.725526669
8.26,-16.92,33.194094,0.274473331,0,0.725526669
9.44,-16.92,33.194094,0.274473331,0,0.725526669
10.62,-16.92,33.194094,0.274473331,0,0.725526669
0,-15.74,33.194094,0.312493351,0,0.687506649
1.18,-15.74,33.194094,0.312493351,0,0.687506649
2.36,-15.74,33.194094,0.312493351,0,0.687506649
3.54,-15.74,33.194094,0.312493351,0,0.687506649
4.72,-15.74,33.194094,0.312493351,0,0.687506649
5.9,-15.74,33.194094,0.312493351,0,0.687506649
7.08,-15.74,33.194094,0.312493351,0,0.687506649
8.26,-15.74,33.194094,0.312493351,0,0.687506649
9.44,-15.74,33.194094,0.312493351,0,0.687506649
10.62,-15.74,33.194094,0.312493351,0,0.687506649
0,-14.56,33.194094,0.35155502,0,0.64844498
1.18,-14.56,33.194094,0.35155502,0,0.64844498
2.36,-14.56,33.194094,0.35155502,0,0.64844498
3.54,-14.56,33.194094,0.35155502,0,0.64844498
4.72,-14.56,33.194094,0.35155502,0,0.64844498
5.9,-14.56,33.194094,0.35155502,0,0.64844498
7.08,-14.56,33.194094,0.35155502,0,0.64844498
8.26,-14.56,33.194094,0.35155502,0,0.64844498
9.44,-14.56,33.194094,0.35155502,0,0.64844498
10.62,-14.56,33.194094,0.35155502,0,0.64844498
0,-13.38,33.194094,0.429678358,0,0.570321642
1.18,-13.38,33.194094,0.429678358,0,0.570321642
2.36,-13.38,33.194094,0.429678358,0,0.570321642
3.54,-13.38,33.194094,0.429678358,0,0.570321642
4.72,-13.38,33.194094,0.429678358,0,0.570321642
5.9,-13.38,33.194094,0.429678358,0,0.570321642
7.08,-13.38,33.194094,0.429678358,0,0.570321642
8.26,-13.38,33.194094,0.429678358,0,0.570321642
9.44,-13.38,33.194094,0.429678358,0,0.570321642
10.62,-13.38,33.194094,0.429678358,0,0.570321642
0,-12.2,33.194094,0.468740027,0,0.531259973
1.18,-12.2,33.194094,0.468740027,0,0.531259973
2.36,-12.2,33.194094,0.468740027,0,0.531259973
3.54,-12.2,33.194094,0.468740027,0,0.531259973
4.72,-12.2,33.194094,0.468740027,0,0.531259973
5.9,-12.2,33.194094,0.468740027,0,0.531259973
7.08,-12.2,33.194094,0.468740027,0,0.531259973
8.26,-12.2,33.194094,0.468740027,0,0.531259973
9.44,-12.2,33.194094,0.468740027,0,0.531259973
10.62,-12.2,33.194094,0.468740027,0,0.531259973
0,-11.02,33.194094,0.507801696,0,0.492198304
1.18,-11.02,33.194094,0.507801696,0,0.492198304
2.36,-11.02,33.194094,0.507801696,0,0.492198304
3.54,-11.02,33.194094,0.507801696,0,0.492198304
4.72,-11.02,33.194094,0.507801696,0,0.492198304
5.9,-11.02,33.194094,0.507801696,0,0.492198304
7.08,-11.02,33.194094,0.507801696,0,0.492198304
8.26,-11.02,33.194094,0.507801696,0,0.492198304
9.44,-11.02,33.194094,0.507801696,0,0.492198304
10.62,-11.02,33.194094,0.507801696,0,0.492198304
0,-9.84,33.194094,0.546863365,0,0.453136635
1.18,-9.84,33.194094,0.546863365,0,0.453136635
2.36,-9.84,33.194094,0.546863365,0,0.453136635
3.54,-9.84,33.194094,0.546863365,0,0.453136635
4.72,-9.84,33.194094,0.546863365,0,0.453136635
5.9,-9.84,33.194094,0.546863365,0,0.453136635
7.08,-9.84,33.194094,0.546863365,0,0.453136635
8.26,-9.84,33.194094,0.546863365,0,0.453136635
9.44,-9.84,33.194094,0.546863365,0,0.453136635
10.62,-9.84,33.194094,0.546863365,0,0.453136635
0,-8.66,33.194094,0.585925034,0,0.414074966
1.18,-8.66,33.194094,0.585925034,0,0.414074966
2.36,-8.66,33.194094,0.585925034,0,0.414074966
3.54,-8.66,33.194094,0.585925034,0,0.414074966
4.72,-8.66,33.194094,0.585925034,0,0.414074966
5.9,-8.66,33.194094,0.585925034,0,0.414074966
7.08,-8.66,33.194094,0.585925034,0,0.414074966
8.26,-8.66,33.194094,0.585925034,0,0.414074966
9.44,-8.66,33.194094,0.585925034,0,0.414074966
10.62,-8.66,33.194094,0.585925034,0,0.414074966
0,-7.48,33.194094,0.664048371,0,0.335951629
1.18,-7.48,33.194094,0.664048371,0,0.335951629
2.36,-7.48,33.194094,0.664048371,0,0.335951629
3.54,-7.48,33.194094,0.664048371,0,0.335951629
4.72,-7.48,33.194094,0.664048371,0,0.335951629
5.9,-7.48,33.194094,0.664048371,0,0.335951629
7.08,-7.48,33.194094,0.664048371,0,0.335951629
8.26,-7.48,33.194094,0.664048371,0,0.335951629
9.44,-7.48,33.194094,0.664048371,0,0.335951629
10.62,-7.48,33.194094,0.664048371,0,0.335951629
0,-6.3,33.194094,0.70311004,0,0.29688996
1.18,-6.3,33.194094,0.70311004,0,0.29688996
2.36,-6.3,33.194094,0.70311004,0,0.29688996
3.54,-6.3,33.194094,0.70311004,0,0.29688996
4.72,-6.3,33.194094,0.70311004,0,0.29688996
5.9,-6.3,33.194094,0.70311004,0,0.29688996
7.08,-6.3,33.194094,0.70311004,0,0.29688996
8.26,-6.3,33.194094,0.70311004,0,0.29688996
9.44,-6.3,33.194094,0.70311004,0,0.29688996
10.62,-6.3,33.194094,0.70311004,0,0.29688996
0,-5.12,33.194094,0.742171709,0,0.257828291
1.18,-5.12,33.194094,0.742171709,0,0.257828291
2.36,-5.12,33.194094,0.742171709,0,0.257828291
3.54,-5.12,33.194094,0.742171709,0,0.257828291
4.72,-5.12,33.194094,0.742171709,0,0.257828291
5.9,-5.12,33.194094,0.742171709,0,0.257828291
7.08,-5.12,33.194094,0.742171709,0,0.257828291
8.26,-5.12,33.194094,0.742171709,0,0.257828291
9.44,-5.12,33.194094,0.742171709,0,0.257828291
10.62,-5.12,33.194094,0.742171709,0,0.257828291
0,-3.94,33.194094,0.781233378,0,0.218766622
1.18,-3.94,33.194094,0.781233378,0,0.218766622
2.36,-3.94,33.194094,0.781233378,0,0.218766622
3.54,-3.94,33.194094,0.781233378,0,0.218766622
4.72,-3.94,33.194094,0.781233378,0,0.218766622
5.9,-3.94,33.194094,0.781233378,0,0.218766622
7.08,-3.94,33.194094,0.781233378,0,0.218766622
8.26,-3.94,33.194094,0.781233378,0,0.218766622
9.44,-3.94,33.194094,0.781233378,0,0.218766622
10.62,-3.94,33.194094,0.781233378,0,0.218766622
0,-2.76,33.194094,0.820295047,0,0.179704953
1.18,-2.76,33.194094,0.820295047,0,0.179704953
2.36,-2.76,33.194094,0.820295047,0,0.179704953
3.54,-2.76,33.194094,0.820295047,0,0.179704953
4.72,-2.76,33.194094,0.820295047,0,0.179704953
5.9,-2.76,33.194094,0.820295047,0,0.179704953
7.08,-2.76,33.194094,0.820295047,0,0.179704953
8.26,-2.76,33.194094,0.820295047,0,0.179704953
9.44,-2.76,33.194094,0.820295047,0,0.179704953
10.62,-2.76,33.194094,0.820295047,0,0.179704953
0,-1.58,33.194094,0.859356716,0,0.140643284
1.18,-1.58,33.194094,0.859356716,0,0.140643284
2.36,-1.58,33.194094,0.859356716,0,0.140643284
3.54,-1.58,33.194094,0.859356716,0,0.140643284
4.72,-1.58,33.194094,0.859356716,0,0.140643284
5.9,-1.58,33.194094,0.859356716,0,0.140643284
7.08,-1.58,33.194094,0.859356716,0,0.140643284
8.26,-1.58,33.194094,0.859356716,0,0.140643284
9.44,-1.58,33.194094,0.859356716,0,0.140643284
10.62,-1.58,33.194094,0.859356716,0,0.140643284
0,-0.400000000000002,33.194094,0.925366874,0,0.074633126
1.18,-0.400000000000002,33.194094,0.925366874,0,0.074633126
2.36,-0.400000000000002,33.194094,0.925366874,0,0.074633126
3.54,-0.400000000000002,33.194094,0.925366874,0,0.074633126
4.72,-0.400000000000002,33.194094,0.925366874,0,0.074633126
5.9,-0.400000000000002,33.194094,0.925366874,0,0.074633126
7.08,-0.400000000000002,33.194094,0.925366874,0,0.074633126
8.26,-0.400000000000002,33.194094,0.925366874,0,0.074633126
9.44,-0.400000000000002,33.194094,0.925366874,0,0.074633126
10.62,-0.400000000000002,33.194094,0.925366874,0,0.074633126
0,0.779999999999998,33.194094,0.898418385,0,0.101581615
1.18,0.779999999999998,33.194094,0.898418385,0,0.101581615
2.36,0.779999999999998,33.194094,0.898418385,0,0.101581615
3.54,0.779999999999998,33.194094,0.898418385,0,0.101581615
4.72,0.779999999999998,33.194094,0.898418385,0,0.101581615
5.9,0.779999999999998,33.194094,0.898418385,0,0.101581615
7.08,0.779999999999998,33.194094,0.898418385,0,0.101581615
8.26,0.779999999999998,33.194094,0.898418385,0,0.101581615
9.44,0.779999999999998,33.194094,0.898418385,0,0.101581615
10.62,0.779999999999998,33.194094,0.898418385,0,0.101581615
0,1.96,33.194094,0.859356716,0,0.140643284
1.18,1.96,33.194094,0.859356716,0,0.140643284
2.36,1.96,33.194094,0.859356716,0,0.140643284
3.54,1.96,33.194094,0.859356716,0,0.140643284
4.72,1.96,33.194094,0.859356716,0,0.140643284
5.9,1.96,33.194094,0.859356716,0,0.140643284
7.08,1.96,33.194094,0.859356716,0,0.140643284
8.26,1.96,33.194094,0.859356716,0,0.140643284
9.44,1.96,33.194094,0.859356716,0,0.140643284
10.62,1.96,33.194094,0.859356716,0,0.140643284
0,3.14,33.194094,0.820295047,0,0.179704953
1.18,3.14,33.194094,0.820295047,0,0.179704953
2.36,3.14,33.194094,0.820295047,0,0.179704953
3.54,3.14,33.194094,0.820295047,0,0.179704953
4.72,3.14,33.194094,0.820295047,0,0.179704953
5.9,3.14,33.194094,0.820295047,0,0.179704953
7.08,3.14,33.194094,0.820295047,0,0.179704953
8.26,3.14,33.194094,0.820295047,0,0.179704953
9.44,3.14,33.194094,0.820295047,0,0.179704953
10.62,3.14,33.194094,0.820295047,0,0.179704953
0,4.32,33.194094,0.781233378,0,0.218766622
1.18,4.32,33.194094,0.781233378,0,0.218766622
2.36,4.32,33.194094,0.781233378,0,0.218766622
3.54,4.32,33.194094,0.781233378,0,0.218766622
4.72,4.32,33.194094,0.781233378,0,0.218766622
5.9,4.32,33.194094,0.781233378,0,0.218766622
7.08,4.32,33.194094,0.781233378,0,0.218766622
8.26,4.32,33.194094,0.781233378,0,0.218766622
9.44,4.32,33.194094,0.781233378,0,0.218766622
10.62,4.32,33.194094,0.781233378,0,0.218766622
0,5.5,33.194094,0.742171709,0,0.257828291
1.18,5.5,33.194094,0.742171709,0,0.257828291
2.36,5.5,33.194094,0.742171709,0,0.257828291
3.54,5.5,33.194094,0.742171709,0,0.257828291
4.72,5.5,33.194094,0.742171709,0,0.257828291
5.9,5.5,33.194094,0.742171709,0,0.257828291
7.08,5.5,33.194094,0.742171709,0,0.257828291
8.26,5.5,33.194094,0.742171709,0,0.257828291
9.44,5.5,33.194094,0.742171709,0,0.257828291
10.62,5.5,33.194094,0.742171709,0,0.257828291
0,6.68,33.194094,0.664048371,0,0.335951629
1.18,6.68,33.194094,0.664048371,0,0.335951629
2.36,6.68,33.194094,0.664048371,0,0.335951629
3.54,6.68,33.194094,0.664048371,0,0.335951629
4.72,6.68,33.194094,0.664048371,0,0.335951629
5.9,6.68,33.194094,0.664048371,0,0.335951629
7.08,6.68,33.194094,0.664048371,0,0.335951629
8.26,6.68,33.194094,0.664048371,0,0.335951629
9.44,6.68,33.194094,0.664048371,0,0.335951629
10.62,6.68,33.194094,0.664048371,0,0.335951629
0,7.86,33.194094,0.624986702,0,0.375013298
1.18,7.86,33.194094,0.624986702,0,0.375013298
2.36,7.86,33.194094,0.624986702,0,0.375013298
3.54,7.86,33.194094,0.624986702,0,0.375013298
4.72,7.86,33.194094,0.624986702,0,0.375013298
5.9,7.86,33.194094,0.624986702,0,0.375013298
7.08,7.86,33.194094,0.624986702,0,0.375013298
8.26,7.86,33.194094,0.624986702,0,0.375013298
9.44,7.86,33.194094,0.624986702,0,0.375013298
10.62,7.86,33.194094,0.624986702,0,0.375013298
0,9.04,33.194094,0.585925034,0,0.414074966
1.18,9.04,33.194094,0.585925034,0,0.414074966
2.36,9.04,33.194094,0.585925034,0,0.414074966
3.54,9.04,33.194094,0.585925034,0,0.414074966
4.72,9.04,33.194094,0.585925034,0,0.414074966
5.9,9.04,33.194094,0.585925034,0,0.414074966
7.08,9.04,33.194094,0.585925034,0,0.414074966
8.26,9.04,33.194094,0.585925034,0,0.414074966
9.44,9.04,33.194094,0.585925034,0,0.414074966
10.62,9.04,33.194094,0.585925034,0,0.414074966
0,10.22,33.194094,0.546863365,0,0.453136635
1.18,10.22,33.194094,0.546863365,0,0.453136635
2.36,10.22,33.194094,0.546863365,0,0.453136635
3.54,10.22,33.194094,0.546863365,0,0.453136635
4.72,10.22,33.194094,0.546863365,0,0.453136635
5.9,10.22,33.194094,0.546863365,0,0.453136635
7.08,10.22,33.194094,0.546863365,0,0.453136635
8.26,10.22,33.194094,0.546863365,0,0.453136635
9.44,10.22,33.194094,0.546863365,0,0.453136635
10.62,10.22,33.194094,0.546863365,0,0.453136635
0,11.4,33.194094,0.507801696,0,0.492198304
1.18,11.4,33.194094,0.507801696,0,0.492198304
2.36,11.4,33.194094,0.507801696,0,0.492198304
3.54,11.4,33.194094,0.507801696,0,0.492198304
4.72,11.4,33.194094,0.507801696,0,0.492198304
5.9,11.4,33.194094,0.507801696,0,0.492198304
7.08,11.4,33.194094,0.507801696,0,0.492198304
8.26,11.4,33.194094,0.507801696,0,0.492198304
9.44,11.4,33.194094,0.507801696,0,0.492198304
10.62,11.4,33.194094,0.507801696,0,0.492198304
0,12.58,33.194094,0.429678358,0,0.570321642
1.18,12.58,33.194094,0.429678358,0,0.570321642
2.36,12.58,33.194094,0.429678358,0,0.570321642
3.54,12.58,33.194094,0.429678358,0,0.570321642
4.72,12.58,33.194094,0.429678358,0,0.570321642
5.9,12.58,33.194094,0.429678358,0,0.570321642
7.08,12.58,33.194094,0.429678358,0,0.570321642
8.26,12.58,33.194094,0.429678358,0,0.570321642
9.44,12.58,33.194094,0.429678358,0,0.570321642
10.62,12.58,33.194094,0.429678358,0,0.570321642
0,13.76,33.194094,0.390616689,0,0.609383311
1.18,13.76,33.194094,0.390616689,0,0.609383311
2.36,13.76,33.194094,0.390616689,0,0.609383311
3.54,13.76,33.194094,0.390616689,0,0.609383311
4.72,13.76,33.194094,0.390616689,0,0.609383311
5.9,13.76,33.194094,0.390616689,0,0.609383311
7.08,13.76,33.194094,0.390616689,0,0.609383311
8.26,13.76,33.194094,0.390616689,0,0.609383311
9.44,13.76,33.194094,0.390616689,0,0.609383311
10.62,13.76,33.194094,0.390616689,0,0.609383311
0,14.94,33.194094,0.35155502,0,0.64844498
1.18,14.94,33.194094,0.35155502,0,0.64844498
2.36,14.94,33.194094,0.35155502,0,0.64844498
3.54,14.94,33.194094,0.35155502,0,0.64844498
4.72,14.94,33.194094,0.35155502,0,0.64844498
5.9,14.94,33.194094,0.35155502,0,0.64844498
7.08,14.94,33.194094,0.35155502,0,0.64844498
8.26,14.94,33.194094,0.35155502,0,0.64844498
9.44,14.94,33.194094,0.35155502,0,0.64844498
10.62,14.94,33.194094,0.35155502,0,0.64844498
0,16.12,33.194094,0.312493351,0,0.687506649
1.18,16.12,33.194094,0.312493351,0,0.687506649
2.36,16.12,33.194094,0.312493351,0,0.687506649
3.54,16.12,33.194094,0.312493351,0,0.687506649
4.72,16.12,33.194094,0.312493351,0,0.687506649
5.9,16.12,33.194094,0.312493351,0,0.687506649
7.08,16.12,33.194094,0.312493351,0,0.687506649
8.26,16.12,33.194094,0.312493351,0,0.687506649
9.44,16.12,33.194094,0.312493351,0,0.687506649
10.62,16.12,33.194094,0.312493351,0,0.687506649
0,17.3,33.194094,0.274473331,0,0.725526669
1.18,17.3,33.194094,0.274473331,0,0.725526669
2.36,17.3,33.194094,0.274473331,0,0.725526669
3.54,17.3,33.194094,0.274473331,0,0.725526669
4.72,17.3,33.194094,0.274473331,0,0.725526669
5.9,17.3,33.194094,0.274473331,0,0.725526669
7.08,17.3,33.194094,0.274473331,0,0.725526669
8.26,17.3,33.194094,0.274473331,0,0.725526669
9.44,17.3,33.194094,0.274473331,0,0.725526669
10.62,17.3,33.194094,0.274473331,0,0.725526669
0,-15.74,33.814094,0.311298344,0,0.688701656
1.18,-15.74,33.814094,0.311298344,0,0.688701656
2.36,-15.74,33.814094,0.311298344,0,0.688701656
3.54,-15.74,33.814094,0.311298344,0,0.688701656
4.72,-15.74,33.814094,0.311298344,0,0.688701656
5.9,-15.74,33.814094,0.311298344,0,0.688701656
7.08,-15.74,33.814094,0.311298344,0,0.688701656
8.26,-15.74,33.814094,0.311298344,0,0.688701656
9.44,-15.74,33.814094,0.311298344,0,0.688701656
10.62,-15.74,33.814094,0.311298344,0,0.688701656
0,-14.56,33.814094,0.350210637,0,0.649789363
1.18,-14.56,33.814094,0.350210637,0,0.649789363
2.36,-14.56,33.814094,0.350210637,0,0.649789363
3.54,-14.56,33.814094,0.350210637,0,0.649789363
4.72,-14.56,33.814094,0.350210637,0,0.649789363
5.9,-14.56,33.814094,0.350210637,0,0.649789363
7.08,-14.56,33.814094,0.350210637,0,0.649789363
8.26,-14.56,33.814094,0.350210637,0,0.649789363
9.44,-14.56,33.814094,0.350210637,0,0.649789363
10.62,-14.56,33.814094,0.350210637,0,0.649789363
0,-13.38,33.814094,0.428035222,0,0.571964778
1.18,-13.38,33.814094,0.428035222,0,0.571964778
2.36,-13.38,33.814094,0.428035222,0,0.571964778
3.54,-13.38,33.814094,0.428035222,0,0.571964778
4.72,-13.38,33.814094,0.428035222,0,0.571964778
5.9,-13.38,33.814094,0.428035222,0,0.571964778
7.08,-13.38,33.814094,0.428035222,0,0.571964778
8.26,-13.38,33.814094,0.428035222,0,0.571964778
9.44,-13.38,33.814094,0.428035222,0,0.571964778
10.62,-13.38,33.814094,0.428035222,0,0.571964778
0,-12.2,33.814094,0.466947515,0,0.533052485
1.18,-12.2,33.814094,0.466947515,0,0.533052485
2.36,-12.2,33.814094,0.466947515,0,0.533052485
3.54,-12.2,33.814094,0.466947515,0,0.533052485
4.72,-12.2,33.814094,0.466947515,0,0.533052485
5.9,-12.2,33.814094,0.466947515,0,0.533052485
7.08,-12.2,33.814094,0.466947515,0,0.533052485
8.26,-12.2,33.814094,0.466947515,0,0.533052485
9.44,-12.2,33.814094,0.466947515,0,0.533052485
10.62,-12.2,33.814094,0.466947515,0,0.533052485
0,-11.02,33.814094,0.505859808,0,0.494140192
1.18,-11.02,33.814094,0.505859808,0,0.494140192
2.36,-11.02,33.814094,0.505859808,0,0.494140192
3.54,-11.02,33.814094,0.505859808,0,0.494140192
4.72,-11.02,33.814094,0.505859808,0,0.494140192
5.9,-11.02,33.814094,0.505859808,0,0.494140192
7.08,-11.02,33.814094,0.505859808,0,0.494140192
8.26,-11.02,33.814094,0.505859808,0,0.494140192
9.44,-11.02,33.814094,0.505859808,0,0.494140192
10.62,-11.02,33.814094,0.505859808,0,0.494140192
0,-9.84,33.814094,0.544772101,0,0.455227899
1.18,-9.84,33.814094,0.544772101,0,0.455227899
2.36,-9.84,33.814094,0.544772101,0,0.455227899
3.54,-9.84,33.814094,0.544772101,0,0.455227899
4.72,-9.84,33.814094,0.544772101,0,0.455227899
5.9,-9.84,33.814094,0.544772101,0,0.455227899
7.08,-9.84,33.814094,0.544772101,0,0.455227899
8.26,-9.84,33.814094,0.544772101,0,0.455227899
9.44,-9.84,33.814094,0.544772101,0,0.455227899
10.62,-9.84,33.814094,0.544772101,0,0.455227899
0,-8.66,33.814094,0.583684394,0,0.416315606
1.18,-8.66,33.814094,0.583684394,0,0.416315606
2.36,-8.66,33.814094,0.583684394,0,0.416315606
3.54,-8.66,33.814094,0.583684394,0,0.416315606
4.72,-8.66,33.814094,0.583684394,0,0.416315606
5.9,-8.66,33.814094,0.583684394,0,0.416315606
7.08,-8.66,33.814094,0.583684394,0,0.416315606
8.26,-8.66,33.814094,0.583684394,0,0.416315606
9.44,-8.66,33.814094,0.583684394,0,0.416315606
10.62,-8.66,33.814094,0.583684394,0,0.416315606
0,-7.48,33.814094,0.66150898,0,0.33849102
1.18,-7.48,33.814094,0.66150898,0,0.33849102
2.36,-7.48,33.814094,0.66150898,0,0.33849102
3.54,-7.48,33.814094,0.66150898,0,0.33849102
4.72,-7.48,33.814094,0.66150898,0,0.33849102
5.9,-7.48,33.814094,0.66150898,0,0.33849102
7.08,-7.48,33.814094,0.66150898,0,0.33849102
8.26,-7.48,33.814094,0.66150898,0,0.33849102
9.44,-7.48,33.814094,0.66150898,0,0.33849102
10.62,-7.48,33.814094,0.66150898,0,0.33849102
0,-6.3,33.814094,0.700421273,0,0.299578727
1.18,-6.3,33.814094,0.700421273,0,0.299578727
2.36,-6.3,33.814094,0.700421273,0,0.299578727
3.54,-6.3,33.814094,0.700421273,0,0.299578727
4.72,-6.3,33.814094,0.700421273,0,0.299578727
5.9,-6.3,33.814094,0.700421273,0,0.299578727
7.08,-6.3,33.814094,0.700421273,0,0.299578727
8.26,-6.3,33.814094,0.700421273,0,0.299578727
9.44,-6.3,33.814094,0.700421273,0,0.299578727
10.62,-6.3,33.814094,0.700421273,0,0.299578727
0,-5.12,33.814094,0.739333566,0,0.260666434
1.18,-5.12,33.814094,0.739333566,0,0.260666434
2.36,-5.12,33.814094,0.739333566,0,0.260666434
3.54,-5.12,33.814094,0.739333566,0,0.260666434
4.72,-5.12,33.814094,0.739333566,0,0.260666434
5.9,-5.12,33.814094,0.739333566,0,0.260666434
7.08,-5.12,33.814094,0.739333566,0,0.260666434
8.26,-5.12,33.814094,0.739333566,0,0.260666434
9.44,-5.12,33.814094,0.739333566,0,0.260666434
10.62,-5.12,33.814094,0.739333566,0,0.260666434
0,-3.94,33.814094,0.778245859,0,0.221754141
1.18,-3.94,33.814094,0.778245859,0,0.221754141
2.36,-3.94,33.814094,0.778245859,0,0.221754141
3.54,-3.94,33.814094,0.778245859,0,0.221754141
4.72,-3.94,33.814094,0.778245859,0,0.221754141
5.9,-3.94,33.814094,0.778245859,0,0.221754141
7.08,-3.94,33.814094,0.778245859,0,0.221754141
8.26,-3.94,33.814094,0.778245859,0,0.221754141
9.44,-3.94,33.814094,0.778245859,0,0.221754141
10.62,-3.94,33.814094,0.778245859,0,0.221754141
0,-2.76,33.814094,0.817158152,0,0.182841848
1.18,-2.76,33.814094,0.817158152,0,0.182841848
2.36,-2.76,33.814094,0.817158152,0,0.182841848
3.54,-2.76,33.814094,0.817158152,0,0.182841848
4.72,-2.76,33.814094,0.817158152,0,0.182841848
5.9,-2.76,33.814094,0.817158152,0,0.182841848
7.08,-2.76,33.814094,0.817158152,0,0.182841848
8.26,-2.76,33.814094,0.817158152,0,0.182841848
9.44,-2.76,33.814094,0.817158152,0,0.182841848
10.62,-2.76,33.814094,0.817158152,0,0.182841848
0,-1.58,33.814094,0.856070445,0,0.143929555
1.18,-1.58,33.814094,0.856070445,0,0.143929555
2.36,-1.58,33.814094,0.856070445,0,0.143929555
3.54,-1.58,33.814094,0.856070445,0,0.143929555
4.72,-1.58,33.814094,0.856070445,0,0.143929555
5.9,-1.58,33.814094,0.856070445,0,0.143929555
7.08,-1.58,33.814094,0.856070445,0,0.143929555
8.26,-1.58,33.814094,0.856070445,0,0.143929555
9.44,-1.58,33.814094,0.856070445,0,0.143929555
10.62,-1.58,33.814094,0.856070445,0,0.143929555
0,-0.400000000000002,33.814094,0.921828173,0,0.078171827
1.18,-0.400000000000002,33.814094,0.921828173,0,0.078171827
2.36,-0.400000000000002,33.814094,0.921828173,0,0.078171827
3.54,-0.400000000000002,33.814094,0.921828173,0,0.078171827
4.72,-0.400000000000002,33.814094,0.921828173,0,0.078171827
5.9,-0.400000000000002,33.814094,0.921828173,0,0.078171827
7.08,-0.400000000000002,33.814094,0.921828173,0,0.078171827
8.26,-0.400000000000002,33.814094,0.921828173,0,0.078171827
9.44,-0.400000000000002,33.814094,0.921828173,0,0.078171827
10.62,-0.400000000000002,33.814094,0.921828173,0,0.078171827
0,0.779999999999998,33.814094,0.894982738,0,0.105017262
1.18,0.779999999999998,33.814094,0.894982738,0,0.105017262
2.36,0.779999999999998,33.814094,0.894982738,0,0.105017262
3.54,0.779999999999998,33.814094,0.894982738,0,0.105017262
4.72,0.779999999999998,33.814094,0.894982738,0,0.105017262
5.9,0.779999999999998,33.814094,0.894982738,0,0.105017262
7.08,0.779999999999998,33.814094,0.894982738,0,0.105017262
8.26,0.779999999999998,33.814094,0.894982738,0,0.105017262
9.44,0.779999999999998,33.814094,0.894982738,0,0.105017262
10.62,0.779999999999998,33.814094,0.894982738,0,0.105017262
0,1.96,33.814094,0.856070445,0,0.143929555
1.18,1.96,33.814094,0.856070445,0,0.143929555
2.36,1.96,33.814094,0.856070445,0,0.143929555
3.54,1.96,33.814094,0.856070445,0,0.143929555
4.72,1.96,33.814094,0.856070445,0,0.143929555
5.9,1.96,33.814094,0.856070445,0,0.143929555
7.08,1.96,33.814094,0.856070445,0,0.143929555
8.26,1.96,33.814094,0.856070445,0,0.143929555
9.44,1.96,33.814094,0.856070445,0,0.143929555
10.62,1.96,33.814094,0.856070445,0,0.143929555
0,3.14,33.814094,0.817158152,0,0.182841848
1.18,3.14,33.814094,0.817158152,0,0.182841848
2.36,3.14,33.814094,0.817158152,0,0.182841848
3.54,3.14,33.814094,0.817158152,0,0.182841848
4.72,3.14,33.814094,0.817158152,0,0.182841848
5.9,3.14,33.814094,0.817158152,0,0.182841848
7.08,3.14,33.814094,0.817158152,0,0.182841848
8.26,3.14,33.814094,0.817158152,0,0.182841848
9.44,3.14,33.814094,0.817158152,0,0.182841848
10.62,3.14,33.814094,0.817158152,0,0.182841848
0,4.32,33.814094,0.778245859,0,0.221754141
1.18,4.32,33.814094,0.778245859,0,0.221754141
2.36,4.32,33.814094,0.778245859,0,0.221754141
3.54,4.32,33.814094,0.778245859,0,0.221754141
4.72,4.32,33.814094,0.778245859,0,0.221754141
5.9,4.32,33.814094,0.778245859,0,0.221754141
7.08,4.32,33.814094,0.778245859,0,0.221754141
8.26,4.32,33.814094,0.778245859,0,0.221754141
9.44,4.32,33.814094,0.778245859,0,0.221754141
10.62,4.32,33.814094,0.778245859,0,0.221754141
0,5.5,33.814094,0.739333566,0,0.260666434
1.18,5.5,33.814094,0.739333566,0,0.260666434
2.36,5.5,33.814094,0.739333566,0,0.260666434
3.54,5.5,33.814094,0.739333566,0,0.260666434
4.72,5.5,33.814094,0.739333566,0,0.260666434
5.9,5.5,33.814094,0.739333566,0,0.260666434
7.08,5.5,33.814094,0.739333566,0,0.260666434
8.26,5.5,33.814094,0.739333566,0,0.260666434
9.44,5.5,33.814094,0.739333566,0,0.260666434
10.62,5.5,33.814094,0.739333566,0,0.260666434
0,6.68,33.814094,0.66150898,0,0.33849102
1.18,6.68,33.814094,0.66150898,0,0.33849102
2.36,6.68,33.814094,0.66150898,0,0.33849102
3.54,6.68,33.814094,0.66150898,0,0.33849102
4.72,6.68,33.814094,0.66150898,0,0.33849102
5.9,6.68,33.814094,0.66150898,0,0.33849102
7.08,6.68,33.814094,0.66150898,0,0.33849102
8.26,6.68,33.814094,0.66150898,0,0.33849102
9.44,6.68,33.814094,0.66150898,0,0.33849102
10.62,6.68,33.814094,0.66150898,0,0.33849102
0,7.86,33.814094,0.622596687,0,0.377403313
1.18,7.86,33.814094,0.622596687,0,0.377403313
2.36,7.86,33.814094,0.622596687,0,0.377403313
3.54,7.86,33.814094,0.622596687,0,0.377403313
4.72,7.86,33.814094,0.622596687,0,0.377403313
5.9,7.86,33.814094,0.622596687,0,0.377403313
7.08,7.86,33.814094,0.622596687,0,0.377403313
8.26,7.86,33.814094,0.622596687,0,0.377403313
9.44,7.86,33.814094,0.622596687,0,0.377403313
10.62,7.86,33.814094,0.622596687,0,0.377403313
0,9.04,33.814094,0.583684394,0,0.416315606
1.18,9.04,33.814094,0.583684394,0,0.416315606
2.36,9.04,33.814094,0.583684394,0,0.416315606
3.54,9.04,33.814094,0.583684394,0,0.416315606
4.72,9.04,33.814094,0.583684394,0,0.416315606
5.9,9.04,33.814094,0.583684394,0,0.416315606
7.08,9.04,33.814094,0.583684394,0,0.416315606
8.26,9.04,33.814094,0.583684394,0,0.416315606
9.44,9.04,33.814094,0.583684394,0,0.416315606
10.62,9.04,33.814094,0.583684394,0,0.416315606
0,10.22,33.814094,0.544772101,0,0.455227899
1.18,10.22,33.814094,0.544772101,0,0.455227899
2.36,10.22,33.814094,0.544772101,0,0.455227899
3.54,10.22,33.814094,0.544772101,0,0.455227899
4.72,10.22,33.814094,0.544772101,0,0.455227899
5.9,10.22,33.814094,0.544772101,0,0.455227899
7.08,10.22,33.814094,0.544772101,0,0.455227899
8.26,10.22,33.814094,0.544772101,0,0.455227899
9.44,10.22,33.814094,0.544772101,0,0.455227899
10.62,10.22,33.814094,0.544772101,0,0.455227899
0,11.4,33.814094,0.505859808,0,0.494140192
1.18,11.4,33.814094,0.505859808,0,0.494140192
2.36,11.4,33.814094,0.505859808,0,0.494140192
3.54,11.4,33.814094,0.505859808,0,0.494140192
4.72,11.4,33.814094,0.505859808,0,0.494140192
5.9,11.4,33.814094,0.505859808,0,0.494140192
7.08,11.4,33.814094,0.505859808,0,0.494140192
8.26,11.4,33.814094,0.505859808,0,0.494140192
9.44,11.4,33.814094,0.505859808,0,0.494140192
10.62,11.4,33.814094,0.505859808,0,0.494140192
0,12.58,33.814094,0.428035222,0,0.571964778
1.18,12.58,33.814094,0.428035222,0,0.571964778
2.36,12.58,33.814094,0.428035222,0,0.571964778
3.54,12.58,33.814094,0.428035222,0,0.571964778
4.72,12.58,33.814094,0.428035222,0,0.571964778
5.9,12.58,33.814094,0.428035222,0,0.571964778
7.08,12.58,33.814094,0.428035222,0,0.571964778
8.26,12.58,33.814094,0.428035222,0,0.571964778
9.44,12.58,33.814094,0.428035222,0,0.571964778
10.62,12.58,33.814094,0.428035222,0,0.571964778
0,13.76,33.814094,0.389122929,0,0.610877071
1.18,13.76,33.814094,0.389122929,0,0.610877071
2.36,13.76,33.814094,0.389122929,0,0.610877071
3.54,13.76,33.814094,0.389122929,0,0.610877071
4.72,13.76,33.814094,0.389122929,0,0.610877071
5.9,13.76,33.814094,0.389122929,0,0.610877071
7.08,13.76,33.814094,0.389122929,0,0.610877071
8.26,13.76,33.814094,0.389122929,0,0.610877071
9.44,13.76,33.814094,0.389122929,0,0.610877071
10.62,13.76,33.814094,0.389122929,0,0.610877071
0,14.94,33.814094,0.350210637,0,0.649789363
1.18,14.94,33.814094,0.350210637,0,0.649789363
2.36,14.94,33.814094,0.350210637,0,0.649789363
3.54,14.94,33.814094,0.350210637,0,0.649789363
4.72,14.94,33.814094,0.350210637,0,0.649789363
5.9,14.94,33.814094,0.350210637,0,0.649789363
7.08,14.94,33.814094,0.350210637,0,0.649789363
8.26,14.94,33.814094,0.350210637,0,0.649789363
9.44,14.94,33.814094,0.350210637,0,0.649789363
10.62,14.94,33.814094,0.350210637,0,0.649789363
0,16.12,33.814094,0.311298344,0,0.688701656
1.18,16.12,33.814094,0.311298344,0,0.688701656
2.36,16.12,33.814094,0.311298344,0,0.688701656
3.54,16.12,33.814094,0.311298344,0,0.688701656
4.72,16.12,33.814094,0.311298344,0,0.688701656
5.9,16.12,33.814094,0.311298344,0,0.688701656
7.08,16.12,33.814094,0.311298344,0,0.688701656
8.26,16.12,33.814094,0.311298344,0,0.688701656
9.44,16.12,33.814094,0.311298344,0,0.688701656
10.62,16.12,33.814094,0.311298344,0,0.688701656
0,-15.74,34.434094,0.311298344,0,0.688701656
1.18,-15.74,34.434094,0.311298344,0,0.688701656
2.36,-15.74,34.434094,0.311298344,0,0.688701656
3.54,-15.74,34.434094,0.311298344,0,0.688701656
4.72,-15.74,34.434094,0.311298344,0,0.688701656
5.9,-15.74,34.434094,0.311298344,0,0.688701656
7.08,-15.74,34.434094,0.311298344,0,0.688701656
8.26,-15.74,34.434094,0.311298344,0,0.688701656
9.44,-15.74,34.434094,0.311298344,0,0.688701656
10.62,-15.74,34.434094,0.311298344,0,0.688701656
0,-14.56,34.434094,0.348861072,0,0.651138928
1.18,-14.56,34.434094,0.348861072,0,0.651138928
2.36,-14.56,34.434094,0.348861072,0,0.651138928
3.54,-14.56,34.434094,0.348861072,0,0.651138928
4.72,-14.56,34.434094,0.348861072,0,0.651138928
5.9,-14.56,34.434094,0.348861072,0,0.651138928
7.08,-14.56,34.434094,0.348861072,0,0.651138928
8.26,-14.56,34.434094,0.348861072,0,0.651138928
9.44,-14.56,34.434094,0.348861072,0,0.651138928
10.62,-14.56,34.434094,0.348861072,0,0.651138928
0,-13.38,34.434094,0.426385755,0,0.573614245
1.18,-13.38,34.434094,0.426385755,0,0.573614245
2.36,-13.38,34.434094,0.426385755,0,0.573614245
3.54,-13.38,34.434094,0.426385755,0,0.573614245
4.72,-13.38,34.434094,0.426385755,0,0.573614245
5.9,-13.38,34.434094,0.426385755,0,0.573614245
7.08,-13.38,34.434094,0.426385755,0,0.573614245
8.26,-13.38,34.434094,0.426385755,0,0.573614245
9.44,-13.38,34.434094,0.426385755,0,0.573614245
10.62,-13.38,34.434094,0.426385755,0,0.573614245
0,-12.2,34.434094,0.465148096,0,0.534851904
1.18,-12.2,34.434094,0.465148096,0,0.534851904
2.36,-12.2,34.434094,0.465148096,0,0.534851904
3.54,-12.2,34.434094,0.465148096,0,0.534851904
4.72,-12.2,34.434094,0.465148096,0,0.534851904
5.9,-12.2,34.434094,0.465148096,0,0.534851904
7.08,-12.2,34.434094,0.465148096,0,0.534851904
8.26,-12.2,34.434094,0.465148096,0,0.534851904
9.44,-12.2,34.434094,0.465148096,0,0.534851904
10.62,-12.2,34.434094,0.465148096,0,0.534851904
0,-11.02,34.434094,0.503910438,0,0.496089562
1.18,-11.02,34.434094,0.503910438,0,0.496089562
2.36,-11.02,34.434094,0.503910438,0,0.496089562
3.54,-11.02,34.434094,0.503910438,0,0.496089562
4.72,-11.02,34.434094,0.503910438,0,0.496089562
5.9,-11.02,34.434094,0.503910438,0,0.496089562
7.08,-11.02,34.434094,0.503910438,0,0.496089562
8.26,-11.02,34.434094,0.503910438,0,0.496089562
9.44,-11.02,34.434094,0.503910438,0,0.496089562
10.62,-11.02,34.434094,0.503910438,0,0.496089562
0,-9.84,34.434094,0.542672779,0,0.457327221
1.18,-9.84,34.434094,0.542672779,0,0.457327221
2.36,-9.84,34.434094,0.542672779,0,0.457327221
3.54,-9.84,34.434094,0.542672779,0,0.457327221
4.72,-9.84,34.434094,0.542672779,0,0.457327221
5.9,-9.84,34.434094,0.542672779,0,0.457327221
7.08,-9.84,34.434094,0.542672779,0,0.457327221
8.26,-9.84,34.434094,0.542672779,0,0.457327221
9.44,-9.84,34.434094,0.542672779,0,0.457327221
10.62,-9.84,34.434094,0.542672779,0,0.457327221
0,-8.66,34.434094,0.58143512,0,0.41856488
1.18,-8.66,34.434094,0.58143512,0,0.41856488
2.36,-8.66,34.434094,0.58143512,0,0.41856488
3.54,-8.66,34.434094,0.58143512,0,0.41856488
4.72,-8.66,34.434094,0.58143512,0,0.41856488
5.9,-8.66,34.434094,0.58143512,0,0.41856488
7.08,-8.66,34.434094,0.58143512,0,0.41856488
8.26,-8.66,34.434094,0.58143512,0,0.41856488
9.44,-8.66,34.434094,0.58143512,0,0.41856488
10.62,-8.66,34.434094,0.58143512,0,0.41856488
0,-7.48,34.434094,0.658959803,0,0.341040197
1.18,-7.48,34.434094,0.658959803,0,0.341040197
2.36,-7.48,34.434094,0.658959803,0,0.341040197
3.54,-7.48,34.434094,0.658959803,0,0.341040197
4.72,-7.48,34.434094,0.658959803,0,0.341040197
5.9,-7.48,34.434094,0.658959803,0,0.341040197
7.08,-7.48,34.434094,0.658959803,0,0.341040197
8.26,-7.48,34.434094,0.658959803,0,0.341040197
9.44,-7.48,34.434094,0.658959803,0,0.341040197
10.62,-7.48,34.434094,0.658959803,0,0.341040197
0,-6.3,34.434094,0.697722144,0,0.302277856
1.18,-6.3,34.434094,0.697722144,0,0.302277856
2.36,-6.3,34.434094,0.697722144,0,0.302277856
3.54,-6.3,34.434094,0.697722144,0,0.302277856
4.72,-6.3,34.434094,0.697722144,0,0.302277856
5.9,-6.3,34.434094,0.697722144,0,0.302277856
7.08,-6.3,34.434094,0.697722144,0,0.302277856
8.26,-6.3,34.434094,0.697722144,0,0.302277856
9.44,-6.3,34.434094,0.697722144,0,0.302277856
10.62,-6.3,34.434094,0.697722144,0,0.302277856
0,-5.12,34.434094,0.736484486,0,0.263515514
1.18,-5.12,34.434094,0.736484486,0,0.263515514
2.36,-5.12,34.434094,0.736484486,0,0.263515514
3.54,-5.12,34.434094,0.736484486,0,0.263515514
4.72,-5.12,34.434094,0.736484486,0,0.263515514
5.9,-5.12,34.434094,0.736484486,0,0.263515514
7.08,-5.12,34.434094,0.736484486,0,0.263515514
8.26,-5.12,34.434094,0.736484486,0,0.263515514
9.44,-5.12,34.434094,0.736484486,0,0.263515514
10.62,-5.12,34.434094,0.736484486,0,0.263515514
0,-3.94,34.434094,0.775246827,0,0.224753173
1.18,-3.94,34.434094,0.775246827,0,0.224753173
2.36,-3.94,34.434094,0.775246827,0,0.224753173
3.54,-3.94,34.434094,0.775246827,0,0.224753173
4.72,-3.94,34.434094,0.775246827,0,0.224753173
5.9,-3.94,34.434094,0.775246827,0,0.224753173
7.08,-3.94,34.434094,0.775246827,0,0.224753173
8.26,-3.94,34.434094,0.775246827,0,0.224753173
9.44,-3.94,34.434094,0.775246827,0,0.224753173
10.62,-3.94,34.434094,0.775246827,0,0.224753173
0,-2.76,34.434094,0.814009169,0,0.185990831
1.18,-2.76,34.434094,0.814009169,0,0.185990831
2.36,-2.76,34.434094,0.814009169,0,0.185990831
3.54,-2.76,34.434094,0.814009169,0,0.185990831
4.72,-2.76,34.434094,0.814009169,0,0.185990831
5.9,-2.76,34.434094,0.814009169,0,0.185990831
7.08,-2.76,34.434094,0.814009169,0,0.185990831
8.26,-2.76,34.434094,0.814009169,0,0.185990831
9.44,-2.76,34.434094,0.814009169,0,0.185990831
10.62,-2.76,34.434094,0.814009169,0,0.185990831
0,-1.58,34.434094,0.85277151,0,0.14722849
1.18,-1.58,34.434094,0.85277151,0,0.14722849
2.36,-1.58,34.434094,0.85277151,0,0.14722849
3.54,-1.58,34.434094,0.85277151,0,0.14722849
4.72,-1.58,34.434094,0.85277151,0,0.14722849
5.9,-1.58,34.434094,0.85277151,0,0.14722849
7.08,-1.58,34.434094,0.85277151,0,0.14722849
8.26,-1.58,34.434094,0.85277151,0,0.14722849
9.44,-1.58,34.434094,0.85277151,0,0.14722849
10.62,-1.58,34.434094,0.85277151,0,0.14722849
0,-0.400000000000002,34.434094,0.918275835,0,0.081724165
1.18,-0.400000000000002,34.434094,0.918275835,0,0.081724165
2.36,-0.400000000000002,34.434094,0.918275835,0,0.081724165
3.54,-0.400000000000002,34.434094,0.918275835,0,0.081724165
4.72,-0.400000000000002,34.434094,0.918275835,0,0.081724165
5.9,-0.400000000000002,34.434094,0.918275835,0,0.081724165
7.08,-0.400000000000002,34.434094,0.918275835,0,0.081724165
8.26,-0.400000000000002,34.434094,0.918275835,0,0.081724165
9.44,-0.400000000000002,34.434094,0.918275835,0,0.081724165
10.62,-0.400000000000002,34.434094,0.918275835,0,0.081724165
0,0.779999999999998,34.434094,0.891533851,0,0.108466149
1.18,0.779999999999998,34.434094,0.891533851,0,0.108466149
2.36,0.779999999999998,34.434094,0.891533851,0,0.108466149
3.54,0.779999999999998,34.434094,0.891533851,0,0.108466149
4.72,0.779999999999998,34.434094,0.891533851,0,0.108466149
5.9,0.779999999999998,34.434094,0.891533851,0,0.108466149
7.08,0.779999999999998,34.434094,0.891533851,0,0.108466149
8.26,0.779999999999998,34.434094,0.891533851,0,0.108466149
9.44,0.779999999999998,34.434094,0.891533851,0,0.108466149
10.62,0.779999999999998,34.434094,0.891533851,0,0.108466149
0,1.96,34.434094,0.85277151,0,0.14722849
1.18,1.96,34.434094,0.85277151,0,0.14722849
2.36,1.96,34.434094,0.85277151,0,0.14722849
3.54,1.96,34.434094,0.85277151,0,0.14722849
4.72,1.96,34.434094,0.85277151,0,0.14722849
5.9,1.96,34.434094,0.85277151,0,0.14722849
7.08,1.96,34.434094,0.85277151,0,0.14722849
8.26,1.96,34.434094,0.85277151,0,0.14722849
9.44,1.96,34.434094,0.85277151,0,0.14722849
10.62,1.96,34.434094,0.85277151,0,0.14722849
0,3.14,34.434094,0.814009169,0,0.185990831
1.18,3.14,34.434094,0.814009169,0,0.185990831
2.36,3.14,34.434094,0.814009169,0,0.185990831
3.54,3.14,34.434094,0.814009169,0,0.185990831
4.72,3.14,34.434094,0.814009169,0,0.185990831
5.9,3.14,34.434094,0.814009169,0,0.185990831
7.08,3.14,34.434094,0.814009169,0,0.185990831
8.26,3.14,34.434094,0.814009169,0,0.185990831
9.44,3.14,34.434094,0.814009169,0,0.185990831
10.62,3.14,34.434094,0.814009169,0,0.185990831
0,4.32,34.434094,0.775246827,0,0.224753173
1.18,4.32,34.434094,0.775246827,0,0.224753173
2.36,4.32,34.434094,0.775246827,0,0.224753173
3.54,4.32,34.434094,0.775246827,0,0.224753173
4.72,4.32,34.434094,0.775246827,0,0.224753173
5.9,4.32,34.434094,0.775246827,0,0.224753173
7.08,4.32,34.434094,0.775246827,0,0.224753173
8.26,4.32,34.434094,0.775246827,0,0.224753173
9.44,4.32,34.434094,0.775246827,0,0.224753173
10.62,4.32,34.434094,0.775246827,0,0.224753173
0,5.5,34.434094,0.736484486,0,0.263515514
1.18,5.5,34.434094,0.736484486,0,0.263515514
2.36,5.5,34.434094,0.736484486,0,0.263515514
3.54,5.5,34.434094,0.736484486,0,0.263515514
4.72,5.5,34.434094,0.736484486,0,0.263515514
5.9,5.5,34.434094,0.736484486,0,0.263515514
7.08,5.5,34.434094,0.736484486,0,0.263515514
8.26,5.5,34.434094,0.736484486,0,0.263515514
9.44,5.5,34.434094,0.736484486,0,0.263515514
10.62,5.5,34.434094,0.736484486,0,0.263515514
0,6.68,34.434094,0.658959803,0,0.341040197
1.18,6.68,34.434094,0.658959803,0,0.341040197
2.36,6.68,34.434094,0.658959803,0,0.341040197
3.54,6.68,34.434094,0.658959803,0,0.341040197
4.72,6.68,34.434094,0.658959803,0,0.341040197
5.9,6.68,34.434094,0.658959803,0,0.341040197
7.08,6.68,34.434094,0.658959803,0,0.341040197
8.26,6.68,34.434094,0.658959803,0,0.341040197
9.44,6.68,34.434094,0.658959803,0,0.341040197
10.62,6.68,34.434094,0.658959803,0,0.341040197
0,7.86,34.434094,0.620197462,0,0.379802538
1.18,7.86,34.434094,0.620197462,0,0.379802538
2.36,7.86,34.434094,0.620197462,0,0.379802538
3.54,7.86,34.434094,0.620197462,0,0.379802538
4.72,7.86,34.434094,0.620197462,0,0.379802538
5.9,7.86,34.434094,0.620197462,0,0.379802538
7.08,7.86,34.434094,0.620197462,0,0.379802538
8.26,7.86,34.434094,0.620197462,0,0.379802538
9.44,7.86,34.434094,0.620197462,0,0.379802538
10.62,7.86,34.434094,0.620197462,0,0.379802538
0,9.04,34.434094,0.58143512,0,0.41856488
1.18,9.04,34.434094,0.58143512,0,0.41856488
2.36,9.04,34.434094,0.58143512,0,0.41856488
3.54,9.04,34.434094,0.58143512,0,0.41856488
4.72,9.04,34.434094,0.58143512,0,0.41856488
5.9,9.04,34.434094,0.58143512,0,0.41856488
7.08,9.04,34.434094,0.58143512,0,0.41856488
8.26,9.04,34.434094,0.58143512,0,0.41856488
9.44,9.04,34.434094,0.58143512,0,0.41856488
10.62,9.04,34.434094,0.58143512,0,0.41856488
0,10.22,34.434094,0.542672779,0,0.457327221
1.18,10.22,34.434094,0.542672779,0,0.457327221
2.36,10.22,34.434094,0.542672779,0,0.457327221
3.54,10.22,34.434094,0.542672779,0,0.457327221
4.72,10.22,34.434094,0.542672779,0,0.457327221
5.9,10.22,34.434094,0.542672779,0,0.457327221
7.08,10.22,34.434094,0.542672779,0,0.457327221
8.26,10.22,34.434094,0.542672779,0,0.457327221
9.44,10.22,34.434094,0.542672779,0,0.457327221
10.62,10.22,34.434094,0.542672779,0,0.457327221
0,11.4,34.434094,0.503910438,0,0.496089562
1.18,11.4,34.434094,0.503910438,0,0.496089562
2.36,11.4,34.434094,0.503910438,0,0.496089562
3.54,11.4,34.434094,0.503910438,0,0.496089562
4.72,11.4,34.434094,0.503910438,0,0.496089562
5.9,11.4,34.434094,0.503910438,0,0.496089562
7.08,11.4,34.434094,0.503910438,0,0.496089562
8.26,11.4,34.434094,0.503910438,0,0.496089562
9.44,11.4,34.434094,0.503910438,0,0.496089562
10.62,11.4,34.434094,0.503910438,0,0.496089562
0,12.58,34.434094,0.426385755,0,0.573614245
1.18,12.58,34.434094,0.426385755,0,0.573614245
2.36,12.58,34.434094,0.426385755,0,0.573614245
3.54,12.58,34.434094,0.426385755,0,0.573614245
4.72,12.58,34.434094,0.426385755,0,0.573614245
5.9,12.58,34.434094,0.426385755,0,0.573614245
7.08,12.58,34.434094,0.426385755,0,0.573614245
8.26,12.58,34.434094,0.426385755,0,0.573614245
9.44,12.58,34.434094,0.426385755,0,0.573614245
10.62,12.58,34.434094,0.426385755,0,0.573614245
0,13.76,34.434094,0.387623414,0,0.612376586
1.18,13.76,34.434094,0.387623414,0,0.612376586
2.36,13.76,34.434094,0.387623414,0,0.612376586
3.54,13.76,34.434094,0.387623414,0,0.612376586
4.72,13.76,34.434094,0.387623414,0,0.612376586
5.9,13.76,34.434094,0.387623414,0,0.612376586
7.08,13.76,34.434094,0.387623414,0,0.612376586
8.26,13.76,34.434094,0.387623414,0,0.612376586
9.44,13.76,34.434094,0.387623414,0,0.612376586
10.62,13.76,34.434094,0.387623414,0,0.612376586
0,14.94,34.434094,0.348861072,0,0.651138928
1.18,14.94,34.434094,0.348861072,0,0.651138928
2.36,14.94,34.434094,0.348861072,0,0.651138928
3.54,14.94,34.434094,0.348861072,0,0.651138928
4.72,14.94,34.434094,0.348861072,0,0.651138928
5.9,14.94,34.434094,0.348861072,0,0.651138928
7.08,14.94,34.434094,0.348861072,0,0.651138928
8.26,14.94,34.434094,0.348861072,0,0.651138928
9.44,14.94,34.434094,0.348861072,0,0.651138928
10.62,14.94,34.434094,0.348861072,0,0.651138928
0,-14.56,35.054094,0.386118074,0,0.613881926
1.18,-14.56,35.054094,0.386118074,0,0.613881926
2.36,-14.56,35.054094,0.386118074,0,0.613881926
3.54,-14.56,35.054094,0.386118074,0,0.613881926
4.72,-14.56,35.054094,0.386118074,0,0.613881926
5.9,-14.56,35.054094,0.386118074,0,0.613881926
7.08,-14.56,35.054094,0.386118074,0,0.613881926
8.26,-14.56,35.054094,0.386118074,0,0.613881926
9.44,-14.56,35.054094,0.386118074,0,0.613881926
10.62,-14.56,35.054094,0.386118074,0,0.613881926
0,-13.38,35.054094,0.423067527,0,0.576932473
1.18,-13.38,35.054094,0.423067527,0,0.576932473
2.36,-13.38,35.054094,0.423067527,0,0.576932473
3.54,-13.38,35.054094,0.423067527,0,0.576932473
4.72,-13.38,35.054094,0.423067527,0,0.576932473
5.9,-13.38,35.054094,0.423067527,0,0.576932473
7.08,-13.38,35.054094,0.423067527,0,0.576932473
8.26,-13.38,35.054094,0.423067527,0,0.576932473
9.44,-13.38,35.054094,0.423067527,0,0.576932473
10.62,-13.38,35.054094,0.423067527,0,0.576932473
0,-12.2,35.054094,0.461528212,0,0.538471788
1.18,-12.2,35.054094,0.461528212,0,0.538471788
2.36,-12.2,35.054094,0.461528212,0,0.538471788
3.54,-12.2,35.054094,0.461528212,0,0.538471788
4.72,-12.2,35.054094,0.461528212,0,0.538471788
5.9,-12.2,35.054094,0.461528212,0,0.538471788
7.08,-12.2,35.054094,0.461528212,0,0.538471788
8.26,-12.2,35.054094,0.461528212,0,0.538471788
9.44,-12.2,35.054094,0.461528212,0,0.538471788
10.62,-12.2,35.054094,0.461528212,0,0.538471788
0,-11.02,35.054094,0.499988896,0,0.500011104
1.18,-11.02,35.054094,0.499988896,0,0.500011104
2.36,-11.02,35.054094,0.499988896,0,0.500011104
3.54,-11.02,35.054094,0.499988896,0,0.500011104
4.72,-11.02,35.054094,0.499988896,0,0.500011104
5.9,-11.02,35.054094,0.499988896,0,0.500011104
7.08,-11.02,35.054094,0.499988896,0,0.500011104
8.26,-11.02,35.054094,0.499988896,0,0.500011104
9.44,-11.02,35.054094,0.499988896,0,0.500011104
10.62,-11.02,35.054094,0.499988896,0,0.500011104
0,-9.84,35.054094,0.53844958,0,0.46155042
1.18,-9.84,35.054094,0.53844958,0,0.46155042
2.36,-9.84,35.054094,0.53844958,0,0.46155042
3.54,-9.84,35.054094,0.53844958,0,0.46155042
4.72,-9.84,35.054094,0.53844958,0,0.46155042
5.9,-9.84,35.054094,0.53844958,0,0.46155042
7.08,-9.84,35.054094,0.53844958,0,0.46155042
8.26,-9.84,35.054094,0.53844958,0,0.46155042
9.44,-9.84,35.054094,0.53844958,0,0.46155042
10.62,-9.84,35.054094,0.53844958,0,0.46155042
0,-8.66,35.054094,0.576910265,0,0.423089735
1.18,-8.66,35.054094,0.576910265,0,0.423089735
2.36,-8.66,35.054094,0.576910265,0,0.423089735
3.54,-8.66,35.054094,0.576910265,0,0.423089735
4.72,-8.66,35.054094,0.576910265,0,0.423089735
5.9,-8.66,35.054094,0.576910265,0,0.423089735
7.08,-8.66,35.054094,0.576910265,0,0.423089735
8.26,-8.66,35.054094,0.576910265,0,0.423089735
9.44,-8.66,35.054094,0.576910265,0,0.423089735
10.62,-8.66,35.054094,0.576910265,0,0.423089735
0,-7.48,35.054094,0.653831633,0,0.346168367
1.18,-7.48,35.054094,0.653831633,0,0.346168367
2.36,-7.48,35.054094,0.653831633,0,0.346168367
3.54,-7.48,35.054094,0.653831633,0,0.346168367
4.72,-7.48,35.054094,0.653831633,0,0.346168367
5.9,-7.48,35.054094,0.653831633,0,0.346168367
7.08,-7.48,35.054094,0.653831633,0,0.346168367
8.26,-7.48,35.054094,0.653831633,0,0.346168367
9.44,-7.48,35.054094,0.653831633,0,0.346168367
10.62,-7.48,35.054094,0.653831633,0,0.346168367
0,-6.3,35.054094,0.692292318,0,0.307707682
1.18,-6.3,35.054094,0.692292318,0,0.307707682
2.36,-6.3,35.054094,0.692292318,0,0.307707682
3.54,-6.3,35.054094,0.692292318,0,0.307707682
4.72,-6.3,35.054094,0.692292318,0,0.307707682
5.9,-6.3,35.054094,0.692292318,0,0.307707682
7.08,-6.3,35.054094,0.692292318,0,0.307707682
8.26,-6.3,35.054094,0.692292318,0,0.307707682
9.44,-6.3,35.054094,0.692292318,0,0.307707682
10.62,-6.3,35.054094,0.692292318,0,0.307707682
0,-5.12,35.054094,0.730753002,0,0.269246998
1.18,-5.12,35.054094,0.730753002,0,0.269246998
2.36,-5.12,35.054094,0.730753002,0,0.269246998
3.54,-5.12,35.054094,0.730753002,0,0.269246998
4.72,-5.12,35.054094,0.730753002,0,0.269246998
5.9,-5.12,35.054094,0.730753002,0,0.269246998
7.08,-5.12,35.054094,0.730753002,0,0.269246998
8.26,-5.12,35.054094,0.730753002,0,0.269246998
9.44,-5.12,35.054094,0.730753002,0,0.269246998
10.62,-5.12,35.054094,0.730753002,0,0.269246998
0,-3.94,35.054094,0.769213686,0,0.230786314
1.18,-3.94,35.054094,0.769213686,0,0.230786314
2.36,-3.94,35.054094,0.769213686,0,0.230786314
3.54,-3.94,35.054094,0.769213686,0,0.230786314
4.72,-3.94,35.054094,0.769213686,0,0.230786314
5.9,-3.94,35.054094,0.769213686,0,0.230786314
7.08,-3.94,35.054094,0.769213686,0,0.230786314
8.26,-3.94,35.054094,0.769213686,0,0.230786314
9.44,-3.94,35.054094,0.769213686,0,0.230786314
10.62,-3.94,35.054094,0.769213686,0,0.230786314
0,-2.76,35.054094,0.807674371,0,0.192325629
1.18,-2.76,35.054094,0.807674371,0,0.192325629
2.36,-2.76,35.054094,0.807674371,0,0.192325629
3.54,-2.76,35.054094,0.807674371,0,0.192325629
4.72,-2.76,35.054094,0.807674371,0,0.192325629
5.9,-2.76,35.054094,0.807674371,0,0.192325629
7.08,-2.76,35.054094,0.807674371,0,0.192325629
8.26,-2.76,35.054094,0.807674371,0,0.192325629
9.44,-2.76,35.054094,0.807674371,0,0.192325629
10.62,-2.76,35.054094,0.807674371,0,0.192325629
0,-1.58,35.054094,0.846135055,0,0.153864945
1.18,-1.58,35.054094,0.846135055,0,0.153864945
2.36,-1.58,35.054094,0.846135055,0,0.153864945
3.54,-1.58,35.054094,0.846135055,0,0.153864945
4.72,-1.58,35.054094,0.846135055,0,0.153864945
5.9,-1.58,35.054094,0.846135055,0,0.153864945
7.08,-1.58,35.054094,0.846135055,0,0.153864945
8.26,-1.58,35.054094,0.846135055,0,0.153864945
9.44,-1.58,35.054094,0.846135055,0,0.153864945
10.62,-1.58,35.054094,0.846135055,0,0.153864945
0,-0.400000000000002,35.054094,0.911129611,0,0.088870389
1.18,-0.400000000000002,35.054094,0.911129611,0,0.088870389
2.36,-0.400000000000002,35.054094,0.911129611,0,0.088870389
3.54,-0.400000000000002,35.054094,0.911129611,0,0.088870389
4.72,-0.400000000000002,35.054094,0.911129611,0,0.088870389
5.9,-0.400000000000002,35.054094,0.911129611,0,0.088870389
7.08,-0.400000000000002,35.054094,0.911129611,0,0.088870389
8.26,-0.400000000000002,35.054094,0.911129611,0,0.088870389
9.44,-0.400000000000002,35.054094,0.911129611,0,0.088870389
10.62,-0.400000000000002,35.054094,0.911129611,0,0.088870389
0,0.779999999999998,35.054094,0.884595739,0,0.115404261
1.18,0.779999999999998,35.054094,0.884595739,0,0.115404261
2.36,0.779999999999998,35.054094,0.884595739,0,0.115404261
3.54,0.779999999999998,35.054094,0.884595739,0,0.115404261
4.72,0.779999999999998,35.054094,0.884595739,0,0.115404261
5.9,0.779999999999998,35.054094,0.884595739,0,0.115404261
7.08,0.779999999999998,35.054094,0.884595739,0,0.115404261
8.26,0.779999999999998,35.054094,0.884595739,0,0.115404261
9.44,0.779999999999998,35.054094,0.884595739,0,0.115404261
10.62,0.779999999999998,35.054094,0.884595739,0,0.115404261
0,1.96,35.054094,0.846135055,0,0.153864945
1.18,1.96,35.054094,0.846135055,0,0.153864945
2.36,1.96,35.054094,0.846135055,0,0.153864945
3.54,1.96,35.054094,0.846135055,0,0.153864945
4.72,1.96,35.054094,0.846135055,0,0.153864945
5.9,1.96,35.054094,0.846135055,0,0.153864945
7.08,1.96,35.054094,0.846135055,0,0.153864945
8.26,1.96,35.054094,0.846135055,0,0.153864945
9.44,1.96,35.054094,0.846135055,0,0.153864945
10.62,1.96,35.054094,0.846135055,0,0.153864945
0,3.14,35.054094,0.807674371,0,0.192325629
1.18,3.14,35.054094,0.807674371,0,0.192325629
2.36,3.14,35.054094,0.807674371,0,0.192325629
3.54,3.14,35.054094,0.807674371,0,0.192325629
4.72,3.14,35.054094,0.807674371,0,0.192325629
5.9,3.14,35.054094,0.807674371,0,0.192325629
7.08,3.14,35.054094,0.807674371,0,0.192325629
8.26,3.14,35.054094,0.807674371,0,0.192325629
9.44,3.14,35.054094,0.807674371,0,0.192325629
10.62,3.14,35.054094,0.807674371,0,0.192325629
0,4.32,35.054094,0.769213686,0,0.230786314
1.18,4.32,35.054094,0.769213686,0,0.230786314
2.36,4.32,35.054094,0.769213686,0,0.230786314
3.54,4.32,35.054094,0.769213686,0,0.230786314
4.72,4.32,35.054094,0.769213686,0,0.230786314
5.9,4.32,35.054094,0.769213686,0,0.230786314
7.08,4.32,35.054094,0.769213686,0,0.230786314
8.26,4.32,35.054094,0.769213686,0,0.230786314
9.44,4.32,35.054094,0.769213686,0,0.230786314
10.62,4.32,35.054094,0.769213686,0,0.230786314
0,5.5,35.054094,0.730753002,0,0.269246998
1.18,5.5,35.054094,0.730753002,0,0.269246998
2.36,5.5,35.054094,0.730753002,0,0.269246998
3.54,5.5,35.054094,0.730753002,0,0.269246998
4.72,5.5,35.054094,0.730753002,0,0.269246998
5.9,5.5,35.054094,0.730753002,0,0.269246998
7.08,5.5,35.054094,0.730753002,0,0.269246998
8.26,5.5,35.054094,0.730753002,0,0.269246998
9.44,5.5,35.054094,0.730753002,0,0.269246998
10.62,5.5,35.054094,0.730753002,0,0.269246998
0,6.68,35.054094,0.653831633,0,0.346168367
1.18,6.68,35.054094,0.653831633,0,0.346168367
2.36,6.68,35.054094,0.653831633,0,0.346168367
3.54,6.68,35.054094,0.653831633,0,0.346168367
4.72,6.68,35.054094,0.653831633,0,0.346168367
5.9,6.68,35.054094,0.653831633,0,0.346168367
7.08,6.68,35.054094,0.653831633,0,0.346168367
8.26,6.68,35.054094,0.653831633,0,0.346168367
9.44,6.68,35.054094,0.653831633,0,0.346168367
10.62,6.68,35.054094,0.653831633,0,0.346168367
0,7.86,35.054094,0.615370949,0,0.384629051
1.18,7.86,35.054094,0.615370949,0,0.384629051
2.36,7.86,35.054094,0.615370949,0,0.384629051
3.54,7.86,35.054094,0.615370949,0,0.384629051
4.72,7.86,35.054094,0.615370949,0,0.384629051
5.9,7.86,35.054094,0.615370949,0,0.384629051
7.08,7.86,35.054094,0.615370949,0,0.384629051
8.26,7.86,35.054094,0.615370949,0,0.384629051
9.44,7.86,35.054094,0.615370949,0,0.384629051
10.62,7.86,35.054094,0.615370949,0,0.384629051
0,9.04,35.054094,0.576910265,0,0.423089735
1.18,9.04,35.054094,0.576910265,0,0.423089735
2.36,9.04,35.054094,0.576910265,0,0.423089735
3.54,9.04,35.054094,0.576910265,0,0.423089735
4.72,9.04,35.054094,0.576910265,0,0.423089735
5.9,9.04,35.054094,0.576910265,0,0.423089735
7.08,9.04,35.054094,0.576910265,0,0.423089735
8.26,9.04,35.054094,0.576910265,0,0.423089735
9.44,9.04,35.054094,0.576910265,0,0.423089735
10.62,9.04,35.054094,0.576910265,0,0.423089735
0,10.22,35.054094,0.53844958,0,0.46155042
1.18,10.22,35.054094,0.53844958,0,0.46155042
2.36,10.22,35.054094,0.53844958,0,0.46155042
3.54,10.22,35.054094,0.53844958,0,0.46155042
4.72,10.22,35.054094,0.53844958,0,0.46155042
5.9,10.22,35.054094,0.53844958,0,0.46155042
7.08,10.22,35.054094,0.53844958,0,0.46155042
8.26,10.22,35.054094,0.53844958,0,0.46155042
9.44,10.22,35.054094,0.53844958,0,0.46155042
10.62,10.22,35.054094,0.53844958,0,0.46155042
0,11.4,35.054094,0.499988896,0,0.500011104
1.18,11.4,35.054094,0.499988896,0,0.500011104
2.36,11.4,35.054094,0.499988896,0,0.500011104
3.54,11.4,35.054094,0.499988896,0,0.500011104
4.72,11.4,35.054094,0.499988896,0,0.500011104
5.9,11.4,35.054094,0.499988896,0,0.500011104
7.08,11.4,35.054094,0.499988896,0,0.500011104
8.26,11.4,35.054094,0.499988896,0,0.500011104
9.44,11.4,35.054094,0.499988896,0,0.500011104
10.62,11.4,35.054094,0.499988896,0,0.500011104
0,12.58,35.054094,0.423067527,0,0.576932473
1.18,12.58,35.054094,0.423067527,0,0.576932473
2.36,12.58,35.054094,0.423067527,0,0.576932473
3.54,12.58,35.054094,0.423067527,0,0.576932473
4.72,12.58,35.054094,0.423067527,0,0.576932473
5.9,12.58,35.054094,0.423067527,0,0.576932473
7.08,12.58,35.054094,0.423067527,0,0.576932473
8.26,12.58,35.054094,0.423067527,0,0.576932473
9.44,12.58,35.054094,0.423067527,0,0.576932473
10.62,12.58,35.054094,0.423067527,0,0.576932473
0,13.76,35.054094,0.386118074,0,0.613881926
1.18,13.76,35.054094,0.386118074,0,0.613881926
2.36,13.76,35.054094,0.386118074,0,0.613881926
3.54,13.76,35.054094,0.386118074,0,0.613881926
4.72,13.76,35.054094,0.386118074,0,0.613881926
5.9,13.76,35.054094,0.386118074,0,0.613881926
7.08,13.76,35.054094,0.386118074,0,0.613881926
8.26,13.76,35.054094,0.386118074,0,0.613881926
9.44,13.76,35.054094,0.386118074,0,0.613881926
10.62,13.76,35.054094,0.386118074,0,0.613881926
0,-13.38,35.674094,0.421398615,0,0.578601385
1.18,-13.38,35.674094,0.421398615,0,0.578601385
2.36,-13.38,35.674094,0.421398615,0,0.578601385
3.54,-13.38,35.674094,0.421398615,0,0.578601385
4.72,-13.38,35.674094,0.421398615,0,0.578601385
5.9,-13.38,35.674094,0.421398615,0,0.578601385
7.08,-13.38,35.674094,0.421398615,0,0.578601385
8.26,-13.38,35.674094,0.421398615,0,0.578601385
9.44,-13.38,35.674094,0.421398615,0,0.578601385
10.62,-13.38,35.674094,0.421398615,0,0.578601385
0,-12.2,35.674094,0.459707581,0,0.540292419
1.18,-12.2,35.674094,0.459707581,0,0.540292419
2.36,-12.2,35.674094,0.459707581,0,0.540292419
3.54,-12.2,35.674094,0.459707581,0,0.540292419
4.72,-12.2,35.674094,0.459707581,0,0.540292419
5.9,-12.2,35.674094,0.459707581,0,0.540292419
7.08,-12.2,35.674094,0.459707581,0,0.540292419
8.26,-12.2,35.674094,0.459707581,0,0.540292419
9.44,-12.2,35.674094,0.459707581,0,0.540292419
10.62,-12.2,35.674094,0.459707581,0,0.540292419
0,-11.02,35.674094,0.498016546,0,0.501983454
1.18,-11.02,35.674094,0.498016546,0,0.501983454
2.36,-11.02,35.674094,0.498016546,0,0.501983454
3.54,-11.02,35.674094,0.498016546,0,0.501983454
4.72,-11.02,35.674094,0.498016546,0,0.501983454
5.9,-11.02,35.674094,0.498016546,0,0.501983454
7.08,-11.02,35.674094,0.498016546,0,0.501983454
8.26,-11.02,35.674094,0.498016546,0,0.501983454
9.44,-11.02,35.674094,0.498016546,0,0.501983454
10.62,-11.02,35.674094,0.498016546,0,0.501983454
0,-9.84,35.674094,0.536325511,0,0.463674489
1.18,-9.84,35.674094,0.536325511,0,0.463674489
2.36,-9.84,35.674094,0.536325511,0,0.463674489
3.54,-9.84,35.674094,0.536325511,0,0.463674489
4.72,-9.84,35.674094,0.536325511,0,0.463674489
5.9,-9.84,35.674094,0.536325511,0,0.463674489
7.08,-9.84,35.674094,0.536325511,0,0.463674489
8.26,-9.84,35.674094,0.536325511,0,0.463674489
9.44,-9.84,35.674094,0.536325511,0,0.463674489
10.62,-9.84,35.674094,0.536325511,0,0.463674489
0,-8.66,35.674094,0.574634476,0,0.425365524
1.18,-8.66,35.674094,0.574634476,0,0.425365524
2.36,-8.66,35.674094,0.574634476,0,0.425365524
3.54,-8.66,35.674094,0.574634476,0,0.425365524
4.72,-8.66,35.674094,0.574634476,0,0.425365524
5.9,-8.66,35.674094,0.574634476,0,0.425365524
7.08,-8.66,35.674094,0.574634476,0,0.425365524
8.26,-8.66,35.674094,0.574634476,0,0.425365524
9.44,-8.66,35.674094,0.574634476,0,0.425365524
10.62,-8.66,35.674094,0.574634476,0,0.425365524
0,-7.48,35.674094,0.651252406,0,0.348747594
1.18,-7.48,35.674094,0.651252406,0,0.348747594
2.36,-7.48,35.674094,0.651252406,0,0.348747594
3.54,-7.48,35.674094,0.651252406,0,0.348747594
4.72,-7.48,35.674094,0.651252406,0,0.348747594
5.9,-7.48,35.674094,0.651252406,0,0.348747594
7.08,-7.48,35.674094,0.651252406,0,0.348747594
8.26,-7.48,35.674094,0.651252406,0,0.348747594
9.44,-7.48,35.674094,0.651252406,0,0.348747594
10.62,-7.48,35.674094,0.651252406,0,0.348747594
0,-6.3,35.674094,0.689561371,0,0.310438629
1.18,-6.3,35.674094,0.689561371,0,0.310438629
2.36,-6.3,35.674094,0.689561371,0,0.310438629
3.54,-6.3,35.674094,0.689561371,0,0.310438629
4.72,-6.3,35.674094,0.689561371,0,0.310438629
5.9,-6.3,35.674094,0.689561371,0,0.310438629
7.08,-6.3,35.674094,0.689561371,0,0.310438629
8.26,-6.3,35.674094,0.689561371,0,0.310438629
9.44,-6.3,35.674094,0.689561371,0,0.310438629
10.62,-6.3,35.674094,0.689561371,0,0.310438629
0,-5.12,35.674094,0.727870336,0,0.272129664
1.18,-5.12,35.674094,0.727870336,0,0.272129664
2.36,-5.12,35.674094,0.727870336,0,0.272129664
3.54,-5.12,35.674094,0.727870336,0,0.272129664
4.72,-5.12,35.674094,0.727870336,0,0.272129664
5.9,-5.12,35.674094,0.727870336,0,0.272129664
7.08,-5.12,35.674094,0.727870336,0,0.272129664
8.26,-5.12,35.674094,0.727870336,0,0.272129664
9.44,-5.12,35.674094,0.727870336,0,0.272129664
10.62,-5.12,35.674094,0.727870336,0,0.272129664
0,-3.94,35.674094,0.766179301,0,0.233820699
1.18,-3.94,35.674094,0.766179301,0,0.233820699
2.36,-3.94,35.674094,0.766179301,0,0.233820699
3.54,-3.94,35.674094,0.766179301,0,0.233820699
4.72,-3.94,35.674094,0.766179301,0,0.233820699
5.9,-3.94,35.674094,0.766179301,0,0.233820699
7.08,-3.94,35.674094,0.766179301,0,0.233820699
8.26,-3.94,35.674094,0.766179301,0,0.233820699
9.44,-3.94,35.674094,0.766179301,0,0.233820699
10.62,-3.94,35.674094,0.766179301,0,0.233820699
0,-2.76,35.674094,0.804488266,0,0.195511734
1.18,-2.76,35.674094,0.804488266,0,0.195511734
2.36,-2.76,35.674094,0.804488266,0,0.195511734
3.54,-2.76,35.674094,0.804488266,0,0.195511734
4.72,-2.76,35.674094,0.804488266,0,0.195511734
5.9,-2.76,35.674094,0.804488266,0,0.195511734
7.08,-2.76,35.674094,0.804488266,0,0.195511734
8.26,-2.76,35.674094,0.804488266,0,0.195511734
9.44,-2.76,35.674094,0.804488266,0,0.195511734
10.62,-2.76,35.674094,0.804488266,0,0.195511734
0,-1.58,35.674094,0.842797231,0,0.157202769
1.18,-1.58,35.674094,0.842797231,0,0.157202769
2.36,-1.58,35.674094,0.842797231,0,0.157202769
3.54,-1.58,35.674094,0.842797231,0,0.157202769
4.72,-1.58,35.674094,0.842797231,0,0.157202769
5.9,-1.58,35.674094,0.842797231,0,0.157202769
7.08,-1.58,35.674094,0.842797231,0,0.157202769
8.26,-1.58,35.674094,0.842797231,0,0.157202769
9.44,-1.58,35.674094,0.842797231,0,0.157202769
10.62,-1.58,35.674094,0.842797231,0,0.157202769
0,-0.400000000000002,35.674094,0.907535398,0,0.092464602
1.18,-0.400000000000002,35.674094,0.907535398,0,0.092464602
2.36,-0.400000000000002,35.674094,0.907535398,0,0.092464602
3.54,-0.400000000000002,35.674094,0.907535398,0,0.092464602
4.72,-0.400000000000002,35.674094,0.907535398,0,0.092464602
5.9,-0.400000000000002,35.674094,0.907535398,0,0.092464602
7.08,-0.400000000000002,35.674094,0.907535398,0,0.092464602
8.26,-0.400000000000002,35.674094,0.907535398,0,0.092464602
9.44,-0.400000000000002,35.674094,0.907535398,0,0.092464602
10.62,-0.400000000000002,35.674094,0.907535398,0,0.092464602
0,0.779999999999998,35.674094,0.881106196,0,0.118893804
1.18,0.779999999999998,35.674094,0.881106196,0,0.118893804
2.36,0.779999999999998,35.674094,0.881106196,0,0.118893804
3.54,0.779999999999998,35.674094,0.881106196,0,0.118893804
4.72,0.779999999999998,35.674094,0.881106196,0,0.118893804
5.9,0.779999999999998,35.674094,0.881106196,0,0.118893804
7.08,0.779999999999998,35.674094,0.881106196,0,0.118893804
8.26,0.779999999999998,35.674094,0.881106196,0,0.118893804
9.44,0.779999999999998,35.674094,0.881106196,0,0.118893804
10.62,0.779999999999998,35.674094,0.881106196,0,0.118893804
0,1.96,35.674094,0.842797231,0,0.157202769
1.18,1.96,35.674094,0.842797231,0,0.157202769
2.36,1.96,35.674094,0.842797231,0,0.157202769
3.54,1.96,35.674094,0.842797231,0,0.157202769
4.72,1.96,35.674094,0.842797231,0,0.157202769
5.9,1.96,35.674094,0.842797231,0,0.157202769
7.08,1.96,35.674094,0.842797231,0,0.157202769
8.26,1.96,35.674094,0.842797231,0,0.157202769
9.44,1.96,35.674094,0.842797231,0,0.157202769
10.62,1.96,35.674094,0.842797231,0,0.157202769
0,3.14,35.674094,0.804488266,0,0.195511734
1.18,3.14,35.674094,0.804488266,0,0.195511734
2.36,3.14,35.674094,0.804488266,0,0.195511734
3.54,3.14,35.674094,0.804488266,0,0.195511734
4.72,3.14,35.674094,0.804488266,0,0.195511734
5.9,3.14,35.674094,0.804488266,0,0.195511734
7.08,3.14,35.674094,0.804488266,0,0.195511734
8.26,3.14,35.674094,0.804488266,0,0.195511734
9.44,3.14,35.674094,0.804488266,0,0.195511734
10.62,3.14,35.674094,0.804488266,0,0.195511734
0,4.32,35.674094,0.766179301,0,0.233820699
1.18,4.32,35.674094,0.766179301,0,0.233820699
2.36,4.32,35.674094,0.766179301,0,0.233820699
3.54,4.32,35.674094,0.766179301,0,0.233820699
4.72,4.32,35.674094,0.766179301,0,0.233820699
5.9,4.32,35.674094,0.766179301,0,0.233820699
7.08,4.32,35.674094,0.766179301,0,0.233820699
8.26,4.32,35.674094,0.766179301,0,0.233820699
9.44,4.32,35.674094,0.766179301,0,0.233820699
10.62,4.32,35.674094,0.766179301,0,0.233820699
0,5.5,35.674094,0.727870336,0,0.272129664
1.18,5.5,35.674094,0.727870336,0,0.272129664
2.36,5.5,35.674094,0.727870336,0,0.272129664
3.54,5.5,35.674094,0.727870336,0,0.272129664
4.72,5.5,35.674094,0.727870336,0,0.272129664
5.9,5.5,35.674094,0.727870336,0,0.272129664
7.08,5.5,35.674094,0.727870336,0,0.272129664
8.26,5.5,35.674094,0.727870336,0,0.272129664
9.44,5.5,35.674094,0.727870336,0,0.272129664
10.62,5.5,35.674094,0.727870336,0,0.272129664
0,6.68,35.674094,0.651252406,0,0.348747594
1.18,6.68,35.674094,0.651252406,0,0.348747594
2.36,6.68,35.674094,0.651252406,0,0.348747594
3.54,6.68,35.674094,0.651252406,0,0.348747594
4.72,6.68,35.674094,0.651252406,0,0.348747594
5.9,6.68,35.674094,0.651252406,0,0.348747594
7.08,6.68,35.674094,0.651252406,0,0.348747594
8.26,6.68,35.674094,0.651252406,0,0.348747594
9.44,6.68,35.674094,0.651252406,0,0.348747594
10.62,6.68,35.674094,0.651252406,0,0.348747594
0,7.86,35.674094,0.612943441,0,0.387056559
1.18,7.86,35.674094,0.612943441,0,0.387056559
2.36,7.86,35.674094,0.612943441,0,0.387056559
3.54,7.86,35.674094,0.612943441,0,0.387056559
4.72,7.86,35.674094,0.612943441,0,0.387056559
5.9,7.86,35.674094,0.612943441,0,0.387056559
7.08,7.86,35.674094,0.612943441,0,0.387056559
8.26,7.86,35.674094,0.612943441,0,0.387056559
9.44,7.86,35.674094,0.612943441,0,0.387056559
10.62,7.86,35.674094,0.612943441,0,0.387056559
0,9.04,35.674094,0.574634476,0,0.425365524
1.18,9.04,35.674094,0.574634476,0,0.425365524
2.36,9.04,35.674094,0.574634476,0,0.425365524
3.54,9.04,35.674094,0.574634476,0,0.425365524
4.72,9.04,35.674094,0.574634476,0,0.425365524
5.9,9.04,35.674094,0.574634476,0,0.425365524
7.08,9.04,35.674094,0.574634476,0,0.425365524
8.26,9.04,35.674094,0.574634476,0,0.425365524
9.44,9.04,35.674094,0.574634476,0,0.425365524
10.62,9.04,35.674094,0.574634476,0,0.425365524
0,10.22,35.674094,0.536325511,0,0.463674489
1.18,10.22,35.674094,0.536325511,0,0.463674489
2.36,10.22,35.674094,0.536325511,0,0.463674489
3.54,10.22,35.674094,0.536325511,0,0.463674489
4.72,10.22,35.674094,0.536325511,0,0.463674489
5.9,10.22,35.674094,0.536325511,0,0.463674489
7.08,10.22,35.674094,0.536325511,0,0.463674489
8.26,10.22,35.674094,0.536325511,0,0.463674489
9.44,10.22,35.674094,0.536325511,0,0.463674489
10.62,10.22,35.674094,0.536325511,0,0.463674489
0,11.4,35.674094,0.498016546,0,0.501983454
1.18,11.4,35.674094,0.498016546,0,0.501983454
2.36,11.4,35.674094,0.498016546,0,0.501983454
3.54,11.4,35.674094,0.498016546,0,0.501983454
4.72,11.4,35.674094,0.498016546,0,0.501983454
5.9,11.4,35.674094,0.498016546,0,0.501983454
7.08,11.4,35.674094,0.498016546,0,0.501983454
8.26,11.4,35.674094,0.498016546,0,0.501983454
9.44,11.4,35.674094,0.498016546,0,0.501983454
10.62,11.4,35.674094,0.498016546,0,0.501983454
0,12.58,35.674094,0.421398615,0,0.578601385
1.18,12.58,35.674094,0.421398615,0,0.578601385
2.36,12.58,35.674094,0.421398615,0,0.578601385
3.54,12.58,35.674094,0.421398615,0,0.578601385
4.72,12.58,35.674094,0.421398615,0,0.578601385
5.9,12.58,35.674094,0.421398615,0,0.578601385
7.08,12.58,35.674094,0.421398615,0,0.578601385
8.26,12.58,35.674094,0.421398615,0,0.578601385
9.44,12.58,35.674094,0.421398615,0,0.578601385
10.62,12.58,35.674094,0.421398615,0,0.578601385
0,13.76,35.674094,0.421398615,0,0.578601385
1.18,13.76,35.674094,0.421398615,0,0.578601385
2.36,13.76,35.674094,0.421398615,0,0.578601385
3.54,13.76,35.674094,0.421398615,0,0.578601385
4.72,13.76,35.674094,0.421398615,0,0.578601385
5.9,13.76,35.674094,0.421398615,0,0.578601385
7.08,13.76,35.674094,0.421398615,0,0.578601385
8.26,13.76,35.674094,0.421398615,0,0.578601385
9.44,13.76,35.674094,0.421398615,0,0.578601385
10.62,13.76,35.674094,0.421398615,0,0.578601385
0,-12.2,36.294094,0.45787971,0,0.54212029
1.18,-12.2,36.294094,0.45787971,0,0.54212029
2.36,-12.2,36.294094,0.45787971,0,0.54212029
3.54,-12.2,36.294094,0.45787971,0,0.54212029
4.72,-12.2,36.294094,0.45787971,0,0.54212029
5.9,-12.2,36.294094,0.45787971,0,0.54212029
7.08,-12.2,36.294094,0.45787971,0,0.54212029
8.26,-12.2,36.294094,0.45787971,0,0.54212029
9.44,-12.2,36.294094,0.45787971,0,0.54212029
10.62,-12.2,36.294094,0.45787971,0,0.54212029
0,-11.02,36.294094,0.496036353,0,0.503963647
1.18,-11.02,36.294094,0.496036353,0,0.503963647
2.36,-11.02,36.294094,0.496036353,0,0.503963647
3.54,-11.02,36.294094,0.496036353,0,0.503963647
4.72,-11.02,36.294094,0.496036353,0,0.503963647
5.9,-11.02,36.294094,0.496036353,0,0.503963647
7.08,-11.02,36.294094,0.496036353,0,0.503963647
8.26,-11.02,36.294094,0.496036353,0,0.503963647
9.44,-11.02,36.294094,0.496036353,0,0.503963647
10.62,-11.02,36.294094,0.496036353,0,0.503963647
0,-9.84,36.294094,0.534192995,0,0.465807005
1.18,-9.84,36.294094,0.534192995,0,0.465807005
2.36,-9.84,36.294094,0.534192995,0,0.465807005
3.54,-9.84,36.294094,0.534192995,0,0.465807005
4.72,-9.84,36.294094,0.534192995,0,0.465807005
5.9,-9.84,36.294094,0.534192995,0,0.465807005
7.08,-9.84,36.294094,0.534192995,0,0.465807005
8.26,-9.84,36.294094,0.534192995,0,0.465807005
9.44,-9.84,36.294094,0.534192995,0,0.465807005
10.62,-9.84,36.294094,0.534192995,0,0.465807005
0,-8.66,36.294094,0.572349638,0,0.427650362
1.18,-8.66,36.294094,0.572349638,0,0.427650362
2.36,-8.66,36.294094,0.572349638,0,0.427650362
3.54,-8.66,36.294094,0.572349638,0,0.427650362
4.72,-8.66,36.294094,0.572349638,0,0.427650362
5.9,-8.66,36.294094,0.572349638,0,0.427650362
7.08,-8.66,36.294094,0.572349638,0,0.427650362
8.26,-8.66,36.294094,0.572349638,0,0.427650362
9.44,-8.66,36.294094,0.572349638,0,0.427650362
10.62,-8.66,36.294094,0.572349638,0,0.427650362
0,-7.48,36.294094,0.648662923,0,0.351337077
1.18,-7.48,36.294094,0.648662923,0,0.351337077
2.36,-7.48,36.294094,0.648662923,0,0.351337077
3.54,-7.48,36.294094,0.648662923,0,0.351337077
4.72,-7.48,36.294094,0.648662923,0,0.351337077
5.9,-7.48,36.294094,0.648662923,0,0.351337077
7.08,-7.48,36.294094,0.648662923,0,0.351337077
8.26,-7.48,36.294094,0.648662923,0,0.351337077
9.44,-7.48,36.294094,0.648662923,0,0.351337077
10.62,-7.48,36.294094,0.648662923,0,0.351337077
0,-6.3,36.294094,0.686819565,0,0.313180435
1.18,-6.3,36.294094,0.686819565,0,0.313180435
2.36,-6.3,36.294094,0.686819565,0,0.313180435
3.54,-6.3,36.294094,0.686819565,0,0.313180435
4.72,-6.3,36.294094,0.686819565,0,0.313180435
5.9,-6.3,36.294094,0.686819565,0,0.313180435
7.08,-6.3,36.294094,0.686819565,0,0.313180435
8.26,-6.3,36.294094,0.686819565,0,0.313180435
9.44,-6.3,36.294094,0.686819565,0,0.313180435
10.62,-6.3,36.294094,0.686819565,0,0.313180435
0,-5.12,36.294094,0.724976208,0,0.275023792
1.18,-5.12,36.294094,0.724976208,0,0.275023792
2.36,-5.12,36.294094,0.724976208,0,0.275023792
3.54,-5.12,36.294094,0.724976208,0,0.275023792
4.72,-5.12,36.294094,0.724976208,0,0.275023792
5.9,-5.12,36.294094,0.724976208,0,0.275023792
7.08,-5.12,36.294094,0.724976208,0,0.275023792
8.26,-5.12,36.294094,0.724976208,0,0.275023792
9.44,-5.12,36.294094,0.724976208,0,0.275023792
10.62,-5.12,36.294094,0.724976208,0,0.275023792
0,-3.94,36.294094,0.76313285,0,0.23686715
1.18,-3.94,36.294094,0.76313285,0,0.23686715
2.36,-3.94,36.294094,0.76313285,0,0.23686715
3.54,-3.94,36.294094,0.76313285,0,0.23686715
4.72,-3.94,36.294094,0.76313285,0,0.23686715
5.9,-3.94,36.294094,0.76313285,0,0.23686715
7.08,-3.94,36.294094,0.76313285,0,0.23686715
8.26,-3.94,36.294094,0.76313285,0,0.23686715
9.44,-3.94,36.294094,0.76313285,0,0.23686715
10.62,-3.94,36.294094,0.76313285,0,0.23686715
0,-2.76,36.294094,0.801289493,0,0.198710507
1.18,-2.76,36.294094,0.801289493,0,0.198710507
2.36,-2.76,36.294094,0.801289493,0,0.198710507
3.54,-2.76,36.294094,0.801289493,0,0.198710507
4.72,-2.76,36.294094,0.801289493,0,0.198710507
5.9,-2.76,36.294094,0.801289493,0,0.198710507
7.08,-2.76,36.294094,0.801289493,0,0.198710507
8.26,-2.76,36.294094,0.801289493,0,0.198710507
9.44,-2.76,36.294094,0.801289493,0,0.198710507
10.62,-2.76,36.294094,0.801289493,0,0.198710507
0,-1.58,36.294094,0.839446135,0,0.160553865
1.18,-1.58,36.294094,0.839446135,0,0.160553865
2.36,-1.58,36.294094,0.839446135,0,0.160553865
3.54,-1.58,36.294094,0.839446135,0,0.160553865
4.72,-1.58,36.294094,0.839446135,0,0.160553865
5.9,-1.58,36.294094,0.839446135,0,0.160553865
7.08,-1.58,36.294094,0.839446135,0,0.160553865
8.26,-1.58,36.294094,0.839446135,0,0.160553865
9.44,-1.58,36.294094,0.839446135,0,0.160553865
10.62,-1.58,36.294094,0.839446135,0,0.160553865
0,-0.400000000000002,36.294094,0.903926893,0,0.096073107
1.18,-0.400000000000002,36.294094,0.903926893,0,0.096073107
2.36,-0.400000000000002,36.294094,0.903926893,0,0.096073107
3.54,-0.400000000000002,36.294094,0.903926893,0,0.096073107
4.72,-0.400000000000002,36.294094,0.903926893,0,0.096073107
5.9,-0.400000000000002,36.294094,0.903926893,0,0.096073107
7.08,-0.400000000000002,36.294094,0.903926893,0,0.096073107
8.26,-0.400000000000002,36.294094,0.903926893,0,0.096073107
9.44,-0.400000000000002,36.294094,0.903926893,0,0.096073107
10.62,-0.400000000000002,36.294094,0.903926893,0,0.096073107
0,0.779999999999998,36.294094,0.877602778,0,0.122397222
1.18,0.779999999999998,36.294094,0.877602778,0,0.122397222
2.36,0.779999999999998,36.294094,0.877602778,0,0.122397222
3.54,0.779999999999998,36.294094,0.877602778,0,0.122397222
4.72,0.779999999999998,36.294094,0.877602778,0,0.122397222
5.9,0.779999999999998,36.294094,0.877602778,0,0.122397222
7.08,0.779999999999998,36.294094,0.877602778,0,0.122397222
8.26,0.779999999999998,36.294094,0.877602778,0,0.122397222
9.44,0.779999999999998,36.294094,0.877602778,0,0.122397222
10.62,0.779999999999998,36.294094,0.877602778,0,0.122397222
0,1.96,36.294094,0.839446135,0,0.160553865
1.18,1.96,36.294094,0.839446135,0,0.160553865
2.36,1.96,36.294094,0.839446135,0,0.160553865
3.54,1.96,36.294094,0.839446135,0,0.160553865
4.72,1.96,36.294094,0.839446135,0,0.160553865
5.9,1.96,36.294094,0.839446135,0,0.160553865
7.08,1.96,36.294094,0.839446135,0,0.160553865
8.26,1.96,36.294094,0.839446135,0,0.160553865
9.44,1.96,36.294094,0.839446135,0,0.160553865
10.62,1.96,36.294094,0.839446135,0,0.160553865
0,3.14,36.294094,0.801289493,0,0.198710507
1.18,3.14,36.294094,0.801289493,0,0.198710507
2.36,3.14,36.294094,0.801289493,0,0.198710507
3.54,3.14,36.294094,0.801289493,0,0.198710507
4.72,3.14,36.294094,0.801289493,0,0.198710507
5.9,3.14,36.294094,0.801289493,0,0.198710507
7.08,3.14,36.294094,0.801289493,0,0.198710507
8.26,3.14,36.294094,0.801289493,0,0.198710507
9.44,3.14,36.294094,0.801289493,0,0.198710507
10.62,3.14,36.294094,0.801289493,0,0.198710507
0,4.32,36.294094,0.76313285,0,0.23686715
1.18,4.32,36.294094,0.76313285,0,0.23686715
2.36,4.32,36.294094,0.76313285,0,0.23686715
3.54,4.32,36.294094,0.76313285,0,0.23686715
4.72,4.32,36.294094,0.76313285,0,0.23686715
5.9,4.32,36.294094,0.76313285,0,0.23686715
7.08,4.32,36.294094,0.76313285,0,0.23686715
8.26,4.32,36.294094,0.76313285,0,0.23686715
9.44,4.32,36.294094,0.76313285,0,0.23686715
10.62,4.32,36.294094,0.76313285,0,0.23686715
0,5.5,36.294094,0.724976208,0,0.275023792
1.18,5.5,36.294094,0.724976208,0,0.275023792
2.36,5.5,36.294094,0.724976208,0,0.275023792
3.54,5.5,36.294094,0.724976208,0,0.275023792
4.72,5.5,36.294094,0.724976208,0,0.275023792
5.9,5.5,36.294094,0.724976208,0,0.275023792
7.08,5.5,36.294094,0.724976208,0,0.275023792
8.26,5.5,36.294094,0.724976208,0,0.275023792
9.44,5.5,36.294094,0.724976208,0,0.275023792
10.62,5.5,36.294094,0.724976208,0,0.275023792
0,6.68,36.294094,0.648662923,0,0.351337077
1.18,6.68,36.294094,0.648662923,0,0.351337077
2.36,6.68,36.294094,0.648662923,0,0.351337077
3.54,6.68,36.294094,0.648662923,0,0.351337077
4.72,6.68,36.294094,0.648662923,0,0.351337077
5.9,6.68,36.294094,0.648662923,0,0.351337077
7.08,6.68,36.294094,0.648662923,0,0.351337077
8.26,6.68,36.294094,0.648662923,0,0.351337077
9.44,6.68,36.294094,0.648662923,0,0.351337077
10.62,6.68,36.294094,0.648662923,0,0.351337077
0,7.86,36.294094,0.61050628,0,0.38949372
1.18,7.86,36.294094,0.61050628,0,0.38949372
2.36,7.86,36.294094,0.61050628,0,0.38949372
3.54,7.86,36.294094,0.61050628,0,0.38949372
4.72,7.86,36.294094,0.61050628,0,0.38949372
5.9,7.86,36.294094,0.61050628,0,0.38949372
7.08,7.86,36.294094,0.61050628,0,0.38949372
8.26,7.86,36.294094,0.61050628,0,0.38949372
9.44,7.86,36.294094,0.61050628,0,0.38949372
10.62,7.86,36.294094,0.61050628,0,0.38949372
0,9.04,36.294094,0.572349638,0,0.427650362
1.18,9.04,36.294094,0.572349638,0,0.427650362
2.36,9.04,36.294094,0.572349638,0,0.427650362
3.54,9.04,36.294094,0.572349638,0,0.427650362
4.72,9.04,36.294094,0.572349638,0,0.427650362
5.9,9.04,36.294094,0.572349638,0,0.427650362
7.08,9.04,36.294094,0.572349638,0,0.427650362
8.26,9.04,36.294094,0.572349638,0,0.427650362
9.44,9.04,36.294094,0.572349638,0,0.427650362
10.62,9.04,36.294094,0.572349638,0,0.427650362
0,10.22,36.294094,0.534192995,0,0.465807005
1.18,10.22,36.294094,0.534192995,0,0.465807005
2.36,10.22,36.294094,0.534192995,0,0.465807005
3.54,10.22,36.294094,0.534192995,0,0.465807005
4.72,10.22,36.294094,0.534192995,0,0.465807005
5.9,10.22,36.294094,0.534192995,0,0.465807005
7.08,10.22,36.294094,0.534192995,0,0.465807005
8.26,10.22,36.294094,0.534192995,0,0.465807005
9.44,10.22,36.294094,0.534192995,0,0.465807005
10.62,10.22,36.294094,0.534192995,0,0.465807005
0,11.4,36.294094,0.496036353,0,0.503963647
1.18,11.4,36.294094,0.496036353,0,0.503963647
2.36,11.4,36.294094,0.496036353,0,0.503963647
3.54,11.4,36.294094,0.496036353,0,0.503963647
4.72,11.4,36.294094,0.496036353,0,0.503963647
5.9,11.4,36.294094,0.496036353,0,0.503963647
7.08,11.4,36.294094,0.496036353,0,0.503963647
8.26,11.4,36.294094,0.496036353,0,0.503963647
9.44,11.4,36.294094,0.496036353,0,0.503963647
10.62,11.4,36.294094,0.496036353,0,0.503963647
0,12.58,36.294094,0.45787971,0,0.54212029
1.18,12.58,36.294094,0.45787971,0,0.54212029
2.36,12.58,36.294094,0.45787971,0,0.54212029
3.54,12.58,36.294094,0.45787971,0,0.54212029
4.72,12.58,36.294094,0.45787971,0,0.54212029
5.9,12.58,36.294094,0.45787971,0,0.54212029
7.08,12.58,36.294094,0.45787971,0,0.54212029
8.26,12.58,36.294094,0.45787971,0,0.54212029
9.44,12.58,36.294094,0.45787971,0,0.54212029
10.62,12.58,36.294094,0.45787971,0,0.54212029
0,-12.2,36.914094,0.456044514,0,0.543955486
1.18,-12.2,36.914094,0.456044514,0,0.543955486
2.36,-12.2,36.914094,0.456044514,0,0.543955486
3.54,-12.2,36.914094,0.456044514,0,0.543955486
4.72,-12.2,36.914094,0.456044514,0,0.543955486
5.9,-12.2,36.914094,0.456044514,0,0.543955486
7.08,-12.2,36.914094,0.456044514,0,0.543955486
8.26,-12.2,36.914094,0.456044514,0,0.543955486
9.44,-12.2,36.914094,0.456044514,0,0.543955486
10.62,-12.2,36.914094,0.456044514,0,0.543955486
0,-11.02,36.914094,0.494048223,0,0.505951777
1.18,-11.02,36.914094,0.494048223,0,0.505951777
2.36,-11.02,36.914094,0.494048223,0,0.505951777
3.54,-11.02,36.914094,0.494048223,0,0.505951777
4.72,-11.02,36.914094,0.494048223,0,0.505951777
5.9,-11.02,36.914094,0.494048223,0,0.505951777
7.08,-11.02,36.914094,0.494048223,0,0.505951777
8.26,-11.02,36.914094,0.494048223,0,0.505951777
9.44,-11.02,36.914094,0.494048223,0,0.505951777
10.62,-11.02,36.914094,0.494048223,0,0.505951777
0,-9.84,36.914094,0.532051932,0,0.467948068
1.18,-9.84,36.914094,0.532051932,0,0.467948068
2.36,-9.84,36.914094,0.532051932,0,0.467948068
3.54,-9.84,36.914094,0.532051932,0,0.467948068
4.72,-9.84,36.914094,0.532051932,0,0.467948068
5.9,-9.84,36.914094,0.532051932,0,0.467948068
7.08,-9.84,36.914094,0.532051932,0,0.467948068
8.26,-9.84,36.914094,0.532051932,0,0.467948068
9.44,-9.84,36.914094,0.532051932,0,0.467948068
10.62,-9.84,36.914094,0.532051932,0,0.467948068
0,-8.66,36.914094,0.570055642,0,0.429944358
1.18,-8.66,36.914094,0.570055642,0,0.429944358
2.36,-8.66,36.914094,0.570055642,0,0.429944358
3.54,-8.66,36.914094,0.570055642,0,0.429944358
4.72,-8.66,36.914094,0.570055642,0,0.429944358
5.9,-8.66,36.914094,0.570055642,0,0.429944358
7.08,-8.66,36.914094,0.570055642,0,0.429944358
8.26,-8.66,36.914094,0.570055642,0,0.429944358
9.44,-8.66,36.914094,0.570055642,0,0.429944358
10.62,-8.66,36.914094,0.570055642,0,0.429944358
0,-7.48,36.914094,0.646063061,0,0.353936939
1.18,-7.48,36.914094,0.646063061,0,0.353936939
2.36,-7.48,36.914094,0.646063061,0,0.353936939
3.54,-7.48,36.914094,0.646063061,0,0.353936939
4.72,-7.48,36.914094,0.646063061,0,0.353936939
5.9,-7.48,36.914094,0.646063061,0,0.353936939
7.08,-7.48,36.914094,0.646063061,0,0.353936939
8.26,-7.48,36.914094,0.646063061,0,0.353936939
9.44,-7.48,36.914094,0.646063061,0,0.353936939
10.62,-7.48,36.914094,0.646063061,0,0.353936939
0,-6.3,36.914094,0.68406677,0,0.31593323
1.18,-6.3,36.914094,0.68406677,0,0.31593323
2.36,-6.3,36.914094,0.68406677,0,0.31593323
3.54,-6.3,36.914094,0.68406677,0,0.31593323
4.72,-6.3,36.914094,0.68406677,0,0.31593323
5.9,-6.3,36.914094,0.68406677,0,0.31593323
7.08,-6.3,36.914094,0.68406677,0,0.31593323
8.26,-6.3,36.914094,0.68406677,0,0.31593323
9.44,-6.3,36.914094,0.68406677,0,0.31593323
10.62,-6.3,36.914094,0.68406677,0,0.31593323
0,-5.12,36.914094,0.72207048,0,0.27792952
1.18,-5.12,36.914094,0.72207048,0,0.27792952
2.36,-5.12,36.914094,0.72207048,0,0.27792952
3.54,-5.12,36.914094,0.72207048,0,0.27792952
4.72,-5.12,36.914094,0.72207048,0,0.27792952
5.9,-5.12,36.914094,0.72207048,0,0.27792952
7.08,-5.12,36.914094,0.72207048,0,0.27792952
8.26,-5.12,36.914094,0.72207048,0,0.27792952
9.44,-5.12,36.914094,0.72207048,0,0.27792952
10.62,-5.12,36.914094,0.72207048,0,0.27792952
0,-3.94,36.914094,0.760074189,0,0.239925811
1.18,-3.94,36.914094,0.760074189,0,0.239925811
2.36,-3.94,36.914094,0.760074189,0,0.239925811
3.54,-3.94,36.914094,0.760074189,0,0.239925811
4.72,-3.94,36.914094,0.760074189,0,0.239925811
5.9,-3.94,36.914094,0.760074189,0,0.239925811
7.08,-3.94,36.914094,0.760074189,0,0.239925811
8.26,-3.94,36.914094,0.760074189,0,0.239925811
9.44,-3.94,36.914094,0.760074189,0,0.239925811
10.62,-3.94,36.914094,0.760074189,0,0.239925811
0,-2.76,36.914094,0.798077899,0,0.201922101
1.18,-2.76,36.914094,0.798077899,0,0.201922101
2.36,-2.76,36.914094,0.798077899,0,0.201922101
3.54,-2.76,36.914094,0.798077899,0,0.201922101
4.72,-2.76,36.914094,0.798077899,0,0.201922101
5.9,-2.76,36.914094,0.798077899,0,0.201922101
7.08,-2.76,36.914094,0.798077899,0,0.201922101
8.26,-2.76,36.914094,0.798077899,0,0.201922101
9.44,-2.76,36.914094,0.798077899,0,0.201922101
10.62,-2.76,36.914094,0.798077899,0,0.201922101
0,-1.58,36.914094,0.836081608,0,0.163918392
1.18,-1.58,36.914094,0.836081608,0,0.163918392
2.36,-1.58,36.914094,0.836081608,0,0.163918392
3.54,-1.58,36.914094,0.836081608,0,0.163918392
4.72,-1.58,36.914094,0.836081608,0,0.163918392
5.9,-1.58,36.914094,0.836081608,0,0.163918392
7.08,-1.58,36.914094,0.836081608,0,0.163918392
8.26,-1.58,36.914094,0.836081608,0,0.163918392
9.44,-1.58,36.914094,0.836081608,0,0.163918392
10.62,-1.58,36.914094,0.836081608,0,0.163918392
0,-0.400000000000002,36.914094,0.900303925,0,0.099696075
1.18,-0.400000000000002,36.914094,0.900303925,0,0.099696075
2.36,-0.400000000000002,36.914094,0.900303925,0,0.099696075
3.54,-0.400000000000002,36.914094,0.900303925,0,0.099696075
4.72,-0.400000000000002,36.914094,0.900303925,0,0.099696075
5.9,-0.400000000000002,36.914094,0.900303925,0,0.099696075
7.08,-0.400000000000002,36.914094,0.900303925,0,0.099696075
8.26,-0.400000000000002,36.914094,0.900303925,0,0.099696075
9.44,-0.400000000000002,36.914094,0.900303925,0,0.099696075
10.62,-0.400000000000002,36.914094,0.900303925,0,0.099696075
0,0.779999999999998,36.914094,0.874085318,0,0.125914682
1.18,0.779999999999998,36.914094,0.874085318,0,0.125914682
2.36,0.779999999999998,36.914094,0.874085318,0,0.125914682
3.54,0.779999999999998,36.914094,0.874085318,0,0.125914682
4.72,0.779999999999998,36.914094,0.874085318,0,0.125914682
5.9,0.779999999999998,36.914094,0.874085318,0,0.125914682
7.08,0.779999999999998,36.914094,0.874085318,0,0.125914682
8.26,0.779999999999998,36.914094,0.874085318,0,0.125914682
9.44,0.779999999999998,36.914094,0.874085318,0,0.125914682
10.62,0.779999999999998,36.914094,0.874085318,0,0.125914682
0,1.96,36.914094,0.836081608,0,0.163918392
1.18,1.96,36.914094,0.836081608,0,0.163918392
2.36,1.96,36.914094,0.836081608,0,0.163918392
3.54,1.96,36.914094,0.836081608,0,0.163918392
4.72,1.96,36.914094,0.836081608,0,0.163918392
5.9,1.96,36.914094,0.836081608,0,0.163918392
7.08,1.96,36.914094,0.836081608,0,0.163918392
8.26,1.96,36.914094,0.836081608,0,0.163918392
9.44,1.96,36.914094,0.836081608,0,0.163918392
10.62,1.96,36.914094,0.836081608,0,0.163918392
0,3.14,36.914094,0.798077899,0,0.201922101
1.18,3.14,36.914094,0.798077899,0,0.201922101
2.36,3.14,36.914094,0.798077899,0,0.201922101
3.54,3.14,36.914094,0.798077899,0,0.201922101
4.72,3.14,36.914094,0.798077899,0,0.201922101
5.9,3.14,36.914094,0.798077899,0,0.201922101
7.08,3.14,36.914094,0.798077899,0,0.201922101
8.26,3.14,36.914094,0.798077899,0,0.201922101
9.44,3.14,36.914094,0.798077899,0,0.201922101
10.62,3.14,36.914094,0.798077899,0,0.201922101
0,4.32,36.914094,0.760074189,0,0.239925811
1.18,4.32,36.914094,0.760074189,0,0.239925811
2.36,4.32,36.914094,0.760074189,0,0.239925811
3.54,4.32,36.914094,0.760074189,0,0.239925811
4.72,4.32,36.914094,0.760074189,0,0.239925811
5.9,4.32,36.914094,0.760074189,0,0.239925811
7.08,4.32,36.914094,0.760074189,0,0.239925811
8.26,4.32,36.914094,0.760074189,0,0.239925811
9.44,4.32,36.914094,0.760074189,0,0.239925811
10.62,4.32,36.914094,0.760074189,0,0.239925811
0,5.5,36.914094,0.72207048,0,0.27792952
1.18,5.5,36.914094,0.72207048,0,0.27792952
2.36,5.5,36.914094,0.72207048,0,0.27792952
3.54,5.5,36.914094,0.72207048,0,0.27792952
4.72,5.5,36.914094,0.72207048,0,0.27792952
5.9,5.5,36.914094,0.72207048,0,0.27792952
7.08,5.5,36.914094,0.72207048,0,0.27792952
8.26,5.5,36.914094,0.72207048,0,0.27792952
9.44,5.5,36.914094,0.72207048,0,0.27792952
10.62,5.5,36.914094,0.72207048,0,0.27792952
0,6.68,36.914094,0.646063061,0,0.353936939
1.18,6.68,36.914094,0.646063061,0,0.353936939
2.36,6.68,36.914094,0.646063061,0,0.353936939
3.54,6.68,36.914094,0.646063061,0,0.353936939
4.72,6.68,36.914094,0.646063061,0,0.353936939
5.9,6.68,36.914094,0.646063061,0,0.353936939
7.08,6.68,36.914094,0.646063061,0,0.353936939
8.26,6.68,36.914094,0.646063061,0,0.353936939
9.44,6.68,36.914094,0.646063061,0,0.353936939
10.62,6.68,36.914094,0.646063061,0,0.353936939
0,7.86,36.914094,0.608059351,0,0.391940649
1.18,7.86,36.914094,0.608059351,0,0.391940649
2.36,7.86,36.914094,0.608059351,0,0.391940649
3.54,7.86,36.914094,0.608059351,0,0.391940649
4.72,7.86,36.914094,0.608059351,0,0.391940649
5.9,7.86,36.914094,0.608059351,0,0.391940649
7.08,7.86,36.914094,0.608059351,0,0.391940649
8.26,7.86,36.914094,0.608059351,0,0.391940649
9.44,7.86,36.914094,0.608059351,0,0.391940649
10.62,7.86,36.914094,0.608059351,0,0.391940649
0,9.04,36.914094,0.570055642,0,0.429944358
1.18,9.04,36.914094,0.570055642,0,0.429944358
2.36,9.04,36.914094,0.570055642,0,0.429944358
3.54,9.04,36.914094,0.570055642,0,0.429944358
4.72,9.04,36.914094,0.570055642,0,0.429944358
5.9,9.04,36.914094,0.570055642,0,0.429944358
7.08,9.04,36.914094,0.570055642,0,0.429944358
8.26,9.04,36.914094,0.570055642,0,0.429944358
9.44,9.04,36.914094,0.570055642,0,0.429944358
10.62,9.04,36.914094,0.570055642,0,0.429944358
0,10.22,36.914094,0.532051932,0,0.467948068
1.18,10.22,36.914094,0.532051932,0,0.467948068
2.36,10.22,36.914094,0.532051932,0,0.467948068
3.54,10.22,36.914094,0.532051932,0,0.467948068
4.72,10.22,36.914094,0.532051932,0,0.467948068
5.9,10.22,36.914094,0.532051932,0,0.467948068
7.08,10.22,36.914094,0.532051932,0,0.467948068
8.26,10.22,36.914094,0.532051932,0,0.467948068
9.44,10.22,36.914094,0.532051932,0,0.467948068
10.62,10.22,36.914094,0.532051932,0,0.467948068
0,11.4,36.914094,0.494048223,0,0.505951777
1.18,11.4,36.914094,0.494048223,0,0.505951777
2.36,11.4,36.914094,0.494048223,0,0.505951777
3.54,11.4,36.914094,0.494048223,0,0.505951777
4.72,11.4,36.914094,0.494048223,0,0.505951777
5.9,11.4,36.914094,0.494048223,0,0.505951777
7.08,11.4,36.914094,0.494048223,0,0.505951777
8.26,11.4,36.914094,0.494048223,0,0.505951777
9.44,11.4,36.914094,0.494048223,0,0.505951777
10.62,11.4,36.914094,0.494048223,0,0.505951777
0,12.58,36.914094,0.456044514,0,0.543955486
1.18,12.58,36.914094,0.456044514,0,0.543955486
2.36,12.58,36.914094,0.456044514,0,0.543955486
3.54,12.58,36.914094,0.456044514,0,0.543955486
4.72,12.58,36.914094,0.456044514,0,0.543955486
5.9,12.58,36.914094,0.456044514,0,0.543955486
7.08,12.58,36.914094,0.456044514,0,0.543955486
8.26,12.58,36.914094,0.456044514,0,0.543955486
9.44,12.58,36.914094,0.456044514,0,0.543955486
10.62,12.58,36.914094,0.456044514,0,0.543955486
0,-11.02,37.534094,0.49205206,0,0.50794794
1.18,-11.02,37.534094,0.49205206,0,0.50794794
2.36,-11.02,37.534094,0.49205206,0,0.50794794
3.54,-11.02,37.534094,0.49205206,0,0.50794794
4.72,-11.02,37.534094,0.49205206,0,0.50794794
5.9,-11.02,37.534094,0.49205206,0,0.50794794
7.08,-11.02,37.534094,0.49205206,0,0.50794794
8.26,-11.02,37.534094,0.49205206,0,0.50794794
9.44,-11.02,37.534094,0.49205206,0,0.50794794
10.62,-11.02,37.534094,0.49205206,0,0.50794794
0,-9.84,37.534094,0.527743749,0,0.472256251
1.18,-9.84,37.534094,0.527743749,0,0.472256251
2.36,-9.84,37.534094,0.527743749,0,0.472256251
3.54,-9.84,37.534094,0.527743749,0,0.472256251
4.72,-9.84,37.534094,0.527743749,0,0.472256251
5.9,-9.84,37.534094,0.527743749,0,0.472256251
7.08,-9.84,37.534094,0.527743749,0,0.472256251
8.26,-9.84,37.534094,0.527743749,0,0.472256251
9.44,-9.84,37.534094,0.527743749,0,0.472256251
10.62,-9.84,37.534094,0.527743749,0,0.472256251
0,-8.66,37.534094,0.565439731,0,0.434560269
1.18,-8.66,37.534094,0.565439731,0,0.434560269
2.36,-8.66,37.534094,0.565439731,0,0.434560269
3.54,-8.66,37.534094,0.565439731,0,0.434560269
4.72,-8.66,37.534094,0.565439731,0,0.434560269
5.9,-8.66,37.534094,0.565439731,0,0.434560269
7.08,-8.66,37.534094,0.565439731,0,0.434560269
8.26,-8.66,37.534094,0.565439731,0,0.434560269
9.44,-8.66,37.534094,0.565439731,0,0.434560269
10.62,-8.66,37.534094,0.565439731,0,0.434560269
0,-7.48,37.534094,0.640831695,0,0.359168305
1.18,-7.48,37.534094,0.640831695,0,0.359168305
2.36,-7.48,37.534094,0.640831695,0,0.359168305
3.54,-7.48,37.534094,0.640831695,0,0.359168305
4.72,-7.48,37.534094,0.640831695,0,0.359168305
5.9,-7.48,37.534094,0.640831695,0,0.359168305
7.08,-7.48,37.534094,0.640831695,0,0.359168305
8.26,-7.48,37.534094,0.640831695,0,0.359168305
9.44,-7.48,37.534094,0.640831695,0,0.359168305
10.62,-7.48,37.534094,0.640831695,0,0.359168305
0,-6.3,37.534094,0.678527677,0,0.321472323
1.18,-6.3,37.534094,0.678527677,0,0.321472323
2.36,-6.3,37.534094,0.678527677,0,0.321472323
3.54,-6.3,37.534094,0.678527677,0,0.321472323
4.72,-6.3,37.534094,0.678527677,0,0.321472323
5.9,-6.3,37.534094,0.678527677,0,0.321472323
7.08,-6.3,37.534094,0.678527677,0,0.321472323
8.26,-6.3,37.534094,0.678527677,0,0.321472323
9.44,-6.3,37.534094,0.678527677,0,0.321472323
10.62,-6.3,37.534094,0.678527677,0,0.321472323
0,-5.12,37.534094,0.716223659,0,0.283776341
1.18,-5.12,37.534094,0.716223659,0,0.283776341
2.36,-5.12,37.534094,0.716223659,0,0.283776341
3.54,-5.12,37.534094,0.716223659,0,0.283776341
4.72,-5.12,37.534094,0.716223659,0,0.283776341
5.9,-5.12,37.534094,0.716223659,0,0.283776341
7.08,-5.12,37.534094,0.716223659,0,0.283776341
8.26,-5.12,37.534094,0.716223659,0,0.283776341
9.44,-5.12,37.534094,0.716223659,0,0.283776341
10.62,-5.12,37.534094,0.716223659,0,0.283776341
0,-3.94,37.534094,0.753919641,0,0.246080359
1.18,-3.94,37.534094,0.753919641,0,0.246080359
2.36,-3.94,37.534094,0.753919641,0,0.246080359
3.54,-3.94,37.534094,0.753919641,0,0.246080359
4.72,-3.94,37.534094,0.753919641,0,0.246080359
5.9,-3.94,37.534094,0.753919641,0,0.246080359
7.08,-3.94,37.534094,0.753919641,0,0.246080359
8.26,-3.94,37.534094,0.753919641,0,0.246080359
9.44,-3.94,37.534094,0.753919641,0,0.246080359
10.62,-3.94,37.534094,0.753919641,0,0.246080359
0,-2.76,37.534094,0.791615623,0,0.208384377
1.18,-2.76,37.534094,0.791615623,0,0.208384377
2.36,-2.76,37.534094,0.791615623,0,0.208384377
3.54,-2.76,37.534094,0.791615623,0,0.208384377
4.72,-2.76,37.534094,0.791615623,0,0.208384377
5.9,-2.76,37.534094,0.791615623,0,0.208384377
7.08,-2.76,37.534094,0.791615623,0,0.208384377
8.26,-2.76,37.534094,0.791615623,0,0.208384377
9.44,-2.76,37.534094,0.791615623,0,0.208384377
10.62,-2.76,37.534094,0.791615623,0,0.208384377
0,-1.58,37.534094,0.829311605,0,0.170688395
1.18,-1.58,37.534094,0.829311605,0,0.170688395
2.36,-1.58,37.534094,0.829311605,0,0.170688395
3.54,-1.58,37.534094,0.829311605,0,0.170688395
4.72,-1.58,37.534094,0.829311605,0,0.170688395
5.9,-1.58,37.534094,0.829311605,0,0.170688395
7.08,-1.58,37.534094,0.829311605,0,0.170688395
8.26,-1.58,37.534094,0.829311605,0,0.170688395
9.44,-1.58,37.534094,0.829311605,0,0.170688395
10.62,-1.58,37.534094,0.829311605,0,0.170688395
0,-0.400000000000002,37.534094,0.893013894,0,0.106986106
1.18,-0.400000000000002,37.534094,0.893013894,0,0.106986106
2.36,-0.400000000000002,37.534094,0.893013894,0,0.106986106
3.54,-0.400000000000002,37.534094,0.893013894,0,0.106986106
4.72,-0.400000000000002,37.534094,0.893013894,0,0.106986106
5.9,-0.400000000000002,37.534094,0.893013894,0,0.106986106
7.08,-0.400000000000002,37.534094,0.893013894,0,0.106986106
8.26,-0.400000000000002,37.534094,0.893013894,0,0.106986106
9.44,-0.400000000000002,37.534094,0.893013894,0,0.106986106
10.62,-0.400000000000002,37.534094,0.893013894,0,0.106986106
0,0.779999999999998,37.534094,0.867007587,0,0.132992413
1.18,0.779999999999998,37.534094,0.867007587,0,0.132992413
2.36,0.779999999999998,37.534094,0.867007587,0,0.132992413
3.54,0.779999999999998,37.534094,0.867007587,0,0.132992413
4.72,0.779999999999998,37.534094,0.867007587,0,0.132992413
5.9,0.779999999999998,37.534094,0.867007587,0,0.132992413
7.08,0.779999999999998,37.534094,0.867007587,0,0.132992413
8.26,0.779999999999998,37.534094,0.867007587,0,0.132992413
9.44,0.779999999999998,37.534094,0.867007587,0,0.132992413
10.62,0.779999999999998,37.534094,0.867007587,0,0.132992413
0,1.96,37.534094,0.829311605,0,0.170688395
1.18,1.96,37.534094,0.829311605,0,0.170688395
2.36,1.96,37.534094,0.829311605,0,0.170688395
3.54,1.96,37.534094,0.829311605,0,0.170688395
4.72,1.96,37.534094,0.829311605,0,0.170688395
5.9,1.96,37.534094,0.829311605,0,0.170688395
7.08,1.96,37.534094,0.829311605,0,0.170688395
8.26,1.96,37.534094,0.829311605,0,0.170688395
9.44,1.96,37.534094,0.829311605,0,0.170688395
10.62,1.96,37.534094,0.829311605,0,0.170688395
0,3.14,37.534094,0.791615623,0,0.208384377
1.18,3.14,37.534094,0.791615623,0,0.208384377
2.36,3.14,37.534094,0.791615623,0,0.208384377
3.54,3.14,37.534094,0.791615623,0,0.208384377
4.72,3.14,37.534094,0.791615623,0,0.208384377
5.9,3.14,37.534094,0.791615623,0,0.208384377
7.08,3.14,37.534094,0.791615623,0,0.208384377
8.26,3.14,37.534094,0.791615623,0,0.208384377
9.44,3.14,37.534094,0.791615623,0,0.208384377
10.62,3.14,37.534094,0.791615623,0,0.208384377
0,4.32,37.534094,0.753919641,0,0.246080359
1.18,4.32,37.534094,0.753919641,0,0.246080359
2.36,4.32,37.534094,0.753919641,0,0.246080359
3.54,4.32,37.534094,0.753919641,0,0.246080359
4.72,4.32,37.534094,0.753919641,0,0.246080359
5.9,4.32,37.534094,0.753919641,0,0.246080359
7.08,4.32,37.534094,0.753919641,0,0.246080359
8.26,4.32,37.534094,0.753919641,0,0.246080359
9.44,4.32,37.534094,0.753919641,0,0.246080359
10.62,4.32,37.534094,0.753919641,0,0.246080359
0,5.5,37.534094,0.716223659,0,0.283776341
1.18,5.5,37.534094,0.716223659,0,0.283776341
2.36,5.5,37.534094,0.716223659,0,0.283776341
3.54,5.5,37.534094,0.716223659,0,0.283776341
4.72,5.5,37.534094,0.716223659,0,0.283776341
5.9,5.5,37.534094,0.716223659,0,0.283776341
7.08,5.5,37.534094,0.716223659,0,0.283776341
8.26,5.5,37.534094,0.716223659,0,0.283776341
9.44,5.5,37.534094,0.716223659,0,0.283776341
10.62,5.5,37.534094,0.716223659,0,0.283776341
0,6.68,37.534094,0.640831695,0,0.359168305
1.18,6.68,37.534094,0.640831695,0,0.359168305
2.36,6.68,37.534094,0.640831695,0,0.359168305
3.54,6.68,37.534094,0.640831695,0,0.359168305
4.72,6.68,37.534094,0.640831695,0,0.359168305
5.9,6.68,37.534094,0.640831695,0,0.359168305
7.08,6.68,37.534094,0.640831695,0,0.359168305
8.26,6.68,37.534094,0.640831695,0,0.359168305
9.44,6.68,37.534094,0.640831695,0,0.359168305
10.62,6.68,37.534094,0.640831695,0,0.359168305
0,7.86,37.534094,0.603135713,0,0.396864287
1.18,7.86,37.534094,0.603135713,0,0.396864287
2.36,7.86,37.534094,0.603135713,0,0.396864287
3.54,7.86,37.534094,0.603135713,0,0.396864287
4.72,7.86,37.534094,0.603135713,0,0.396864287
5.9,7.86,37.534094,0.603135713,0,0.396864287
7.08,7.86,37.534094,0.603135713,0,0.396864287
8.26,7.86,37.534094,0.603135713,0,0.396864287
9.44,7.86,37.534094,0.603135713,0,0.396864287
10.62,7.86,37.534094,0.603135713,0,0.396864287
0,9.04,37.534094,0.565439731,0,0.434560269
1.18,9.04,37.534094,0.565439731,0,0.434560269
2.36,9.04,37.534094,0.565439731,0,0.434560269
3.54,9.04,37.534094,0.565439731,0,0.434560269
4.72,9.04,37.534094,0.565439731,0,0.434560269
5.9,9.04,37.534094,0.565439731,0,0.434560269
7.08,9.04,37.534094,0.565439731,0,0.434560269
8.26,9.04,37.534094,0.565439731,0,0.434560269
9.44,9.04,37.534094,0.565439731,0,0.434560269
10.62,9.04,37.534094,0.565439731,0,0.434560269
0,10.22,37.534094,0.527743749,0,0.472256251
1.18,10.22,37.534094,0.527743749,0,0.472256251
2.36,10.22,37.534094,0.527743749,0,0.472256251
3.54,10.22,37.534094,0.527743749,0,0.472256251
4.72,10.22,37.534094,0.527743749,0,0.472256251
5.9,10.22,37.534094,0.527743749,0,0.472256251
7.08,10.22,37.534094,0.527743749,0,0.472256251
8.26,10.22,37.534094,0.527743749,0,0.472256251
9.44,10.22,37.534094,0.527743749,0,0.472256251
10.62,10.22,37.534094,0.527743749,0,0.472256251
0,11.4,37.534094,0.49205206,0,0.50794794
1.18,11.4,37.534094,0.49205206,0,0.50794794
2.36,11.4,37.534094,0.49205206,0,0.50794794
3.54,11.4,37.534094,0.49205206,0,0.50794794
4.72,11.4,37.534094,0.49205206,0,0.50794794
5.9,11.4,37.534094,0.49205206,0,0.50794794
7.08,11.4,37.534094,0.49205206,0,0.50794794
8.26,11.4,37.534094,0.49205206,0,0.50794794
9.44,11.4,37.534094,0.49205206,0,0.50794794
10.62,11.4,37.534094,0.49205206,0,0.50794794
0,-9.84,38.154094,0.525576414,0,0.474423586
1.18,-9.84,38.154094,0.525576414,0,0.474423586
2.36,-9.84,38.154094,0.525576414,0,0.474423586
3.54,-9.84,38.154094,0.525576414,0,0.474423586
4.72,-9.84,38.154094,0.525576414,0,0.474423586
5.9,-9.84,38.154094,0.525576414,0,0.474423586
7.08,-9.84,38.154094,0.525576414,0,0.474423586
8.26,-9.84,38.154094,0.525576414,0,0.474423586
9.44,-9.84,38.154094,0.525576414,0,0.474423586
10.62,-9.84,38.154094,0.525576414,0,0.474423586
0,-8.66,38.154094,0.563117587,0,0.436882413
1.18,-8.66,38.154094,0.563117587,0,0.436882413
2.36,-8.66,38.154094,0.563117587,0,0.436882413
3.54,-8.66,38.154094,0.563117587,0,0.436882413
4.72,-8.66,38.154094,0.563117587,0,0.436882413
5.9,-8.66,38.154094,0.563117587,0,0.436882413
7.08,-8.66,38.154094,0.563117587,0,0.436882413
8.26,-8.66,38.154094,0.563117587,0,0.436882413
9.44,-8.66,38.154094,0.563117587,0,0.436882413
10.62,-8.66,38.154094,0.563117587,0,0.436882413
0,-7.48,38.154094,0.638199931,0,0.361800069
1.18,-7.48,38.154094,0.638199931,0,0.361800069
2.36,-7.48,38.154094,0.638199931,0,0.361800069
3.54,-7.48,38.154094,0.638199931,0,0.361800069
4.72,-7.48,38.154094,0.638199931,0,0.361800069
5.9,-7.48,38.154094,0.638199931,0,0.361800069
7.08,-7.48,38.154094,0.638199931,0,0.361800069
8.26,-7.48,38.154094,0.638199931,0,0.361800069
9.44,-7.48,38.154094,0.638199931,0,0.361800069
10.62,-7.48,38.154094,0.638199931,0,0.361800069
0,-6.3,38.154094,0.675741104,0,0.324258896
1.18,-6.3,38.154094,0.675741104,0,0.324258896
2.36,-6.3,38.154094,0.675741104,0,0.324258896
3.54,-6.3,38.154094,0.675741104,0,0.324258896
4.72,-6.3,38.154094,0.675741104,0,0.324258896
5.9,-6.3,38.154094,0.675741104,0,0.324258896
7.08,-6.3,38.154094,0.675741104,0,0.324258896
8.26,-6.3,38.154094,0.675741104,0,0.324258896
9.44,-6.3,38.154094,0.675741104,0,0.324258896
10.62,-6.3,38.154094,0.675741104,0,0.324258896
0,-5.12,38.154094,0.713282276,0,0.286717724
1.18,-5.12,38.154094,0.713282276,0,0.286717724
2.36,-5.12,38.154094,0.713282276,0,0.286717724
3.54,-5.12,38.154094,0.713282276,0,0.286717724
4.72,-5.12,38.154094,0.713282276,0,0.286717724
5.9,-5.12,38.154094,0.713282276,0,0.286717724
7.08,-5.12,38.154094,0.713282276,0,0.286717724
8.26,-5.12,38.154094,0.713282276,0,0.286717724
9.44,-5.12,38.154094,0.713282276,0,0.286717724
10.62,-5.12,38.154094,0.713282276,0,0.286717724
0,-3.94,38.154094,0.750823449,0,0.249176551
1.18,-3.94,38.154094,0.750823449,0,0.249176551
2.36,-3.94,38.154094,0.750823449,0,0.249176551
3.54,-3.94,38.154094,0.750823449,0,0.249176551
4.72,-3.94,38.154094,0.750823449,0,0.249176551
5.9,-3.94,38.154094,0.750823449,0,0.249176551
7.08,-3.94,38.154094,0.750823449,0,0.249176551
8.26,-3.94,38.154094,0.750823449,0,0.249176551
9.44,-3.94,38.154094,0.750823449,0,0.249176551
10.62,-3.94,38.154094,0.750823449,0,0.249176551
0,-2.76,38.154094,0.788364621,0,0.211635379
1.18,-2.76,38.154094,0.788364621,0,0.211635379
2.36,-2.76,38.154094,0.788364621,0,0.211635379
3.54,-2.76,38.154094,0.788364621,0,0.211635379
4.72,-2.76,38.154094,0.788364621,0,0.211635379
5.9,-2.76,38.154094,0.788364621,0,0.211635379
7.08,-2.76,38.154094,0.788364621,0,0.211635379
8.26,-2.76,38.154094,0.788364621,0,0.211635379
9.44,-2.76,38.154094,0.788364621,0,0.211635379
10.62,-2.76,38.154094,0.788364621,0,0.211635379
0,-1.58,38.154094,0.825905794,0,0.174094206
1.18,-1.58,38.154094,0.825905794,0,0.174094206
2.36,-1.58,38.154094,0.825905794,0,0.174094206
3.54,-1.58,38.154094,0.825905794,0,0.174094206
4.72,-1.58,38.154094,0.825905794,0,0.174094206
5.9,-1.58,38.154094,0.825905794,0,0.174094206
7.08,-1.58,38.154094,0.825905794,0,0.174094206
8.26,-1.58,38.154094,0.825905794,0,0.174094206
9.44,-1.58,38.154094,0.825905794,0,0.174094206
10.62,-1.58,38.154094,0.825905794,0,0.174094206
0,-0.400000000000002,38.154094,0.889346471,0,0.110653529
1.18,-0.400000000000002,38.154094,0.889346471,0,0.110653529
2.36,-0.400000000000002,38.154094,0.889346471,0,0.110653529
3.54,-0.400000000000002,38.154094,0.889346471,0,0.110653529
4.72,-0.400000000000002,38.154094,0.889346471,0,0.110653529
5.9,-0.400000000000002,38.154094,0.889346471,0,0.110653529
7.08,-0.400000000000002,38.154094,0.889346471,0,0.110653529
8.26,-0.400000000000002,38.154094,0.889346471,0,0.110653529
9.44,-0.400000000000002,38.154094,0.889346471,0,0.110653529
10.62,-0.400000000000002,38.154094,0.889346471,0,0.110653529
0,0.779999999999998,38.154094,0.863446966,0,0.136553034
1.18,0.779999999999998,38.154094,0.863446966,0,0.136553034
2.36,0.779999999999998,38.154094,0.863446966,0,0.136553034
3.54,0.779999999999998,38.154094,0.863446966,0,0.136553034
4.72,0.779999999999998,38.154094,0.863446966,0,0.136553034
5.9,0.779999999999998,38.154094,0.863446966,0,0.136553034
7.08,0.779999999999998,38.154094,0.863446966,0,0.136553034
8.26,0.779999999999998,38.154094,0.863446966,0,0.136553034
9.44,0.779999999999998,38.154094,0.863446966,0,0.136553034
10.62,0.779999999999998,38.154094,0.863446966,0,0.136553034
0,1.96,38.154094,0.825905794,0,0.174094206
1.18,1.96,38.154094,0.825905794,0,0.174094206
2.36,1.96,38.154094,0.825905794,0,0.174094206
3.54,1.96,38.154094,0.825905794,0,0.174094206
4.72,1.96,38.154094,0.825905794,0,0.174094206
5.9,1.96,38.154094,0.825905794,0,0.174094206
7.08,1.96,38.154094,0.825905794,0,0.174094206
8.26,1.96,38.154094,0.825905794,0,0.174094206
9.44,1.96,38.154094,0.825905794,0,0.174094206
10.62,1.96,38.154094,0.825905794,0,0.174094206
0,3.14,38.154094,0.788364621,0,0.211635379
1.18,3.14,38.154094,0.788364621,0,0.211635379
2.36,3.14,38.154094,0.788364621,0,0.211635379
3.54,3.14,38.154094,0.788364621,0,0.211635379
4.72,3.14,38.154094,0.788364621,0,0.211635379
5.9,3.14,38.154094,0.788364621,0,0.211635379
7.08,3.14,38.154094,0.788364621,0,0.211635379
8.26,3.14,38.154094,0.788364621,0,0.211635379
9.44,3.14,38.154094,0.788364621,0,0.211635379
10.62,3.14,38.154094,0.788364621,0,0.211635379
0,4.32,38.154094,0.750823449,0,0.249176551
1.18,4.32,38.154094,0.750823449,0,0.249176551
2.36,4.32,38.154094,0.750823449,0,0.249176551
3.54,4.32,38.154094,0.750823449,0,0.249176551
4.72,4.32,38.154094,0.750823449,0,0.249176551
5.9,4.32,38.154094,0.750823449,0,0.249176551
7.08,4.32,38.154094,0.750823449,0,0.249176551
8.26,4.32,38.154094,0.750823449,0,0.249176551
9.44,4.32,38.154094,0.750823449,0,0.249176551
10.62,4.32,38.154094,0.750823449,0,0.249176551
0,5.5,38.154094,0.713282276,0,0.286717724
1.18,5.5,38.154094,0.713282276,0,0.286717724
2.36,5.5,38.154094,0.713282276,0,0.286717724
3.54,5.5,38.154094,0.713282276,0,0.286717724
4.72,5.5,38.154094,0.713282276,0,0.286717724
5.9,5.5,38.154094,0.713282276,0,0.286717724
7.08,5.5,38.154094,0.713282276,0,0.286717724
8.26,5.5,38.154094,0.713282276,0,0.286717724
9.44,5.5,38.154094,0.713282276,0,0.286717724
10.62,5.5,38.154094,0.713282276,0,0.286717724
0,6.68,38.154094,0.638199931,0,0.361800069
1.18,6.68,38.154094,0.638199931,0,0.361800069
2.36,6.68,38.154094,0.638199931,0,0.361800069
3.54,6.68,38.154094,0.638199931,0,0.361800069
4.72,6.68,38.154094,0.638199931,0,0.361800069
5.9,6.68,38.154094,0.638199931,0,0.361800069
7.08,6.68,38.154094,0.638199931,0,0.361800069
8.26,6.68,38.154094,0.638199931,0,0.361800069
9.44,6.68,38.154094,0.638199931,0,0.361800069
10.62,6.68,38.154094,0.638199931,0,0.361800069
0,7.86,38.154094,0.600658759,0,0.399341241
1.18,7.86,38.154094,0.600658759,0,0.399341241
2.36,7.86,38.154094,0.600658759,0,0.399341241
3.54,7.86,38.154094,0.600658759,0,0.399341241
4.72,7.86,38.154094,0.600658759,0,0.399341241
5.9,7.86,38.154094,0.600658759,0,0.399341241
7.08,7.86,38.154094,0.600658759,0,0.399341241
8.26,7.86,38.154094,0.600658759,0,0.399341241
9.44,7.86,38.154094,0.600658759,0,0.399341241
10.62,7.86,38.154094,0.600658759,0,0.399341241
0,9.04,38.154094,0.563117587,0,0.436882413
1.18,9.04,38.154094,0.563117587,0,0.436882413
2.36,9.04,38.154094,0.563117587,0,0.436882413
3.54,9.04,38.154094,0.563117587,0,0.436882413
4.72,9.04,38.154094,0.563117587,0,0.436882413
5.9,9.04,38.154094,0.563117587,0,0.436882413
7.08,9.04,38.154094,0.563117587,0,0.436882413
8.26,9.04,38.154094,0.563117587,0,0.436882413
9.44,9.04,38.154094,0.563117587,0,0.436882413
10.62,9.04,38.154094,0.563117587,0,0.436882413
0,10.22,38.154094,0.525576414,0,0.474423586
1.18,10.22,38.154094,0.525576414,0,0.474423586
2.36,10.22,38.154094,0.525576414,0,0.474423586
3.54,10.22,38.154094,0.525576414,0,0.474423586
4.72,10.22,38.154094,0.525576414,0,0.474423586
5.9,10.22,38.154094,0.525576414,0,0.474423586
7.08,10.22,38.154094,0.525576414,0,0.474423586
8.26,10.22,38.154094,0.525576414,0,0.474423586
9.44,10.22,38.154094,0.525576414,0,0.474423586
10.62,10.22,38.154094,0.525576414,0,0.474423586
0,-9.84,38.774094,0.523400105,0,0.476599895
1.18,-9.84,38.774094,0.523400105,0,0.476599895
2.36,-9.84,38.774094,0.523400105,0,0.476599895
3.54,-9.84,38.774094,0.523400105,0,0.476599895
4.72,-9.84,38.774094,0.523400105,0,0.476599895
5.9,-9.84,38.774094,0.523400105,0,0.476599895
7.08,-9.84,38.774094,0.523400105,0,0.476599895
8.26,-9.84,38.774094,0.523400105,0,0.476599895
9.44,-9.84,38.774094,0.523400105,0,0.476599895
10.62,-9.84,38.774094,0.523400105,0,0.476599895
0,-8.66,38.774094,0.560785827,0,0.439214173
1.18,-8.66,38.774094,0.560785827,0,0.439214173
2.36,-8.66,38.774094,0.560785827,0,0.439214173
3.54,-8.66,38.774094,0.560785827,0,0.439214173
4.72,-8.66,38.774094,0.560785827,0,0.439214173
5.9,-8.66,38.774094,0.560785827,0,0.439214173
7.08,-8.66,38.774094,0.560785827,0,0.439214173
8.26,-8.66,38.774094,0.560785827,0,0.439214173
9.44,-8.66,38.774094,0.560785827,0,0.439214173
10.62,-8.66,38.774094,0.560785827,0,0.439214173
0,-7.48,38.774094,0.63555727,0,0.36444273
1.18,-7.48,38.774094,0.63555727,0,0.36444273
2.36,-7.48,38.774094,0.63555727,0,0.36444273
3.54,-7.48,38.774094,0.63555727,0,0.36444273
4.72,-7.48,38.774094,0.63555727,0,0.36444273
5.9,-7.48,38.774094,0.63555727,0,0.36444273
7.08,-7.48,38.774094,0.63555727,0,0.36444273
8.26,-7.48,38.774094,0.63555727,0,0.36444273
9.44,-7.48,38.774094,0.63555727,0,0.36444273
10.62,-7.48,38.774094,0.63555727,0,0.36444273
0,-6.3,38.774094,0.672942992,0,0.327057008
1.18,-6.3,38.774094,0.672942992,0,0.327057008
2.36,-6.3,38.774094,0.672942992,0,0.327057008
3.54,-6.3,38.774094,0.672942992,0,0.327057008
4.72,-6.3,38.774094,0.672942992,0,0.327057008
5.9,-6.3,38.774094,0.672942992,0,0.327057008
7.08,-6.3,38.774094,0.672942992,0,0.327057008
8.26,-6.3,38.774094,0.672942992,0,0.327057008
9.44,-6.3,38.774094,0.672942992,0,0.327057008
10.62,-6.3,38.774094,0.672942992,0,0.327057008
0,-5.12,38.774094,0.710328714,0,0.289671286
1.18,-5.12,38.774094,0.710328714,0,0.289671286
2.36,-5.12,38.774094,0.710328714,0,0.289671286
3.54,-5.12,38.774094,0.710328714,0,0.289671286
4.72,-5.12,38.774094,0.710328714,0,0.289671286
5.9,-5.12,38.774094,0.710328714,0,0.289671286
7.08,-5.12,38.774094,0.710328714,0,0.289671286
8.26,-5.12,38.774094,0.710328714,0,0.289671286
9.44,-5.12,38.774094,0.710328714,0,0.289671286
10.62,-5.12,38.774094,0.710328714,0,0.289671286
0,-3.94,38.774094,0.747714436,0,0.252285564
1.18,-3.94,38.774094,0.747714436,0,0.252285564
2.36,-3.94,38.774094,0.747714436,0,0.252285564
3.54,-3.94,38.774094,0.747714436,0,0.252285564
4.72,-3.94,38.774094,0.747714436,0,0.252285564
5.9,-3.94,38.774094,0.747714436,0,0.252285564
7.08,-3.94,38.774094,0.747714436,0,0.252285564
8.26,-3.94,38.774094,0.747714436,0,0.252285564
9.44,-3.94,38.774094,0.747714436,0,0.252285564
10.62,-3.94,38.774094,0.747714436,0,0.252285564
0,-2.76,38.774094,0.785100157,0,0.214899843
1.18,-2.76,38.774094,0.785100157,0,0.214899843
2.36,-2.76,38.774094,0.785100157,0,0.214899843
3.54,-2.76,38.774094,0.785100157,0,0.214899843
4.72,-2.76,38.774094,0.785100157,0,0.214899843
5.9,-2.76,38.774094,0.785100157,0,0.214899843
7.08,-2.76,38.774094,0.785100157,0,0.214899843
8.26,-2.76,38.774094,0.785100157,0,0.214899843
9.44,-2.76,38.774094,0.785100157,0,0.214899843
10.62,-2.76,38.774094,0.785100157,0,0.214899843
0,-1.58,38.774094,0.822485879,0,0.177514121
1.18,-1.58,38.774094,0.822485879,0,0.177514121
2.36,-1.58,38.774094,0.822485879,0,0.177514121
3.54,-1.58,38.774094,0.822485879,0,0.177514121
4.72,-1.58,38.774094,0.822485879,0,0.177514121
5.9,-1.58,38.774094,0.822485879,0,0.177514121
7.08,-1.58,38.774094,0.822485879,0,0.177514121
8.26,-1.58,38.774094,0.822485879,0,0.177514121
9.44,-1.58,38.774094,0.822485879,0,0.177514121
10.62,-1.58,38.774094,0.822485879,0,0.177514121
0,-0.400000000000002,38.774094,0.885663861,0,0.114336139
1.18,-0.400000000000002,38.774094,0.885663861,0,0.114336139
2.36,-0.400000000000002,38.774094,0.885663861,0,0.114336139
3.54,-0.400000000000002,38.774094,0.885663861,0,0.114336139
4.72,-0.400000000000002,38.774094,0.885663861,0,0.114336139
5.9,-0.400000000000002,38.774094,0.885663861,0,0.114336139
7.08,-0.400000000000002,38.774094,0.885663861,0,0.114336139
8.26,-0.400000000000002,38.774094,0.885663861,0,0.114336139
9.44,-0.400000000000002,38.774094,0.885663861,0,0.114336139
10.62,-0.400000000000002,38.774094,0.885663861,0,0.114336139
0,0.779999999999998,38.774094,0.859871601,0,0.140128399
1.18,0.779999999999998,38.774094,0.859871601,0,0.140128399
2.36,0.779999999999998,38.774094,0.859871601,0,0.140128399
3.54,0.779999999999998,38.774094,0.859871601,0,0.140128399
4.72,0.779999999999998,38.774094,0.859871601,0,0.140128399
5.9,0.779999999999998,38.774094,0.859871601,0,0.140128399
7.08,0.779999999999998,38.774094,0.859871601,0,0.140128399
8.26,0.779999999999998,38.774094,0.859871601,0,0.140128399
9.44,0.779999999999998,38.774094,0.859871601,0,0.140128399
10.62,0.779999999999998,38.774094,0.859871601,0,0.140128399
0,1.96,38.774094,0.822485879,0,0.177514121
1.18,1.96,38.774094,0.822485879,0,0.177514121
2.36,1.96,38.774094,0.822485879,0,0.177514121
3.54,1.96,38.774094,0.822485879,0,0.177514121
4.72,1.96,38.774094,0.822485879,0,0.177514121
5.9,1.96,38.774094,0.822485879,0,0.177514121
7.08,1.96,38.774094,0.822485879,0,0.177514121
8.26,1.96,38.774094,0.822485879,0,0.177514121
9.44,1.96,38.774094,0.822485879,0,0.177514121
10.62,1.96,38.774094,0.822485879,0,0.177514121
0,3.14,38.774094,0.785100157,0,0.214899843
1.18,3.14,38.774094,0.785100157,0,0.214899843
2.36,3.14,38.774094,0.785100157,0,0.214899843
3.54,3.14,38.774094,0.785100157,0,0.214899843
4.72,3.14,38.774094,0.785100157,0,0.214899843
5.9,3.14,38.774094,0.785100157,0,0.214899843
7.08,3.14,38.774094,0.785100157,0,0.214899843
8.26,3.14,38.774094,0.785100157,0,0.214899843
9.44,3.14,38.774094,0.785100157,0,0.214899843
10.62,3.14,38.774094,0.785100157,0,0.214899843
0,4.32,38.774094,0.747714436,0,0.252285564
1.18,4.32,38.774094,0.747714436,0,0.252285564
2.36,4.32,38.774094,0.747714436,0,0.252285564
3.54,4.32,38.774094,0.747714436,0,0.252285564
4.72,4.32,38.774094,0.747714436,0,0.252285564
5.9,4.32,38.774094,0.747714436,0,0.252285564
7.08,4.32,38.774094,0.747714436,0,0.252285564
8.26,4.32,38.774094,0.747714436,0,0.252285564
9.44,4.32,38.774094,0.747714436,0,0.252285564
10.62,4.32,38.774094,0.747714436,0,0.252285564
0,5.5,38.774094,0.710328714,0,0.289671286
1.18,5.5,38.774094,0.710328714,0,0.289671286
2.36,5.5,38.774094,0.710328714,0,0.289671286
3.54,5.5,38.774094,0.710328714,0,0.289671286
4.72,5.5,38.774094,0.710328714,0,0.289671286
5.9,5.5,38.774094,0.710328714,0,0.289671286
7.08,5.5,38.774094,0.710328714,0,0.289671286
8.26,5.5,38.774094,0.710328714,0,0.289671286
9.44,5.5,38.774094,0.710328714,0,0.289671286
10.62,5.5,38.774094,0.710328714,0,0.289671286
0,6.68,38.774094,0.63555727,0,0.36444273
1.18,6.68,38.774094,0.63555727,0,0.36444273
2.36,6.68,38.774094,0.63555727,0,0.36444273
3.54,6.68,38.774094,0.63555727,0,0.36444273
4.72,6.68,38.774094,0.63555727,0,0.36444273
5.9,6.68,38.774094,0.63555727,0,0.36444273
7.08,6.68,38.774094,0.63555727,0,0.36444273
8.26,6.68,38.774094,0.63555727,0,0.36444273
9.44,6.68,38.774094,0.63555727,0,0.36444273
10.62,6.68,38.774094,0.63555727,0,0.36444273
0,7.86,38.774094,0.598171548,0,0.401828452
1.18,7.86,38.774094,0.598171548,0,0.401828452
2.36,7.86,38.774094,0.598171548,0,0.401828452
3.54,7.86,38.774094,0.598171548,0,0.401828452
4.72,7.86,38.774094,0.598171548,0,0.401828452
5.9,7.86,38.774094,0.598171548,0,0.401828452
7.08,7.86,38.774094,0.598171548,0,0.401828452
8.26,7.86,38.774094,0.598171548,0,0.401828452
9.44,7.86,38.774094,0.598171548,0,0.401828452
10.62,7.86,38.774094,0.598171548,0,0.401828452
0,9.04,38.774094,0.560785827,0,0.439214173
1.18,9.04,38.774094,0.560785827,0,0.439214173
2.36,9.04,38.774094,0.560785827,0,0.439214173
3.54,9.04,38.774094,0.560785827,0,0.439214173
4.72,9.04,38.774094,0.560785827,0,0.439214173
5.9,9.04,38.774094,0.560785827,0,0.439214173
7.08,9.04,38.774094,0.560785827,0,0.439214173
8.26,9.04,38.774094,0.560785827,0,0.439214173
9.44,9.04,38.774094,0.560785827,0,0.439214173
10.62,9.04,38.774094,0.560785827,0,0.439214173
0,10.22,38.774094,0.523400105,0,0.476599895
1.18,10.22,38.774094,0.523400105,0,0.476599895
2.36,10.22,38.774094,0.523400105,0,0.476599895
3.54,10.22,38.774094,0.523400105,0,0.476599895
4.72,10.22,38.774094,0.523400105,0,0.476599895
5.9,10.22,38.774094,0.523400105,0,0.476599895
7.08,10.22,38.774094,0.523400105,0,0.476599895
8.26,10.22,38.774094,0.523400105,0,0.476599895
9.44,10.22,38.774094,0.523400105,0,0.476599895
10.62,10.22,38.774094,0.523400105,0,0.476599895
0,-9.84,39.394094,0.523400105,0,0.476599895
1.18,-9.84,39.394094,0.523400105,0,0.476599895
2.36,-9.84,39.394094,0.523400105,0,0.476599895
3.54,-9.84,39.394094,0.523400105,0,0.476599895
4.72,-9.84,39.394094,0.523400105,0,0.476599895
5.9,-9.84,39.394094,0.523400105,0,0.476599895
7.08,-9.84,39.394094,0.523400105,0,0.476599895
8.26,-9.84,39.394094,0.523400105,0,0.476599895
9.44,-9.84,39.394094,0.523400105,0,0.476599895
10.62,-9.84,39.394094,0.523400105,0,0.476599895
0,-8.66,39.394094,0.558444331,0,0.441555669
1.18,-8.66,39.394094,0.558444331,0,0.441555669
2.36,-8.66,39.394094,0.558444331,0,0.441555669
3.54,-8.66,39.394094,0.558444331,0,0.441555669
4.72,-8.66,39.394094,0.558444331,0,0.441555669
5.9,-8.66,39.394094,0.558444331,0,0.441555669
7.08,-8.66,39.394094,0.558444331,0,0.441555669
8.26,-8.66,39.394094,0.558444331,0,0.441555669
9.44,-8.66,39.394094,0.558444331,0,0.441555669
10.62,-8.66,39.394094,0.558444331,0,0.441555669
0,-7.48,39.394094,0.632903575,0,0.367096425
1.18,-7.48,39.394094,0.632903575,0,0.367096425
2.36,-7.48,39.394094,0.632903575,0,0.367096425
3.54,-7.48,39.394094,0.632903575,0,0.367096425
4.72,-7.48,39.394094,0.632903575,0,0.367096425
5.9,-7.48,39.394094,0.632903575,0,0.367096425
7.08,-7.48,39.394094,0.632903575,0,0.367096425
8.26,-7.48,39.394094,0.632903575,0,0.367096425
9.44,-7.48,39.394094,0.632903575,0,0.367096425
10.62,-7.48,39.394094,0.632903575,0,0.367096425
0,-6.3,39.394094,0.670133197,0,0.329866803
1.18,-6.3,39.394094,0.670133197,0,0.329866803
2.36,-6.3,39.394094,0.670133197,0,0.329866803
3.54,-6.3,39.394094,0.670133197,0,0.329866803
4.72,-6.3,39.394094,0.670133197,0,0.329866803
5.9,-6.3,39.394094,0.670133197,0,0.329866803
7.08,-6.3,39.394094,0.670133197,0,0.329866803
8.26,-6.3,39.394094,0.670133197,0,0.329866803
9.44,-6.3,39.394094,0.670133197,0,0.329866803
10.62,-6.3,39.394094,0.670133197,0,0.329866803
0,-5.12,39.394094,0.707362819,0,0.292637181
1.18,-5.12,39.394094,0.707362819,0,0.292637181
2.36,-5.12,39.394094,0.707362819,0,0.292637181
3.54,-5.12,39.394094,0.707362819,0,0.292637181
4.72,-5.12,39.394094,0.707362819,0,0.292637181
5.9,-5.12,39.394094,0.707362819,0,0.292637181
7.08,-5.12,39.394094,0.707362819,0,0.292637181
8.26,-5.12,39.394094,0.707362819,0,0.292637181
9.44,-5.12,39.394094,0.707362819,0,0.292637181
10.62,-5.12,39.394094,0.707362819,0,0.292637181
0,-3.94,39.394094,0.744592441,0,0.255407559
1.18,-3.94,39.394094,0.744592441,0,0.255407559
2.36,-3.94,39.394094,0.744592441,0,0.255407559
3.54,-3.94,39.394094,0.744592441,0,0.255407559
4.72,-3.94,39.394094,0.744592441,0,0.255407559
5.9,-3.94,39.394094,0.744592441,0,0.255407559
7.08,-3.94,39.394094,0.744592441,0,0.255407559
8.26,-3.94,39.394094,0.744592441,0,0.255407559
9.44,-3.94,39.394094,0.744592441,0,0.255407559
10.62,-3.94,39.394094,0.744592441,0,0.255407559
0,-2.76,39.394094,0.781822063,0,0.218177937
1.18,-2.76,39.394094,0.781822063,0,0.218177937
2.36,-2.76,39.394094,0.781822063,0,0.218177937
3.54,-2.76,39.394094,0.781822063,0,0.218177937
4.72,-2.76,39.394094,0.781822063,0,0.218177937
5.9,-2.76,39.394094,0.781822063,0,0.218177937
7.08,-2.76,39.394094,0.781822063,0,0.218177937
8.26,-2.76,39.394094,0.781822063,0,0.218177937
9.44,-2.76,39.394094,0.781822063,0,0.218177937
10.62,-2.76,39.394094,0.781822063,0,0.218177937
0,-1.58,39.394094,0.819051685,0,0.180948315
1.18,-1.58,39.394094,0.819051685,0,0.180948315
2.36,-1.58,39.394094,0.819051685,0,0.180948315
3.54,-1.58,39.394094,0.819051685,0,0.180948315
4.72,-1.58,39.394094,0.819051685,0,0.180948315
5.9,-1.58,39.394094,0.819051685,0,0.180948315
7.08,-1.58,39.394094,0.819051685,0,0.180948315
8.26,-1.58,39.394094,0.819051685,0,0.180948315
9.44,-1.58,39.394094,0.819051685,0,0.180948315
10.62,-1.58,39.394094,0.819051685,0,0.180948315
0,-0.400000000000002,39.394094,0.881965875,0,0.118034125
1.18,-0.400000000000002,39.394094,0.881965875,0,0.118034125
2.36,-0.400000000000002,39.394094,0.881965875,0,0.118034125
3.54,-0.400000000000002,39.394094,0.881965875,0,0.118034125
4.72,-0.400000000000002,39.394094,0.881965875,0,0.118034125
5.9,-0.400000000000002,39.394094,0.881965875,0,0.118034125
7.08,-0.400000000000002,39.394094,0.881965875,0,0.118034125
8.26,-0.400000000000002,39.394094,0.881965875,0,0.118034125
9.44,-0.400000000000002,39.394094,0.881965875,0,0.118034125
10.62,-0.400000000000002,39.394094,0.881965875,0,0.118034125
0,0.779999999999998,39.394094,0.856281307,0,0.143718693
1.18,0.779999999999998,39.394094,0.856281307,0,0.143718693
2.36,0.779999999999998,39.394094,0.856281307,0,0.143718693
3.54,0.779999999999998,39.394094,0.856281307,0,0.143718693
4.72,0.779999999999998,39.394094,0.856281307,0,0.143718693
5.9,0.779999999999998,39.394094,0.856281307,0,0.143718693
7.08,0.779999999999998,39.394094,0.856281307,0,0.143718693
8.26,0.779999999999998,39.394094,0.856281307,0,0.143718693
9.44,0.779999999999998,39.394094,0.856281307,0,0.143718693
10.62,0.779999999999998,39.394094,0.856281307,0,0.143718693
0,1.96,39.394094,0.819051685,0,0.180948315
1.18,1.96,39.394094,0.819051685,0,0.180948315
2.36,1.96,39.394094,0.819051685,0,0.180948315
3.54,1.96,39.394094,0.819051685,0,0.180948315
4.72,1.96,39.394094,0.819051685,0,0.180948315
5.9,1.96,39.394094,0.819051685,0,0.180948315
7.08,1.96,39.394094,0.819051685,0,0.180948315
8.26,1.96,39.394094,0.819051685,0,0.180948315
9.44,1.96,39.394094,0.819051685,0,0.180948315
10.62,1.96,39.394094,0.819051685,0,0.180948315
0,3.14,39.394094,0.781822063,0,0.218177937
1.18,3.14,39.394094,0.781822063,0,0.218177937
2.36,3.14,39.394094,0.781822063,0,0.218177937
3.54,3.14,39.394094,0.781822063,0,0.218177937
4.72,3.14,39.394094,0.781822063,0,0.218177937
5.9,3.14,39.394094,0.781822063,0,0.218177937
7.08,3.14,39.394094,0.781822063,0,0.218177937
8.26,3.14,39.394094,0.781822063,0,0.218177937
9.44,3.14,39.394094,0.781822063,0,0.218177937
10.62,3.14,39.394094,0.781822063,0,0.218177937
0,4.32,39.394094,0.744592441,0,0.255407559
1.18,4.32,39.394094,0.744592441,0,0.255407559
2.36,4.32,39.394094,0.744592441,0,0.255407559
3.54,4.32,39.394094,0.744592441,0,0.255407559
4.72,4.32,39.394094,0.744592441,0,0.255407559
5.9,4.32,39.394094,0.744592441,0,0.255407559
7.08,4.32,39.394094,0.744592441,0,0.255407559
8.26,4.32,39.394094,0.744592441,0,0.255407559
9.44,4.32,39.394094,0.744592441,0,0.255407559
10.62,4.32,39.394094,0.744592441,0,0.255407559
0,5.5,39.394094,0.707362819,0,0.292637181
1.18,5.5,39.394094,0.707362819,0,0.292637181
2.36,5.5,39.394094,0.707362819,0,0.292637181
3.54,5.5,39.394094,0.707362819,0,0.292637181
4.72,5.5,39.394094,0.707362819,0,0.292637181
5.9,5.5,39.394094,0.707362819,0,0.292637181
7.08,5.5,39.394094,0.707362819,0,0.292637181
8.26,5.5,39.394094,0.707362819,0,0.292637181
9.44,5.5,39.394094,0.707362819,0,0.292637181
10.62,5.5,39.394094,0.707362819,0,0.292637181
0,6.68,39.394094,0.632903575,0,0.367096425
1.18,6.68,39.394094,0.632903575,0,0.367096425
2.36,6.68,39.394094,0.632903575,0,0.367096425
3.54,6.68,39.394094,0.632903575,0,0.367096425
4.72,6.68,39.394094,0.632903575,0,0.367096425
5.9,6.68,39.394094,0.632903575,0,0.367096425
7.08,6.68,39.394094,0.632903575,0,0.367096425
8.26,6.68,39.394094,0.632903575,0,0.367096425
9.44,6.68,39.394094,0.632903575,0,0.367096425
10.62,6.68,39.394094,0.632903575,0,0.367096425
0,7.86,39.394094,0.595673953,0,0.404326047
1.18,7.86,39.394094,0.595673953,0,0.404326047
2.36,7.86,39.394094,0.595673953,0,0.404326047
3.54,7.86,39.394094,0.595673953,0,0.404326047
4.72,7.86,39.394094,0.595673953,0,0.404326047
5.9,7.86,39.394094,0.595673953,0,0.404326047
7.08,7.86,39.394094,0.595673953,0,0.404326047
8.26,7.86,39.394094,0.595673953,0,0.404326047
9.44,7.86,39.394094,0.595673953,0,0.404326047
10.62,7.86,39.394094,0.595673953,0,0.404326047
0,9.04,39.394094,0.558444331,0,0.441555669
1.18,9.04,39.394094,0.558444331,0,0.441555669
2.36,9.04,39.394094,0.558444331,0,0.441555669
3.54,9.04,39.394094,0.558444331,0,0.441555669
4.72,9.04,39.394094,0.558444331,0,0.441555669
5.9,9.04,39.394094,0.558444331,0,0.441555669
7.08,9.04,39.394094,0.558444331,0,0.441555669
8.26,9.04,39.394094,0.558444331,0,0.441555669
9.44,9.04,39.394094,0.558444331,0,0.441555669
10.62,9.04,39.394094,0.558444331,0,0.441555669
0,-9.84,40.014094,0.556092976,0,0.443907024
1.18,-9.84,40.014094,0.556092976,0,0.443907024
2.36,-9.84,40.014094,0.556092976,0,0.443907024
3.54,-9.84,40.014094,0.556092976,0,0.443907024
4.72,-9.84,40.014094,0.556092976,0,0.443907024
5.9,-9.84,40.014094,0.556092976,0,0.443907024
7.08,-9.84,40.014094,0.556092976,0,0.443907024
8.26,-9.84,40.014094,0.556092976,0,0.443907024
9.44,-9.84,40.014094,0.556092976,0,0.443907024
10.62,-9.84,40.014094,0.556092976,0,0.443907024
0,-8.66,40.014094,0.556092976,0,0.443907024
1.18,-8.66,40.014094,0.556092976,0,0.443907024
2.36,-8.66,40.014094,0.556092976,0,0.443907024
3.54,-8.66,40.014094,0.556092976,0,0.443907024
4.72,-8.66,40.014094,0.556092976,0,0.443907024
5.9,-8.66,40.014094,0.556092976,0,0.443907024
7.08,-8.66,40.014094,0.556092976,0,0.443907024
8.26,-8.66,40.014094,0.556092976,0,0.443907024
9.44,-8.66,40.014094,0.556092976,0,0.443907024
10.62,-8.66,40.014094,0.556092976,0,0.443907024
0,-7.48,40.014094,0.630238706,0,0.369761294
1.18,-7.48,40.014094,0.630238706,0,0.369761294
2.36,-7.48,40.014094,0.630238706,0,0.369761294
3.54,-7.48,40.014094,0.630238706,0,0.369761294
4.72,-7.48,40.014094,0.630238706,0,0.369761294
5.9,-7.48,40.014094,0.630238706,0,0.369761294
7.08,-7.48,40.014094,0.630238706,0,0.369761294
8.26,-7.48,40.014094,0.630238706,0,0.369761294
9.44,-7.48,40.014094,0.630238706,0,0.369761294
10.62,-7.48,40.014094,0.630238706,0,0.369761294
0,-6.3,40.014094,0.667311571,0,0.332688429
1.18,-6.3,40.014094,0.667311571,0,0.332688429
2.36,-6.3,40.014094,0.667311571,0,0.332688429
3.54,-6.3,40.014094,0.667311571,0,0.332688429
4.72,-6.3,40.014094,0.667311571,0,0.332688429
5.9,-6.3,40.014094,0.667311571,0,0.332688429
7.08,-6.3,40.014094,0.667311571,0,0.332688429
8.26,-6.3,40.014094,0.667311571,0,0.332688429
9.44,-6.3,40.014094,0.667311571,0,0.332688429
10.62,-6.3,40.014094,0.667311571,0,0.332688429
0,-5.12,40.014094,0.704384436,0,0.295615564
1.18,-5.12,40.014094,0.704384436,0,0.295615564
2.36,-5.12,40.014094,0.704384436,0,0.295615564
3.54,-5.12,40.014094,0.704384436,0,0.295615564
4.72,-5.12,40.014094,0.704384436,0,0.295615564
5.9,-5.12,40.014094,0.704384436,0,0.295615564
7.08,-5.12,40.014094,0.704384436,0,0.295615564
8.26,-5.12,40.014094,0.704384436,0,0.295615564
9.44,-5.12,40.014094,0.704384436,0,0.295615564
10.62,-5.12,40.014094,0.704384436,0,0.295615564
0,-3.94,40.014094,0.741457301,0,0.258542699
1.18,-3.94,40.014094,0.741457301,0,0.258542699
2.36,-3.94,40.014094,0.741457301,0,0.258542699
3.54,-3.94,40.014094,0.741457301,0,0.258542699
4.72,-3.94,40.014094,0.741457301,0,0.258542699
5.9,-3.94,40.014094,0.741457301,0,0.258542699
7.08,-3.94,40.014094,0.741457301,0,0.258542699
8.26,-3.94,40.014094,0.741457301,0,0.258542699
9.44,-3.94,40.014094,0.741457301,0,0.258542699
10.62,-3.94,40.014094,0.741457301,0,0.258542699
0,-2.76,40.014094,0.778530166,0,0.221469834
1.18,-2.76,40.014094,0.778530166,0,0.221469834
2.36,-2.76,40.014094,0.778530166,0,0.221469834
3.54,-2.76,40.014094,0.778530166,0,0.221469834
4.72,-2.76,40.014094,0.778530166,0,0.221469834
5.9,-2.76,40.014094,0.778530166,0,0.221469834
7.08,-2.76,40.014094,0.778530166,0,0.221469834
8.26,-2.76,40.014094,0.778530166,0,0.221469834
9.44,-2.76,40.014094,0.778530166,0,0.221469834
10.62,-2.76,40.014094,0.778530166,0,0.221469834
0,-1.58,40.014094,0.815603031,0,0.184396969
1.18,-1.58,40.014094,0.815603031,0,0.184396969
2.36,-1.58,40.014094,0.815603031,0,0.184396969
3.54,-1.58,40.014094,0.815603031,0,0.184396969
4.72,-1.58,40.014094,0.815603031,0,0.184396969
5.9,-1.58,40.014094,0.815603031,0,0.184396969
7.08,-1.58,40.014094,0.815603031,0,0.184396969
8.26,-1.58,40.014094,0.815603031,0,0.184396969
9.44,-1.58,40.014094,0.815603031,0,0.184396969
10.62,-1.58,40.014094,0.815603031,0,0.184396969
0,-0.400000000000002,40.014094,0.878252318,0,0.121747682
1.18,-0.400000000000002,40.014094,0.878252318,0,0.121747682
2.36,-0.400000000000002,40.014094,0.878252318,0,0.121747682
3.54,-0.400000000000002,40.014094,0.878252318,0,0.121747682
4.72,-0.400000000000002,40.014094,0.878252318,0,0.121747682
5.9,-0.400000000000002,40.014094,0.878252318,0,0.121747682
7.08,-0.400000000000002,40.014094,0.878252318,0,0.121747682
8.26,-0.400000000000002,40.014094,0.878252318,0,0.121747682
9.44,-0.400000000000002,40.014094,0.878252318,0,0.121747682
10.62,-0.400000000000002,40.014094,0.878252318,0,0.121747682
0,0.779999999999998,40.014094,0.852675896,0,0.147324104
1.18,0.779999999999998,40.014094,0.852675896,0,0.147324104
2.36,0.779999999999998,40.014094,0.852675896,0,0.147324104
3.54,0.779999999999998,40.014094,0.852675896,0,0.147324104
4.72,0.779999999999998,40.014094,0.852675896,0,0.147324104
5.9,0.779999999999998,40.014094,0.852675896,0,0.147324104
7.08,0.779999999999998,40.014094,0.852675896,0,0.147324104
8.26,0.779999999999998,40.014094,0.852675896,0,0.147324104
9.44,0.779999999999998,40.014094,0.852675896,0,0.147324104
10.62,0.779999999999998,40.014094,0.852675896,0,0.147324104
0,1.96,40.014094,0.815603031,0,0.184396969
1.18,1.96,40.014094,0.815603031,0,0.184396969
2.36,1.96,40.014094,0.815603031,0,0.184396969
3.54,1.96,40.014094,0.815603031,0,0.184396969
4.72,1.96,40.014094,0.815603031,0,0.184396969
5.9,1.96,40.014094,0.815603031,0,0.184396969
7.08,1.96,40.014094,0.815603031,0,0.184396969
8.26,1.96,40.014094,0.815603031,0,0.184396969
9.44,1.96,40.014094,0.815603031,0,0.184396969
10.62,1.96,40.014094,0.815603031,0,0.184396969
0,3.14,40.014094,0.778530166,0,0.221469834
1.18,3.14,40.014094,0.778530166,0,0.221469834
2.36,3.14,40.014094,0.778530166,0,0.221469834
3.54,3.14,40.014094,0.778530166,0,0.221469834
4.72,3.14,40.014094,0.778530166,0,0.221469834
5.9,3.14,40.014094,0.778530166,0,0.221469834
7.08,3.14,40.014094,0.778530166,0,0.221469834
8.26,3.14,40.014094,0.778530166,0,0.221469834
9.44,3.14,40.014094,0.778530166,0,0.221469834
10.62,3.14,40.014094,0.778530166,0,0.221469834
0,4.32,40.014094,0.741457301,0,0.258542699
1.18,4.32,40.014094,0.741457301,0,0.258542699
2.36,4.32,40.014094,0.741457301,0,0.258542699
3.54,4.32,40.014094,0.741457301,0,0.258542699
4.72,4.32,40.014094,0.741457301,0,0.258542699
5.9,4.32,40.014094,0.741457301,0,0.258542699
7.08,4.32,40.014094,0.741457301,0,0.258542699
8.26,4.32,40.014094,0.741457301,0,0.258542699
9.44,4.32,40.014094,0.741457301,0,0.258542699
10.62,4.32,40.014094,0.741457301,0,0.258542699
0,5.5,40.014094,0.704384436,0,0.295615564
1.18,5.5,40.014094,0.704384436,0,0.295615564
2.36,5.5,40.014094,0.704384436,0,0.295615564
3.54,5.5,40.014094,0.704384436,0,0.295615564
4.72,5.5,40.014094,0.704384436,0,0.295615564
5.9,5.5,40.014094,0.704384436,0,0.295615564
7.08,5.5,40.014094,0.704384436,0,0.295615564
8.26,5.5,40.014094,0.704384436,0,0.295615564
9.44,5.5,40.014094,0.704384436,0,0.295615564
10.62,5.5,40.014094,0.704384436,0,0.295615564
0,6.68,40.014094,0.630238706,0,0.369761294
1.18,6.68,40.014094,0.630238706,0,0.369761294
2.36,6.68,40.014094,0.630238706,0,0.369761294
3.54,6.68,40.014094,0.630238706,0,0.369761294
4.72,6.68,40.014094,0.630238706,0,0.369761294
5.9,6.68,40.014094,0.630238706,0,0.369761294
7.08,6.68,40.014094,0.630238706,0,0.369761294
8.26,6.68,40.014094,0.630238706,0,0.369761294
9.44,6.68,40.014094,0.630238706,0,0.369761294
10.62,6.68,40.014094,0.630238706,0,0.369761294
0,7.86,40.014094,0.593165841,0,0.406834159
1.18,7.86,40.014094,0.593165841,0,0.406834159
2.36,7.86,40.014094,0.593165841,0,0.406834159
3.54,7.86,40.014094,0.593165841,0,0.406834159
4.72,7.86,40.014094,0.593165841,0,0.406834159
5.9,7.86,40.014094,0.593165841,0,0.406834159
7.08,7.86,40.014094,0.593165841,0,0.406834159
8.26,7.86,40.014094,0.593165841,0,0.406834159
9.44,7.86,40.014094,0.593165841,0,0.406834159
10.62,7.86,40.014094,0.593165841,0,0.406834159
0,9.04,40.014094,0.556092976,0,0.443907024
1.18,9.04,40.014094,0.556092976,0,0.443907024
2.36,9.04,40.014094,0.556092976,0,0.443907024
3.54,9.04,40.014094,0.556092976,0,0.443907024
4.72,9.04,40.014094,0.556092976,0,0.443907024
5.9,9.04,40.014094,0.556092976,0,0.443907024
7.08,9.04,40.014094,0.556092976,0,0.443907024
8.26,9.04,40.014094,0.556092976,0,0.443907024
9.44,9.04,40.014094,0.556092976,0,0.443907024
10.62,9.04,40.014094,0.556092976,0,0.443907024
0,-8.66,40.634094,0.588117529,0,0.411882471
1.18,-8.66,40.634094,0.588117529,0,0.411882471
2.36,-8.66,40.634094,0.588117529,0,0.411882471
3.54,-8.66,40.634094,0.588117529,0,0.411882471
4.72,-8.66,40.634094,0.588117529,0,0.411882471
5.9,-8.66,40.634094,0.588117529,0,0.411882471
7.08,-8.66,40.634094,0.588117529,0,0.411882471
8.26,-8.66,40.634094,0.588117529,0,0.411882471
9.44,-8.66,40.634094,0.588117529,0,0.411882471
10.62,-8.66,40.634094,0.588117529,0,0.411882471
0,-7.48,40.634094,0.624874875,0,0.375125125
1.18,-7.48,40.634094,0.624874875,0,0.375125125
2.36,-7.48,40.634094,0.624874875,0,0.375125125
3.54,-7.48,40.634094,0.624874875,0,0.375125125
4.72,-7.48,40.634094,0.624874875,0,0.375125125
5.9,-7.48,40.634094,0.624874875,0,0.375125125
7.08,-7.48,40.634094,0.624874875,0,0.375125125
8.26,-7.48,40.634094,0.624874875,0,0.375125125
9.44,-7.48,40.634094,0.624874875,0,0.375125125
10.62,-7.48,40.634094,0.624874875,0,0.375125125
0,-6.3,40.634094,0.66163222,0,0.33836778
1.18,-6.3,40.634094,0.66163222,0,0.33836778
2.36,-6.3,40.634094,0.66163222,0,0.33836778
3.54,-6.3,40.634094,0.66163222,0,0.33836778
4.72,-6.3,40.634094,0.66163222,0,0.33836778
5.9,-6.3,40.634094,0.66163222,0,0.33836778
7.08,-6.3,40.634094,0.66163222,0,0.33836778
8.26,-6.3,40.634094,0.66163222,0,0.33836778
9.44,-6.3,40.634094,0.66163222,0,0.33836778
10.62,-6.3,40.634094,0.66163222,0,0.33836778
0,-5.12,40.634094,0.698389566,0,0.301610434
1.18,-5.12,40.634094,0.698389566,0,0.301610434
2.36,-5.12,40.634094,0.698389566,0,0.301610434
3.54,-5.12,40.634094,0.698389566,0,0.301610434
4.72,-5.12,40.634094,0.698389566,0,0.301610434
5.9,-5.12,40.634094,0.698389566,0,0.301610434
7.08,-5.12,40.634094,0.698389566,0,0.301610434
8.26,-5.12,40.634094,0.698389566,0,0.301610434
9.44,-5.12,40.634094,0.698389566,0,0.301610434
10.62,-5.12,40.634094,0.698389566,0,0.301610434
0,-3.94,40.634094,0.735146911,0,0.264853089
1.18,-3.94,40.634094,0.735146911,0,0.264853089
2.36,-3.94,40.634094,0.735146911,0,0.264853089
3.54,-3.94,40.634094,0.735146911,0,0.264853089
4.72,-3.94,40.634094,0.735146911,0,0.264853089
5.9,-3.94,40.634094,0.735146911,0,0.264853089
7.08,-3.94,40.634094,0.735146911,0,0.264853089
8.26,-3.94,40.634094,0.735146911,0,0.264853089
9.44,-3.94,40.634094,0.735146911,0,0.264853089
10.62,-3.94,40.634094,0.735146911,0,0.264853089
0,-2.76,40.634094,0.771904257,0,0.228095743
1.18,-2.76,40.634094,0.771904257,0,0.228095743
2.36,-2.76,40.634094,0.771904257,0,0.228095743
3.54,-2.76,40.634094,0.771904257,0,0.228095743
4.72,-2.76,40.634094,0.771904257,0,0.228095743
5.9,-2.76,40.634094,0.771904257,0,0.228095743
7.08,-2.76,40.634094,0.771904257,0,0.228095743
8.26,-2.76,40.634094,0.771904257,0,0.228095743
9.44,-2.76,40.634094,0.771904257,0,0.228095743
10.62,-2.76,40.634094,0.771904257,0,0.228095743
0,-1.58,40.634094,0.808661603,0,0.191338397
1.18,-1.58,40.634094,0.808661603,0,0.191338397
2.36,-1.58,40.634094,0.808661603,0,0.191338397
3.54,-1.58,40.634094,0.808661603,0,0.191338397
4.72,-1.58,40.634094,0.808661603,0,0.191338397
5.9,-1.58,40.634094,0.808661603,0,0.191338397
7.08,-1.58,40.634094,0.808661603,0,0.191338397
8.26,-1.58,40.634094,0.808661603,0,0.191338397
9.44,-1.58,40.634094,0.808661603,0,0.191338397
10.62,-1.58,40.634094,0.808661603,0,0.191338397
0,-0.400000000000002,40.634094,0.870777694,0,0.129222306
1.18,-0.400000000000002,40.634094,0.870777694,0,0.129222306
2.36,-0.400000000000002,40.634094,0.870777694,0,0.129222306
3.54,-0.400000000000002,40.634094,0.870777694,0,0.129222306
4.72,-0.400000000000002,40.634094,0.870777694,0,0.129222306
5.9,-0.400000000000002,40.634094,0.870777694,0,0.129222306
7.08,-0.400000000000002,40.634094,0.870777694,0,0.129222306
8.26,-0.400000000000002,40.634094,0.870777694,0,0.129222306
9.44,-0.400000000000002,40.634094,0.870777694,0,0.129222306
10.62,-0.400000000000002,40.634094,0.870777694,0,0.129222306
0,0.779999999999998,40.634094,0.845418948,0,0.154581052
1.18,0.779999999999998,40.634094,0.845418948,0,0.154581052
2.36,0.779999999999998,40.634094,0.845418948,0,0.154581052
3.54,0.779999999999998,40.634094,0.845418948,0,0.154581052
4.72,0.779999999999998,40.634094,0.845418948,0,0.154581052
5.9,0.779999999999998,40.634094,0.845418948,0,0.154581052
7.08,0.779999999999998,40.634094,0.845418948,0,0.154581052
8.26,0.779999999999998,40.634094,0.845418948,0,0.154581052
9.44,0.779999999999998,40.634094,0.845418948,0,0.154581052
10.62,0.779999999999998,40.634094,0.845418948,0,0.154581052
0,1.96,40.634094,0.808661603,0,0.191338397
1.18,1.96,40.634094,0.808661603,0,0.191338397
2.36,1.96,40.634094,0.808661603,0,0.191338397
3.54,1.96,40.634094,0.808661603,0,0.191338397
4.72,1.96,40.634094,0.808661603,0,0.191338397
5.9,1.96,40.634094,0.808661603,0,0.191338397
7.08,1.96,40.634094,0.808661603,0,0.191338397
8.26,1.96,40.634094,0.808661603,0,0.191338397
9.44,1.96,40.634094,0.808661603,0,0.191338397
10.62,1.96,40.634094,0.808661603,0,0.191338397
0,3.14,40.634094,0.771904257,0,0.228095743
1.18,3.14,40.634094,0.771904257,0,0.228095743
2.36,3.14,40.634094,0.771904257,0,0.228095743
3.54,3.14,40.634094,0.771904257,0,0.228095743
4.72,3.14,40.634094,0.771904257,0,0.228095743
5.9,3.14,40.634094,0.771904257,0,0.228095743
7.08,3.14,40.634094,0.771904257,0,0.228095743
8.26,3.14,40.634094,0.771904257,0,0.228095743
9.44,3.14,40.634094,0.771904257,0,0.228095743
10.62,3.14,40.634094,0.771904257,0,0.228095743
0,4.32,40.634094,0.735146911,0,0.264853089
1.18,4.32,40.634094,0.735146911,0,0.264853089
2.36,4.32,40.634094,0.735146911,0,0.264853089
3.54,4.32,40.634094,0.735146911,0,0.264853089
4.72,4.32,40.634094,0.735146911,0,0.264853089
5.9,4.32,40.634094,0.735146911,0,0.264853089
7.08,4.32,40.634094,0.735146911,0,0.264853089
8.26,4.32,40.634094,0.735146911,0,0.264853089
9.44,4.32,40.634094,0.735146911,0,0.264853089
10.62,4.32,40.634094,0.735146911,0,0.264853089
0,5.5,40.634094,0.698389566,0,0.301610434
1.18,5.5,40.634094,0.698389566,0,0.301610434
2.36,5.5,40.634094,0.698389566,0,0.301610434
3.54,5.5,40.634094,0.698389566,0,0.301610434
4.72,5.5,40.634094,0.698389566,0,0.301610434
5.9,5.5,40.634094,0.698389566,0,0.301610434
7.08,5.5,40.634094,0.698389566,0,0.301610434
8.26,5.5,40.634094,0.698389566,0,0.301610434
9.44,5.5,40.634094,0.698389566,0,0.301610434
10.62,5.5,40.634094,0.698389566,0,0.301610434
0,6.68,40.634094,0.624874875,0,0.375125125
1.18,6.68,40.634094,0.624874875,0,0.375125125
2.36,6.68,40.634094,0.624874875,0,0.375125125
3.54,6.68,40.634094,0.624874875,0,0.375125125
4.72,6.68,40.634094,0.624874875,0,0.375125125
5.9,6.68,40.634094,0.624874875,0,0.375125125
7.08,6.68,40.634094,0.624874875,0,0.375125125
8.26,6.68,40.634094,0.624874875,0,0.375125125
9.44,6.68,40.634094,0.624874875,0,0.375125125
10.62,6.68,40.634094,0.624874875,0,0.375125125
0,7.86,40.634094,0.588117529,0,0.411882471
1.18,7.86,40.634094,0.588117529,0,0.411882471
2.36,7.86,40.634094,0.588117529,0,0.411882471
3.54,7.86,40.634094,0.588117529,0,0.411882471
4.72,7.86,40.634094,0.588117529,0,0.411882471
5.9,7.86,40.634094,0.588117529,0,0.411882471
7.08,7.86,40.634094,0.588117529,0,0.411882471
8.26,7.86,40.634094,0.588117529,0,0.411882471
9.44,7.86,40.634094,0.588117529,0,0.411882471
10.62,7.86,40.634094,0.588117529,0,0.411882471
0,-8.66,41.254094,0.585577053,0,0.414422947
1.18,-8.66,41.254094,0.585577053,0,0.414422947
2.36,-8.66,41.254094,0.585577053,0,0.414422947
3.54,-8.66,41.254094,0.585577053,0,0.414422947
4.72,-8.66,41.254094,0.585577053,0,0.414422947
5.9,-8.66,41.254094,0.585577053,0,0.414422947
7.08,-8.66,41.254094,0.585577053,0,0.414422947
8.26,-8.66,41.254094,0.585577053,0,0.414422947
9.44,-8.66,41.254094,0.585577053,0,0.414422947
10.62,-8.66,41.254094,0.585577053,0,0.414422947
0,-7.48,41.254094,0.622175619,0,0.377824381
1.18,-7.48,41.254094,0.622175619,0,0.377824381
2.36,-7.48,41.254094,0.622175619,0,0.377824381
3.54,-7.48,41.254094,0.622175619,0,0.377824381
4.72,-7.48,41.254094,0.622175619,0,0.377824381
5.9,-7.48,41.254094,0.622175619,0,0.377824381
7.08,-7.48,41.254094,0.622175619,0,0.377824381
8.26,-7.48,41.254094,0.622175619,0,0.377824381
9.44,-7.48,41.254094,0.622175619,0,0.377824381
10.62,-7.48,41.254094,0.622175619,0,0.377824381
0,-6.3,41.254094,0.658774184,0,0.341225816
1.18,-6.3,41.254094,0.658774184,0,0.341225816
2.36,-6.3,41.254094,0.658774184,0,0.341225816
3.54,-6.3,41.254094,0.658774184,0,0.341225816
4.72,-6.3,41.254094,0.658774184,0,0.341225816
5.9,-6.3,41.254094,0.658774184,0,0.341225816
7.08,-6.3,41.254094,0.658774184,0,0.341225816
8.26,-6.3,41.254094,0.658774184,0,0.341225816
9.44,-6.3,41.254094,0.658774184,0,0.341225816
10.62,-6.3,41.254094,0.658774184,0,0.341225816
0,-5.12,41.254094,0.69537275,0,0.30462725
1.18,-5.12,41.254094,0.69537275,0,0.30462725
2.36,-5.12,41.254094,0.69537275,0,0.30462725
3.54,-5.12,41.254094,0.69537275,0,0.30462725
4.72,-5.12,41.254094,0.69537275,0,0.30462725
5.9,-5.12,41.254094,0.69537275,0,0.30462725
7.08,-5.12,41.254094,0.69537275,0,0.30462725
8.26,-5.12,41.254094,0.69537275,0,0.30462725
9.44,-5.12,41.254094,0.69537275,0,0.30462725
10.62,-5.12,41.254094,0.69537275,0,0.30462725
0,-3.94,41.254094,0.731971316,0,0.268028684
1.18,-3.94,41.254094,0.731971316,0,0.268028684
2.36,-3.94,41.254094,0.731971316,0,0.268028684
3.54,-3.94,41.254094,0.731971316,0,0.268028684
4.72,-3.94,41.254094,0.731971316,0,0.268028684
5.9,-3.94,41.254094,0.731971316,0,0.268028684
7.08,-3.94,41.254094,0.731971316,0,0.268028684
8.26,-3.94,41.254094,0.731971316,0,0.268028684
9.44,-3.94,41.254094,0.731971316,0,0.268028684
10.62,-3.94,41.254094,0.731971316,0,0.268028684
0,-2.76,41.254094,0.768569882,0,0.231430118
1.18,-2.76,41.254094,0.768569882,0,0.231430118
2.36,-2.76,41.254094,0.768569882,0,0.231430118
3.54,-2.76,41.254094,0.768569882,0,0.231430118
4.72,-2.76,41.254094,0.768569882,0,0.231430118
5.9,-2.76,41.254094,0.768569882,0,0.231430118
7.08,-2.76,41.254094,0.768569882,0,0.231430118
8.26,-2.76,41.254094,0.768569882,0,0.231430118
9.44,-2.76,41.254094,0.768569882,0,0.231430118
10.62,-2.76,41.254094,0.768569882,0,0.231430118
0,-1.58,41.254094,0.805168448,0,0.194831552
1.18,-1.58,41.254094,0.805168448,0,0.194831552
2.36,-1.58,41.254094,0.805168448,0,0.194831552
3.54,-1.58,41.254094,0.805168448,0,0.194831552
4.72,-1.58,41.254094,0.805168448,0,0.194831552
5.9,-1.58,41.254094,0.805168448,0,0.194831552
7.08,-1.58,41.254094,0.805168448,0,0.194831552
8.26,-1.58,41.254094,0.805168448,0,0.194831552
9.44,-1.58,41.254094,0.805168448,0,0.194831552
10.62,-1.58,41.254094,0.805168448,0,0.194831552
0,-0.400000000000002,41.254094,0.867016217,0,0.132983783
1.18,-0.400000000000002,41.254094,0.867016217,0,0.132983783
2.36,-0.400000000000002,41.254094,0.867016217,0,0.132983783
3.54,-0.400000000000002,41.254094,0.867016217,0,0.132983783
4.72,-0.400000000000002,41.254094,0.867016217,0,0.132983783
5.9,-0.400000000000002,41.254094,0.867016217,0,0.132983783
7.08,-0.400000000000002,41.254094,0.867016217,0,0.132983783
8.26,-0.400000000000002,41.254094,0.867016217,0,0.132983783
9.44,-0.400000000000002,41.254094,0.867016217,0,0.132983783
10.62,-0.400000000000002,41.254094,0.867016217,0,0.132983783
0,0.779999999999998,41.254094,0.841767013,0,0.158232987
1.18,0.779999999999998,41.254094,0.841767013,0,0.158232987
2.36,0.779999999999998,41.254094,0.841767013,0,0.158232987
3.54,0.779999999999998,41.254094,0.841767013,0,0.158232987
4.72,0.779999999999998,41.254094,0.841767013,0,0.158232987
5.9,0.779999999999998,41.254094,0.841767013,0,0.158232987
7.08,0.779999999999998,41.254094,0.841767013,0,0.158232987
8.26,0.779999999999998,41.254094,0.841767013,0,0.158232987
9.44,0.779999999999998,41.254094,0.841767013,0,0.158232987
10.62,0.779999999999998,41.254094,0.841767013,0,0.158232987
0,1.96,41.254094,0.805168448,0,0.194831552
1.18,1.96,41.254094,0.805168448,0,0.194831552
2.36,1.96,41.254094,0.805168448,0,0.194831552
3.54,1.96,41.254094,0.805168448,0,0.194831552
4.72,1.96,41.254094,0.805168448,0,0.194831552
5.9,1.96,41.254094,0.805168448,0,0.194831552
7.08,1.96,41.254094,0.805168448,0,0.194831552
8.26,1.96,41.254094,0.805168448,0,0.194831552
9.44,1.96,41.254094,0.805168448,0,0.194831552
10.62,1.96,41.254094,0.805168448,0,0.194831552
0,3.14,41.254094,0.768569882,0,0.231430118
1.18,3.14,41.254094,0.768569882,0,0.231430118
2.36,3.14,41.254094,0.768569882,0,0.231430118
3.54,3.14,41.254094,0.768569882,0,0.231430118
4.72,3.14,41.254094,0.768569882,0,0.231430118
5.9,3.14,41.254094,0.768569882,0,0.231430118
7.08,3.14,41.254094,0.768569882,0,0.231430118
8.26,3.14,41.254094,0.768569882,0,0.231430118
9.44,3.14,41.254094,0.768569882,0,0.231430118
10.62,3.14,41.254094,0.768569882,0,0.231430118
0,4.32,41.254094,0.731971316,0,0.268028684
1.18,4.32,41.254094,0.731971316,0,0.268028684
2.36,4.32,41.254094,0.731971316,0,0.268028684
3.54,4.32,41.254094,0.731971316,0,0.268028684
4.72,4.32,41.254094,0.731971316,0,0.268028684
5.9,4.32,41.254094,0.731971316,0,0.268028684
7.08,4.32,41.254094,0.731971316,0,0.268028684
8.26,4.32,41.254094,0.731971316,0,0.268028684
9.44,4.32,41.254094,0.731971316,0,0.268028684
10.62,4.32,41.254094,0.731971316,0,0.268028684
0,5.5,41.254094,0.69537275,0,0.30462725
1.18,5.5,41.254094,0.69537275,0,0.30462725
2.36,5.5,41.254094,0.69537275,0,0.30462725
3.54,5.5,41.254094,0.69537275,0,0.30462725
4.72,5.5,41.254094,0.69537275,0,0.30462725
5.9,5.5,41.254094,0.69537275,0,0.30462725
7.08,5.5,41.254094,0.69537275,0,0.30462725
8.26,5.5,41.254094,0.69537275,0,0.30462725
9.44,5.5,41.254094,0.69537275,0,0.30462725
10.62,5.5,41.254094,0.69537275,0,0.30462725
0,6.68,41.254094,0.622175619,0,0.377824381
1.18,6.68,41.254094,0.622175619,0,0.377824381
2.36,6.68,41.254094,0.622175619,0,0.377824381
3.54,6.68,41.254094,0.622175619,0,0.377824381
4.72,6.68,41.254094,0.622175619,0,0.377824381
5.9,6.68,41.254094,0.622175619,0,0.377824381
7.08,6.68,41.254094,0.622175619,0,0.377824381
8.26,6.68,41.254094,0.622175619,0,0.377824381
9.44,6.68,41.254094,0.622175619,0,0.377824381
10.62,6.68,41.254094,0.622175619,0,0.377824381
0,7.86,41.254094,0.585577053,0,0.414422947
1.18,7.86,41.254094,0.585577053,0,0.414422947
2.36,7.86,41.254094,0.585577053,0,0.414422947
3.54,7.86,41.254094,0.585577053,0,0.414422947
4.72,7.86,41.254094,0.585577053,0,0.414422947
5.9,7.86,41.254094,0.585577053,0,0.414422947
7.08,7.86,41.254094,0.585577053,0,0.414422947
8.26,7.86,41.254094,0.585577053,0,0.414422947
9.44,7.86,41.254094,0.585577053,0,0.414422947
10.62,7.86,41.254094,0.585577053,0,0.414422947
0,-7.48,41.874094,0.619464601,0,0.380535399
1.18,-7.48,41.874094,0.619464601,0,0.380535399
2.36,-7.48,41.874094,0.619464601,0,0.380535399
3.54,-7.48,41.874094,0.619464601,0,0.380535399
4.72,-7.48,41.874094,0.619464601,0,0.380535399
5.9,-7.48,41.874094,0.619464601,0,0.380535399
7.08,-7.48,41.874094,0.619464601,0,0.380535399
8.26,-7.48,41.874094,0.619464601,0,0.380535399
9.44,-7.48,41.874094,0.619464601,0,0.380535399
10.62,-7.48,41.874094,0.619464601,0,0.380535399
0,-6.3,41.874094,0.655903695,0,0.344096305
1.18,-6.3,41.874094,0.655903695,0,0.344096305
2.36,-6.3,41.874094,0.655903695,0,0.344096305
3.54,-6.3,41.874094,0.655903695,0,0.344096305
4.72,-6.3,41.874094,0.655903695,0,0.344096305
5.9,-6.3,41.874094,0.655903695,0,0.344096305
7.08,-6.3,41.874094,0.655903695,0,0.344096305
8.26,-6.3,41.874094,0.655903695,0,0.344096305
9.44,-6.3,41.874094,0.655903695,0,0.344096305
10.62,-6.3,41.874094,0.655903695,0,0.344096305
0,-5.12,41.874094,0.692342789,0,0.307657211
1.18,-5.12,41.874094,0.692342789,0,0.307657211
2.36,-5.12,41.874094,0.692342789,0,0.307657211
3.54,-5.12,41.874094,0.692342789,0,0.307657211
4.72,-5.12,41.874094,0.692342789,0,0.307657211
5.9,-5.12,41.874094,0.692342789,0,0.307657211
7.08,-5.12,41.874094,0.692342789,0,0.307657211
8.26,-5.12,41.874094,0.692342789,0,0.307657211
9.44,-5.12,41.874094,0.692342789,0,0.307657211
10.62,-5.12,41.874094,0.692342789,0,0.307657211
0,-3.94,41.874094,0.728781883,0,0.271218117
1.18,-3.94,41.874094,0.728781883,0,0.271218117
2.36,-3.94,41.874094,0.728781883,0,0.271218117
3.54,-3.94,41.874094,0.728781883,0,0.271218117
4.72,-3.94,41.874094,0.728781883,0,0.271218117
5.9,-3.94,41.874094,0.728781883,0,0.271218117
7.08,-3.94,41.874094,0.728781883,0,0.271218117
8.26,-3.94,41.874094,0.728781883,0,0.271218117
9.44,-3.94,41.874094,0.728781883,0,0.271218117
10.62,-3.94,41.874094,0.728781883,0,0.271218117
0,-2.76,41.874094,0.765220977,0,0.234779023
1.18,-2.76,41.874094,0.765220977,0,0.234779023
2.36,-2.76,41.874094,0.765220977,0,0.234779023
3.54,-2.76,41.874094,0.765220977,0,0.234779023
4.72,-2.76,41.874094,0.765220977,0,0.234779023
5.9,-2.76,41.874094,0.765220977,0,0.234779023
7.08,-2.76,41.874094,0.765220977,0,0.234779023
8.26,-2.76,41.874094,0.765220977,0,0.234779023
9.44,-2.76,41.874094,0.765220977,0,0.234779023
10.62,-2.76,41.874094,0.765220977,0,0.234779023
0,-1.58,41.874094,0.801660072,0,0.198339928
1.18,-1.58,41.874094,0.801660072,0,0.198339928
2.36,-1.58,41.874094,0.801660072,0,0.198339928
3.54,-1.58,41.874094,0.801660072,0,0.198339928
4.72,-1.58,41.874094,0.801660072,0,0.198339928
5.9,-1.58,41.874094,0.801660072,0,0.198339928
7.08,-1.58,41.874094,0.801660072,0,0.198339928
8.26,-1.58,41.874094,0.801660072,0,0.198339928
9.44,-1.58,41.874094,0.801660072,0,0.198339928
10.62,-1.58,41.874094,0.801660072,0,0.198339928
0,-0.400000000000002,41.874094,0.863238351,0,0.136761649
1.18,-0.400000000000002,41.874094,0.863238351,0,0.136761649
2.36,-0.400000000000002,41.874094,0.863238351,0,0.136761649
3.54,-0.400000000000002,41.874094,0.863238351,0,0.136761649
4.72,-0.400000000000002,41.874094,0.863238351,0,0.136761649
5.9,-0.400000000000002,41.874094,0.863238351,0,0.136761649
7.08,-0.400000000000002,41.874094,0.863238351,0,0.136761649
8.26,-0.400000000000002,41.874094,0.863238351,0,0.136761649
9.44,-0.400000000000002,41.874094,0.863238351,0,0.136761649
10.62,-0.400000000000002,41.874094,0.863238351,0,0.136761649
0,0.779999999999998,41.874094,0.838099166,0,0.161900834
1.18,0.779999999999998,41.874094,0.838099166,0,0.161900834
2.36,0.779999999999998,41.874094,0.838099166,0,0.161900834
3.54,0.779999999999998,41.874094,0.838099166,0,0.161900834
4.72,0.779999999999998,41.874094,0.838099166,0,0.161900834
5.9,0.779999999999998,41.874094,0.838099166,0,0.161900834
7.08,0.779999999999998,41.874094,0.838099166,0,0.161900834
8.26,0.779999999999998,41.874094,0.838099166,0,0.161900834
9.44,0.779999999999998,41.874094,0.838099166,0,0.161900834
10.62,0.779999999999998,41.874094,0.838099166,0,0.161900834
0,1.96,41.874094,0.801660072,0,0.198339928
1.18,1.96,41.874094,0.801660072,0,0.198339928
2.36,1.96,41.874094,0.801660072,0,0.198339928
3.54,1.96,41.874094,0.801660072,0,0.198339928
4.72,1.96,41.874094,0.801660072,0,0.198339928
5.9,1.96,41.874094,0.801660072,0,0.198339928
7.08,1.96,41.874094,0.801660072,0,0.198339928
8.26,1.96,41.874094,0.801660072,0,0.198339928
9.44,1.96,41.874094,0.801660072,0,0.198339928
10.62,1.96,41.874094,0.801660072,0,0.198339928
0,3.14,41.874094,0.765220977,0,0.234779023
1.18,3.14,41.874094,0.765220977,0,0.234779023
2.36,3.14,41.874094,0.765220977,0,0.234779023
3.54,3.14,41.874094,0.765220977,0,0.234779023
4.72,3.14,41.874094,0.765220977,0,0.234779023
5.9,3.14,41.874094,0.765220977,0,0.234779023
7.08,3.14,41.874094,0.765220977,0,0.234779023
8.26,3.14,41.874094,0.765220977,0,0.234779023
9.44,3.14,41.874094,0.765220977,0,0.234779023
10.62,3.14,41.874094,0.765220977,0,0.234779023
0,4.32,41.874094,0.728781883,0,0.271218117
1.18,4.32,41.874094,0.728781883,0,0.271218117
2.36,4.32,41.874094,0.728781883,0,0.271218117
3.54,4.32,41.874094,0.728781883,0,0.271218117
4.72,4.32,41.874094,0.728781883,0,0.271218117
5.9,4.32,41.874094,0.728781883,0,0.271218117
7.08,4.32,41.874094,0.728781883,0,0.271218117
8.26,4.32,41.874094,0.728781883,0,0.271218117
9.44,4.32,41.874094,0.728781883,0,0.271218117
10.62,4.32,41.874094,0.728781883,0,0.271218117
0,5.5,41.874094,0.692342789,0,0.307657211
1.18,5.5,41.874094,0.692342789,0,0.307657211
2.36,5.5,41.874094,0.692342789,0,0.307657211
3.54,5.5,41.874094,0.692342789,0,0.307657211
4.72,5.5,41.874094,0.692342789,0,0.307657211
5.9,5.5,41.874094,0.692342789,0,0.307657211
7.08,5.5,41.874094,0.692342789,0,0.307657211
8.26,5.5,41.874094,0.692342789,0,0.307657211
9.44,5.5,41.874094,0.692342789,0,0.307657211
10.62,5.5,41.874094,0.692342789,0,0.307657211
0,6.68,41.874094,0.619464601,0,0.380535399
1.18,6.68,41.874094,0.619464601,0,0.380535399
2.36,6.68,41.874094,0.619464601,0,0.380535399
3.54,6.68,41.874094,0.619464601,0,0.380535399
4.72,6.68,41.874094,0.619464601,0,0.380535399
5.9,6.68,41.874094,0.619464601,0,0.380535399
7.08,6.68,41.874094,0.619464601,0,0.380535399
8.26,6.68,41.874094,0.619464601,0,0.380535399
9.44,6.68,41.874094,0.619464601,0,0.380535399
10.62,6.68,41.874094,0.619464601,0,0.380535399
0,7.86,41.874094,0.585577053,0,0.414422947
1.18,7.86,41.874094,0.585577053,0,0.414422947
2.36,7.86,41.874094,0.585577053,0,0.414422947
3.54,7.86,41.874094,0.585577053,0,0.414422947
4.72,7.86,41.874094,0.585577053,0,0.414422947
5.9,7.86,41.874094,0.585577053,0,0.414422947
7.08,7.86,41.874094,0.585577053,0,0.414422947
8.26,7.86,41.874094,0.585577053,0,0.414422947
9.44,7.86,41.874094,0.585577053,0,0.414422947
10.62,7.86,41.874094,0.585577053,0,0.414422947
0,-7.48,42.494094,0.616741666,0,0.383258334
1.18,-7.48,42.494094,0.616741666,0,0.383258334
2.36,-7.48,42.494094,0.616741666,0,0.383258334
3.54,-7.48,42.494094,0.616741666,0,0.383258334
4.72,-7.48,42.494094,0.616741666,0,0.383258334
5.9,-7.48,42.494094,0.616741666,0,0.383258334
7.08,-7.48,42.494094,0.616741666,0,0.383258334
8.26,-7.48,42.494094,0.616741666,0,0.383258334
9.44,-7.48,42.494094,0.616741666,0,0.383258334
10.62,-7.48,42.494094,0.616741666,0,0.383258334
0,-6.3,42.494094,0.653020588,0,0.346979412
1.18,-6.3,42.494094,0.653020588,0,0.346979412
2.36,-6.3,42.494094,0.653020588,0,0.346979412
3.54,-6.3,42.494094,0.653020588,0,0.346979412
4.72,-6.3,42.494094,0.653020588,0,0.346979412
5.9,-6.3,42.494094,0.653020588,0,0.346979412
7.08,-6.3,42.494094,0.653020588,0,0.346979412
8.26,-6.3,42.494094,0.653020588,0,0.346979412
9.44,-6.3,42.494094,0.653020588,0,0.346979412
10.62,-6.3,42.494094,0.653020588,0,0.346979412
0,-5.12,42.494094,0.689299509,0,0.310700491
1.18,-5.12,42.494094,0.689299509,0,0.310700491
2.36,-5.12,42.494094,0.689299509,0,0.310700491
3.54,-5.12,42.494094,0.689299509,0,0.310700491
4.72,-5.12,42.494094,0.689299509,0,0.310700491
5.9,-5.12,42.494094,0.689299509,0,0.310700491
7.08,-5.12,42.494094,0.689299509,0,0.310700491
8.26,-5.12,42.494094,0.689299509,0,0.310700491
9.44,-5.12,42.494094,0.689299509,0,0.310700491
10.62,-5.12,42.494094,0.689299509,0,0.310700491
0,-3.94,42.494094,0.725578431,0,0.274421569
1.18,-3.94,42.494094,0.725578431,0,0.274421569
2.36,-3.94,42.494094,0.725578431,0,0.274421569
3.54,-3.94,42.494094,0.725578431,0,0.274421569
4.72,-3.94,42.494094,0.725578431,0,0.274421569
5.9,-3.94,42.494094,0.725578431,0,0.274421569
7.08,-3.94,42.494094,0.725578431,0,0.274421569
8.26,-3.94,42.494094,0.725578431,0,0.274421569
9.44,-3.94,42.494094,0.725578431,0,0.274421569
10.62,-3.94,42.494094,0.725578431,0,0.274421569
0,-2.76,42.494094,0.761857352,0,0.238142648
1.18,-2.76,42.494094,0.761857352,0,0.238142648
2.36,-2.76,42.494094,0.761857352,0,0.238142648
3.54,-2.76,42.494094,0.761857352,0,0.238142648
4.72,-2.76,42.494094,0.761857352,0,0.238142648
5.9,-2.76,42.494094,0.761857352,0,0.238142648
7.08,-2.76,42.494094,0.761857352,0,0.238142648
8.26,-2.76,42.494094,0.761857352,0,0.238142648
9.44,-2.76,42.494094,0.761857352,0,0.238142648
10.62,-2.76,42.494094,0.761857352,0,0.238142648
0,-1.58,42.494094,0.798136274,0,0.201863726
1.18,-1.58,42.494094,0.798136274,0,0.201863726
2.36,-1.58,42.494094,0.798136274,0,0.201863726
3.54,-1.58,42.494094,0.798136274,0,0.201863726
4.72,-1.58,42.494094,0.798136274,0,0.201863726
5.9,-1.58,42.494094,0.798136274,0,0.201863726
7.08,-1.58,42.494094,0.798136274,0,0.201863726
8.26,-1.58,42.494094,0.798136274,0,0.201863726
9.44,-1.58,42.494094,0.798136274,0,0.201863726
10.62,-1.58,42.494094,0.798136274,0,0.201863726
0,-0.400000000000002,42.494094,0.859443878,0,0.140556122
1.18,-0.400000000000002,42.494094,0.859443878,0,0.140556122
2.36,-0.400000000000002,42.494094,0.859443878,0,0.140556122
3.54,-0.400000000000002,42.494094,0.859443878,0,0.140556122
4.72,-0.400000000000002,42.494094,0.859443878,0,0.140556122
5.9,-0.400000000000002,42.494094,0.859443878,0,0.140556122
7.08,-0.400000000000002,42.494094,0.859443878,0,0.140556122
8.26,-0.400000000000002,42.494094,0.859443878,0,0.140556122
9.44,-0.400000000000002,42.494094,0.859443878,0,0.140556122
10.62,-0.400000000000002,42.494094,0.859443878,0,0.140556122
0,0.779999999999998,42.494094,0.834415196,0,0.165584804
1.18,0.779999999999998,42.494094,0.834415196,0,0.165584804
2.36,0.779999999999998,42.494094,0.834415196,0,0.165584804
3.54,0.779999999999998,42.494094,0.834415196,0,0.165584804
4.72,0.779999999999998,42.494094,0.834415196,0,0.165584804
5.9,0.779999999999998,42.494094,0.834415196,0,0.165584804
7.08,0.779999999999998,42.494094,0.834415196,0,0.165584804
8.26,0.779999999999998,42.494094,0.834415196,0,0.165584804
9.44,0.779999999999998,42.494094,0.834415196,0,0.165584804
10.62,0.779999999999998,42.494094,0.834415196,0,0.165584804
0,1.96,42.494094,0.798136274,0,0.201863726
1.18,1.96,42.494094,0.798136274,0,0.201863726
2.36,1.96,42.494094,0.798136274,0,0.201863726
3.54,1.96,42.494094,0.798136274,0,0.201863726
4.72,1.96,42.494094,0.798136274,0,0.201863726
5.9,1.96,42.494094,0.798136274,0,0.201863726
7.08,1.96,42.494094,0.798136274,0,0.201863726
8.26,1.96,42.494094,0.798136274,0,0.201863726
9.44,1.96,42.494094,0.798136274,0,0.201863726
10.62,1.96,42.494094,0.798136274,0,0.201863726
0,3.14,42.494094,0.761857352,0,0.238142648
1.18,3.14,42.494094,0.761857352,0,0.238142648
2.36,3.14,42.494094,0.761857352,0,0.238142648
3.54,3.14,42.494094,0.761857352,0,0.238142648
4.72,3.14,42.494094,0.761857352,0,0.238142648
5.9,3.14,42.494094,0.761857352,0,0.238142648
7.08,3.14,42.494094,0.761857352,0,0.238142648
8.26,3.14,42.494094,0.761857352,0,0.238142648
9.44,3.14,42.494094,0.761857352,0,0.238142648
10.62,3.14,42.494094,0.761857352,0,0.238142648
0,4.32,42.494094,0.725578431,0,0.274421569
1.18,4.32,42.494094,0.725578431,0,0.274421569
2.36,4.32,42.494094,0.725578431,0,0.274421569
3.54,4.32,42.494094,0.725578431,0,0.274421569
4.72,4.32,42.494094,0.725578431,0,0.274421569
5.9,4.32,42.494094,0.725578431,0,0.274421569
7.08,4.32,42.494094,0.725578431,0,0.274421569
8.26,4.32,42.494094,0.725578431,0,0.274421569
9.44,4.32,42.494094,0.725578431,0,0.274421569
10.62,4.32,42.494094,0.725578431,0,0.274421569
0,5.5,42.494094,0.689299509,0,0.310700491
1.18,5.5,42.494094,0.689299509,0,0.310700491
2.36,5.5,42.494094,0.689299509,0,0.310700491
3.54,5.5,42.494094,0.689299509,0,0.310700491
4.72,5.5,42.494094,0.689299509,0,0.310700491
5.9,5.5,42.494094,0.689299509,0,0.310700491
7.08,5.5,42.494094,0.689299509,0,0.310700491
8.26,5.5,42.494094,0.689299509,0,0.310700491
9.44,5.5,42.494094,0.689299509,0,0.310700491
10.62,5.5,42.494094,0.689299509,0,0.310700491
0,6.68,42.494094,0.616741666,0,0.383258334
1.18,6.68,42.494094,0.616741666,0,0.383258334
2.36,6.68,42.494094,0.616741666,0,0.383258334
3.54,6.68,42.494094,0.616741666,0,0.383258334
4.72,6.68,42.494094,0.616741666,0,0.383258334
5.9,6.68,42.494094,0.616741666,0,0.383258334
7.08,6.68,42.494094,0.616741666,0,0.383258334
8.26,6.68,42.494094,0.616741666,0,0.383258334
9.44,6.68,42.494094,0.616741666,0,0.383258334
10.62,6.68,42.494094,0.616741666,0,0.383258334
0,7.86,42.494094,0.616741666,0,0.383258334
1.18,7.86,42.494094,0.616741666,0,0.383258334
2.36,7.86,42.494094,0.616741666,0,0.383258334
3.54,7.86,42.494094,0.616741666,0,0.383258334
4.72,7.86,42.494094,0.616741666,0,0.383258334
5.9,7.86,42.494094,0.616741666,0,0.383258334
7.08,7.86,42.494094,0.616741666,0,0.383258334
8.26,7.86,42.494094,0.616741666,0,0.383258334
9.44,7.86,42.494094,0.616741666,0,0.383258334
10.62,7.86,42.494094,0.616741666,0,0.383258334
0,-7.48,43.114094,0.611259409,0,0.388740591
1.18,-7.48,43.114094,0.611259409,0,0.388740591
2.36,-7.48,43.114094,0.611259409,0,0.388740591
3.54,-7.48,43.114094,0.611259409,0,0.388740591
4.72,-7.48,43.114094,0.611259409,0,0.388740591
5.9,-7.48,43.114094,0.611259409,0,0.388740591
7.08,-7.48,43.114094,0.611259409,0,0.388740591
8.26,-7.48,43.114094,0.611259409,0,0.388740591
9.44,-7.48,43.114094,0.611259409,0,0.388740591
10.62,-7.48,43.114094,0.611259409,0,0.388740591
0,-6.3,43.114094,0.647215845,0,0.352784155
1.18,-6.3,43.114094,0.647215845,0,0.352784155
2.36,-6.3,43.114094,0.647215845,0,0.352784155
3.54,-6.3,43.114094,0.647215845,0,0.352784155
4.72,-6.3,43.114094,0.647215845,0,0.352784155
5.9,-6.3,43.114094,0.647215845,0,0.352784155
7.08,-6.3,43.114094,0.647215845,0,0.352784155
8.26,-6.3,43.114094,0.647215845,0,0.352784155
9.44,-6.3,43.114094,0.647215845,0,0.352784155
10.62,-6.3,43.114094,0.647215845,0,0.352784155
0,-5.12,43.114094,0.683172281,0,0.316827719
1.18,-5.12,43.114094,0.683172281,0,0.316827719
2.36,-5.12,43.114094,0.683172281,0,0.316827719
3.54,-5.12,43.114094,0.683172281,0,0.316827719
4.72,-5.12,43.114094,0.683172281,0,0.316827719
5.9,-5.12,43.114094,0.683172281,0,0.316827719
7.08,-5.12,43.114094,0.683172281,0,0.316827719
8.26,-5.12,43.114094,0.683172281,0,0.316827719
9.44,-5.12,43.114094,0.683172281,0,0.316827719
10.62,-5.12,43.114094,0.683172281,0,0.316827719
0,-3.94,43.114094,0.719128717,0,0.280871283
1.18,-3.94,43.114094,0.719128717,0,0.280871283
2.36,-3.94,43.114094,0.719128717,0,0.280871283
3.54,-3.94,43.114094,0.719128717,0,0.280871283
4.72,-3.94,43.114094,0.719128717,0,0.280871283
5.9,-3.94,43.114094,0.719128717,0,0.280871283
7.08,-3.94,43.114094,0.719128717,0,0.280871283
8.26,-3.94,43.114094,0.719128717,0,0.280871283
9.44,-3.94,43.114094,0.719128717,0,0.280871283
10.62,-3.94,43.114094,0.719128717,0,0.280871283
0,-2.76,43.114094,0.755085153,0,0.244914847
1.18,-2.76,43.114094,0.755085153,0,0.244914847
2.36,-2.76,43.114094,0.755085153,0,0.244914847
3.54,-2.76,43.114094,0.755085153,0,0.244914847
4.72,-2.76,43.114094,0.755085153,0,0.244914847
5.9,-2.76,43.114094,0.755085153,0,0.244914847
7.08,-2.76,43.114094,0.755085153,0,0.244914847
8.26,-2.76,43.114094,0.755085153,0,0.244914847
9.44,-2.76,43.114094,0.755085153,0,0.244914847
10.62,-2.76,43.114094,0.755085153,0,0.244914847
0,-1.58,43.114094,0.791041589,0,0.208958411
1.18,-1.58,43.114094,0.791041589,0,0.208958411
2.36,-1.58,43.114094,0.791041589,0,0.208958411
3.54,-1.58,43.114094,0.791041589,0,0.208958411
4.72,-1.58,43.114094,0.791041589,0,0.208958411
5.9,-1.58,43.114094,0.791041589,0,0.208958411
7.08,-1.58,43.114094,0.791041589,0,0.208958411
8.26,-1.58,43.114094,0.791041589,0,0.208958411
9.44,-1.58,43.114094,0.791041589,0,0.208958411
10.62,-1.58,43.114094,0.791041589,0,0.208958411
0,-0.400000000000002,43.114094,0.851804226,0,0.148195774
1.18,-0.400000000000002,43.114094,0.851804226,0,0.148195774
2.36,-0.400000000000002,43.114094,0.851804226,0,0.148195774
3.54,-0.400000000000002,43.114094,0.851804226,0,0.148195774
4.72,-0.400000000000002,43.114094,0.851804226,0,0.148195774
5.9,-0.400000000000002,43.114094,0.851804226,0,0.148195774
7.08,-0.400000000000002,43.114094,0.851804226,0,0.148195774
8.26,-0.400000000000002,43.114094,0.851804226,0,0.148195774
9.44,-0.400000000000002,43.114094,0.851804226,0,0.148195774
10.62,-0.400000000000002,43.114094,0.851804226,0,0.148195774
0,0.779999999999998,43.114094,0.826998024,0,0.173001976
1.18,0.779999999999998,43.114094,0.826998024,0,0.173001976
2.36,0.779999999999998,43.114094,0.826998024,0,0.173001976
3.54,0.779999999999998,43.114094,0.826998024,0,0.173001976
4.72,0.779999999999998,43.114094,0.826998024,0,0.173001976
5.9,0.779999999999998,43.114094,0.826998024,0,0.173001976
7.08,0.779999999999998,43.114094,0.826998024,0,0.173001976
8.26,0.779999999999998,43.114094,0.826998024,0,0.173001976
9.44,0.779999999999998,43.114094,0.826998024,0,0.173001976
10.62,0.779999999999998,43.114094,0.826998024,0,0.173001976
0,1.96,43.114094,0.791041589,0,0.208958411
1.18,1.96,43.114094,0.791041589,0,0.208958411
2.36,1.96,43.114094,0.791041589,0,0.208958411
3.54,1.96,43.114094,0.791041589,0,0.208958411
4.72,1.96,43.114094,0.791041589,0,0.208958411
5.9,1.96,43.114094,0.791041589,0,0.208958411
7.08,1.96,43.114094,0.791041589,0,0.208958411
8.26,1.96,43.114094,0.791041589,0,0.208958411
9.44,1.96,43.114094,0.791041589,0,0.208958411
10.62,1.96,43.114094,0.791041589,0,0.208958411
0,3.14,43.114094,0.755085153,0,0.244914847
1.18,3.14,43.114094,0.755085153,0,0.244914847
2.36,3.14,43.114094,0.755085153,0,0.244914847
3.54,3.14,43.114094,0.755085153,0,0.244914847
4.72,3.14,43.114094,0.755085153,0,0.244914847
5.9,3.14,43.114094,0.755085153,0,0.244914847
7.08,3.14,43.114094,0.755085153,0,0.244914847
8.26,3.14,43.114094,0.755085153,0,0.244914847
9.44,3.14,43.114094,0.755085153,0,0.244914847
10.62,3.14,43.114094,0.755085153,0,0.244914847
0,4.32,43.114094,0.719128717,0,0.280871283
1.18,4.32,43.114094,0.719128717,0,0.280871283
2.36,4.32,43.114094,0.719128717,0,0.280871283
3.54,4.32,43.114094,0.719128717,0,0.280871283
4.72,4.32,43.114094,0.719128717,0,0.280871283
5.9,4.32,43.114094,0.719128717,0,0.280871283
7.08,4.32,43.114094,0.719128717,0,0.280871283
8.26,4.32,43.114094,0.719128717,0,0.280871283
9.44,4.32,43.114094,0.719128717,0,0.280871283
10.62,4.32,43.114094,0.719128717,0,0.280871283
0,5.5,43.114094,0.683172281,0,0.316827719
1.18,5.5,43.114094,0.683172281,0,0.316827719
2.36,5.5,43.114094,0.683172281,0,0.316827719
3.54,5.5,43.114094,0.683172281,0,0.316827719
4.72,5.5,43.114094,0.683172281,0,0.316827719
5.9,5.5,43.114094,0.683172281,0,0.316827719
7.08,5.5,43.114094,0.683172281,0,0.316827719
8.26,5.5,43.114094,0.683172281,0,0.316827719
9.44,5.5,43.114094,0.683172281,0,0.316827719
10.62,5.5,43.114094,0.683172281,0,0.316827719
0,6.68,43.114094,0.611259409,0,0.388740591
1.18,6.68,43.114094,0.611259409,0,0.388740591
2.36,6.68,43.114094,0.611259409,0,0.388740591
3.54,6.68,43.114094,0.611259409,0,0.388740591
4.72,6.68,43.114094,0.611259409,0,0.388740591
5.9,6.68,43.114094,0.611259409,0,0.388740591
7.08,6.68,43.114094,0.611259409,0,0.388740591
8.26,6.68,43.114094,0.611259409,0,0.388740591
9.44,6.68,43.114094,0.611259409,0,0.388740591
10.62,6.68,43.114094,0.611259409,0,0.388740591
0,7.86,43.114094,0.611259409,0,0.388740591
1.18,7.86,43.114094,0.611259409,0,0.388740591
2.36,7.86,43.114094,0.611259409,0,0.388740591
3.54,7.86,43.114094,0.611259409,0,0.388740591
4.72,7.86,43.114094,0.611259409,0,0.388740591
5.9,7.86,43.114094,0.611259409,0,0.388740591
7.08,7.86,43.114094,0.611259409,0,0.388740591
8.26,7.86,43.114094,0.611259409,0,0.388740591
9.44,7.86,43.114094,0.611259409,0,0.388740591
10.62,7.86,43.114094,0.611259409,0,0.388740591
0,-7.48,43.734094,0.608499759,0,0.391500241
1.18,-7.48,43.734094,0.608499759,0,0.391500241
2.36,-7.48,43.734094,0.608499759,0,0.391500241
3.54,-7.48,43.734094,0.608499759,0,0.391500241
4.72,-7.48,43.734094,0.608499759,0,0.391500241
5.9,-7.48,43.734094,0.608499759,0,0.391500241
7.08,-7.48,43.734094,0.608499759,0,0.391500241
8.26,-7.48,43.734094,0.608499759,0,0.391500241
9.44,-7.48,43.734094,0.608499759,0,0.391500241
10.62,-7.48,43.734094,0.608499759,0,0.391500241
0,-6.3,43.734094,0.644293863,0,0.355706137
1.18,-6.3,43.734094,0.644293863,0,0.355706137
2.36,-6.3,43.734094,0.644293863,0,0.355706137
3.54,-6.3,43.734094,0.644293863,0,0.355706137
4.72,-6.3,43.734094,0.644293863,0,0.355706137
5.9,-6.3,43.734094,0.644293863,0,0.355706137
7.08,-6.3,43.734094,0.644293863,0,0.355706137
8.26,-6.3,43.734094,0.644293863,0,0.355706137
9.44,-6.3,43.734094,0.644293863,0,0.355706137
10.62,-6.3,43.734094,0.644293863,0,0.355706137
0,-5.12,43.734094,0.680087966,0,0.319912034
1.18,-5.12,43.734094,0.680087966,0,0.319912034
2.36,-5.12,43.734094,0.680087966,0,0.319912034
3.54,-5.12,43.734094,0.680087966,0,0.319912034
4.72,-5.12,43.734094,0.680087966,0,0.319912034
5.9,-5.12,43.734094,0.680087966,0,0.319912034
7.08,-5.12,43.734094,0.680087966,0,0.319912034
8.26,-5.12,43.734094,0.680087966,0,0.319912034
9.44,-5.12,43.734094,0.680087966,0,0.319912034
10.62,-5.12,43.734094,0.680087966,0,0.319912034
0,-3.94,43.734094,0.71588207,0,0.28411793
1.18,-3.94,43.734094,0.71588207,0,0.28411793
2.36,-3.94,43.734094,0.71588207,0,0.28411793
3.54,-3.94,43.734094,0.71588207,0,0.28411793
4.72,-3.94,43.734094,0.71588207,0,0.28411793
5.9,-3.94,43.734094,0.71588207,0,0.28411793
7.08,-3.94,43.734094,0.71588207,0,0.28411793
8.26,-3.94,43.734094,0.71588207,0,0.28411793
9.44,-3.94,43.734094,0.71588207,0,0.28411793
10.62,-3.94,43.734094,0.71588207,0,0.28411793
0,-2.76,43.734094,0.751676173,0,0.248323827
1.18,-2.76,43.734094,0.751676173,0,0.248323827
2.36,-2.76,43.734094,0.751676173,0,0.248323827
3.54,-2.76,43.734094,0.751676173,0,0.248323827
4.72,-2.76,43.734094,0.751676173,0,0.248323827
5.9,-2.76,43.734094,0.751676173,0,0.248323827
7.08,-2.76,43.734094,0.751676173,0,0.248323827
8.26,-2.76,43.734094,0.751676173,0,0.248323827
9.44,-2.76,43.734094,0.751676173,0,0.248323827
10.62,-2.76,43.734094,0.751676173,0,0.248323827
0,-1.58,43.734094,0.787470276,0,0.212529724
1.18,-1.58,43.734094,0.787470276,0,0.212529724
2.36,-1.58,43.734094,0.787470276,0,0.212529724
3.54,-1.58,43.734094,0.787470276,0,0.212529724
4.72,-1.58,43.734094,0.787470276,0,0.212529724
5.9,-1.58,43.734094,0.787470276,0,0.212529724
7.08,-1.58,43.734094,0.787470276,0,0.212529724
8.26,-1.58,43.734094,0.787470276,0,0.212529724
9.44,-1.58,43.734094,0.787470276,0,0.212529724
10.62,-1.58,43.734094,0.787470276,0,0.212529724
0,-0.400000000000002,43.734094,0.847958589,0,0.152041411
1.18,-0.400000000000002,43.734094,0.847958589,0,0.152041411
2.36,-0.400000000000002,43.734094,0.847958589,0,0.152041411
3.54,-0.400000000000002,43.734094,0.847958589,0,0.152041411
4.72,-0.400000000000002,43.734094,0.847958589,0,0.152041411
5.9,-0.400000000000002,43.734094,0.847958589,0,0.152041411
7.08,-0.400000000000002,43.734094,0.847958589,0,0.152041411
8.26,-0.400000000000002,43.734094,0.847958589,0,0.152041411
9.44,-0.400000000000002,43.734094,0.847958589,0,0.152041411
10.62,-0.400000000000002,43.734094,0.847958589,0,0.152041411
0,0.779999999999998,43.734094,0.82326438,0,0.17673562
1.18,0.779999999999998,43.734094,0.82326438,0,0.17673562
2.36,0.779999999999998,43.734094,0.82326438,0,0.17673562
3.54,0.779999999999998,43.734094,0.82326438,0,0.17673562
4.72,0.779999999999998,43.734094,0.82326438,0,0.17673562
5.9,0.779999999999998,43.734094,0.82326438,0,0.17673562
7.08,0.779999999999998,43.734094,0.82326438,0,0.17673562
8.26,0.779999999999998,43.734094,0.82326438,0,0.17673562
9.44,0.779999999999998,43.734094,0.82326438,0,0.17673562
10.62,0.779999999999998,43.734094,0.82326438,0,0.17673562
0,1.96,43.734094,0.787470276,0,0.212529724
1.18,1.96,43.734094,0.787470276,0,0.212529724
2.36,1.96,43.734094,0.787470276,0,0.212529724
3.54,1.96,43.734094,0.787470276,0,0.212529724
4.72,1.96,43.734094,0.787470276,0,0.212529724
5.9,1.96,43.734094,0.787470276,0,0.212529724
7.08,1.96,43.734094,0.787470276,0,0.212529724
8.26,1.96,43.734094,0.787470276,0,0.212529724
9.44,1.96,43.734094,0.787470276,0,0.212529724
10.62,1.96,43.734094,0.787470276,0,0.212529724
0,3.14,43.734094,0.751676173,0,0.248323827
1.18,3.14,43.734094,0.751676173,0,0.248323827
2.36,3.14,43.734094,0.751676173,0,0.248323827
3.54,3.14,43.734094,0.751676173,0,0.248323827
4.72,3.14,43.734094,0.751676173,0,0.248323827
5.9,3.14,43.734094,0.751676173,0,0.248323827
7.08,3.14,43.734094,0.751676173,0,0.248323827
8.26,3.14,43.734094,0.751676173,0,0.248323827
9.44,3.14,43.734094,0.751676173,0,0.248323827
10.62,3.14,43.734094,0.751676173,0,0.248323827
0,4.32,43.734094,0.71588207,0,0.28411793
1.18,4.32,43.734094,0.71588207,0,0.28411793
2.36,4.32,43.734094,0.71588207,0,0.28411793
3.54,4.32,43.734094,0.71588207,0,0.28411793
4.72,4.32,43.734094,0.71588207,0,0.28411793
5.9,4.32,43.734094,0.71588207,0,0.28411793
7.08,4.32,43.734094,0.71588207,0,0.28411793
8.26,4.32,43.734094,0.71588207,0,0.28411793
9.44,4.32,43.734094,0.71588207,0,0.28411793
10.62,4.32,43.734094,0.71588207,0,0.28411793
0,5.5,43.734094,0.680087966,0,0.319912034
1.18,5.5,43.734094,0.680087966,0,0.319912034
2.36,5.5,43.734094,0.680087966,0,0.319912034
3.54,5.5,43.734094,0.680087966,0,0.319912034
4.72,5.5,43.734094,0.680087966,0,0.319912034
5.9,5.5,43.734094,0.680087966,0,0.319912034
7.08,5.5,43.734094,0.680087966,0,0.319912034
8.26,5.5,43.734094,0.680087966,0,0.319912034
9.44,5.5,43.734094,0.680087966,0,0.319912034
10.62,5.5,43.734094,0.680087966,0,0.319912034
0,6.68,43.734094,0.608499759,0,0.391500241
1.18,6.68,43.734094,0.608499759,0,0.391500241
2.36,6.68,43.734094,0.608499759,0,0.391500241
3.54,6.68,43.734094,0.608499759,0,0.391500241
4.72,6.68,43.734094,0.608499759,0,0.391500241
5.9,6.68,43.734094,0.608499759,0,0.391500241
7.08,6.68,43.734094,0.608499759,0,0.391500241
8.26,6.68,43.734094,0.608499759,0,0.391500241
9.44,6.68,43.734094,0.608499759,0,0.391500241
10.62,6.68,43.734094,0.608499759,0,0.391500241
0,7.86,43.734094,0.608499759,0,0.391500241
1.18,7.86,43.734094,0.608499759,0,0.391500241
2.36,7.86,43.734094,0.608499759,0,0.391500241
3.54,7.86,43.734094,0.608499759,0,0.391500241
4.72,7.86,43.734094,0.608499759,0,0.391500241
5.9,7.86,43.734094,0.608499759,0,0.391500241
7.08,7.86,43.734094,0.608499759,0,0.391500241
8.26,7.86,43.734094,0.608499759,0,0.391500241
9.44,7.86,43.734094,0.608499759,0,0.391500241
10.62,7.86,43.734094,0.608499759,0,0.391500241
0,-7.48,44.354094,0.605727536,0,0.394272464
1.18,-7.48,44.354094,0.605727536,0,0.394272464
2.36,-7.48,44.354094,0.605727536,0,0.394272464
3.54,-7.48,44.354094,0.605727536,0,0.394272464
4.72,-7.48,44.354094,0.605727536,0,0.394272464
5.9,-7.48,44.354094,0.605727536,0,0.394272464
7.08,-7.48,44.354094,0.605727536,0,0.394272464
8.26,-7.48,44.354094,0.605727536,0,0.394272464
9.44,-7.48,44.354094,0.605727536,0,0.394272464
10.62,-7.48,44.354094,0.605727536,0,0.394272464
0,-6.3,44.354094,0.641358568,0,0.358641432
1.18,-6.3,44.354094,0.641358568,0,0.358641432
2.36,-6.3,44.354094,0.641358568,0,0.358641432
3.54,-6.3,44.354094,0.641358568,0,0.358641432
4.72,-6.3,44.354094,0.641358568,0,0.358641432
5.9,-6.3,44.354094,0.641358568,0,0.358641432
7.08,-6.3,44.354094,0.641358568,0,0.358641432
8.26,-6.3,44.354094,0.641358568,0,0.358641432
9.44,-6.3,44.354094,0.641358568,0,0.358641432
10.62,-6.3,44.354094,0.641358568,0,0.358641432
0,-5.12,44.354094,0.676989599,0,0.323010401
1.18,-5.12,44.354094,0.676989599,0,0.323010401
2.36,-5.12,44.354094,0.676989599,0,0.323010401
3.54,-5.12,44.354094,0.676989599,0,0.323010401
4.72,-5.12,44.354094,0.676989599,0,0.323010401
5.9,-5.12,44.354094,0.676989599,0,0.323010401
7.08,-5.12,44.354094,0.676989599,0,0.323010401
8.26,-5.12,44.354094,0.676989599,0,0.323010401
9.44,-5.12,44.354094,0.676989599,0,0.323010401
10.62,-5.12,44.354094,0.676989599,0,0.323010401
0,-3.94,44.354094,0.712620631,0,0.287379369
1.18,-3.94,44.354094,0.712620631,0,0.287379369
2.36,-3.94,44.354094,0.712620631,0,0.287379369
3.54,-3.94,44.354094,0.712620631,0,0.287379369
4.72,-3.94,44.354094,0.712620631,0,0.287379369
5.9,-3.94,44.354094,0.712620631,0,0.287379369
7.08,-3.94,44.354094,0.712620631,0,0.287379369
8.26,-3.94,44.354094,0.712620631,0,0.287379369
9.44,-3.94,44.354094,0.712620631,0,0.287379369
10.62,-3.94,44.354094,0.712620631,0,0.287379369
0,-2.76,44.354094,0.748251662,0,0.251748338
1.18,-2.76,44.354094,0.748251662,0,0.251748338
2.36,-2.76,44.354094,0.748251662,0,0.251748338
3.54,-2.76,44.354094,0.748251662,0,0.251748338
4.72,-2.76,44.354094,0.748251662,0,0.251748338
5.9,-2.76,44.354094,0.748251662,0,0.251748338
7.08,-2.76,44.354094,0.748251662,0,0.251748338
8.26,-2.76,44.354094,0.748251662,0,0.251748338
9.44,-2.76,44.354094,0.748251662,0,0.251748338
10.62,-2.76,44.354094,0.748251662,0,0.251748338
0,-1.58,44.354094,0.783882694,0,0.216117306
1.18,-1.58,44.354094,0.783882694,0,0.216117306
2.36,-1.58,44.354094,0.783882694,0,0.216117306
3.54,-1.58,44.354094,0.783882694,0,0.216117306
4.72,-1.58,44.354094,0.783882694,0,0.216117306
5.9,-1.58,44.354094,0.783882694,0,0.216117306
7.08,-1.58,44.354094,0.783882694,0,0.216117306
8.26,-1.58,44.354094,0.783882694,0,0.216117306
9.44,-1.58,44.354094,0.783882694,0,0.216117306
10.62,-1.58,44.354094,0.783882694,0,0.216117306
0,-0.400000000000002,44.354094,0.844095432,0,0.155904568
1.18,-0.400000000000002,44.354094,0.844095432,0,0.155904568
2.36,-0.400000000000002,44.354094,0.844095432,0,0.155904568
3.54,-0.400000000000002,44.354094,0.844095432,0,0.155904568
4.72,-0.400000000000002,44.354094,0.844095432,0,0.155904568
5.9,-0.400000000000002,44.354094,0.844095432,0,0.155904568
7.08,-0.400000000000002,44.354094,0.844095432,0,0.155904568
8.26,-0.400000000000002,44.354094,0.844095432,0,0.155904568
9.44,-0.400000000000002,44.354094,0.844095432,0,0.155904568
10.62,-0.400000000000002,44.354094,0.844095432,0,0.155904568
0,0.779999999999998,44.354094,0.819513725,0,0.180486275
1.18,0.779999999999998,44.354094,0.819513725,0,0.180486275
2.36,0.779999999999998,44.354094,0.819513725,0,0.180486275
3.54,0.779999999999998,44.354094,0.819513725,0,0.180486275
4.72,0.779999999999998,44.354094,0.819513725,0,0.180486275
5.9,0.779999999999998,44.354094,0.819513725,0,0.180486275
7.08,0.779999999999998,44.354094,0.819513725,0,0.180486275
8.26,0.779999999999998,44.354094,0.819513725,0,0.180486275
9.44,0.779999999999998,44.354094,0.819513725,0,0.180486275
10.62,0.779999999999998,44.354094,0.819513725,0,0.180486275
0,1.96,44.354094,0.783882694,0,0.216117306
1.18,1.96,44.354094,0.783882694,0,0.216117306
2.36,1.96,44.354094,0.783882694,0,0.216117306
3.54,1.96,44.354094,0.783882694,0,0.216117306
4.72,1.96,44.354094,0.783882694,0,0.216117306
5.9,1.96,44.354094,0.783882694,0,0.216117306
7.08,1.96,44.354094,0.783882694,0,0.216117306
8.26,1.96,44.354094,0.783882694,0,0.216117306
9.44,1.96,44.354094,0.783882694,0,0.216117306
10.62,1.96,44.354094,0.783882694,0,0.216117306
0,3.14,44.354094,0.748251662,0,0.251748338
1.18,3.14,44.354094,0.748251662,0,0.251748338
2.36,3.14,44.354094,0.748251662,0,0.251748338
3.54,3.14,44.354094,0.748251662,0,0.251748338
4.72,3.14,44.354094,0.748251662,0,0.251748338
5.9,3.14,44.354094,0.748251662,0,0.251748338
7.08,3.14,44.354094,0.748251662,0,0.251748338
8.26,3.14,44.354094,0.748251662,0,0.251748338
9.44,3.14,44.354094,0.748251662,0,0.251748338
10.62,3.14,44.354094,0.748251662,0,0.251748338
0,4.32,44.354094,0.712620631,0,0.287379369
1.18,4.32,44.354094,0.712620631,0,0.287379369
2.36,4.32,44.354094,0.712620631,0,0.287379369
3.54,4.32,44.354094,0.712620631,0,0.287379369
4.72,4.32,44.354094,0.712620631,0,0.287379369
5.9,4.32,44.354094,0.712620631,0,0.287379369
7.08,4.32,44.354094,0.712620631,0,0.287379369
8.26,4.32,44.354094,0.712620631,0,0.287379369
9.44,4.32,44.354094,0.712620631,0,0.287379369
10.62,4.32,44.354094,0.712620631,0,0.287379369
0,5.5,44.354094,0.676989599,0,0.323010401
1.18,5.5,44.354094,0.676989599,0,0.323010401
2.36,5.5,44.354094,0.676989599,0,0.323010401
3.54,5.5,44.354094,0.676989599,0,0.323010401
4.72,5.5,44.354094,0.676989599,0,0.323010401
5.9,5.5,44.354094,0.676989599,0,0.323010401
7.08,5.5,44.354094,0.676989599,0,0.323010401
8.26,5.5,44.354094,0.676989599,0,0.323010401
9.44,5.5,44.354094,0.676989599,0,0.323010401
10.62,5.5,44.354094,0.676989599,0,0.323010401
0,6.68,44.354094,0.605727536,0,0.394272464
1.18,6.68,44.354094,0.605727536,0,0.394272464
2.36,6.68,44.354094,0.605727536,0,0.394272464
3.54,6.68,44.354094,0.605727536,0,0.394272464
4.72,6.68,44.354094,0.605727536,0,0.394272464
5.9,6.68,44.354094,0.605727536,0,0.394272464
7.08,6.68,44.354094,0.605727536,0,0.394272464
8.26,6.68,44.354094,0.605727536,0,0.394272464
9.44,6.68,44.354094,0.605727536,0,0.394272464
10.62,6.68,44.354094,0.605727536,0,0.394272464
0,7.86,44.354094,0.605727536,0,0.394272464
1.18,7.86,44.354094,0.605727536,0,0.394272464
2.36,7.86,44.354094,0.605727536,0,0.394272464
3.54,7.86,44.354094,0.605727536,0,0.394272464
4.72,7.86,44.354094,0.605727536,0,0.394272464
5.9,7.86,44.354094,0.605727536,0,0.394272464
7.08,7.86,44.354094,0.605727536,0,0.394272464
8.26,7.86,44.354094,0.605727536,0,0.394272464
9.44,7.86,44.354094,0.605727536,0,0.394272464
10.62,7.86,44.354094,0.605727536,0,0.394272464
0,-7.48,44.974094,0.602942567,0,0.397057433
1.18,-7.48,44.974094,0.602942567,0,0.397057433
2.36,-7.48,44.974094,0.602942567,0,0.397057433
3.54,-7.48,44.974094,0.602942567,0,0.397057433
4.72,-7.48,44.974094,0.602942567,0,0.397057433
5.9,-7.48,44.974094,0.602942567,0,0.397057433
7.08,-7.48,44.974094,0.602942567,0,0.397057433
8.26,-7.48,44.974094,0.602942567,0,0.397057433
9.44,-7.48,44.974094,0.602942567,0,0.397057433
10.62,-7.48,44.974094,0.602942567,0,0.397057433
0,-6.3,44.974094,0.638409777,0,0.361590223
1.18,-6.3,44.974094,0.638409777,0,0.361590223
2.36,-6.3,44.974094,0.638409777,0,0.361590223
3.54,-6.3,44.974094,0.638409777,0,0.361590223
4.72,-6.3,44.974094,0.638409777,0,0.361590223
5.9,-6.3,44.974094,0.638409777,0,0.361590223
7.08,-6.3,44.974094,0.638409777,0,0.361590223
8.26,-6.3,44.974094,0.638409777,0,0.361590223
9.44,-6.3,44.974094,0.638409777,0,0.361590223
10.62,-6.3,44.974094,0.638409777,0,0.361590223
0,-5.12,44.974094,0.673876987,0,0.326123013
1.18,-5.12,44.974094,0.673876987,0,0.326123013
2.36,-5.12,44.974094,0.673876987,0,0.326123013
3.54,-5.12,44.974094,0.673876987,0,0.326123013
4.72,-5.12,44.974094,0.673876987,0,0.326123013
5.9,-5.12,44.974094,0.673876987,0,0.326123013
7.08,-5.12,44.974094,0.673876987,0,0.326123013
8.26,-5.12,44.974094,0.673876987,0,0.326123013
9.44,-5.12,44.974094,0.673876987,0,0.326123013
10.62,-5.12,44.974094,0.673876987,0,0.326123013
0,-3.94,44.974094,0.709344197,0,0.290655803
1.18,-3.94,44.974094,0.709344197,0,0.290655803
2.36,-3.94,44.974094,0.709344197,0,0.290655803
3.54,-3.94,44.974094,0.709344197,0,0.290655803
4.72,-3.94,44.974094,0.709344197,0,0.290655803
5.9,-3.94,44.974094,0.709344197,0,0.290655803
7.08,-3.94,44.974094,0.709344197,0,0.290655803
8.26,-3.94,44.974094,0.709344197,0,0.290655803
9.44,-3.94,44.974094,0.709344197,0,0.290655803
10.62,-3.94,44.974094,0.709344197,0,0.290655803
0,-2.76,44.974094,0.744811407,0,0.255188593
1.18,-2.76,44.974094,0.744811407,0,0.255188593
2.36,-2.76,44.974094,0.744811407,0,0.255188593
3.54,-2.76,44.974094,0.744811407,0,0.255188593
4.72,-2.76,44.974094,0.744811407,0,0.255188593
5.9,-2.76,44.974094,0.744811407,0,0.255188593
7.08,-2.76,44.974094,0.744811407,0,0.255188593
8.26,-2.76,44.974094,0.744811407,0,0.255188593
9.44,-2.76,44.974094,0.744811407,0,0.255188593
10.62,-2.76,44.974094,0.744811407,0,0.255188593
0,-1.58,44.974094,0.780278616,0,0.219721384
1.18,-1.58,44.974094,0.780278616,0,0.219721384
2.36,-1.58,44.974094,0.780278616,0,0.219721384
3.54,-1.58,44.974094,0.780278616,0,0.219721384
4.72,-1.58,44.974094,0.780278616,0,0.219721384
5.9,-1.58,44.974094,0.780278616,0,0.219721384
7.08,-1.58,44.974094,0.780278616,0,0.219721384
8.26,-1.58,44.974094,0.780278616,0,0.219721384
9.44,-1.58,44.974094,0.780278616,0,0.219721384
10.62,-1.58,44.974094,0.780278616,0,0.219721384
0,-0.400000000000002,44.974094,0.840214513,0,0.159785487
1.18,-0.400000000000002,44.974094,0.840214513,0,0.159785487
2.36,-0.400000000000002,44.974094,0.840214513,0,0.159785487
3.54,-0.400000000000002,44.974094,0.840214513,0,0.159785487
4.72,-0.400000000000002,44.974094,0.840214513,0,0.159785487
5.9,-0.400000000000002,44.974094,0.840214513,0,0.159785487
7.08,-0.400000000000002,44.974094,0.840214513,0,0.159785487
8.26,-0.400000000000002,44.974094,0.840214513,0,0.159785487
9.44,-0.400000000000002,44.974094,0.840214513,0,0.159785487
10.62,-0.400000000000002,44.974094,0.840214513,0,0.159785487
0,0.779999999999998,44.974094,0.815745826,0,0.184254174
1.18,0.779999999999998,44.974094,0.815745826,0,0.184254174
2.36,0.779999999999998,44.974094,0.815745826,0,0.184254174
3.54,0.779999999999998,44.974094,0.815745826,0,0.184254174
4.72,0.779999999999998,44.974094,0.815745826,0,0.184254174
5.9,0.779999999999998,44.974094,0.815745826,0,0.184254174
7.08,0.779999999999998,44.974094,0.815745826,0,0.184254174
8.26,0.779999999999998,44.974094,0.815745826,0,0.184254174
9.44,0.779999999999998,44.974094,0.815745826,0,0.184254174
10.62,0.779999999999998,44.974094,0.815745826,0,0.184254174
0,1.96,44.974094,0.780278616,0,0.219721384
1.18,1.96,44.974094,0.780278616,0,0.219721384
2.36,1.96,44.974094,0.780278616,0,0.219721384
3.54,1.96,44.974094,0.780278616,0,0.219721384
4.72,1.96,44.974094,0.780278616,0,0.219721384
5.9,1.96,44.974094,0.780278616,0,0.219721384
7.08,1.96,44.974094,0.780278616,0,0.219721384
8.26,1.96,44.974094,0.780278616,0,0.219721384
9.44,1.96,44.974094,0.780278616,0,0.219721384
10.62,1.96,44.974094,0.780278616,0,0.219721384
0,3.14,44.974094,0.744811407,0,0.255188593
1.18,3.14,44.974094,0.744811407,0,0.255188593
2.36,3.14,44.974094,0.744811407,0,0.255188593
3.54,3.14,44.974094,0.744811407,0,0.255188593
4.72,3.14,44.974094,0.744811407,0,0.255188593
5.9,3.14,44.974094,0.744811407,0,0.255188593
7.08,3.14,44.974094,0.744811407,0,0.255188593
8.26,3.14,44.974094,0.744811407,0,0.255188593
9.44,3.14,44.974094,0.744811407,0,0.255188593
10.62,3.14,44.974094,0.744811407,0,0.255188593
0,4.32,44.974094,0.709344197,0,0.290655803
1.18,4.32,44.974094,0.709344197,0,0.290655803
2.36,4.32,44.974094,0.709344197,0,0.290655803
3.54,4.32,44.974094,0.709344197,0,0.290655803
4.72,4.32,44.974094,0.709344197,0,0.290655803
5.9,4.32,44.974094,0.709344197,0,0.290655803
7.08,4.32,44.974094,0.709344197,0,0.290655803
8.26,4.32,44.974094,0.709344197,0,0.290655803
9.44,4.32,44.974094,0.709344197,0,0.290655803
10.62,4.32,44.974094,0.709344197,0,0.290655803
0,5.5,44.974094,0.673876987,0,0.326123013
1.18,5.5,44.974094,0.673876987,0,0.326123013
2.36,5.5,44.974094,0.673876987,0,0.326123013
3.54,5.5,44.974094,0.673876987,0,0.326123013
4.72,5.5,44.974094,0.673876987,0,0.326123013
5.9,5.5,44.974094,0.673876987,0,0.326123013
7.08,5.5,44.974094,0.673876987,0,0.326123013
8.26,5.5,44.974094,0.673876987,0,0.326123013
9.44,5.5,44.974094,0.673876987,0,0.326123013
10.62,5.5,44.974094,0.673876987,0,0.326123013
0,6.68,44.974094,0.602942567,0,0.397057433
1.18,6.68,44.974094,0.602942567,0,0.397057433
2.36,6.68,44.974094,0.602942567,0,0.397057433
3.54,6.68,44.974094,0.602942567,0,0.397057433
4.72,6.68,44.974094,0.602942567,0,0.397057433
5.9,6.68,44.974094,0.602942567,0,0.397057433
7.08,6.68,44.974094,0.602942567,0,0.397057433
8.26,6.68,44.974094,0.602942567,0,0.397057433
9.44,6.68,44.974094,0.602942567,0,0.397057433
10.62,6.68,44.974094,0.602942567,0,0.397057433
0,7.86,44.974094,0.602942567,0,0.397057433
1.18,7.86,44.974094,0.602942567,0,0.397057433
2.36,7.86,44.974094,0.602942567,0,0.397057433
3.54,7.86,44.974094,0.602942567,0,0.397057433
4.72,7.86,44.974094,0.602942567,0,0.397057433
5.9,7.86,44.974094,0.602942567,0,0.397057433
7.08,7.86,44.974094,0.602942567,0,0.397057433
8.26,7.86,44.974094,0.602942567,0,0.397057433
9.44,7.86,44.974094,0.602942567,0,0.397057433
10.62,7.86,44.974094,0.602942567,0,0.397057433
0,-7.48,45.594094,0.600144675,0,0.399855325
1.18,-7.48,45.594094,0.600144675,0,0.399855325
2.36,-7.48,45.594094,0.600144675,0,0.399855325
3.54,-7.48,45.594094,0.600144675,0,0.399855325
4.72,-7.48,45.594094,0.600144675,0,0.399855325
5.9,-7.48,45.594094,0.600144675,0,0.399855325
7.08,-7.48,45.594094,0.600144675,0,0.399855325
8.26,-7.48,45.594094,0.600144675,0,0.399855325
9.44,-7.48,45.594094,0.600144675,0,0.399855325
10.62,-7.48,45.594094,0.600144675,0,0.399855325
0,-6.3,45.594094,0.632470952,0,0.367529048
1.18,-6.3,45.594094,0.632470952,0,0.367529048
2.36,-6.3,45.594094,0.632470952,0,0.367529048
3.54,-6.3,45.594094,0.632470952,0,0.367529048
4.72,-6.3,45.594094,0.632470952,0,0.367529048
5.9,-6.3,45.594094,0.632470952,0,0.367529048
7.08,-6.3,45.594094,0.632470952,0,0.367529048
8.26,-6.3,45.594094,0.632470952,0,0.367529048
9.44,-6.3,45.594094,0.632470952,0,0.367529048
10.62,-6.3,45.594094,0.632470952,0,0.367529048
0,-5.12,45.594094,0.667608228,0,0.332391772
1.18,-5.12,45.594094,0.667608228,0,0.332391772
2.36,-5.12,45.594094,0.667608228,0,0.332391772
3.54,-5.12,45.594094,0.667608228,0,0.332391772
4.72,-5.12,45.594094,0.667608228,0,0.332391772
5.9,-5.12,45.594094,0.667608228,0,0.332391772
7.08,-5.12,45.594094,0.667608228,0,0.332391772
8.26,-5.12,45.594094,0.667608228,0,0.332391772
9.44,-5.12,45.594094,0.667608228,0,0.332391772
10.62,-5.12,45.594094,0.667608228,0,0.332391772
0,-3.94,45.594094,0.702745503,0,0.297254497
1.18,-3.94,45.594094,0.702745503,0,0.297254497
2.36,-3.94,45.594094,0.702745503,0,0.297254497
3.54,-3.94,45.594094,0.702745503,0,0.297254497
4.72,-3.94,45.594094,0.702745503,0,0.297254497
5.9,-3.94,45.594094,0.702745503,0,0.297254497
7.08,-3.94,45.594094,0.702745503,0,0.297254497
8.26,-3.94,45.594094,0.702745503,0,0.297254497
9.44,-3.94,45.594094,0.702745503,0,0.297254497
10.62,-3.94,45.594094,0.702745503,0,0.297254497
0,-2.76,45.594094,0.737882778,0,0.262117222
1.18,-2.76,45.594094,0.737882778,0,0.262117222
2.36,-2.76,45.594094,0.737882778,0,0.262117222
3.54,-2.76,45.594094,0.737882778,0,0.262117222
4.72,-2.76,45.594094,0.737882778,0,0.262117222
5.9,-2.76,45.594094,0.737882778,0,0.262117222
7.08,-2.76,45.594094,0.737882778,0,0.262117222
8.26,-2.76,45.594094,0.737882778,0,0.262117222
9.44,-2.76,45.594094,0.737882778,0,0.262117222
10.62,-2.76,45.594094,0.737882778,0,0.262117222
0,-1.58,45.594094,0.773020053,0,0.226979947
1.18,-1.58,45.594094,0.773020053,0,0.226979947
2.36,-1.58,45.594094,0.773020053,0,0.226979947
3.54,-1.58,45.594094,0.773020053,0,0.226979947
4.72,-1.58,45.594094,0.773020053,0,0.226979947
5.9,-1.58,45.594094,0.773020053,0,0.226979947
7.08,-1.58,45.594094,0.773020053,0,0.226979947
8.26,-1.58,45.594094,0.773020053,0,0.226979947
9.44,-1.58,45.594094,0.773020053,0,0.226979947
10.62,-1.58,45.594094,0.773020053,0,0.226979947
0,-0.400000000000002,45.594094,0.832398394,0,0.167601606
1.18,-0.400000000000002,45.594094,0.832398394,0,0.167601606
2.36,-0.400000000000002,45.594094,0.832398394,0,0.167601606
3.54,-0.400000000000002,45.594094,0.832398394,0,0.167601606
4.72,-0.400000000000002,45.594094,0.832398394,0,0.167601606
5.9,-0.400000000000002,45.594094,0.832398394,0,0.167601606
7.08,-0.400000000000002,45.594094,0.832398394,0,0.167601606
8.26,-0.400000000000002,45.594094,0.832398394,0,0.167601606
9.44,-0.400000000000002,45.594094,0.832398394,0,0.167601606
10.62,-0.400000000000002,45.594094,0.832398394,0,0.167601606
0,0.779999999999998,45.594094,0.808157328,0,0.191842672
1.18,0.779999999999998,45.594094,0.808157328,0,0.191842672
2.36,0.779999999999998,45.594094,0.808157328,0,0.191842672
3.54,0.779999999999998,45.594094,0.808157328,0,0.191842672
4.72,0.779999999999998,45.594094,0.808157328,0,0.191842672
5.9,0.779999999999998,45.594094,0.808157328,0,0.191842672
7.08,0.779999999999998,45.594094,0.808157328,0,0.191842672
8.26,0.779999999999998,45.594094,0.808157328,0,0.191842672
9.44,0.779999999999998,45.594094,0.808157328,0,0.191842672
10.62,0.779999999999998,45.594094,0.808157328,0,0.191842672
0,1.96,45.594094,0.773020053,0,0.226979947
1.18,1.96,45.594094,0.773020053,0,0.226979947
2.36,1.96,45.594094,0.773020053,0,0.226979947
3.54,1.96,45.594094,0.773020053,0,0.226979947
4.72,1.96,45.594094,0.773020053,0,0.226979947
5.9,1.96,45.594094,0.773020053,0,0.226979947
7.08,1.96,45.594094,0.773020053,0,0.226979947
8.26,1.96,45.594094,0.773020053,0,0.226979947
9.44,1.96,45.594094,0.773020053,0,0.226979947
10.62,1.96,45.594094,0.773020053,0,0.226979947
0,3.14,45.594094,0.737882778,0,0.262117222
1.18,3.14,45.594094,0.737882778,0,0.262117222
2.36,3.14,45.594094,0.737882778,0,0.262117222
3.54,3.14,45.594094,0.737882778,0,0.262117222
4.72,3.14,45.594094,0.737882778,0,0.262117222
5.9,3.14,45.594094,0.737882778,0,0.262117222
7.08,3.14,45.594094,0.737882778,0,0.262117222
8.26,3.14,45.594094,0.737882778,0,0.262117222
9.44,3.14,45.594094,0.737882778,0,0.262117222
10.62,3.14,45.594094,0.737882778,0,0.262117222
0,4.32,45.594094,0.702745503,0,0.297254497
1.18,4.32,45.594094,0.702745503,0,0.297254497
2.36,4.32,45.594094,0.702745503,0,0.297254497
3.54,4.32,45.594094,0.702745503,0,0.297254497
4.72,4.32,45.594094,0.702745503,0,0.297254497
5.9,4.32,45.594094,0.702745503,0,0.297254497
7.08,4.32,45.594094,0.702745503,0,0.297254497
8.26,4.32,45.594094,0.702745503,0,0.297254497
9.44,4.32,45.594094,0.702745503,0,0.297254497
10.62,4.32,45.594094,0.702745503,0,0.297254497
0,5.5,45.594094,0.667608228,0,0.332391772
1.18,5.5,45.594094,0.667608228,0,0.332391772
2.36,5.5,45.594094,0.667608228,0,0.332391772
3.54,5.5,45.594094,0.667608228,0,0.332391772
4.72,5.5,45.594094,0.667608228,0,0.332391772
5.9,5.5,45.594094,0.667608228,0,0.332391772
7.08,5.5,45.594094,0.667608228,0,0.332391772
8.26,5.5,45.594094,0.667608228,0,0.332391772
9.44,5.5,45.594094,0.667608228,0,0.332391772
10.62,5.5,45.594094,0.667608228,0,0.332391772
0,6.68,45.594094,0.600144675,0,0.399855325
1.18,6.68,45.594094,0.600144675,0,0.399855325
2.36,6.68,45.594094,0.600144675,0,0.399855325
3.54,6.68,45.594094,0.600144675,0,0.399855325
4.72,6.68,45.594094,0.600144675,0,0.399855325
5.9,6.68,45.594094,0.600144675,0,0.399855325
7.08,6.68,45.594094,0.600144675,0,0.399855325
8.26,6.68,45.594094,0.600144675,0,0.399855325
9.44,6.68,45.594094,0.600144675,0,0.399855325
10.62,6.68,45.594094,0.600144675,0,0.399855325
0,7.86,45.594094,0.600144675,0,0.399855325
1.18,7.86,45.594094,0.600144675,0,0.399855325
2.36,7.86,45.594094,0.600144675,0,0.399855325
3.54,7.86,45.594094,0.600144675,0,0.399855325
4.72,7.86,45.594094,0.600144675,0,0.399855325
5.9,7.86,45.594094,0.600144675,0,0.399855325
7.08,7.86,45.594094,0.600144675,0,0.399855325
8.26,7.86,45.594094,0.600144675,0,0.399855325
9.44,7.86,45.594094,0.600144675,0,0.399855325
10.62,7.86,45.594094,0.600144675,0,0.399855325
0,-6.3,46.214094,0.629480529,0,0.370519471
1.18,-6.3,46.214094,0.629480529,0,0.370519471
2.36,-6.3,46.214094,0.629480529,0,0.370519471
3.54,-6.3,46.214094,0.629480529,0,0.370519471
4.72,-6.3,46.214094,0.629480529,0,0.370519471
5.9,-6.3,46.214094,0.629480529,0,0.370519471
7.08,-6.3,46.214094,0.629480529,0,0.370519471
8.26,-6.3,46.214094,0.629480529,0,0.370519471
9.44,-6.3,46.214094,0.629480529,0,0.370519471
10.62,-6.3,46.214094,0.629480529,0,0.370519471
0,-5.12,46.214094,0.66445167,0,0.33554833
1.18,-5.12,46.214094,0.66445167,0,0.33554833
2.36,-5.12,46.214094,0.66445167,0,0.33554833
3.54,-5.12,46.214094,0.66445167,0,0.33554833
4.72,-5.12,46.214094,0.66445167,0,0.33554833
5.9,-5.12,46.214094,0.66445167,0,0.33554833
7.08,-5.12,46.214094,0.66445167,0,0.33554833
8.26,-5.12,46.214094,0.66445167,0,0.33554833
9.44,-5.12,46.214094,0.66445167,0,0.33554833
10.62,-5.12,46.214094,0.66445167,0,0.33554833
0,-3.94,46.214094,0.69942281,0,0.30057719
1.18,-3.94,46.214094,0.69942281,0,0.30057719
2.36,-3.94,46.214094,0.69942281,0,0.30057719
3.54,-3.94,46.214094,0.69942281,0,0.30057719
4.72,-3.94,46.214094,0.69942281,0,0.30057719
5.9,-3.94,46.214094,0.69942281,0,0.30057719
7.08,-3.94,46.214094,0.69942281,0,0.30057719
8.26,-3.94,46.214094,0.69942281,0,0.30057719
9.44,-3.94,46.214094,0.69942281,0,0.30057719
10.62,-3.94,46.214094,0.69942281,0,0.30057719
0,-2.76,46.214094,0.734393951,0,0.265606049
1.18,-2.76,46.214094,0.734393951,0,0.265606049
2.36,-2.76,46.214094,0.734393951,0,0.265606049
3.54,-2.76,46.214094,0.734393951,0,0.265606049
4.72,-2.76,46.214094,0.734393951,0,0.265606049
5.9,-2.76,46.214094,0.734393951,0,0.265606049
7.08,-2.76,46.214094,0.734393951,0,0.265606049
8.26,-2.76,46.214094,0.734393951,0,0.265606049
9.44,-2.76,46.214094,0.734393951,0,0.265606049
10.62,-2.76,46.214094,0.734393951,0,0.265606049
0,-1.58,46.214094,0.769365091,0,0.230634909
1.18,-1.58,46.214094,0.769365091,0,0.230634909
2.36,-1.58,46.214094,0.769365091,0,0.230634909
3.54,-1.58,46.214094,0.769365091,0,0.230634909
4.72,-1.58,46.214094,0.769365091,0,0.230634909
5.9,-1.58,46.214094,0.769365091,0,0.230634909
7.08,-1.58,46.214094,0.769365091,0,0.230634909
8.26,-1.58,46.214094,0.769365091,0,0.230634909
9.44,-1.58,46.214094,0.769365091,0,0.230634909
10.62,-1.58,46.214094,0.769365091,0,0.230634909
0,-0.400000000000002,46.214094,0.828462682,0,0.171537318
1.18,-0.400000000000002,46.214094,0.828462682,0,0.171537318
2.36,-0.400000000000002,46.214094,0.828462682,0,0.171537318
3.54,-0.400000000000002,46.214094,0.828462682,0,0.171537318
4.72,-0.400000000000002,46.214094,0.828462682,0,0.171537318
5.9,-0.400000000000002,46.214094,0.828462682,0,0.171537318
7.08,-0.400000000000002,46.214094,0.828462682,0,0.171537318
8.26,-0.400000000000002,46.214094,0.828462682,0,0.171537318
9.44,-0.400000000000002,46.214094,0.828462682,0,0.171537318
10.62,-0.400000000000002,46.214094,0.828462682,0,0.171537318
0,0.779999999999998,46.214094,0.804336232,0,0.195663768
1.18,0.779999999999998,46.214094,0.804336232,0,0.195663768
2.36,0.779999999999998,46.214094,0.804336232,0,0.195663768
3.54,0.779999999999998,46.214094,0.804336232,0,0.195663768
4.72,0.779999999999998,46.214094,0.804336232,0,0.195663768
5.9,0.779999999999998,46.214094,0.804336232,0,0.195663768
7.08,0.779999999999998,46.214094,0.804336232,0,0.195663768
8.26,0.779999999999998,46.214094,0.804336232,0,0.195663768
9.44,0.779999999999998,46.214094,0.804336232,0,0.195663768
10.62,0.779999999999998,46.214094,0.804336232,0,0.195663768
0,1.96,46.214094,0.769365091,0,0.230634909
1.18,1.96,46.214094,0.769365091,0,0.230634909
2.36,1.96,46.214094,0.769365091,0,0.230634909
3.54,1.96,46.214094,0.769365091,0,0.230634909
4.72,1.96,46.214094,0.769365091,0,0.230634909
5.9,1.96,46.214094,0.769365091,0,0.230634909
7.08,1.96,46.214094,0.769365091,0,0.230634909
8.26,1.96,46.214094,0.769365091,0,0.230634909
9.44,1.96,46.214094,0.769365091,0,0.230634909
10.62,1.96,46.214094,0.769365091,0,0.230634909
0,3.14,46.214094,0.734393951,0,0.265606049
1.18,3.14,46.214094,0.734393951,0,0.265606049
2.36,3.14,46.214094,0.734393951,0,0.265606049
3.54,3.14,46.214094,0.734393951,0,0.265606049
4.72,3.14,46.214094,0.734393951,0,0.265606049
5.9,3.14,46.214094,0.734393951,0,0.265606049
7.08,3.14,46.214094,0.734393951,0,0.265606049
8.26,3.14,46.214094,0.734393951,0,0.265606049
9.44,3.14,46.214094,0.734393951,0,0.265606049
10.62,3.14,46.214094,0.734393951,0,0.265606049
0,4.32,46.214094,0.69942281,0,0.30057719
1.18,4.32,46.214094,0.69942281,0,0.30057719
2.36,4.32,46.214094,0.69942281,0,0.30057719
3.54,4.32,46.214094,0.69942281,0,0.30057719
4.72,4.32,46.214094,0.69942281,0,0.30057719
5.9,4.32,46.214094,0.69942281,0,0.30057719
7.08,4.32,46.214094,0.69942281,0,0.30057719
8.26,4.32,46.214094,0.69942281,0,0.30057719
9.44,4.32,46.214094,0.69942281,0,0.30057719
10.62,4.32,46.214094,0.69942281,0,0.30057719
0,5.5,46.214094,0.66445167,0,0.33554833
1.18,5.5,46.214094,0.66445167,0,0.33554833
2.36,5.5,46.214094,0.66445167,0,0.33554833
3.54,5.5,46.214094,0.66445167,0,0.33554833
4.72,5.5,46.214094,0.66445167,0,0.33554833
5.9,5.5,46.214094,0.66445167,0,0.33554833
7.08,5.5,46.214094,0.66445167,0,0.33554833
8.26,5.5,46.214094,0.66445167,0,0.33554833
9.44,5.5,46.214094,0.66445167,0,0.33554833
10.62,5.5,46.214094,0.66445167,0,0.33554833
0,6.68,46.214094,0.629480529,0,0.370519471
1.18,6.68,46.214094,0.629480529,0,0.370519471
2.36,6.68,46.214094,0.629480529,0,0.370519471
3.54,6.68,46.214094,0.629480529,0,0.370519471
4.72,6.68,46.214094,0.629480529,0,0.370519471
5.9,6.68,46.214094,0.629480529,0,0.370519471
7.08,6.68,46.214094,0.629480529,0,0.370519471
8.26,6.68,46.214094,0.629480529,0,0.370519471
9.44,6.68,46.214094,0.629480529,0,0.370519471
10.62,6.68,46.214094,0.629480529,0,0.370519471
0,-6.3,46.834094,0.626475832,0,0.373524168
1.18,-6.3,46.834094,0.626475832,0,0.373524168
2.36,-6.3,46.834094,0.626475832,0,0.373524168
3.54,-6.3,46.834094,0.626475832,0,0.373524168
4.72,-6.3,46.834094,0.626475832,0,0.373524168
5.9,-6.3,46.834094,0.626475832,0,0.373524168
7.08,-6.3,46.834094,0.626475832,0,0.373524168
8.26,-6.3,46.834094,0.626475832,0,0.373524168
9.44,-6.3,46.834094,0.626475832,0,0.373524168
10.62,-6.3,46.834094,0.626475832,0,0.373524168
0,-5.12,46.834094,0.661280045,0,0.338719955
1.18,-5.12,46.834094,0.661280045,0,0.338719955
2.36,-5.12,46.834094,0.661280045,0,0.338719955
3.54,-5.12,46.834094,0.661280045,0,0.338719955
4.72,-5.12,46.834094,0.661280045,0,0.338719955
5.9,-5.12,46.834094,0.661280045,0,0.338719955
7.08,-5.12,46.834094,0.661280045,0,0.338719955
8.26,-5.12,46.834094,0.661280045,0,0.338719955
9.44,-5.12,46.834094,0.661280045,0,0.338719955
10.62,-5.12,46.834094,0.661280045,0,0.338719955
0,-3.94,46.834094,0.696084258,0,0.303915742
1.18,-3.94,46.834094,0.696084258,0,0.303915742
2.36,-3.94,46.834094,0.696084258,0,0.303915742
3.54,-3.94,46.834094,0.696084258,0,0.303915742
4.72,-3.94,46.834094,0.696084258,0,0.303915742
5.9,-3.94,46.834094,0.696084258,0,0.303915742
7.08,-3.94,46.834094,0.696084258,0,0.303915742
8.26,-3.94,46.834094,0.696084258,0,0.303915742
9.44,-3.94,46.834094,0.696084258,0,0.303915742
10.62,-3.94,46.834094,0.696084258,0,0.303915742
0,-2.76,46.834094,0.73088847,0,0.26911153
1.18,-2.76,46.834094,0.73088847,0,0.26911153
2.36,-2.76,46.834094,0.73088847,0,0.26911153
3.54,-2.76,46.834094,0.73088847,0,0.26911153
4.72,-2.76,46.834094,0.73088847,0,0.26911153
5.9,-2.76,46.834094,0.73088847,0,0.26911153
7.08,-2.76,46.834094,0.73088847,0,0.26911153
8.26,-2.76,46.834094,0.73088847,0,0.26911153
9.44,-2.76,46.834094,0.73088847,0,0.26911153
10.62,-2.76,46.834094,0.73088847,0,0.26911153
0,-1.58,46.834094,0.765692683,0,0.234307317
1.18,-1.58,46.834094,0.765692683,0,0.234307317
2.36,-1.58,46.834094,0.765692683,0,0.234307317
3.54,-1.58,46.834094,0.765692683,0,0.234307317
4.72,-1.58,46.834094,0.765692683,0,0.234307317
5.9,-1.58,46.834094,0.765692683,0,0.234307317
7.08,-1.58,46.834094,0.765692683,0,0.234307317
8.26,-1.58,46.834094,0.765692683,0,0.234307317
9.44,-1.58,46.834094,0.765692683,0,0.234307317
10.62,-1.58,46.834094,0.765692683,0,0.234307317
0,-0.400000000000002,46.834094,0.824508183,0,0.175491817
1.18,-0.400000000000002,46.834094,0.824508183,0,0.175491817
2.36,-0.400000000000002,46.834094,0.824508183,0,0.175491817
3.54,-0.400000000000002,46.834094,0.824508183,0,0.175491817
4.72,-0.400000000000002,46.834094,0.824508183,0,0.175491817
5.9,-0.400000000000002,46.834094,0.824508183,0,0.175491817
7.08,-0.400000000000002,46.834094,0.824508183,0,0.175491817
8.26,-0.400000000000002,46.834094,0.824508183,0,0.175491817
9.44,-0.400000000000002,46.834094,0.824508183,0,0.175491817
10.62,-0.400000000000002,46.834094,0.824508183,0,0.175491817
0,0.779999999999998,46.834094,0.800496896,0,0.199503104
1.18,0.779999999999998,46.834094,0.800496896,0,0.199503104
2.36,0.779999999999998,46.834094,0.800496896,0,0.199503104
3.54,0.779999999999998,46.834094,0.800496896,0,0.199503104
4.72,0.779999999999998,46.834094,0.800496896,0,0.199503104
5.9,0.779999999999998,46.834094,0.800496896,0,0.199503104
7.08,0.779999999999998,46.834094,0.800496896,0,0.199503104
8.26,0.779999999999998,46.834094,0.800496896,0,0.199503104
9.44,0.779999999999998,46.834094,0.800496896,0,0.199503104
10.62,0.779999999999998,46.834094,0.800496896,0,0.199503104
0,1.96,46.834094,0.765692683,0,0.234307317
1.18,1.96,46.834094,0.765692683,0,0.234307317
2.36,1.96,46.834094,0.765692683,0,0.234307317
3.54,1.96,46.834094,0.765692683,0,0.234307317
4.72,1.96,46.834094,0.765692683,0,0.234307317
5.9,1.96,46.834094,0.765692683,0,0.234307317
7.08,1.96,46.834094,0.765692683,0,0.234307317
8.26,1.96,46.834094,0.765692683,0,0.234307317
9.44,1.96,46.834094,0.765692683,0,0.234307317
10.62,1.96,46.834094,0.765692683,0,0.234307317
0,3.14,46.834094,0.73088847,0,0.26911153
1.18,3.14,46.834094,0.73088847,0,0.26911153
2.36,3.14,46.834094,0.73088847,0,0.26911153
3.54,3.14,46.834094,0.73088847,0,0.26911153
4.72,3.14,46.834094,0.73088847,0,0.26911153
5.9,3.14,46.834094,0.73088847,0,0.26911153
7.08,3.14,46.834094,0.73088847,0,0.26911153
8.26,3.14,46.834094,0.73088847,0,0.26911153
9.44,3.14,46.834094,0.73088847,0,0.26911153
10.62,3.14,46.834094,0.73088847,0,0.26911153
0,4.32,46.834094,0.696084258,0,0.303915742
1.18,4.32,46.834094,0.696084258,0,0.303915742
2.36,4.32,46.834094,0.696084258,0,0.303915742
3.54,4.32,46.834094,0.696084258,0,0.303915742
4.72,4.32,46.834094,0.696084258,0,0.303915742
5.9,4.32,46.834094,0.696084258,0,0.303915742
7.08,4.32,46.834094,0.696084258,0,0.303915742
8.26,4.32,46.834094,0.696084258,0,0.303915742
9.44,4.32,46.834094,0.696084258,0,0.303915742
10.62,4.32,46.834094,0.696084258,0,0.303915742
0,5.5,46.834094,0.661280045,0,0.338719955
1.18,5.5,46.834094,0.661280045,0,0.338719955
2.36,5.5,46.834094,0.661280045,0,0.338719955
3.54,5.5,46.834094,0.661280045,0,0.338719955
4.72,5.5,46.834094,0.661280045,0,0.338719955
5.9,5.5,46.834094,0.661280045,0,0.338719955
7.08,5.5,46.834094,0.661280045,0,0.338719955
8.26,5.5,46.834094,0.661280045,0,0.338719955
9.44,5.5,46.834094,0.661280045,0,0.338719955
10.62,5.5,46.834094,0.661280045,0,0.338719955
0,6.68,46.834094,0.626475832,0,0.373524168
1.18,6.68,46.834094,0.626475832,0,0.373524168
2.36,6.68,46.834094,0.626475832,0,0.373524168
3.54,6.68,46.834094,0.626475832,0,0.373524168
4.72,6.68,46.834094,0.626475832,0,0.373524168
5.9,6.68,46.834094,0.626475832,0,0.373524168
7.08,6.68,46.834094,0.626475832,0,0.373524168
8.26,6.68,46.834094,0.626475832,0,0.373524168
9.44,6.68,46.834094,0.626475832,0,0.373524168
10.62,6.68,46.834094,0.626475832,0,0.373524168
0,-6.3,47.454094,0.623456654,0,0.376543346
1.18,-6.3,47.454094,0.623456654,0,0.376543346
2.36,-6.3,47.454094,0.623456654,0,0.376543346
3.54,-6.3,47.454094,0.623456654,0,0.376543346
4.72,-6.3,47.454094,0.623456654,0,0.376543346
5.9,-6.3,47.454094,0.623456654,0,0.376543346
7.08,-6.3,47.454094,0.623456654,0,0.376543346
8.26,-6.3,47.454094,0.623456654,0,0.376543346
9.44,-6.3,47.454094,0.623456654,0,0.376543346
10.62,-6.3,47.454094,0.623456654,0,0.376543346
0,-5.12,47.454094,0.658093134,0,0.341906866
1.18,-5.12,47.454094,0.658093134,0,0.341906866
2.36,-5.12,47.454094,0.658093134,0,0.341906866
3.54,-5.12,47.454094,0.658093134,0,0.341906866
4.72,-5.12,47.454094,0.658093134,0,0.341906866
5.9,-5.12,47.454094,0.658093134,0,0.341906866
7.08,-5.12,47.454094,0.658093134,0,0.341906866
8.26,-5.12,47.454094,0.658093134,0,0.341906866
9.44,-5.12,47.454094,0.658093134,0,0.341906866
10.62,-5.12,47.454094,0.658093134,0,0.341906866
0,-3.94,47.454094,0.692729615,0,0.307270385
1.18,-3.94,47.454094,0.692729615,0,0.307270385
2.36,-3.94,47.454094,0.692729615,0,0.307270385
3.54,-3.94,47.454094,0.692729615,0,0.307270385
4.72,-3.94,47.454094,0.692729615,0,0.307270385
5.9,-3.94,47.454094,0.692729615,0,0.307270385
7.08,-3.94,47.454094,0.692729615,0,0.307270385
8.26,-3.94,47.454094,0.692729615,0,0.307270385
9.44,-3.94,47.454094,0.692729615,0,0.307270385
10.62,-3.94,47.454094,0.692729615,0,0.307270385
0,-2.76,47.454094,0.727366096,0,0.272633904
1.18,-2.76,47.454094,0.727366096,0,0.272633904
2.36,-2.76,47.454094,0.727366096,0,0.272633904
3.54,-2.76,47.454094,0.727366096,0,0.272633904
4.72,-2.76,47.454094,0.727366096,0,0.272633904
5.9,-2.76,47.454094,0.727366096,0,0.272633904
7.08,-2.76,47.454094,0.727366096,0,0.272633904
8.26,-2.76,47.454094,0.727366096,0,0.272633904
9.44,-2.76,47.454094,0.727366096,0,0.272633904
10.62,-2.76,47.454094,0.727366096,0,0.272633904
0,-1.58,47.454094,0.762002577,0,0.237997423
1.18,-1.58,47.454094,0.762002577,0,0.237997423
2.36,-1.58,47.454094,0.762002577,0,0.237997423
3.54,-1.58,47.454094,0.762002577,0,0.237997423
4.72,-1.58,47.454094,0.762002577,0,0.237997423
5.9,-1.58,47.454094,0.762002577,0,0.237997423
7.08,-1.58,47.454094,0.762002577,0,0.237997423
8.26,-1.58,47.454094,0.762002577,0,0.237997423
9.44,-1.58,47.454094,0.762002577,0,0.237997423
10.62,-1.58,47.454094,0.762002577,0,0.237997423
0,-0.400000000000002,47.454094,0.820534627,0,0.179465373
1.18,-0.400000000000002,47.454094,0.820534627,0,0.179465373
2.36,-0.400000000000002,47.454094,0.820534627,0,0.179465373
3.54,-0.400000000000002,47.454094,0.820534627,0,0.179465373
4.72,-0.400000000000002,47.454094,0.820534627,0,0.179465373
5.9,-0.400000000000002,47.454094,0.820534627,0,0.179465373
7.08,-0.400000000000002,47.454094,0.820534627,0,0.179465373
8.26,-0.400000000000002,47.454094,0.820534627,0,0.179465373
9.44,-0.400000000000002,47.454094,0.820534627,0,0.179465373
10.62,-0.400000000000002,47.454094,0.820534627,0,0.179465373
0,0.779999999999998,47.454094,0.796639057,0,0.203360943
1.18,0.779999999999998,47.454094,0.796639057,0,0.203360943
2.36,0.779999999999998,47.454094,0.796639057,0,0.203360943
3.54,0.779999999999998,47.454094,0.796639057,0,0.203360943
4.72,0.779999999999998,47.454094,0.796639057,0,0.203360943
5.9,0.779999999999998,47.454094,0.796639057,0,0.203360943
7.08,0.779999999999998,47.454094,0.796639057,0,0.203360943
8.26,0.779999999999998,47.454094,0.796639057,0,0.203360943
9.44,0.779999999999998,47.454094,0.796639057,0,0.203360943
10.62,0.779999999999998,47.454094,0.796639057,0,0.203360943
0,1.96,47.454094,0.762002577,0,0.237997423
1.18,1.96,47.454094,0.762002577,0,0.237997423
2.36,1.96,47.454094,0.762002577,0,0.237997423
3.54,1.96,47.454094,0.762002577,0,0.237997423
4.72,1.96,47.454094,0.762002577,0,0.237997423
5.9,1.96,47.454094,0.762002577,0,0.237997423
7.08,1.96,47.454094,0.762002577,0,0.237997423
8.26,1.96,47.454094,0.762002577,0,0.237997423
9.44,1.96,47.454094,0.762002577,0,0.237997423
10.62,1.96,47.454094,0.762002577,0,0.237997423
0,3.14,47.454094,0.727366096,0,0.272633904
1.18,3.14,47.454094,0.727366096,0,0.272633904
2.36,3.14,47.454094,0.727366096,0,0.272633904
3.54,3.14,47.454094,0.727366096,0,0.272633904
4.72,3.14,47.454094,0.727366096,0,0.272633904
5.9,3.14,47.454094,0.727366096,0,0.272633904
7.08,3.14,47.454094,0.727366096,0,0.272633904
8.26,3.14,47.454094,0.727366096,0,0.272633904
9.44,3.14,47.454094,0.727366096,0,0.272633904
10.62,3.14,47.454094,0.727366096,0,0.272633904
0,4.32,47.454094,0.692729615,0,0.307270385
1.18,4.32,47.454094,0.692729615,0,0.307270385
2.36,4.32,47.454094,0.692729615,0,0.307270385
3.54,4.32,47.454094,0.692729615,0,0.307270385
4.72,4.32,47.454094,0.692729615,0,0.307270385
5.9,4.32,47.454094,0.692729615,0,0.307270385
7.08,4.32,47.454094,0.692729615,0,0.307270385
8.26,4.32,47.454094,0.692729615,0,0.307270385
9.44,4.32,47.454094,0.692729615,0,0.307270385
10.62,4.32,47.454094,0.692729615,0,0.307270385
0,5.5,47.454094,0.658093134,0,0.341906866
1.18,5.5,47.454094,0.658093134,0,0.341906866
2.36,5.5,47.454094,0.658093134,0,0.341906866
3.54,5.5,47.454094,0.658093134,0,0.341906866
4.72,5.5,47.454094,0.658093134,0,0.341906866
5.9,5.5,47.454094,0.658093134,0,0.341906866
7.08,5.5,47.454094,0.658093134,0,0.341906866
8.26,5.5,47.454094,0.658093134,0,0.341906866
9.44,5.5,47.454094,0.658093134,0,0.341906866
10.62,5.5,47.454094,0.658093134,0,0.341906866
0,6.68,47.454094,0.623456654,0,0.376543346
1.18,6.68,47.454094,0.623456654,0,0.376543346
2.36,6.68,47.454094,0.623456654,0,0.376543346
3.54,6.68,47.454094,0.623456654,0,0.376543346
4.72,6.68,47.454094,0.623456654,0,0.376543346
5.9,6.68,47.454094,0.623456654,0,0.376543346
7.08,6.68,47.454094,0.623456654,0,0.376543346
8.26,6.68,47.454094,0.623456654,0,0.376543346
9.44,6.68,47.454094,0.623456654,0,0.376543346
10.62,6.68,47.454094,0.623456654,0,0.376543346
0,-6.3,48.074094,0.617374004,0,0.382625996
1.18,-6.3,48.074094,0.617374004,0,0.382625996
2.36,-6.3,48.074094,0.617374004,0,0.382625996
3.54,-6.3,48.074094,0.617374004,0,0.382625996
4.72,-6.3,48.074094,0.617374004,0,0.382625996
5.9,-6.3,48.074094,0.617374004,0,0.382625996
7.08,-6.3,48.074094,0.617374004,0,0.382625996
8.26,-6.3,48.074094,0.617374004,0,0.382625996
9.44,-6.3,48.074094,0.617374004,0,0.382625996
10.62,-6.3,48.074094,0.617374004,0,0.382625996
0,-5.12,48.074094,0.65167256,0,0.34832744
1.18,-5.12,48.074094,0.65167256,0,0.34832744
2.36,-5.12,48.074094,0.65167256,0,0.34832744
3.54,-5.12,48.074094,0.65167256,0,0.34832744
4.72,-5.12,48.074094,0.65167256,0,0.34832744
5.9,-5.12,48.074094,0.65167256,0,0.34832744
7.08,-5.12,48.074094,0.65167256,0,0.34832744
8.26,-5.12,48.074094,0.65167256,0,0.34832744
9.44,-5.12,48.074094,0.65167256,0,0.34832744
10.62,-5.12,48.074094,0.65167256,0,0.34832744
0,-3.94,48.074094,0.685971116,0,0.314028884
1.18,-3.94,48.074094,0.685971116,0,0.314028884
2.36,-3.94,48.074094,0.685971116,0,0.314028884
3.54,-3.94,48.074094,0.685971116,0,0.314028884
4.72,-3.94,48.074094,0.685971116,0,0.314028884
5.9,-3.94,48.074094,0.685971116,0,0.314028884
7.08,-3.94,48.074094,0.685971116,0,0.314028884
8.26,-3.94,48.074094,0.685971116,0,0.314028884
9.44,-3.94,48.074094,0.685971116,0,0.314028884
10.62,-3.94,48.074094,0.685971116,0,0.314028884
0,-2.76,48.074094,0.720269672,0,0.279730328
1.18,-2.76,48.074094,0.720269672,0,0.279730328
2.36,-2.76,48.074094,0.720269672,0,0.279730328
3.54,-2.76,48.074094,0.720269672,0,0.279730328
4.72,-2.76,48.074094,0.720269672,0,0.279730328
5.9,-2.76,48.074094,0.720269672,0,0.279730328
7.08,-2.76,48.074094,0.720269672,0,0.279730328
8.26,-2.76,48.074094,0.720269672,0,0.279730328
9.44,-2.76,48.074094,0.720269672,0,0.279730328
10.62,-2.76,48.074094,0.720269672,0,0.279730328
0,-1.58,48.074094,0.754568227,0,0.245431773
1.18,-1.58,48.074094,0.754568227,0,0.245431773
2.36,-1.58,48.074094,0.754568227,0,0.245431773
3.54,-1.58,48.074094,0.754568227,0,0.245431773
4.72,-1.58,48.074094,0.754568227,0,0.245431773
5.9,-1.58,48.074094,0.754568227,0,0.245431773
7.08,-1.58,48.074094,0.754568227,0,0.245431773
8.26,-1.58,48.074094,0.754568227,0,0.245431773
9.44,-1.58,48.074094,0.754568227,0,0.245431773
10.62,-1.58,48.074094,0.754568227,0,0.245431773
0,-0.400000000000002,48.074094,0.81252922,0,0.18747078
1.18,-0.400000000000002,48.074094,0.81252922,0,0.18747078
2.36,-0.400000000000002,48.074094,0.81252922,0,0.18747078
3.54,-0.400000000000002,48.074094,0.81252922,0,0.18747078
4.72,-0.400000000000002,48.074094,0.81252922,0,0.18747078
5.9,-0.400000000000002,48.074094,0.81252922,0,0.18747078
7.08,-0.400000000000002,48.074094,0.81252922,0,0.18747078
8.26,-0.400000000000002,48.074094,0.81252922,0,0.18747078
9.44,-0.400000000000002,48.074094,0.81252922,0,0.18747078
10.62,-0.400000000000002,48.074094,0.81252922,0,0.18747078
0,0.779999999999998,48.074094,0.788866783,0,0.211133217
1.18,0.779999999999998,48.074094,0.788866783,0,0.211133217
2.36,0.779999999999998,48.074094,0.788866783,0,0.211133217
3.54,0.779999999999998,48.074094,0.788866783,0,0.211133217
4.72,0.779999999999998,48.074094,0.788866783,0,0.211133217
5.9,0.779999999999998,48.074094,0.788866783,0,0.211133217
7.08,0.779999999999998,48.074094,0.788866783,0,0.211133217
8.26,0.779999999999998,48.074094,0.788866783,0,0.211133217
9.44,0.779999999999998,48.074094,0.788866783,0,0.211133217
10.62,0.779999999999998,48.074094,0.788866783,0,0.211133217
0,1.96,48.074094,0.754568227,0,0.245431773
1.18,1.96,48.074094,0.754568227,0,0.245431773
2.36,1.96,48.074094,0.754568227,0,0.245431773
3.54,1.96,48.074094,0.754568227,0,0.245431773
4.72,1.96,48.074094,0.754568227,0,0.245431773
5.9,1.96,48.074094,0.754568227,0,0.245431773
7.08,1.96,48.074094,0.754568227,0,0.245431773
8.26,1.96,48.074094,0.754568227,0,0.245431773
9.44,1.96,48.074094,0.754568227,0,0.245431773
10.62,1.96,48.074094,0.754568227,0,0.245431773
0,3.14,48.074094,0.720269672,0,0.279730328
1.18,3.14,48.074094,0.720269672,0,0.279730328
2.36,3.14,48.074094,0.720269672,0,0.279730328
3.54,3.14,48.074094,0.720269672,0,0.279730328
4.72,3.14,48.074094,0.720269672,0,0.279730328
5.9,3.14,48.074094,0.720269672,0,0.279730328
7.08,3.14,48.074094,0.720269672,0,0.279730328
8.26,3.14,48.074094,0.720269672,0,0.279730328
9.44,3.14,48.074094,0.720269672,0,0.279730328
10.62,3.14,48.074094,0.720269672,0,0.279730328
0,4.32,48.074094,0.685971116,0,0.314028884
1.18,4.32,48.074094,0.685971116,0,0.314028884
2.36,4.32,48.074094,0.685971116,0,0.314028884
3.54,4.32,48.074094,0.685971116,0,0.314028884
4.72,4.32,48.074094,0.685971116,0,0.314028884
5.9,4.32,48.074094,0.685971116,0,0.314028884
7.08,4.32,48.074094,0.685971116,0,0.314028884
8.26,4.32,48.074094,0.685971116,0,0.314028884
9.44,4.32,48.074094,0.685971116,0,0.314028884
10.62,4.32,48.074094,0.685971116,0,0.314028884
0,5.5,48.074094,0.65167256,0,0.34832744
1.18,5.5,48.074094,0.65167256,0,0.34832744
2.36,5.5,48.074094,0.65167256,0,0.34832744
3.54,5.5,48.074094,0.65167256,0,0.34832744
4.72,5.5,48.074094,0.65167256,0,0.34832744
5.9,5.5,48.074094,0.65167256,0,0.34832744
7.08,5.5,48.074094,0.65167256,0,0.34832744
8.26,5.5,48.074094,0.65167256,0,0.34832744
9.44,5.5,48.074094,0.65167256,0,0.34832744
10.62,5.5,48.074094,0.65167256,0,0.34832744
0,6.68,48.074094,0.617374004,0,0.382625996
1.18,6.68,48.074094,0.617374004,0,0.382625996
2.36,6.68,48.074094,0.617374004,0,0.382625996
3.54,6.68,48.074094,0.617374004,0,0.382625996
4.72,6.68,48.074094,0.617374004,0,0.382625996
5.9,6.68,48.074094,0.617374004,0,0.382625996
7.08,6.68,48.074094,0.617374004,0,0.382625996
8.26,6.68,48.074094,0.617374004,0,0.382625996
9.44,6.68,48.074094,0.617374004,0,0.382625996
10.62,6.68,48.074094,0.617374004,0,0.382625996
0,-6.3,48.694094,0.614310094,0,0.385689906
1.18,-6.3,48.694094,0.614310094,0,0.385689906
2.36,-6.3,48.694094,0.614310094,0,0.385689906
3.54,-6.3,48.694094,0.614310094,0,0.385689906
4.72,-6.3,48.694094,0.614310094,0,0.385689906
5.9,-6.3,48.694094,0.614310094,0,0.385689906
7.08,-6.3,48.694094,0.614310094,0,0.385689906
8.26,-6.3,48.694094,0.614310094,0,0.385689906
9.44,-6.3,48.694094,0.614310094,0,0.385689906
10.62,-6.3,48.694094,0.614310094,0,0.385689906
0,-5.12,48.694094,0.648438433,0,0.351561567
1.18,-5.12,48.694094,0.648438433,0,0.351561567
2.36,-5.12,48.694094,0.648438433,0,0.351561567
3.54,-5.12,48.694094,0.648438433,0,0.351561567
4.72,-5.12,48.694094,0.648438433,0,0.351561567
5.9,-5.12,48.694094,0.648438433,0,0.351561567
7.08,-5.12,48.694094,0.648438433,0,0.351561567
8.26,-5.12,48.694094,0.648438433,0,0.351561567
9.44,-5.12,48.694094,0.648438433,0,0.351561567
10.62,-5.12,48.694094,0.648438433,0,0.351561567
0,-3.94,48.694094,0.682566772,0,0.317433228
1.18,-3.94,48.694094,0.682566772,0,0.317433228
2.36,-3.94,48.694094,0.682566772,0,0.317433228
3.54,-3.94,48.694094,0.682566772,0,0.317433228
4.72,-3.94,48.694094,0.682566772,0,0.317433228
5.9,-3.94,48.694094,0.682566772,0,0.317433228
7.08,-3.94,48.694094,0.682566772,0,0.317433228
8.26,-3.94,48.694094,0.682566772,0,0.317433228
9.44,-3.94,48.694094,0.682566772,0,0.317433228
10.62,-3.94,48.694094,0.682566772,0,0.317433228
0,-2.76,48.694094,0.71669511,0,0.28330489
1.18,-2.76,48.694094,0.71669511,0,0.28330489
2.36,-2.76,48.694094,0.71669511,0,0.28330489
3.54,-2.76,48.694094,0.71669511,0,0.28330489
4.72,-2.76,48.694094,0.71669511,0,0.28330489
5.9,-2.76,48.694094,0.71669511,0,0.28330489
7.08,-2.76,48.694094,0.71669511,0,0.28330489
8.26,-2.76,48.694094,0.71669511,0,0.28330489
9.44,-2.76,48.694094,0.71669511,0,0.28330489
10.62,-2.76,48.694094,0.71669511,0,0.28330489
0,-1.58,48.694094,0.750823449,0,0.249176551
1.18,-1.58,48.694094,0.750823449,0,0.249176551
2.36,-1.58,48.694094,0.750823449,0,0.249176551
3.54,-1.58,48.694094,0.750823449,0,0.249176551
4.72,-1.58,48.694094,0.750823449,0,0.249176551
5.9,-1.58,48.694094,0.750823449,0,0.249176551
7.08,-1.58,48.694094,0.750823449,0,0.249176551
8.26,-1.58,48.694094,0.750823449,0,0.249176551
9.44,-1.58,48.694094,0.750823449,0,0.249176551
10.62,-1.58,48.694094,0.750823449,0,0.249176551
0,-0.400000000000002,48.694094,0.808496792,0,0.191503208
1.18,-0.400000000000002,48.694094,0.808496792,0,0.191503208
2.36,-0.400000000000002,48.694094,0.808496792,0,0.191503208
3.54,-0.400000000000002,48.694094,0.808496792,0,0.191503208
4.72,-0.400000000000002,48.694094,0.808496792,0,0.191503208
5.9,-0.400000000000002,48.694094,0.808496792,0,0.191503208
7.08,-0.400000000000002,48.694094,0.808496792,0,0.191503208
8.26,-0.400000000000002,48.694094,0.808496792,0,0.191503208
9.44,-0.400000000000002,48.694094,0.808496792,0,0.191503208
10.62,-0.400000000000002,48.694094,0.808496792,0,0.191503208
0,0.779999999999998,48.694094,0.784951787,0,0.215048213
1.18,0.779999999999998,48.694094,0.784951787,0,0.215048213
2.36,0.779999999999998,48.694094,0.784951787,0,0.215048213
3.54,0.779999999999998,48.694094,0.784951787,0,0.215048213
4.72,0.779999999999998,48.694094,0.784951787,0,0.215048213
5.9,0.779999999999998,48.694094,0.784951787,0,0.215048213
7.08,0.779999999999998,48.694094,0.784951787,0,0.215048213
8.26,0.779999999999998,48.694094,0.784951787,0,0.215048213
9.44,0.779999999999998,48.694094,0.784951787,0,0.215048213
10.62,0.779999999999998,48.694094,0.784951787,0,0.215048213
0,1.96,48.694094,0.750823449,0,0.249176551
1.18,1.96,48.694094,0.750823449,0,0.249176551
2.36,1.96,48.694094,0.750823449,0,0.249176551
3.54,1.96,48.694094,0.750823449,0,0.249176551
4.72,1.96,48.694094,0.750823449,0,0.249176551
5.9,1.96,48.694094,0.750823449,0,0.249176551
7.08,1.96,48.694094,0.750823449,0,0.249176551
8.26,1.96,48.694094,0.750823449,0,0.249176551
9.44,1.96,48.694094,0.750823449,0,0.249176551
10.62,1.96,48.694094,0.750823449,0,0.249176551
0,3.14,48.694094,0.71669511,0,0.28330489
1.18,3.14,48.694094,0.71669511,0,0.28330489
2.36,3.14,48.694094,0.71669511,0,0.28330489
3.54,3.14,48.694094,0.71669511,0,0.28330489
4.72,3.14,48.694094,0.71669511,0,0.28330489
5.9,3.14,48.694094,0.71669511,0,0.28330489
7.08,3.14,48.694094,0.71669511,0,0.28330489
8.26,3.14,48.694094,0.71669511,0,0.28330489
9.44,3.14,48.694094,0.71669511,0,0.28330489
10.62,3.14,48.694094,0.71669511,0,0.28330489
0,4.32,48.694094,0.682566772,0,0.317433228
1.18,4.32,48.694094,0.682566772,0,0.317433228
2.36,4.32,48.694094,0.682566772,0,0.317433228
3.54,4.32,48.694094,0.682566772,0,0.317433228
4.72,4.32,48.694094,0.682566772,0,0.317433228
5.9,4.32,48.694094,0.682566772,0,0.317433228
7.08,4.32,48.694094,0.682566772,0,0.317433228
8.26,4.32,48.694094,0.682566772,0,0.317433228
9.44,4.32,48.694094,0.682566772,0,0.317433228
10.62,4.32,48.694094,0.682566772,0,0.317433228
0,5.5,48.694094,0.648438433,0,0.351561567
1.18,5.5,48.694094,0.648438433,0,0.351561567
2.36,5.5,48.694094,0.648438433,0,0.351561567
3.54,5.5,48.694094,0.648438433,0,0.351561567
4.72,5.5,48.694094,0.648438433,0,0.351561567
5.9,5.5,48.694094,0.648438433,0,0.351561567
7.08,5.5,48.694094,0.648438433,0,0.351561567
8.26,5.5,48.694094,0.648438433,0,0.351561567
9.44,5.5,48.694094,0.648438433,0,0.351561567
10.62,5.5,48.694094,0.648438433,0,0.351561567
0,6.68,48.694094,0.614310094,0,0.385689906
1.18,6.68,48.694094,0.614310094,0,0.385689906
2.36,6.68,48.694094,0.614310094,0,0.385689906
3.54,6.68,48.694094,0.614310094,0,0.385689906
4.72,6.68,48.694094,0.614310094,0,0.385689906
5.9,6.68,48.694094,0.614310094,0,0.385689906
7.08,6.68,48.694094,0.614310094,0,0.385689906
8.26,6.68,48.694094,0.614310094,0,0.385689906
9.44,6.68,48.694094,0.614310094,0,0.385689906
10.62,6.68,48.694094,0.614310094,0,0.385689906
0,-6.3,49.314094,0.611230826,0,0.388769174
1.18,-6.3,49.314094,0.611230826,0,0.388769174
2.36,-6.3,49.314094,0.611230826,0,0.388769174
3.54,-6.3,49.314094,0.611230826,0,0.388769174
4.72,-6.3,49.314094,0.611230826,0,0.388769174
5.9,-6.3,49.314094,0.611230826,0,0.388769174
7.08,-6.3,49.314094,0.611230826,0,0.388769174
8.26,-6.3,49.314094,0.611230826,0,0.388769174
9.44,-6.3,49.314094,0.611230826,0,0.388769174
10.62,-6.3,49.314094,0.611230826,0,0.388769174
0,-5.12,49.314094,0.645188095,0,0.354811905
1.18,-5.12,49.314094,0.645188095,0,0.354811905
2.36,-5.12,49.314094,0.645188095,0,0.354811905
3.54,-5.12,49.314094,0.645188095,0,0.354811905
4.72,-5.12,49.314094,0.645188095,0,0.354811905
5.9,-5.12,49.314094,0.645188095,0,0.354811905
7.08,-5.12,49.314094,0.645188095,0,0.354811905
8.26,-5.12,49.314094,0.645188095,0,0.354811905
9.44,-5.12,49.314094,0.645188095,0,0.354811905
10.62,-5.12,49.314094,0.645188095,0,0.354811905
0,-3.94,49.314094,0.679145363,0,0.320854637
1.18,-3.94,49.314094,0.679145363,0,0.320854637
2.36,-3.94,49.314094,0.679145363,0,0.320854637
3.54,-3.94,49.314094,0.679145363,0,0.320854637
4.72,-3.94,49.314094,0.679145363,0,0.320854637
5.9,-3.94,49.314094,0.679145363,0,0.320854637
7.08,-3.94,49.314094,0.679145363,0,0.320854637
8.26,-3.94,49.314094,0.679145363,0,0.320854637
9.44,-3.94,49.314094,0.679145363,0,0.320854637
10.62,-3.94,49.314094,0.679145363,0,0.320854637
0,-2.76,49.314094,0.713102631,0,0.286897369
1.18,-2.76,49.314094,0.713102631,0,0.286897369
2.36,-2.76,49.314094,0.713102631,0,0.286897369
3.54,-2.76,49.314094,0.713102631,0,0.286897369
4.72,-2.76,49.314094,0.713102631,0,0.286897369
5.9,-2.76,49.314094,0.713102631,0,0.286897369
7.08,-2.76,49.314094,0.713102631,0,0.286897369
8.26,-2.76,49.314094,0.713102631,0,0.286897369
9.44,-2.76,49.314094,0.713102631,0,0.286897369
10.62,-2.76,49.314094,0.713102631,0,0.286897369
0,-1.58,49.314094,0.747059899,0,0.252940101
1.18,-1.58,49.314094,0.747059899,0,0.252940101
2.36,-1.58,49.314094,0.747059899,0,0.252940101
3.54,-1.58,49.314094,0.747059899,0,0.252940101
4.72,-1.58,49.314094,0.747059899,0,0.252940101
5.9,-1.58,49.314094,0.747059899,0,0.252940101
7.08,-1.58,49.314094,0.747059899,0,0.252940101
8.26,-1.58,49.314094,0.747059899,0,0.252940101
9.44,-1.58,49.314094,0.747059899,0,0.252940101
10.62,-1.58,49.314094,0.747059899,0,0.252940101
0,-0.400000000000002,49.314094,0.804444151,0,0.195555849
1.18,-0.400000000000002,49.314094,0.804444151,0,0.195555849
2.36,-0.400000000000002,49.314094,0.804444151,0,0.195555849
3.54,-0.400000000000002,49.314094,0.804444151,0,0.195555849
4.72,-0.400000000000002,49.314094,0.804444151,0,0.195555849
5.9,-0.400000000000002,49.314094,0.804444151,0,0.195555849
7.08,-0.400000000000002,49.314094,0.804444151,0,0.195555849
8.26,-0.400000000000002,49.314094,0.804444151,0,0.195555849
9.44,-0.400000000000002,49.314094,0.804444151,0,0.195555849
10.62,-0.400000000000002,49.314094,0.804444151,0,0.195555849
0,0.779999999999998,49.314094,0.781017167,0,0.218982833
1.18,0.779999999999998,49.314094,0.781017167,0,0.218982833
2.36,0.779999999999998,49.314094,0.781017167,0,0.218982833
3.54,0.779999999999998,49.314094,0.781017167,0,0.218982833
4.72,0.779999999999998,49.314094,0.781017167,0,0.218982833
5.9,0.779999999999998,49.314094,0.781017167,0,0.218982833
7.08,0.779999999999998,49.314094,0.781017167,0,0.218982833
8.26,0.779999999999998,49.314094,0.781017167,0,0.218982833
9.44,0.779999999999998,49.314094,0.781017167,0,0.218982833
10.62,0.779999999999998,49.314094,0.781017167,0,0.218982833
0,1.96,49.314094,0.747059899,0,0.252940101
1.18,1.96,49.314094,0.747059899,0,0.252940101
2.36,1.96,49.314094,0.747059899,0,0.252940101
3.54,1.96,49.314094,0.747059899,0,0.252940101
4.72,1.96,49.314094,0.747059899,0,0.252940101
5.9,1.96,49.314094,0.747059899,0,0.252940101
7.08,1.96,49.314094,0.747059899,0,0.252940101
8.26,1.96,49.314094,0.747059899,0,0.252940101
9.44,1.96,49.314094,0.747059899,0,0.252940101
10.62,1.96,49.314094,0.747059899,0,0.252940101
0,3.14,49.314094,0.713102631,0,0.286897369
1.18,3.14,49.314094,0.713102631,0,0.286897369
2.36,3.14,49.314094,0.713102631,0,0.286897369
3.54,3.14,49.314094,0.713102631,0,0.286897369
4.72,3.14,49.314094,0.713102631,0,0.286897369
5.9,3.14,49.314094,0.713102631,0,0.286897369
7.08,3.14,49.314094,0.713102631,0,0.286897369
8.26,3.14,49.314094,0.713102631,0,0.286897369
9.44,3.14,49.314094,0.713102631,0,0.286897369
10.62,3.14,49.314094,0.713102631,0,0.286897369
0,4.32,49.314094,0.679145363,0,0.320854637
1.18,4.32,49.314094,0.679145363,0,0.320854637
2.36,4.32,49.314094,0.679145363,0,0.320854637
3.54,4.32,49.314094,0.679145363,0,0.320854637
4.72,4.32,49.314094,0.679145363,0,0.320854637
5.9,4.32,49.314094,0.679145363,0,0.320854637
7.08,4.32,49.314094,0.679145363,0,0.320854637
8.26,4.32,49.314094,0.679145363,0,0.320854637
9.44,4.32,49.314094,0.679145363,0,0.320854637
10.62,4.32,49.314094,0.679145363,0,0.320854637
0,5.5,49.314094,0.645188095,0,0.354811905
1.18,5.5,49.314094,0.645188095,0,0.354811905
2.36,5.5,49.314094,0.645188095,0,0.354811905
3.54,5.5,49.314094,0.645188095,0,0.354811905
4.72,5.5,49.314094,0.645188095,0,0.354811905
5.9,5.5,49.314094,0.645188095,0,0.354811905
7.08,5.5,49.314094,0.645188095,0,0.354811905
8.26,5.5,49.314094,0.645188095,0,0.354811905
9.44,5.5,49.314094,0.645188095,0,0.354811905
10.62,5.5,49.314094,0.645188095,0,0.354811905
0,6.68,49.314094,0.611230826,0,0.388769174
1.18,6.68,49.314094,0.611230826,0,0.388769174
2.36,6.68,49.314094,0.611230826,0,0.388769174
3.54,6.68,49.314094,0.611230826,0,0.388769174
4.72,6.68,49.314094,0.611230826,0,0.388769174
5.9,6.68,49.314094,0.611230826,0,0.388769174
7.08,6.68,49.314094,0.611230826,0,0.388769174
8.26,6.68,49.314094,0.611230826,0,0.388769174
9.44,6.68,49.314094,0.611230826,0,0.388769174
10.62,6.68,49.314094,0.611230826,0,0.388769174
0,-6.3,49.934094,0.608135967,0,0.391864033
1.18,-6.3,49.934094,0.608135967,0,0.391864033
2.36,-6.3,49.934094,0.608135967,0,0.391864033
3.54,-6.3,49.934094,0.608135967,0,0.391864033
4.72,-6.3,49.934094,0.608135967,0,0.391864033
5.9,-6.3,49.934094,0.608135967,0,0.391864033
7.08,-6.3,49.934094,0.608135967,0,0.391864033
8.26,-6.3,49.934094,0.608135967,0,0.391864033
9.44,-6.3,49.934094,0.608135967,0,0.391864033
10.62,-6.3,49.934094,0.608135967,0,0.391864033
0,-5.12,49.934094,0.641921298,0,0.358078702
1.18,-5.12,49.934094,0.641921298,0,0.358078702
2.36,-5.12,49.934094,0.641921298,0,0.358078702
3.54,-5.12,49.934094,0.641921298,0,0.358078702
4.72,-5.12,49.934094,0.641921298,0,0.358078702
5.9,-5.12,49.934094,0.641921298,0,0.358078702
7.08,-5.12,49.934094,0.641921298,0,0.358078702
8.26,-5.12,49.934094,0.641921298,0,0.358078702
9.44,-5.12,49.934094,0.641921298,0,0.358078702
10.62,-5.12,49.934094,0.641921298,0,0.358078702
0,-3.94,49.934094,0.67570663,0,0.32429337
1.18,-3.94,49.934094,0.67570663,0,0.32429337
2.36,-3.94,49.934094,0.67570663,0,0.32429337
3.54,-3.94,49.934094,0.67570663,0,0.32429337
4.72,-3.94,49.934094,0.67570663,0,0.32429337
5.9,-3.94,49.934094,0.67570663,0,0.32429337
7.08,-3.94,49.934094,0.67570663,0,0.32429337
8.26,-3.94,49.934094,0.67570663,0,0.32429337
9.44,-3.94,49.934094,0.67570663,0,0.32429337
10.62,-3.94,49.934094,0.67570663,0,0.32429337
0,-2.76,49.934094,0.709491961,0,0.290508039
1.18,-2.76,49.934094,0.709491961,0,0.290508039
2.36,-2.76,49.934094,0.709491961,0,0.290508039
3.54,-2.76,49.934094,0.709491961,0,0.290508039
4.72,-2.76,49.934094,0.709491961,0,0.290508039
5.9,-2.76,49.934094,0.709491961,0,0.290508039
7.08,-2.76,49.934094,0.709491961,0,0.290508039
8.26,-2.76,49.934094,0.709491961,0,0.290508039
9.44,-2.76,49.934094,0.709491961,0,0.290508039
10.62,-2.76,49.934094,0.709491961,0,0.290508039
0,-1.58,49.934094,0.743277293,0,0.256722707
1.18,-1.58,49.934094,0.743277293,0,0.256722707
2.36,-1.58,49.934094,0.743277293,0,0.256722707
3.54,-1.58,49.934094,0.743277293,0,0.256722707
4.72,-1.58,49.934094,0.743277293,0,0.256722707
5.9,-1.58,49.934094,0.743277293,0,0.256722707
7.08,-1.58,49.934094,0.743277293,0,0.256722707
8.26,-1.58,49.934094,0.743277293,0,0.256722707
9.44,-1.58,49.934094,0.743277293,0,0.256722707
10.62,-1.58,49.934094,0.743277293,0,0.256722707
0,-0.400000000000002,49.934094,0.800370989,0,0.199629011
1.18,-0.400000000000002,49.934094,0.800370989,0,0.199629011
2.36,-0.400000000000002,49.934094,0.800370989,0,0.199629011
3.54,-0.400000000000002,49.934094,0.800370989,0,0.199629011
4.72,-0.400000000000002,49.934094,0.800370989,0,0.199629011
5.9,-0.400000000000002,49.934094,0.800370989,0,0.199629011
7.08,-0.400000000000002,49.934094,0.800370989,0,0.199629011
8.26,-0.400000000000002,49.934094,0.800370989,0,0.199629011
9.44,-0.400000000000002,49.934094,0.800370989,0,0.199629011
10.62,-0.400000000000002,49.934094,0.800370989,0,0.199629011
0,0.779999999999998,49.934094,0.777062624,0,0.222937376
1.18,0.779999999999998,49.934094,0.777062624,0,0.222937376
2.36,0.779999999999998,49.934094,0.777062624,0,0.222937376
3.54,0.779999999999998,49.934094,0.777062624,0,0.222937376
4.72,0.779999999999998,49.934094,0.777062624,0,0.222937376
5.9,0.779999999999998,49.934094,0.777062624,0,0.222937376
7.08,0.779999999999998,49.934094,0.777062624,0,0.222937376
8.26,0.779999999999998,49.934094,0.777062624,0,0.222937376
9.44,0.779999999999998,49.934094,0.777062624,0,0.222937376
10.62,0.779999999999998,49.934094,0.777062624,0,0.222937376
0,1.96,49.934094,0.743277293,0,0.256722707
1.18,1.96,49.934094,0.743277293,0,0.256722707
2.36,1.96,49.934094,0.743277293,0,0.256722707
3.54,1.96,49.934094,0.743277293,0,0.256722707
4.72,1.96,49.934094,0.743277293,0,0.256722707
5.9,1.96,49.934094,0.743277293,0,0.256722707
7.08,1.96,49.934094,0.743277293,0,0.256722707
8.26,1.96,49.934094,0.743277293,0,0.256722707
9.44,1.96,49.934094,0.743277293,0,0.256722707
10.62,1.96,49.934094,0.743277293,0,0.256722707
0,3.14,49.934094,0.709491961,0,0.290508039
1.18,3.14,49.934094,0.709491961,0,0.290508039
2.36,3.14,49.934094,0.709491961,0,0.290508039
3.54,3.14,49.934094,0.709491961,0,0.290508039
4.72,3.14,49.934094,0.709491961,0,0.290508039
5.9,3.14,49.934094,0.709491961,0,0.290508039
7.08,3.14,49.934094,0.709491961,0,0.290508039
8.26,3.14,49.934094,0.709491961,0,0.290508039
9.44,3.14,49.934094,0.709491961,0,0.290508039
10.62,3.14,49.934094,0.709491961,0,0.290508039
0,4.32,49.934094,0.67570663,0,0.32429337
1.18,4.32,49.934094,0.67570663,0,0.32429337
2.36,4.32,49.934094,0.67570663,0,0.32429337
3.54,4.32,49.934094,0.67570663,0,0.32429337
4.72,4.32,49.934094,0.67570663,0,0.32429337
5.9,4.32,49.934094,0.67570663,0,0.32429337
7.08,4.32,49.934094,0.67570663,0,0.32429337
8.26,4.32,49.934094,0.67570663,0,0.32429337
9.44,4.32,49.934094,0.67570663,0,0.32429337
10.62,4.32,49.934094,0.67570663,0,0.32429337
0,5.5,49.934094,0.641921298,0,0.358078702
1.18,5.5,49.934094,0.641921298,0,0.358078702
2.36,5.5,49.934094,0.641921298,0,0.358078702
3.54,5.5,49.934094,0.641921298,0,0.358078702
4.72,5.5,49.934094,0.641921298,0,0.358078702
5.9,5.5,49.934094,0.641921298,0,0.358078702
7.08,5.5,49.934094,0.641921298,0,0.358078702
8.26,5.5,49.934094,0.641921298,0,0.358078702
9.44,5.5,49.934094,0.641921298,0,0.358078702
10.62,5.5,49.934094,0.641921298,0,0.358078702
0,6.68,49.934094,0.608135967,0,0.391864033
1.18,6.68,49.934094,0.608135967,0,0.391864033
2.36,6.68,49.934094,0.608135967,0,0.391864033
3.54,6.68,49.934094,0.608135967,0,0.391864033
4.72,6.68,49.934094,0.608135967,0,0.391864033
5.9,6.68,49.934094,0.608135967,0,0.391864033
7.08,6.68,49.934094,0.608135967,0,0.391864033
8.26,6.68,49.934094,0.608135967,0,0.391864033
9.44,6.68,49.934094,0.608135967,0,0.391864033
10.62,6.68,49.934094,0.608135967,0,0.391864033
0,-6.3,50.554094,0,1,0
1.18,-6.3,50.554094,0,1,0
2.36,-6.3,50.554094,0,1,0
3.54,-6.3,50.554094,0,1,0
4.72,-6.3,50.554094,0,1,0
5.9,-6.3,50.554094,0,1,0
7.08,-6.3,50.554094,0,1,0
8.26,-6.3,50.554094,0,1,0
9.44,-6.3,50.554094,0,1,0
10.62,-6.3,50.554094,0,1,0
0,-5.12,50.554094,0.635337316,0,0.364662684
1.18,-5.12,50.554094,0.635337316,0,0.364662684
2.36,-5.12,50.554094,0.635337316,0,0.364662684
3.54,-5.12,50.554094,0.635337316,0,0.364662684
4.72,-5.12,50.554094,0.635337316,0,0.364662684
5.9,-5.12,50.554094,0.635337316,0,0.364662684
7.08,-5.12,50.554094,0.635337316,0,0.364662684
8.26,-5.12,50.554094,0.635337316,0,0.364662684
9.44,-5.12,50.554094,0.635337316,0,0.364662684
10.62,-5.12,50.554094,0.635337316,0,0.364662684
0,-3.94,50.554094,0.668776122,0,0.331223878
1.18,-3.94,50.554094,0.668776122,0,0.331223878
2.36,-3.94,50.554094,0.668776122,0,0.331223878
3.54,-3.94,50.554094,0.668776122,0,0.331223878
4.72,-3.94,50.554094,0.668776122,0,0.331223878
5.9,-3.94,50.554094,0.668776122,0,0.331223878
7.08,-3.94,50.554094,0.668776122,0,0.331223878
8.26,-3.94,50.554094,0.668776122,0,0.331223878
9.44,-3.94,50.554094,0.668776122,0,0.331223878
10.62,-3.94,50.554094,0.668776122,0,0.331223878
0,-2.76,50.554094,0.702214928,0,0.297785072
1.18,-2.76,50.554094,0.702214928,0,0.297785072
2.36,-2.76,50.554094,0.702214928,0,0.297785072
3.54,-2.76,50.554094,0.702214928,0,0.297785072
4.72,-2.76,50.554094,0.702214928,0,0.297785072
5.9,-2.76,50.554094,0.702214928,0,0.297785072
7.08,-2.76,50.554094,0.702214928,0,0.297785072
8.26,-2.76,50.554094,0.702214928,0,0.297785072
9.44,-2.76,50.554094,0.702214928,0,0.297785072
10.62,-2.76,50.554094,0.702214928,0,0.297785072
0,-1.58,50.554094,0.735653735,0,0.264346265
1.18,-1.58,50.554094,0.735653735,0,0.264346265
2.36,-1.58,50.554094,0.735653735,0,0.264346265
3.54,-1.58,50.554094,0.735653735,0,0.264346265
4.72,-1.58,50.554094,0.735653735,0,0.264346265
5.9,-1.58,50.554094,0.735653735,0,0.264346265
7.08,-1.58,50.554094,0.735653735,0,0.264346265
8.26,-1.58,50.554094,0.735653735,0,0.264346265
9.44,-1.58,50.554094,0.735653735,0,0.264346265
10.62,-1.58,50.554094,0.735653735,0,0.264346265
0,-0.400000000000002,50.554094,0.792161839,0,0.207838161
1.18,-0.400000000000002,50.554094,0.792161839,0,0.207838161
2.36,-0.400000000000002,50.554094,0.792161839,0,0.207838161
3.54,-0.400000000000002,50.554094,0.792161839,0,0.207838161
4.72,-0.400000000000002,50.554094,0.792161839,0,0.207838161
5.9,-0.400000000000002,50.554094,0.792161839,0,0.207838161
7.08,-0.400000000000002,50.554094,0.792161839,0,0.207838161
8.26,-0.400000000000002,50.554094,0.792161839,0,0.207838161
9.44,-0.400000000000002,50.554094,0.792161839,0,0.207838161
10.62,-0.400000000000002,50.554094,0.792161839,0,0.207838161
0,0.779999999999998,50.554094,0.769092541,0,0.230907459
1.18,0.779999999999998,50.554094,0.769092541,0,0.230907459
2.36,0.779999999999998,50.554094,0.769092541,0,0.230907459
3.54,0.779999999999998,50.554094,0.769092541,0,0.230907459
4.72,0.779999999999998,50.554094,0.769092541,0,0.230907459
5.9,0.779999999999998,50.554094,0.769092541,0,0.230907459
7.08,0.779999999999998,50.554094,0.769092541,0,0.230907459
8.26,0.779999999999998,50.554094,0.769092541,0,0.230907459
9.44,0.779999999999998,50.554094,0.769092541,0,0.230907459
10.62,0.779999999999998,50.554094,0.769092541,0,0.230907459
0,1.96,50.554094,0.735653735,0,0.264346265
1.18,1.96,50.554094,0.735653735,0,0.264346265
2.36,1.96,50.554094,0.735653735,0,0.264346265
3.54,1.96,50.554094,0.735653735,0,0.264346265
4.72,1.96,50.554094,0.735653735,0,0.264346265
5.9,1.96,50.554094,0.735653735,0,0.264346265
7.08,1.96,50.554094,0.735653735,0,0.264346265
8.26,1.96,50.554094,0.735653735,0,0.264346265
9.44,1.96,50.554094,0.735653735,0,0.264346265
10.62,1.96,50.554094,0.735653735,0,0.264346265
0,3.14,50.554094,0.702214928,0,0.297785072
1.18,3.14,50.554094,0.702214928,0,0.297785072
2.36,3.14,50.554094,0.702214928,0,0.297785072
3.54,3.14,50.554094,0.702214928,0,0.297785072
4.72,3.14,50.554094,0.702214928,0,0.297785072
5.9,3.14,50.554094,0.702214928,0,0.297785072
7.08,3.14,50.554094,0.702214928,0,0.297785072
8.26,3.14,50.554094,0.702214928,0,0.297785072
9.44,3.14,50.554094,0.702214928,0,0.297785072
10.62,3.14,50.554094,0.702214928,0,0.297785072
0,4.32,50.554094,0.668776122,0,0.331223878
1.18,4.32,50.554094,0.668776122,0,0.331223878
2.36,4.32,50.554094,0.668776122,0,0.331223878
3.54,4.32,50.554094,0.668776122,0,0.331223878
4.72,4.32,50.554094,0.668776122,0,0.331223878
5.9,4.32,50.554094,0.668776122,0,0.331223878
7.08,4.32,50.554094,0.668776122,0,0.331223878
8.26,4.32,50.554094,0.668776122,0,0.331223878
9.44,4.32,50.554094,0.668776122,0,0.331223878
10.62,4.32,50.554094,0.668776122,0,0.331223878
0,5.5,50.554094,0.635337316,0,0.364662684
1.18,5.5,50.554094,0.635337316,0,0.364662684
2.36,5.5,50.554094,0.635337316,0,0.364662684
3.54,5.5,50.554094,0.635337316,0,0.364662684
4.72,5.5,50.554094,0.635337316,0,0.364662684
5.9,5.5,50.554094,0.635337316,0,0.364662684
7.08,5.5,50.554094,0.635337316,0,0.364662684
8.26,5.5,50.554094,0.635337316,0,0.364662684
9.44,5.5,50.554094,0.635337316,0,0.364662684
10.62,5.5,50.554094,0.635337316,0,0.364662684
0,6.68,50.554094,0,1,0
1.18,6.68,50.554094,0,1,0
2.36,6.68,50.554094,0,1,0
3.54,6.68,50.554094,0,1,0
4.72,6.68,50.554094,0,1,0
5.9,6.68,50.554094,0,1,0
7.08,6.68,50.554094,0,1,0
8.26,6.68,50.554094,0,1,0
9.44,6.68,50.554094,0,1,0
10.62,6.68,50.554094,0,1,0
0,-6.3,51.174094,0,1,0
1.18,-6.3,51.174094,0,1,0
2.36,-6.3,51.174094,0,1,0
3.54,-6.3,51.174094,0,1,0
4.72,-6.3,51.174094,0,1,0
5.9,-6.3,51.174094,0,1,0
7.08,-6.3,51.174094,0,1,0
8.26,-6.3,51.174094,0,1,0
9.44,-6.3,51.174094,0,1,0
10.62,-6.3,51.174094,0,1,0
0,-5.12,51.174094,0.632019605,0,0.367980395
1.18,-5.12,51.174094,0.632019605,0,0.367980395
2.36,-5.12,51.174094,0.632019605,0,0.367980395
3.54,-5.12,51.174094,0.632019605,0,0.367980395
4.72,-5.12,51.174094,0.632019605,0,0.367980395
5.9,-5.12,51.174094,0.632019605,0,0.367980395
7.08,-5.12,51.174094,0.632019605,0,0.367980395
8.26,-5.12,51.174094,0.632019605,0,0.367980395
9.44,-5.12,51.174094,0.632019605,0,0.367980395
10.62,-5.12,51.174094,0.632019605,0,0.367980395
0,-3.94,51.174094,0.665283795,0,0.334716205
1.18,-3.94,51.174094,0.665283795,0,0.334716205
2.36,-3.94,51.174094,0.665283795,0,0.334716205
3.54,-3.94,51.174094,0.665283795,0,0.334716205
4.72,-3.94,51.174094,0.665283795,0,0.334716205
5.9,-3.94,51.174094,0.665283795,0,0.334716205
7.08,-3.94,51.174094,0.665283795,0,0.334716205
8.26,-3.94,51.174094,0.665283795,0,0.334716205
9.44,-3.94,51.174094,0.665283795,0,0.334716205
10.62,-3.94,51.174094,0.665283795,0,0.334716205
0,-2.76,51.174094,0.698547985,0,0.301452015
1.18,-2.76,51.174094,0.698547985,0,0.301452015
2.36,-2.76,51.174094,0.698547985,0,0.301452015
3.54,-2.76,51.174094,0.698547985,0,0.301452015
4.72,-2.76,51.174094,0.698547985,0,0.301452015
5.9,-2.76,51.174094,0.698547985,0,0.301452015
7.08,-2.76,51.174094,0.698547985,0,0.301452015
8.26,-2.76,51.174094,0.698547985,0,0.301452015
9.44,-2.76,51.174094,0.698547985,0,0.301452015
10.62,-2.76,51.174094,0.698547985,0,0.301452015
0,-1.58,51.174094,0.731812174,0,0.268187826
1.18,-1.58,51.174094,0.731812174,0,0.268187826
2.36,-1.58,51.174094,0.731812174,0,0.268187826
3.54,-1.58,51.174094,0.731812174,0,0.268187826
4.72,-1.58,51.174094,0.731812174,0,0.268187826
5.9,-1.58,51.174094,0.731812174,0,0.268187826
7.08,-1.58,51.174094,0.731812174,0,0.268187826
8.26,-1.58,51.174094,0.731812174,0,0.268187826
9.44,-1.58,51.174094,0.731812174,0,0.268187826
10.62,-1.58,51.174094,0.731812174,0,0.268187826
0,-0.400000000000002,51.174094,0.788025196,0,0.211974804
1.18,-0.400000000000002,51.174094,0.788025196,0,0.211974804
2.36,-0.400000000000002,51.174094,0.788025196,0,0.211974804
3.54,-0.400000000000002,51.174094,0.788025196,0,0.211974804
4.72,-0.400000000000002,51.174094,0.788025196,0,0.211974804
5.9,-0.400000000000002,51.174094,0.788025196,0,0.211974804
7.08,-0.400000000000002,51.174094,0.788025196,0,0.211974804
8.26,-0.400000000000002,51.174094,0.788025196,0,0.211974804
9.44,-0.400000000000002,51.174094,0.788025196,0,0.211974804
10.62,-0.400000000000002,51.174094,0.788025196,0,0.211974804
0,0.779999999999998,51.174094,0.765076364,0,0.234923636
1.18,0.779999999999998,51.174094,0.765076364,0,0.234923636
2.36,0.779999999999998,51.174094,0.765076364,0,0.234923636
3.54,0.779999999999998,51.174094,0.765076364,0,0.234923636
4.72,0.779999999999998,51.174094,0.765076364,0,0.234923636
5.9,0.779999999999998,51.174094,0.765076364,0,0.234923636
7.08,0.779999999999998,51.174094,0.765076364,0,0.234923636
8.26,0.779999999999998,51.174094,0.765076364,0,0.234923636
9.44,0.779999999999998,51.174094,0.765076364,0,0.234923636
10.62,0.779999999999998,51.174094,0.765076364,0,0.234923636
0,1.96,51.174094,0.731812174,0,0.268187826
1.18,1.96,51.174094,0.731812174,0,0.268187826
2.36,1.96,51.174094,0.731812174,0,0.268187826
3.54,1.96,51.174094,0.731812174,0,0.268187826
4.72,1.96,51.174094,0.731812174,0,0.268187826
5.9,1.96,51.174094,0.731812174,0,0.268187826
7.08,1.96,51.174094,0.731812174,0,0.268187826
8.26,1.96,51.174094,0.731812174,0,0.268187826
9.44,1.96,51.174094,0.731812174,0,0.268187826
10.62,1.96,51.174094,0.731812174,0,0.268187826
0,3.14,51.174094,0.698547985,0,0.301452015
1.18,3.14,51.174094,0.698547985,0,0.301452015
2.36,3.14,51.174094,0.698547985,0,0.301452015
3.54,3.14,51.174094,0.698547985,0,0.301452015
4.72,3.14,51.174094,0.698547985,0,0.301452015
5.9,3.14,51.174094,0.698547985,0,0.301452015
7.08,3.14,51.174094,0.698547985,0,0.301452015
8.26,3.14,51.174094,0.698547985,0,0.301452015
9.44,3.14,51.174094,0.698547985,0,0.301452015
10.62,3.14,51.174094,0.698547985,0,0.301452015
0,4.32,51.174094,0.665283795,0,0.334716205
1.18,4.32,51.174094,0.665283795,0,0.334716205
2.36,4.32,51.174094,0.665283795,0,0.334716205
3.54,4.32,51.174094,0.665283795,0,0.334716205
4.72,4.32,51.174094,0.665283795,0,0.334716205
5.9,4.32,51.174094,0.665283795,0,0.334716205
7.08,4.32,51.174094,0.665283795,0,0.334716205
8.26,4.32,51.174094,0.665283795,0,0.334716205
9.44,4.32,51.174094,0.665283795,0,0.334716205
10.62,4.32,51.174094,0.665283795,0,0.334716205
0,5.5,51.174094,0.632019605,0,0.367980395
1.18,5.5,51.174094,0.632019605,0,0.367980395
2.36,5.5,51.174094,0.632019605,0,0.367980395
3.54,5.5,51.174094,0.632019605,0,0.367980395
4.72,5.5,51.174094,0.632019605,0,0.367980395
5.9,5.5,51.174094,0.632019605,0,0.367980395
7.08,5.5,51.174094,0.632019605,0,0.367980395
8.26,5.5,51.174094,0.632019605,0,0.367980395
9.44,5.5,51.174094,0.632019605,0,0.367980395
10.62,5.5,51.174094,0.632019605,0,0.367980395
0,6.68,51.174094,0,1,0
1.18,6.68,51.174094,0,1,0
2.36,6.68,51.174094,0,1,0
3.54,6.68,51.174094,0,1,0
4.72,6.68,51.174094,0,1,0
5.9,6.68,51.174094,0,1,0
7.08,6.68,51.174094,0,1,0
8.26,6.68,51.174094,0,1,0
9.44,6.68,51.174094,0,1,0
10.62,6.68,51.174094,0,1,0
0,-6.3,51.794094,0,1,0
1.18,-6.3,51.794094,0,1,0
2.36,-6.3,51.794094,0,1,0
3.54,-6.3,51.794094,0,1,0
4.72,-6.3,51.794094,0,1,0
5.9,-6.3,51.794094,0,1,0
7.08,-6.3,51.794094,0,1,0
8.26,-6.3,51.794094,0,1,0
9.44,-6.3,51.794094,0,1,0
10.62,-6.3,51.794094,0,1,0
0,-5.12,51.794094,0.628684386,0,0.371315614
1.18,-5.12,51.794094,0.628684386,0,0.371315614
2.36,-5.12,51.794094,0.628684386,0,0.371315614
3.54,-5.12,51.794094,0.628684386,0,0.371315614
4.72,-5.12,51.794094,0.628684386,0,0.371315614
5.9,-5.12,51.794094,0.628684386,0,0.371315614
7.08,-5.12,51.794094,0.628684386,0,0.371315614
8.26,-5.12,51.794094,0.628684386,0,0.371315614
9.44,-5.12,51.794094,0.628684386,0,0.371315614
10.62,-5.12,51.794094,0.628684386,0,0.371315614
0,-3.94,51.794094,0.661773038,0,0.338226962
1.18,-3.94,51.794094,0.661773038,0,0.338226962
2.36,-3.94,51.794094,0.661773038,0,0.338226962
3.54,-3.94,51.794094,0.661773038,0,0.338226962
4.72,-3.94,51.794094,0.661773038,0,0.338226962
5.9,-3.94,51.794094,0.661773038,0,0.338226962
7.08,-3.94,51.794094,0.661773038,0,0.338226962
8.26,-3.94,51.794094,0.661773038,0,0.338226962
9.44,-3.94,51.794094,0.661773038,0,0.338226962
10.62,-3.94,51.794094,0.661773038,0,0.338226962
0,-2.76,51.794094,0.69486169,0,0.30513831
1.18,-2.76,51.794094,0.69486169,0,0.30513831
2.36,-2.76,51.794094,0.69486169,0,0.30513831
3.54,-2.76,51.794094,0.69486169,0,0.30513831
4.72,-2.76,51.794094,0.69486169,0,0.30513831
5.9,-2.76,51.794094,0.69486169,0,0.30513831
7.08,-2.76,51.794094,0.69486169,0,0.30513831
8.26,-2.76,51.794094,0.69486169,0,0.30513831
9.44,-2.76,51.794094,0.69486169,0,0.30513831
10.62,-2.76,51.794094,0.69486169,0,0.30513831
0,-1.58,51.794094,0.727950342,0,0.272049658
1.18,-1.58,51.794094,0.727950342,0,0.272049658
2.36,-1.58,51.794094,0.727950342,0,0.272049658
3.54,-1.58,51.794094,0.727950342,0,0.272049658
4.72,-1.58,51.794094,0.727950342,0,0.272049658
5.9,-1.58,51.794094,0.727950342,0,0.272049658
7.08,-1.58,51.794094,0.727950342,0,0.272049658
8.26,-1.58,51.794094,0.727950342,0,0.272049658
9.44,-1.58,51.794094,0.727950342,0,0.272049658
10.62,-1.58,51.794094,0.727950342,0,0.272049658
0,-0.400000000000002,51.794094,0.783866722,0,0.216133278
1.18,-0.400000000000002,51.794094,0.783866722,0,0.216133278
2.36,-0.400000000000002,51.794094,0.783866722,0,0.216133278
3.54,-0.400000000000002,51.794094,0.783866722,0,0.216133278
4.72,-0.400000000000002,51.794094,0.783866722,0,0.216133278
5.9,-0.400000000000002,51.794094,0.783866722,0,0.216133278
7.08,-0.400000000000002,51.794094,0.783866722,0,0.216133278
8.26,-0.400000000000002,51.794094,0.783866722,0,0.216133278
9.44,-0.400000000000002,51.794094,0.783866722,0,0.216133278
10.62,-0.400000000000002,51.794094,0.783866722,0,0.216133278
0,0.779999999999998,51.794094,0.761038994,0,0.238961006
1.18,0.779999999999998,51.794094,0.761038994,0,0.238961006
2.36,0.779999999999998,51.794094,0.761038994,0,0.238961006
3.54,0.779999999999998,51.794094,0.761038994,0,0.238961006
4.72,0.779999999999998,51.794094,0.761038994,0,0.238961006
5.9,0.779999999999998,51.794094,0.761038994,0,0.238961006
7.08,0.779999999999998,51.794094,0.761038994,0,0.238961006
8.26,0.779999999999998,51.794094,0.761038994,0,0.238961006
9.44,0.779999999999998,51.794094,0.761038994,0,0.238961006
10.62,0.779999999999998,51.794094,0.761038994,0,0.238961006
0,1.96,51.794094,0.727950342,0,0.272049658
1.18,1.96,51.794094,0.727950342,0,0.272049658
2.36,1.96,51.794094,0.727950342,0,0.272049658
3.54,1.96,51.794094,0.727950342,0,0.272049658
4.72,1.96,51.794094,0.727950342,0,0.272049658
5.9,1.96,51.794094,0.727950342,0,0.272049658
7.08,1.96,51.794094,0.727950342,0,0.272049658
8.26,1.96,51.794094,0.727950342,0,0.272049658
9.44,1.96,51.794094,0.727950342,0,0.272049658
10.62,1.96,51.794094,0.727950342,0,0.272049658
0,3.14,51.794094,0.69486169,0,0.30513831
1.18,3.14,51.794094,0.69486169,0,0.30513831
2.36,3.14,51.794094,0.69486169,0,0.30513831
3.54,3.14,51.794094,0.69486169,0,0.30513831
4.72,3.14,51.794094,0.69486169,0,0.30513831
5.9,3.14,51.794094,0.69486169,0,0.30513831
7.08,3.14,51.794094,0.69486169,0,0.30513831
8.26,3.14,51.794094,0.69486169,0,0.30513831
9.44,3.14,51.794094,0.69486169,0,0.30513831
10.62,3.14,51.794094,0.69486169,0,0.30513831
0,4.32,51.794094,0.661773038,0,0.338226962
1.18,4.32,51.794094,0.661773038,0,0.338226962
2.36,4.32,51.794094,0.661773038,0,0.338226962
3.54,4.32,51.794094,0.661773038,0,0.338226962
4.72,4.32,51.794094,0.661773038,0,0.338226962
5.9,4.32,51.794094,0.661773038,0,0.338226962
7.08,4.32,51.794094,0.661773038,0,0.338226962
8.26,4.32,51.794094,0.661773038,0,0.338226962
9.44,4.32,51.794094,0.661773038,0,0.338226962
10.62,4.32,51.794094,0.661773038,0,0.338226962
0,5.5,51.794094,0.628684386,0,0.371315614
1.18,5.5,51.794094,0.628684386,0,0.371315614
2.36,5.5,51.794094,0.628684386,0,0.371315614
3.54,5.5,51.794094,0.628684386,0,0.371315614
4.72,5.5,51.794094,0.628684386,0,0.371315614
5.9,5.5,51.794094,0.628684386,0,0.371315614
7.08,5.5,51.794094,0.628684386,0,0.371315614
8.26,5.5,51.794094,0.628684386,0,0.371315614
9.44,5.5,51.794094,0.628684386,0,0.371315614
10.62,5.5,51.794094,0.628684386,0,0.371315614
0,6.68,51.794094,0,1,0
1.18,6.68,51.794094,0,1,0
2.36,6.68,51.794094,0,1,0
3.54,6.68,51.794094,0,1,0
4.72,6.68,51.794094,0,1,0
5.9,6.68,51.794094,0,1,0
7.08,6.68,51.794094,0,1,0
8.26,6.68,51.794094,0,1,0
9.44,6.68,51.794094,0,1,0
10.62,6.68,51.794094,0,1,0
0,-6.3,52.414094,0,1,0
1.18,-6.3,52.414094,0,1,0
2.36,-6.3,52.414094,0,1,0
3.54,-6.3,52.414094,0,1,0
4.72,-6.3,52.414094,0,1,0
5.9,-6.3,52.414094,0,1,0
7.08,-6.3,52.414094,0,1,0
8.26,-6.3,52.414094,0,1,0
9.44,-6.3,52.414094,0,1,0
10.62,-6.3,52.414094,0,1,0
0,-5.12,52.414094,0.625331379,0,0.374668621
1.18,-5.12,52.414094,0.625331379,0,0.374668621
2.36,-5.12,52.414094,0.625331379,0,0.374668621
3.54,-5.12,52.414094,0.625331379,0,0.374668621
4.72,-5.12,52.414094,0.625331379,0,0.374668621
5.9,-5.12,52.414094,0.625331379,0,0.374668621
7.08,-5.12,52.414094,0.625331379,0,0.374668621
8.26,-5.12,52.414094,0.625331379,0,0.374668621
9.44,-5.12,52.414094,0.625331379,0,0.374668621
10.62,-5.12,52.414094,0.625331379,0,0.374668621
0,-3.94,52.414094,0.658243557,0,0.341756443
1.18,-3.94,52.414094,0.658243557,0,0.341756443
2.36,-3.94,52.414094,0.658243557,0,0.341756443
3.54,-3.94,52.414094,0.658243557,0,0.341756443
4.72,-3.94,52.414094,0.658243557,0,0.341756443
5.9,-3.94,52.414094,0.658243557,0,0.341756443
7.08,-3.94,52.414094,0.658243557,0,0.341756443
8.26,-3.94,52.414094,0.658243557,0,0.341756443
9.44,-3.94,52.414094,0.658243557,0,0.341756443
10.62,-3.94,52.414094,0.658243557,0,0.341756443
0,-2.76,52.414094,0.691155734,0,0.308844266
1.18,-2.76,52.414094,0.691155734,0,0.308844266
2.36,-2.76,52.414094,0.691155734,0,0.308844266
3.54,-2.76,52.414094,0.691155734,0,0.308844266
4.72,-2.76,52.414094,0.691155734,0,0.308844266
5.9,-2.76,52.414094,0.691155734,0,0.308844266
7.08,-2.76,52.414094,0.691155734,0,0.308844266
8.26,-2.76,52.414094,0.691155734,0,0.308844266
9.44,-2.76,52.414094,0.691155734,0,0.308844266
10.62,-2.76,52.414094,0.691155734,0,0.308844266
0,-1.58,52.414094,0.724067912,0,0.275932088
1.18,-1.58,52.414094,0.724067912,0,0.275932088
2.36,-1.58,52.414094,0.724067912,0,0.275932088
3.54,-1.58,52.414094,0.724067912,0,0.275932088
4.72,-1.58,52.414094,0.724067912,0,0.275932088
5.9,-1.58,52.414094,0.724067912,0,0.275932088
7.08,-1.58,52.414094,0.724067912,0,0.275932088
8.26,-1.58,52.414094,0.724067912,0,0.275932088
9.44,-1.58,52.414094,0.724067912,0,0.275932088
10.62,-1.58,52.414094,0.724067912,0,0.275932088
0,-0.400000000000002,52.414094,0.77968607,0,0.22031393
1.18,-0.400000000000002,52.414094,0.77968607,0,0.22031393
2.36,-0.400000000000002,52.414094,0.77968607,0,0.22031393
3.54,-0.400000000000002,52.414094,0.77968607,0,0.22031393
4.72,-0.400000000000002,52.414094,0.77968607,0,0.22031393
5.9,-0.400000000000002,52.414094,0.77968607,0,0.22031393
7.08,-0.400000000000002,52.414094,0.77968607,0,0.22031393
8.26,-0.400000000000002,52.414094,0.77968607,0,0.22031393
9.44,-0.400000000000002,52.414094,0.77968607,0,0.22031393
10.62,-0.400000000000002,52.414094,0.77968607,0,0.22031393
0,0.779999999999998,52.414094,0.75698009,0,0.24301991
1.18,0.779999999999998,52.414094,0.75698009,0,0.24301991
2.36,0.779999999999998,52.414094,0.75698009,0,0.24301991
3.54,0.779999999999998,52.414094,0.75698009,0,0.24301991
4.72,0.779999999999998,52.414094,0.75698009,0,0.24301991
5.9,0.779999999999998,52.414094,0.75698009,0,0.24301991
7.08,0.779999999999998,52.414094,0.75698009,0,0.24301991
8.26,0.779999999999998,52.414094,0.75698009,0,0.24301991
9.44,0.779999999999998,52.414094,0.75698009,0,0.24301991
10.62,0.779999999999998,52.414094,0.75698009,0,0.24301991
0,1.96,52.414094,0.724067912,0,0.275932088
1.18,1.96,52.414094,0.724067912,0,0.275932088
2.36,1.96,52.414094,0.724067912,0,0.275932088
3.54,1.96,52.414094,0.724067912,0,0.275932088
4.72,1.96,52.414094,0.724067912,0,0.275932088
5.9,1.96,52.414094,0.724067912,0,0.275932088
7.08,1.96,52.414094,0.724067912,0,0.275932088
8.26,1.96,52.414094,0.724067912,0,0.275932088
9.44,1.96,52.414094,0.724067912,0,0.275932088
10.62,1.96,52.414094,0.724067912,0,0.275932088
0,3.14,52.414094,0.691155734,0,0.308844266
1.18,3.14,52.414094,0.691155734,0,0.308844266
2.36,3.14,52.414094,0.691155734,0,0.308844266
3.54,3.14,52.414094,0.691155734,0,0.308844266
4.72,3.14,52.414094,0.691155734,0,0.308844266
5.9,3.14,52.414094,0.691155734,0,0.308844266
7.08,3.14,52.414094,0.691155734,0,0.308844266
8.26,3.14,52.414094,0.691155734,0,0.308844266
9.44,3.14,52.414094,0.691155734,0,0.308844266
10.62,3.14,52.414094,0.691155734,0,0.308844266
0,4.32,52.414094,0.658243557,0,0.341756443
1.18,4.32,52.414094,0.658243557,0,0.341756443
2.36,4.32,52.414094,0.658243557,0,0.341756443
3.54,4.32,52.414094,0.658243557,0,0.341756443
4.72,4.32,52.414094,0.658243557,0,0.341756443
5.9,4.32,52.414094,0.658243557,0,0.341756443
7.08,4.32,52.414094,0.658243557,0,0.341756443
8.26,4.32,52.414094,0.658243557,0,0.341756443
9.44,4.32,52.414094,0.658243557,0,0.341756443
10.62,4.32,52.414094,0.658243557,0,0.341756443
0,5.5,52.414094,0.625331379,0,0.374668621
1.18,5.5,52.414094,0.625331379,0,0.374668621
2.36,5.5,52.414094,0.625331379,0,0.374668621
3.54,5.5,52.414094,0.625331379,0,0.374668621
4.72,5.5,52.414094,0.625331379,0,0.374668621
5.9,5.5,52.414094,0.625331379,0,0.374668621
7.08,5.5,52.414094,0.625331379,0,0.374668621
8.26,5.5,52.414094,0.625331379,0,0.374668621
9.44,5.5,52.414094,0.625331379,0,0.374668621
10.62,5.5,52.414094,0.625331379,0,0.374668621
0,6.68,52.414094,0,1,0
1.18,6.68,52.414094,0,1,0
2.36,6.68,52.414094,0,1,0
3.54,6.68,52.414094,0,1,0
4.72,6.68,52.414094,0,1,0
5.9,6.68,52.414094,0,1,0
7.08,6.68,52.414094,0,1,0
8.26,6.68,52.414094,0,1,0
9.44,6.68,52.414094,0,1,0
10.62,6.68,52.414094,0,1,0
0,-6.3,53.034094,0,1,0
1.18,-6.3,53.034094,0,1,0
2.36,-6.3,53.034094,0,1,0
3.54,-6.3,53.034094,0,1,0
4.72,-6.3,53.034094,0,1,0
5.9,-6.3,53.034094,0,1,0
7.08,-6.3,53.034094,0,1,0
8.26,-6.3,53.034094,0,1,0
9.44,-6.3,53.034094,0,1,0
10.62,-6.3,53.034094,0,1,0
0,-5.12,53.034094,0.618570841,0,0.381429159
1.18,-5.12,53.034094,0.618570841,0,0.381429159
2.36,-5.12,53.034094,0.618570841,0,0.381429159
3.54,-5.12,53.034094,0.618570841,0,0.381429159
4.72,-5.12,53.034094,0.618570841,0,0.381429159
5.9,-5.12,53.034094,0.618570841,0,0.381429159
7.08,-5.12,53.034094,0.618570841,0,0.381429159
8.26,-5.12,53.034094,0.618570841,0,0.381429159
9.44,-5.12,53.034094,0.618570841,0,0.381429159
10.62,-5.12,53.034094,0.618570841,0,0.381429159
0,-3.94,53.034094,0.651127201,0,0.348872799
1.18,-3.94,53.034094,0.651127201,0,0.348872799
2.36,-3.94,53.034094,0.651127201,0,0.348872799
3.54,-3.94,53.034094,0.651127201,0,0.348872799
4.72,-3.94,53.034094,0.651127201,0,0.348872799
5.9,-3.94,53.034094,0.651127201,0,0.348872799
7.08,-3.94,53.034094,0.651127201,0,0.348872799
8.26,-3.94,53.034094,0.651127201,0,0.348872799
9.44,-3.94,53.034094,0.651127201,0,0.348872799
10.62,-3.94,53.034094,0.651127201,0,0.348872799
0,-2.76,53.034094,0.683683561,0,0.316316439
1.18,-2.76,53.034094,0.683683561,0,0.316316439
2.36,-2.76,53.034094,0.683683561,0,0.316316439
3.54,-2.76,53.034094,0.683683561,0,0.316316439
4.72,-2.76,53.034094,0.683683561,0,0.316316439
5.9,-2.76,53.034094,0.683683561,0,0.316316439
7.08,-2.76,53.034094,0.683683561,0,0.316316439
8.26,-2.76,53.034094,0.683683561,0,0.316316439
9.44,-2.76,53.034094,0.683683561,0,0.316316439
10.62,-2.76,53.034094,0.683683561,0,0.316316439
0,-1.58,53.034094,0.716239921,0,0.283760079
1.18,-1.58,53.034094,0.716239921,0,0.283760079
2.36,-1.58,53.034094,0.716239921,0,0.283760079
3.54,-1.58,53.034094,0.716239921,0,0.283760079
4.72,-1.58,53.034094,0.716239921,0,0.283760079
5.9,-1.58,53.034094,0.716239921,0,0.283760079
7.08,-1.58,53.034094,0.716239921,0,0.283760079
8.26,-1.58,53.034094,0.716239921,0,0.283760079
9.44,-1.58,53.034094,0.716239921,0,0.283760079
10.62,-1.58,53.034094,0.716239921,0,0.283760079
0,-0.400000000000002,53.034094,0.771256784,0,0.228743216
1.18,-0.400000000000002,53.034094,0.771256784,0,0.228743216
2.36,-0.400000000000002,53.034094,0.771256784,0,0.228743216
3.54,-0.400000000000002,53.034094,0.771256784,0,0.228743216
4.72,-0.400000000000002,53.034094,0.771256784,0,0.228743216
5.9,-0.400000000000002,53.034094,0.771256784,0,0.228743216
7.08,-0.400000000000002,53.034094,0.771256784,0,0.228743216
8.26,-0.400000000000002,53.034094,0.771256784,0,0.228743216
9.44,-0.400000000000002,53.034094,0.771256784,0,0.228743216
10.62,-0.400000000000002,53.034094,0.771256784,0,0.228743216
0,0.779999999999998,53.034094,0.748796281,0,0.251203719
1.18,0.779999999999998,53.034094,0.748796281,0,0.251203719
2.36,0.779999999999998,53.034094,0.748796281,0,0.251203719
3.54,0.779999999999998,53.034094,0.748796281,0,0.251203719
4.72,0.779999999999998,53.034094,0.748796281,0,0.251203719
5.9,0.779999999999998,53.034094,0.748796281,0,0.251203719
7.08,0.779999999999998,53.034094,0.748796281,0,0.251203719
8.26,0.779999999999998,53.034094,0.748796281,0,0.251203719
9.44,0.779999999999998,53.034094,0.748796281,0,0.251203719
10.62,0.779999999999998,53.034094,0.748796281,0,0.251203719
0,1.96,53.034094,0.716239921,0,0.283760079
1.18,1.96,53.034094,0.716239921,0,0.283760079
2.36,1.96,53.034094,0.716239921,0,0.283760079
3.54,1.96,53.034094,0.716239921,0,0.283760079
4.72,1.96,53.034094,0.716239921,0,0.283760079
5.9,1.96,53.034094,0.716239921,0,0.283760079
7.08,1.96,53.034094,0.716239921,0,0.283760079
8.26,1.96,53.034094,0.716239921,0,0.283760079
9.44,1.96,53.034094,0.716239921,0,0.283760079
10.62,1.96,53.034094,0.716239921,0,0.283760079
0,3.14,53.034094,0.683683561,0,0.316316439
1.18,3.14,53.034094,0.683683561,0,0.316316439
2.36,3.14,53.034094,0.683683561,0,0.316316439
3.54,3.14,53.034094,0.683683561,0,0.316316439
4.72,3.14,53.034094,0.683683561,0,0.316316439
5.9,3.14,53.034094,0.683683561,0,0.316316439
7.08,3.14,53.034094,0.683683561,0,0.316316439
8.26,3.14,53.034094,0.683683561,0,0.316316439
9.44,3.14,53.034094,0.683683561,0,0.316316439
10.62,3.14,53.034094,0.683683561,0,0.316316439
0,4.32,53.034094,0.651127201,0,0.348872799
1.18,4.32,53.034094,0.651127201,0,0.348872799
2.36,4.32,53.034094,0.651127201,0,0.348872799
3.54,4.32,53.034094,0.651127201,0,0.348872799
4.72,4.32,53.034094,0.651127201,0,0.348872799
5.9,4.32,53.034094,0.651127201,0,0.348872799
7.08,4.32,53.034094,0.651127201,0,0.348872799
8.26,4.32,53.034094,0.651127201,0,0.348872799
9.44,4.32,53.034094,0.651127201,0,0.348872799
10.62,4.32,53.034094,0.651127201,0,0.348872799
0,5.5,53.034094,0.618570841,0,0.381429159
1.18,5.5,53.034094,0.618570841,0,0.381429159
2.36,5.5,53.034094,0.618570841,0,0.381429159
3.54,5.5,53.034094,0.618570841,0,0.381429159
4.72,5.5,53.034094,0.618570841,0,0.381429159
5.9,5.5,53.034094,0.618570841,0,0.381429159
7.08,5.5,53.034094,0.618570841,0,0.381429159
8.26,5.5,53.034094,0.618570841,0,0.381429159
9.44,5.5,53.034094,0.618570841,0,0.381429159
10.62,5.5,53.034094,0.618570841,0,0.381429159
0,6.68,53.034094,0,1,0
1.18,6.68,53.034094,0,1,0
2.36,6.68,53.034094,0,1,0
3.54,6.68,53.034094,0,1,0
4.72,6.68,53.034094,0,1,0
5.9,6.68,53.034094,0,1,0
7.08,6.68,53.034094,0,1,0
8.26,6.68,53.034094,0,1,0
9.44,6.68,53.034094,0,1,0
10.62,6.68,53.034094,0,1,0
0,-6.3,53.654094,0,1,0
1.18,-6.3,53.654094,0,1,0
2.36,-6.3,53.654094,0,1,0
3.54,-6.3,53.654094,0,1,0
4.72,-6.3,53.654094,0,1,0
5.9,-6.3,53.654094,0,1,0
7.08,-6.3,53.654094,0,1,0
8.26,-6.3,53.654094,0,1,0
9.44,-6.3,53.654094,0,1,0
10.62,-6.3,53.654094,0,1,0
0,-5.12,53.654094,0.615162711,0,0.384837289
1.18,-5.12,53.654094,0.615162711,0,0.384837289
2.36,-5.12,53.654094,0.615162711,0,0.384837289
3.54,-5.12,53.654094,0.615162711,0,0.384837289
4.72,-5.12,53.654094,0.615162711,0,0.384837289
5.9,-5.12,53.654094,0.615162711,0,0.384837289
7.08,-5.12,53.654094,0.615162711,0,0.384837289
8.26,-5.12,53.654094,0.615162711,0,0.384837289
9.44,-5.12,53.654094,0.615162711,0,0.384837289
10.62,-5.12,53.654094,0.615162711,0,0.384837289
0,-3.94,53.654094,0.647539696,0,0.352460304
1.18,-3.94,53.654094,0.647539696,0,0.352460304
2.36,-3.94,53.654094,0.647539696,0,0.352460304
3.54,-3.94,53.654094,0.647539696,0,0.352460304
4.72,-3.94,53.654094,0.647539696,0,0.352460304
5.9,-3.94,53.654094,0.647539696,0,0.352460304
7.08,-3.94,53.654094,0.647539696,0,0.352460304
8.26,-3.94,53.654094,0.647539696,0,0.352460304
9.44,-3.94,53.654094,0.647539696,0,0.352460304
10.62,-3.94,53.654094,0.647539696,0,0.352460304
0,-2.76,53.654094,0.679916681,0,0.320083319
1.18,-2.76,53.654094,0.679916681,0,0.320083319
2.36,-2.76,53.654094,0.679916681,0,0.320083319
3.54,-2.76,53.654094,0.679916681,0,0.320083319
4.72,-2.76,53.654094,0.679916681,0,0.320083319
5.9,-2.76,53.654094,0.679916681,0,0.320083319
7.08,-2.76,53.654094,0.679916681,0,0.320083319
8.26,-2.76,53.654094,0.679916681,0,0.320083319
9.44,-2.76,53.654094,0.679916681,0,0.320083319
10.62,-2.76,53.654094,0.679916681,0,0.320083319
0,-1.58,53.654094,0.712293666,0,0.287706334
1.18,-1.58,53.654094,0.712293666,0,0.287706334
2.36,-1.58,53.654094,0.712293666,0,0.287706334
3.54,-1.58,53.654094,0.712293666,0,0.287706334
4.72,-1.58,53.654094,0.712293666,0,0.287706334
5.9,-1.58,53.654094,0.712293666,0,0.287706334
7.08,-1.58,53.654094,0.712293666,0,0.287706334
8.26,-1.58,53.654094,0.712293666,0,0.287706334
9.44,-1.58,53.654094,0.712293666,0,0.287706334
10.62,-1.58,53.654094,0.712293666,0,0.287706334
0,-0.400000000000002,53.654094,0.767007403,0,0.232992597
1.18,-0.400000000000002,53.654094,0.767007403,0,0.232992597
2.36,-0.400000000000002,53.654094,0.767007403,0,0.232992597
3.54,-0.400000000000002,53.654094,0.767007403,0,0.232992597
4.72,-0.400000000000002,53.654094,0.767007403,0,0.232992597
5.9,-0.400000000000002,53.654094,0.767007403,0,0.232992597
7.08,-0.400000000000002,53.654094,0.767007403,0,0.232992597
8.26,-0.400000000000002,53.654094,0.767007403,0,0.232992597
9.44,-0.400000000000002,53.654094,0.767007403,0,0.232992597
10.62,-0.400000000000002,53.654094,0.767007403,0,0.232992597
0,0.779999999999998,53.654094,0.74467065,0,0.25532935
1.18,0.779999999999998,53.654094,0.74467065,0,0.25532935
2.36,0.779999999999998,53.654094,0.74467065,0,0.25532935
3.54,0.779999999999998,53.654094,0.74467065,0,0.25532935
4.72,0.779999999999998,53.654094,0.74467065,0,0.25532935
5.9,0.779999999999998,53.654094,0.74467065,0,0.25532935
7.08,0.779999999999998,53.654094,0.74467065,0,0.25532935
8.26,0.779999999999998,53.654094,0.74467065,0,0.25532935
9.44,0.779999999999998,53.654094,0.74467065,0,0.25532935
10.62,0.779999999999998,53.654094,0.74467065,0,0.25532935
0,1.96,53.654094,0.712293666,0,0.287706334
1.18,1.96,53.654094,0.712293666,0,0.287706334
2.36,1.96,53.654094,0.712293666,0,0.287706334
3.54,1.96,53.654094,0.712293666,0,0.287706334
4.72,1.96,53.654094,0.712293666,0,0.287706334
5.9,1.96,53.654094,0.712293666,0,0.287706334
7.08,1.96,53.654094,0.712293666,0,0.287706334
8.26,1.96,53.654094,0.712293666,0,0.287706334
9.44,1.96,53.654094,0.712293666,0,0.287706334
10.62,1.96,53.654094,0.712293666,0,0.287706334
0,3.14,53.654094,0.679916681,0,0.320083319
1.18,3.14,53.654094,0.679916681,0,0.320083319
2.36,3.14,53.654094,0.679916681,0,0.320083319
3.54,3.14,53.654094,0.679916681,0,0.320083319
4.72,3.14,53.654094,0.679916681,0,0.320083319
5.9,3.14,53.654094,0.679916681,0,0.320083319
7.08,3.14,53.654094,0.679916681,0,0.320083319
8.26,3.14,53.654094,0.679916681,0,0.320083319
9.44,3.14,53.654094,0.679916681,0,0.320083319
10.62,3.14,53.654094,0.679916681,0,0.320083319
0,4.32,53.654094,0.647539696,0,0.352460304
1.18,4.32,53.654094,0.647539696,0,0.352460304
2.36,4.32,53.654094,0.647539696,0,0.352460304
3.54,4.32,53.654094,0.647539696,0,0.352460304
4.72,4.32,53.654094,0.647539696,0,0.352460304
5.9,4.32,53.654094,0.647539696,0,0.352460304
7.08,4.32,53.654094,0.647539696,0,0.352460304
8.26,4.32,53.654094,0.647539696,0,0.352460304
9.44,4.32,53.654094,0.647539696,0,0.352460304
10.62,4.32,53.654094,0.647539696,0,0.352460304
0,5.5,53.654094,0.615162711,0,0.384837289
1.18,5.5,53.654094,0.615162711,0,0.384837289
2.36,5.5,53.654094,0.615162711,0,0.384837289
3.54,5.5,53.654094,0.615162711,0,0.384837289
4.72,5.5,53.654094,0.615162711,0,0.384837289
5.9,5.5,53.654094,0.615162711,0,0.384837289
7.08,5.5,53.654094,0.615162711,0,0.384837289
8.26,5.5,53.654094,0.615162711,0,0.384837289
9.44,5.5,53.654094,0.615162711,0,0.384837289
10.62,5.5,53.654094,0.615162711,0,0.384837289
0,6.68,53.654094,0,1,0
1.18,6.68,53.654094,0,1,0
2.36,6.68,53.654094,0,1,0
3.54,6.68,53.654094,0,1,0
4.72,6.68,53.654094,0,1,0
5.9,6.68,53.654094,0,1,0
7.08,6.68,53.654094,0,1,0
8.26,6.68,53.654094,0,1,0
9.44,6.68,53.654094,0,1,0
10.62,6.68,53.654094,0,1,0
0,-6.3,54.274094,0,1,0
1.18,-6.3,54.274094,0,1,0
2.36,-6.3,54.274094,0,1,0
3.54,-6.3,54.274094,0,1,0
4.72,-6.3,54.274094,0,1,0
5.9,-6.3,54.274094,0,1,0
7.08,-6.3,54.274094,0,1,0
8.26,-6.3,54.274094,0,1,0
9.44,-6.3,54.274094,0,1,0
10.62,-6.3,54.274094,0,1,0
0,-5.12,54.274094,0.611735594,0,0.388264406
1.18,-5.12,54.274094,0.611735594,0,0.388264406
2.36,-5.12,54.274094,0.611735594,0,0.388264406
3.54,-5.12,54.274094,0.611735594,0,0.388264406
4.72,-5.12,54.274094,0.611735594,0,0.388264406
5.9,-5.12,54.274094,0.611735594,0,0.388264406
7.08,-5.12,54.274094,0.611735594,0,0.388264406
8.26,-5.12,54.274094,0.611735594,0,0.388264406
9.44,-5.12,54.274094,0.611735594,0,0.388264406
10.62,-5.12,54.274094,0.611735594,0,0.388264406
0,-3.94,54.274094,0.643932204,0,0.356067796
1.18,-3.94,54.274094,0.643932204,0,0.356067796
2.36,-3.94,54.274094,0.643932204,0,0.356067796
3.54,-3.94,54.274094,0.643932204,0,0.356067796
4.72,-3.94,54.274094,0.643932204,0,0.356067796
5.9,-3.94,54.274094,0.643932204,0,0.356067796
7.08,-3.94,54.274094,0.643932204,0,0.356067796
8.26,-3.94,54.274094,0.643932204,0,0.356067796
9.44,-3.94,54.274094,0.643932204,0,0.356067796
10.62,-3.94,54.274094,0.643932204,0,0.356067796
0,-2.76,54.274094,0.676128815,0,0.323871185
1.18,-2.76,54.274094,0.676128815,0,0.323871185
2.36,-2.76,54.274094,0.676128815,0,0.323871185
3.54,-2.76,54.274094,0.676128815,0,0.323871185
4.72,-2.76,54.274094,0.676128815,0,0.323871185
5.9,-2.76,54.274094,0.676128815,0,0.323871185
7.08,-2.76,54.274094,0.676128815,0,0.323871185
8.26,-2.76,54.274094,0.676128815,0,0.323871185
9.44,-2.76,54.274094,0.676128815,0,0.323871185
10.62,-2.76,54.274094,0.676128815,0,0.323871185
0,-1.58,54.274094,0.708325425,0,0.291674575
1.18,-1.58,54.274094,0.708325425,0,0.291674575
2.36,-1.58,54.274094,0.708325425,0,0.291674575
3.54,-1.58,54.274094,0.708325425,0,0.291674575
4.72,-1.58,54.274094,0.708325425,0,0.291674575
5.9,-1.58,54.274094,0.708325425,0,0.291674575
7.08,-1.58,54.274094,0.708325425,0,0.291674575
8.26,-1.58,54.274094,0.708325425,0,0.291674575
9.44,-1.58,54.274094,0.708325425,0,0.291674575
10.62,-1.58,54.274094,0.708325425,0,0.291674575
0,-0.400000000000002,54.274094,0.762734348,0,0.237265652
1.18,-0.400000000000002,54.274094,0.762734348,0,0.237265652
2.36,-0.400000000000002,54.274094,0.762734348,0,0.237265652
3.54,-0.400000000000002,54.274094,0.762734348,0,0.237265652
4.72,-0.400000000000002,54.274094,0.762734348,0,0.237265652
5.9,-0.400000000000002,54.274094,0.762734348,0,0.237265652
7.08,-0.400000000000002,54.274094,0.762734348,0,0.237265652
8.26,-0.400000000000002,54.274094,0.762734348,0,0.237265652
9.44,-0.400000000000002,54.274094,0.762734348,0,0.237265652
10.62,-0.400000000000002,54.274094,0.762734348,0,0.237265652
0,0.779999999999998,54.274094,0.740522035,0,0.259477965
1.18,0.779999999999998,54.274094,0.740522035,0,0.259477965
2.36,0.779999999999998,54.274094,0.740522035,0,0.259477965
3.54,0.779999999999998,54.274094,0.740522035,0,0.259477965
4.72,0.779999999999998,54.274094,0.740522035,0,0.259477965
5.9,0.779999999999998,54.274094,0.740522035,0,0.259477965
7.08,0.779999999999998,54.274094,0.740522035,0,0.259477965
8.26,0.779999999999998,54.274094,0.740522035,0,0.259477965
9.44,0.779999999999998,54.274094,0.740522035,0,0.259477965
10.62,0.779999999999998,54.274094,0.740522035,0,0.259477965
0,1.96,54.274094,0.708325425,0,0.291674575
1.18,1.96,54.274094,0.708325425,0,0.291674575
2.36,1.96,54.274094,0.708325425,0,0.291674575
3.54,1.96,54.274094,0.708325425,0,0.291674575
4.72,1.96,54.274094,0.708325425,0,0.291674575
5.9,1.96,54.274094,0.708325425,0,0.291674575
7.08,1.96,54.274094,0.708325425,0,0.291674575
8.26,1.96,54.274094,0.708325425,0,0.291674575
9.44,1.96,54.274094,0.708325425,0,0.291674575
10.62,1.96,54.274094,0.708325425,0,0.291674575
0,3.14,54.274094,0.676128815,0,0.323871185
1.18,3.14,54.274094,0.676128815,0,0.323871185
2.36,3.14,54.274094,0.676128815,0,0.323871185
3.54,3.14,54.274094,0.676128815,0,0.323871185
4.72,3.14,54.274094,0.676128815,0,0.323871185
5.9,3.14,54.274094,0.676128815,0,0.323871185
7.08,3.14,54.274094,0.676128815,0,0.323871185
8.26,3.14,54.274094,0.676128815,0,0.323871185
9.44,3.14,54.274094,0.676128815,0,0.323871185
10.62,3.14,54.274094,0.676128815,0,0.323871185
0,4.32,54.274094,0.643932204,0,0.356067796
1.18,4.32,54.274094,0.643932204,0,0.356067796
2.36,4.32,54.274094,0.643932204,0,0.356067796
3.54,4.32,54.274094,0.643932204,0,0.356067796
4.72,4.32,54.274094,0.643932204,0,0.356067796
5.9,4.32,54.274094,0.643932204,0,0.356067796
7.08,4.32,54.274094,0.643932204,0,0.356067796
8.26,4.32,54.274094,0.643932204,0,0.356067796
9.44,4.32,54.274094,0.643932204,0,0.356067796
10.62,4.32,54.274094,0.643932204,0,0.356067796
0,5.5,54.274094,0.611735594,0,0.388264406
1.18,5.5,54.274094,0.611735594,0,0.388264406
2.36,5.5,54.274094,0.611735594,0,0.388264406
3.54,5.5,54.274094,0.611735594,0,0.388264406
4.72,5.5,54.274094,0.611735594,0,0.388264406
5.9,5.5,54.274094,0.611735594,0,0.388264406
7.08,5.5,54.274094,0.611735594,0,0.388264406
8.26,5.5,54.274094,0.611735594,0,0.388264406
9.44,5.5,54.274094,0.611735594,0,0.388264406
10.62,5.5,54.274094,0.611735594,0,0.388264406
0,6.68,54.274094,0,1,0
1.18,6.68,54.274094,0,1,0
2.36,6.68,54.274094,0,1,0
3.54,6.68,54.274094,0,1,0
4.72,6.68,54.274094,0,1,0
5.9,6.68,54.274094,0,1,0
7.08,6.68,54.274094,0,1,0
8.26,6.68,54.274094,0,1,0
9.44,6.68,54.274094,0,1,0
10.62,6.68,54.274094,0,1,0
0,-6.3,54.894094,0,1,0
1.18,-6.3,54.894094,0,1,0
2.36,-6.3,54.894094,0,1,0
3.54,-6.3,54.894094,0,1,0
4.72,-6.3,54.894094,0,1,0
5.9,-6.3,54.894094,0,1,0
7.08,-6.3,54.894094,0,1,0
8.26,-6.3,54.894094,0,1,0
9.44,-6.3,54.894094,0,1,0
10.62,-6.3,54.894094,0,1,0
0,-5.12,54.894094,0.608289169,0,0.391710831
1.18,-5.12,54.894094,0.608289169,0,0.391710831
2.36,-5.12,54.894094,0.608289169,0,0.391710831
3.54,-5.12,54.894094,0.608289169,0,0.391710831
4.72,-5.12,54.894094,0.608289169,0,0.391710831
5.9,-5.12,54.894094,0.608289169,0,0.391710831
7.08,-5.12,54.894094,0.608289169,0,0.391710831
8.26,-5.12,54.894094,0.608289169,0,0.391710831
9.44,-5.12,54.894094,0.608289169,0,0.391710831
10.62,-5.12,54.894094,0.608289169,0,0.391710831
0,-3.94,54.894094,0.640304389,0,0.359695611
1.18,-3.94,54.894094,0.640304389,0,0.359695611
2.36,-3.94,54.894094,0.640304389,0,0.359695611
3.54,-3.94,54.894094,0.640304389,0,0.359695611
4.72,-3.94,54.894094,0.640304389,0,0.359695611
5.9,-3.94,54.894094,0.640304389,0,0.359695611
7.08,-3.94,54.894094,0.640304389,0,0.359695611
8.26,-3.94,54.894094,0.640304389,0,0.359695611
9.44,-3.94,54.894094,0.640304389,0,0.359695611
10.62,-3.94,54.894094,0.640304389,0,0.359695611
0,-2.76,54.894094,0.672319608,0,0.327680392
1.18,-2.76,54.894094,0.672319608,0,0.327680392
2.36,-2.76,54.894094,0.672319608,0,0.327680392
3.54,-2.76,54.894094,0.672319608,0,0.327680392
4.72,-2.76,54.894094,0.672319608,0,0.327680392
5.9,-2.76,54.894094,0.672319608,0,0.327680392
7.08,-2.76,54.894094,0.672319608,0,0.327680392
8.26,-2.76,54.894094,0.672319608,0,0.327680392
9.44,-2.76,54.894094,0.672319608,0,0.327680392
10.62,-2.76,54.894094,0.672319608,0,0.327680392
0,-1.58,54.894094,0.704334827,0,0.295665173
1.18,-1.58,54.894094,0.704334827,0,0.295665173
2.36,-1.58,54.894094,0.704334827,0,0.295665173
3.54,-1.58,54.894094,0.704334827,0,0.295665173
4.72,-1.58,54.894094,0.704334827,0,0.295665173
5.9,-1.58,54.894094,0.704334827,0,0.295665173
7.08,-1.58,54.894094,0.704334827,0,0.295665173
8.26,-1.58,54.894094,0.704334827,0,0.295665173
9.44,-1.58,54.894094,0.704334827,0,0.295665173
10.62,-1.58,54.894094,0.704334827,0,0.295665173
0,-0.400000000000002,54.894094,0.758437219,0,0.241562781
1.18,-0.400000000000002,54.894094,0.758437219,0,0.241562781
2.36,-0.400000000000002,54.894094,0.758437219,0,0.241562781
3.54,-0.400000000000002,54.894094,0.758437219,0,0.241562781
4.72,-0.400000000000002,54.894094,0.758437219,0,0.241562781
5.9,-0.400000000000002,54.894094,0.758437219,0,0.241562781
7.08,-0.400000000000002,54.894094,0.758437219,0,0.241562781
8.26,-0.400000000000002,54.894094,0.758437219,0,0.241562781
9.44,-0.400000000000002,54.894094,0.758437219,0,0.241562781
10.62,-0.400000000000002,54.894094,0.758437219,0,0.241562781
0,0.779999999999998,54.894094,0.736350047,0,0.263649953
1.18,0.779999999999998,54.894094,0.736350047,0,0.263649953
2.36,0.779999999999998,54.894094,0.736350047,0,0.263649953
3.54,0.779999999999998,54.894094,0.736350047,0,0.263649953
4.72,0.779999999999998,54.894094,0.736350047,0,0.263649953
5.9,0.779999999999998,54.894094,0.736350047,0,0.263649953
7.08,0.779999999999998,54.894094,0.736350047,0,0.263649953
8.26,0.779999999999998,54.894094,0.736350047,0,0.263649953
9.44,0.779999999999998,54.894094,0.736350047,0,0.263649953
10.62,0.779999999999998,54.894094,0.736350047,0,0.263649953
0,1.96,54.894094,0.704334827,0,0.295665173
1.18,1.96,54.894094,0.704334827,0,0.295665173
2.36,1.96,54.894094,0.704334827,0,0.295665173
3.54,1.96,54.894094,0.704334827,0,0.295665173
4.72,1.96,54.894094,0.704334827,0,0.295665173
5.9,1.96,54.894094,0.704334827,0,0.295665173
7.08,1.96,54.894094,0.704334827,0,0.295665173
8.26,1.96,54.894094,0.704334827,0,0.295665173
9.44,1.96,54.894094,0.704334827,0,0.295665173
10.62,1.96,54.894094,0.704334827,0,0.295665173
0,3.14,54.894094,0.672319608,0,0.327680392
1.18,3.14,54.894094,0.672319608,0,0.327680392
2.36,3.14,54.894094,0.672319608,0,0.327680392
3.54,3.14,54.894094,0.672319608,0,0.327680392
4.72,3.14,54.894094,0.672319608,0,0.327680392
5.9,3.14,54.894094,0.672319608,0,0.327680392
7.08,3.14,54.894094,0.672319608,0,0.327680392
8.26,3.14,54.894094,0.672319608,0,0.327680392
9.44,3.14,54.894094,0.672319608,0,0.327680392
10.62,3.14,54.894094,0.672319608,0,0.327680392
0,4.32,54.894094,0.640304389,0,0.359695611
1.18,4.32,54.894094,0.640304389,0,0.359695611
2.36,4.32,54.894094,0.640304389,0,0.359695611
3.54,4.32,54.894094,0.640304389,0,0.359695611
4.72,4.32,54.894094,0.640304389,0,0.359695611
5.9,4.32,54.894094,0.640304389,0,0.359695611
7.08,4.32,54.894094,0.640304389,0,0.359695611
8.26,4.32,54.894094,0.640304389,0,0.359695611
9.44,4.32,54.894094,0.640304389,0,0.359695611
10.62,4.32,54.894094,0.640304389,0,0.359695611
0,5.5,54.894094,0.608289169,0,0.391710831
1.18,5.5,54.894094,0.608289169,0,0.391710831
2.36,5.5,54.894094,0.608289169,0,0.391710831
3.54,5.5,54.894094,0.608289169,0,0.391710831
4.72,5.5,54.894094,0.608289169,0,0.391710831
5.9,5.5,54.894094,0.608289169,0,0.391710831
7.08,5.5,54.894094,0.608289169,0,0.391710831
8.26,5.5,54.894094,0.608289169,0,0.391710831
9.44,5.5,54.894094,0.608289169,0,0.391710831
10.62,5.5,54.894094,0.608289169,0,0.391710831
0,6.68,54.894094,0,1,0
1.18,6.68,54.894094,0,1,0
2.36,6.68,54.894094,0,1,0
3.54,6.68,54.894094,0,1,0
4.72,6.68,54.894094,0,1,0
5.9,6.68,54.894094,0,1,0
7.08,6.68,54.894094,0,1,0
8.26,6.68,54.894094,0,1,0
9.44,6.68,54.894094,0,1,0
10.62,6.68,54.894094,0,1,0
0,-6.3,55.514094,0,1,0
1.18,-6.3,55.514094,0,1,0
2.36,-6.3,55.514094,0,1,0
3.54,-6.3,55.514094,0,1,0
4.72,-6.3,55.514094,0,1,0
5.9,-6.3,55.514094,0,1,0
7.08,-6.3,55.514094,0,1,0
8.26,-6.3,55.514094,0,1,0
9.44,-6.3,55.514094,0,1,0
10.62,-6.3,55.514094,0,1,0
0,-5.12,55.514094,0.604823106,0,0.395176894
1.18,-5.12,55.514094,0.604823106,0,0.395176894
2.36,-5.12,55.514094,0.604823106,0,0.395176894
3.54,-5.12,55.514094,0.604823106,0,0.395176894
4.72,-5.12,55.514094,0.604823106,0,0.395176894
5.9,-5.12,55.514094,0.604823106,0,0.395176894
7.08,-5.12,55.514094,0.604823106,0,0.395176894
8.26,-5.12,55.514094,0.604823106,0,0.395176894
9.44,-5.12,55.514094,0.604823106,0,0.395176894
10.62,-5.12,55.514094,0.604823106,0,0.395176894
0,-3.94,55.514094,0.636655901,0,0.363344099
1.18,-3.94,55.514094,0.636655901,0,0.363344099
2.36,-3.94,55.514094,0.636655901,0,0.363344099
3.54,-3.94,55.514094,0.636655901,0,0.363344099
4.72,-3.94,55.514094,0.636655901,0,0.363344099
5.9,-3.94,55.514094,0.636655901,0,0.363344099
7.08,-3.94,55.514094,0.636655901,0,0.363344099
8.26,-3.94,55.514094,0.636655901,0,0.363344099
9.44,-3.94,55.514094,0.636655901,0,0.363344099
10.62,-3.94,55.514094,0.636655901,0,0.363344099
0,-2.76,55.514094,0.668488696,0,0.331511304
1.18,-2.76,55.514094,0.668488696,0,0.331511304
2.36,-2.76,55.514094,0.668488696,0,0.331511304
3.54,-2.76,55.514094,0.668488696,0,0.331511304
4.72,-2.76,55.514094,0.668488696,0,0.331511304
5.9,-2.76,55.514094,0.668488696,0,0.331511304
7.08,-2.76,55.514094,0.668488696,0,0.331511304
8.26,-2.76,55.514094,0.668488696,0,0.331511304
9.44,-2.76,55.514094,0.668488696,0,0.331511304
10.62,-2.76,55.514094,0.668488696,0,0.331511304
0,-1.58,55.514094,0.700321491,0,0.299678509
1.18,-1.58,55.514094,0.700321491,0,0.299678509
2.36,-1.58,55.514094,0.700321491,0,0.299678509
3.54,-1.58,55.514094,0.700321491,0,0.299678509
4.72,-1.58,55.514094,0.700321491,0,0.299678509
5.9,-1.58,55.514094,0.700321491,0,0.299678509
7.08,-1.58,55.514094,0.700321491,0,0.299678509
8.26,-1.58,55.514094,0.700321491,0,0.299678509
9.44,-1.58,55.514094,0.700321491,0,0.299678509
10.62,-1.58,55.514094,0.700321491,0,0.299678509
0,-0.400000000000002,55.514094,0.754115604,0,0.245884396
1.18,-0.400000000000002,55.514094,0.754115604,0,0.245884396
2.36,-0.400000000000002,55.514094,0.754115604,0,0.245884396
3.54,-0.400000000000002,55.514094,0.754115604,0,0.245884396
4.72,-0.400000000000002,55.514094,0.754115604,0,0.245884396
5.9,-0.400000000000002,55.514094,0.754115604,0,0.245884396
7.08,-0.400000000000002,55.514094,0.754115604,0,0.245884396
8.26,-0.400000000000002,55.514094,0.754115604,0,0.245884396
9.44,-0.400000000000002,55.514094,0.754115604,0,0.245884396
10.62,-0.400000000000002,55.514094,0.754115604,0,0.245884396
0,0.779999999999998,55.514094,0.732154286,0,0.267845714
1.18,0.779999999999998,55.514094,0.732154286,0,0.267845714
2.36,0.779999999999998,55.514094,0.732154286,0,0.267845714
3.54,0.779999999999998,55.514094,0.732154286,0,0.267845714
4.72,0.779999999999998,55.514094,0.732154286,0,0.267845714
5.9,0.779999999999998,55.514094,0.732154286,0,0.267845714
7.08,0.779999999999998,55.514094,0.732154286,0,0.267845714
8.26,0.779999999999998,55.514094,0.732154286,0,0.267845714
9.44,0.779999999999998,55.514094,0.732154286,0,0.267845714
10.62,0.779999999999998,55.514094,0.732154286,0,0.267845714
0,1.96,55.514094,0.700321491,0,0.299678509
1.18,1.96,55.514094,0.700321491,0,0.299678509
2.36,1.96,55.514094,0.700321491,0,0.299678509
3.54,1.96,55.514094,0.700321491,0,0.299678509
4.72,1.96,55.514094,0.700321491,0,0.299678509
5.9,1.96,55.514094,0.700321491,0,0.299678509
7.08,1.96,55.514094,0.700321491,0,0.299678509
8.26,1.96,55.514094,0.700321491,0,0.299678509
9.44,1.96,55.514094,0.700321491,0,0.299678509
10.62,1.96,55.514094,0.700321491,0,0.299678509
0,3.14,55.514094,0.668488696,0,0.331511304
1.18,3.14,55.514094,0.668488696,0,0.331511304
2.36,3.14,55.514094,0.668488696,0,0.331511304
3.54,3.14,55.514094,0.668488696,0,0.331511304
4.72,3.14,55.514094,0.668488696,0,0.331511304
5.9,3.14,55.514094,0.668488696,0,0.331511304
7.08,3.14,55.514094,0.668488696,0,0.331511304
8.26,3.14,55.514094,0.668488696,0,0.331511304
9.44,3.14,55.514094,0.668488696,0,0.331511304
10.62,3.14,55.514094,0.668488696,0,0.331511304
0,4.32,55.514094,0.636655901,0,0.363344099
1.18,4.32,55.514094,0.636655901,0,0.363344099
2.36,4.32,55.514094,0.636655901,0,0.363344099
3.54,4.32,55.514094,0.636655901,0,0.363344099
4.72,4.32,55.514094,0.636655901,0,0.363344099
5.9,4.32,55.514094,0.636655901,0,0.363344099
7.08,4.32,55.514094,0.636655901,0,0.363344099
8.26,4.32,55.514094,0.636655901,0,0.363344099
9.44,4.32,55.514094,0.636655901,0,0.363344099
10.62,4.32,55.514094,0.636655901,0,0.363344099
0,5.5,55.514094,0.604823106,0,0.395176894
1.18,5.5,55.514094,0.604823106,0,0.395176894
2.36,5.5,55.514094,0.604823106,0,0.395176894
3.54,5.5,55.514094,0.604823106,0,0.395176894
4.72,5.5,55.514094,0.604823106,0,0.395176894
5.9,5.5,55.514094,0.604823106,0,0.395176894
7.08,5.5,55.514094,0.604823106,0,0.395176894
8.26,5.5,55.514094,0.604823106,0,0.395176894
9.44,5.5,55.514094,0.604823106,0,0.395176894
10.62,5.5,55.514094,0.604823106,0,0.395176894
0,6.68,55.514094,0,1,0
1.18,6.68,55.514094,0,1,0
2.36,6.68,55.514094,0,1,0
3.54,6.68,55.514094,0,1,0
4.72,6.68,55.514094,0,1,0
5.9,6.68,55.514094,0,1,0
7.08,6.68,55.514094,0,1,0
8.26,6.68,55.514094,0,1,0
9.44,6.68,55.514094,0,1,0
10.62,6.68,55.514094,0,1,0
0,-6.3,56.134094,0,1,0
1.18,-6.3,56.134094,0,1,0
2.36,-6.3,56.134094,0,1,0
3.54,-6.3,56.134094,0,1,0
4.72,-6.3,56.134094,0,1,0
5.9,-6.3,56.134094,0,1,0
7.08,-6.3,56.134094,0,1,0
8.26,-6.3,56.134094,0,1,0
9.44,-6.3,56.134094,0,1,0
10.62,-6.3,56.134094,0,1,0
0,-5.12,56.134094,0.597830696,0,0.402169304
1.18,-5.12,56.134094,0.597830696,0,0.402169304
2.36,-5.12,56.134094,0.597830696,0,0.402169304
3.54,-5.12,56.134094,0.597830696,0,0.402169304
4.72,-5.12,56.134094,0.597830696,0,0.402169304
5.9,-5.12,56.134094,0.597830696,0,0.402169304
7.08,-5.12,56.134094,0.597830696,0,0.402169304
8.26,-5.12,56.134094,0.597830696,0,0.402169304
9.44,-5.12,56.134094,0.597830696,0,0.402169304
10.62,-5.12,56.134094,0.597830696,0,0.402169304
0,-3.94,56.134094,0.62929547,0,0.37070453
1.18,-3.94,56.134094,0.62929547,0,0.37070453
2.36,-3.94,56.134094,0.62929547,0,0.37070453
3.54,-3.94,56.134094,0.62929547,0,0.37070453
4.72,-3.94,56.134094,0.62929547,0,0.37070453
5.9,-3.94,56.134094,0.62929547,0,0.37070453
7.08,-3.94,56.134094,0.62929547,0,0.37070453
8.26,-3.94,56.134094,0.62929547,0,0.37070453
9.44,-3.94,56.134094,0.62929547,0,0.37070453
10.62,-3.94,56.134094,0.62929547,0,0.37070453
0,-2.76,56.134094,0.660760243,0,0.339239757
1.18,-2.76,56.134094,0.660760243,0,0.339239757
2.36,-2.76,56.134094,0.660760243,0,0.339239757
3.54,-2.76,56.134094,0.660760243,0,0.339239757
4.72,-2.76,56.134094,0.660760243,0,0.339239757
5.9,-2.76,56.134094,0.660760243,0,0.339239757
7.08,-2.76,56.134094,0.660760243,0,0.339239757
8.26,-2.76,56.134094,0.660760243,0,0.339239757
9.44,-2.76,56.134094,0.660760243,0,0.339239757
10.62,-2.76,56.134094,0.660760243,0,0.339239757
0,-1.58,56.134094,0.692225017,0,0.307774983
1.18,-1.58,56.134094,0.692225017,0,0.307774983
2.36,-1.58,56.134094,0.692225017,0,0.307774983
3.54,-1.58,56.134094,0.692225017,0,0.307774983
4.72,-1.58,56.134094,0.692225017,0,0.307774983
5.9,-1.58,56.134094,0.692225017,0,0.307774983
7.08,-1.58,56.134094,0.692225017,0,0.307774983
8.26,-1.58,56.134094,0.692225017,0,0.307774983
9.44,-1.58,56.134094,0.692225017,0,0.307774983
10.62,-1.58,56.134094,0.692225017,0,0.307774983
0,-0.400000000000002,56.134094,0.745397211,0,0.254602789
1.18,-0.400000000000002,56.134094,0.745397211,0,0.254602789
2.36,-0.400000000000002,56.134094,0.745397211,0,0.254602789
3.54,-0.400000000000002,56.134094,0.745397211,0,0.254602789
4.72,-0.400000000000002,56.134094,0.745397211,0,0.254602789
5.9,-0.400000000000002,56.134094,0.745397211,0,0.254602789
7.08,-0.400000000000002,56.134094,0.745397211,0,0.254602789
8.26,-0.400000000000002,56.134094,0.745397211,0,0.254602789
9.44,-0.400000000000002,56.134094,0.745397211,0,0.254602789
10.62,-0.400000000000002,56.134094,0.745397211,0,0.254602789
0,0.779999999999998,56.134094,0.72368979,0,0.27631021
1.18,0.779999999999998,56.134094,0.72368979,0,0.27631021
2.36,0.779999999999998,56.134094,0.72368979,0,0.27631021
3.54,0.779999999999998,56.134094,0.72368979,0,0.27631021
4.72,0.779999999999998,56.134094,0.72368979,0,0.27631021
5.9,0.779999999999998,56.134094,0.72368979,0,0.27631021
7.08,0.779999999999998,56.134094,0.72368979,0,0.27631021
8.26,0.779999999999998,56.134094,0.72368979,0,0.27631021
9.44,0.779999999999998,56.134094,0.72368979,0,0.27631021
10.62,0.779999999999998,56.134094,0.72368979,0,0.27631021
0,1.96,56.134094,0.692225017,0,0.307774983
1.18,1.96,56.134094,0.692225017,0,0.307774983
2.36,1.96,56.134094,0.692225017,0,0.307774983
3.54,1.96,56.134094,0.692225017,0,0.307774983
4.72,1.96,56.134094,0.692225017,0,0.307774983
5.9,1.96,56.134094,0.692225017,0,0.307774983
7.08,1.96,56.134094,0.692225017,0,0.307774983
8.26,1.96,56.134094,0.692225017,0,0.307774983
9.44,1.96,56.134094,0.692225017,0,0.307774983
10.62,1.96,56.134094,0.692225017,0,0.307774983
0,3.14,56.134094,0.660760243,0,0.339239757
1.18,3.14,56.134094,0.660760243,0,0.339239757
2.36,3.14,56.134094,0.660760243,0,0.339239757
3.54,3.14,56.134094,0.660760243,0,0.339239757
4.72,3.14,56.134094,0.660760243,0,0.339239757
5.9,3.14,56.134094,0.660760243,0,0.339239757
7.08,3.14,56.134094,0.660760243,0,0.339239757
8.26,3.14,56.134094,0.660760243,0,0.339239757
9.44,3.14,56.134094,0.660760243,0,0.339239757
10.62,3.14,56.134094,0.660760243,0,0.339239757
0,4.32,56.134094,0.62929547,0,0.37070453
1.18,4.32,56.134094,0.62929547,0,0.37070453
2.36,4.32,56.134094,0.62929547,0,0.37070453
3.54,4.32,56.134094,0.62929547,0,0.37070453
4.72,4.32,56.134094,0.62929547,0,0.37070453
5.9,4.32,56.134094,0.62929547,0,0.37070453
7.08,4.32,56.134094,0.62929547,0,0.37070453
8.26,4.32,56.134094,0.62929547,0,0.37070453
9.44,4.32,56.134094,0.62929547,0,0.37070453
10.62,4.32,56.134094,0.62929547,0,0.37070453
0,5.5,56.134094,0.597830696,0,0.402169304
1.18,5.5,56.134094,0.597830696,0,0.402169304
2.36,5.5,56.134094,0.597830696,0,0.402169304
3.54,5.5,56.134094,0.597830696,0,0.402169304
4.72,5.5,56.134094,0.597830696,0,0.402169304
5.9,5.5,56.134094,0.597830696,0,0.402169304
7.08,5.5,56.134094,0.597830696,0,0.402169304
8.26,5.5,56.134094,0.597830696,0,0.402169304
9.44,5.5,56.134094,0.597830696,0,0.402169304
10.62,5.5,56.134094,0.597830696,0,0.402169304
0,6.68,56.134094,0,1,0
1.18,6.68,56.134094,0,1,0
2.36,6.68,56.134094,0,1,0
3.54,6.68,56.134094,0,1,0
4.72,6.68,56.134094,0,1,0
5.9,6.68,56.134094,0,1,0
7.08,6.68,56.134094,0,1,0
8.26,6.68,56.134094,0,1,0
9.44,6.68,56.134094,0,1,0
10.62,6.68,56.134094,0,1,0
0,-6.3,56.754094,0,1,0
1.18,-6.3,56.754094,0,1,0
2.36,-6.3,56.754094,0,1,0
3.54,-6.3,56.754094,0,1,0
4.72,-6.3,56.754094,0,1,0
5.9,-6.3,56.754094,0,1,0
7.08,-6.3,56.754094,0,1,0
8.26,-6.3,56.754094,0,1,0
9.44,-6.3,56.754094,0,1,0
10.62,-6.3,56.754094,0,1,0
0,-5.12,56.754094,0.594303641,0,0.405696359
1.18,-5.12,56.754094,0.594303641,0,0.405696359
2.36,-5.12,56.754094,0.594303641,0,0.405696359
3.54,-5.12,56.754094,0.594303641,0,0.405696359
4.72,-5.12,56.754094,0.594303641,0,0.405696359
5.9,-5.12,56.754094,0.594303641,0,0.405696359
7.08,-5.12,56.754094,0.594303641,0,0.405696359
8.26,-5.12,56.754094,0.594303641,0,0.405696359
9.44,-5.12,56.754094,0.594303641,0,0.405696359
10.62,-5.12,56.754094,0.594303641,0,0.405696359
0,-3.94,56.754094,0.62558278,0,0.37441722
1.18,-3.94,56.754094,0.62558278,0,0.37441722
2.36,-3.94,56.754094,0.62558278,0,0.37441722
3.54,-3.94,56.754094,0.62558278,0,0.37441722
4.72,-3.94,56.754094,0.62558278,0,0.37441722
5.9,-3.94,56.754094,0.62558278,0,0.37441722
7.08,-3.94,56.754094,0.62558278,0,0.37441722
8.26,-3.94,56.754094,0.62558278,0,0.37441722
9.44,-3.94,56.754094,0.62558278,0,0.37441722
10.62,-3.94,56.754094,0.62558278,0,0.37441722
0,-2.76,56.754094,0.656861919,0,0.343138081
1.18,-2.76,56.754094,0.656861919,0,0.343138081
2.36,-2.76,56.754094,0.656861919,0,0.343138081
3.54,-2.76,56.754094,0.656861919,0,0.343138081
4.72,-2.76,56.754094,0.656861919,0,0.343138081
5.9,-2.76,56.754094,0.656861919,0,0.343138081
7.08,-2.76,56.754094,0.656861919,0,0.343138081
8.26,-2.76,56.754094,0.656861919,0,0.343138081
9.44,-2.76,56.754094,0.656861919,0,0.343138081
10.62,-2.76,56.754094,0.656861919,0,0.343138081
0,-1.58,56.754094,0.688141058,0,0.311858942
1.18,-1.58,56.754094,0.688141058,0,0.311858942
2.36,-1.58,56.754094,0.688141058,0,0.311858942
3.54,-1.58,56.754094,0.688141058,0,0.311858942
4.72,-1.58,56.754094,0.688141058,0,0.311858942
5.9,-1.58,56.754094,0.688141058,0,0.311858942
7.08,-1.58,56.754094,0.688141058,0,0.311858942
8.26,-1.58,56.754094,0.688141058,0,0.311858942
9.44,-1.58,56.754094,0.688141058,0,0.311858942
10.62,-1.58,56.754094,0.688141058,0,0.311858942
0,-0.400000000000002,56.754094,0.740999549,0,0.259000451
1.18,-0.400000000000002,56.754094,0.740999549,0,0.259000451
2.36,-0.400000000000002,56.754094,0.740999549,0,0.259000451
3.54,-0.400000000000002,56.754094,0.740999549,0,0.259000451
4.72,-0.400000000000002,56.754094,0.740999549,0,0.259000451
5.9,-0.400000000000002,56.754094,0.740999549,0,0.259000451
7.08,-0.400000000000002,56.754094,0.740999549,0,0.259000451
8.26,-0.400000000000002,56.754094,0.740999549,0,0.259000451
9.44,-0.400000000000002,56.754094,0.740999549,0,0.259000451
10.62,-0.400000000000002,56.754094,0.740999549,0,0.259000451
0,0.779999999999998,56.754094,0.719420196,0,0.280579804
1.18,0.779999999999998,56.754094,0.719420196,0,0.280579804
2.36,0.779999999999998,56.754094,0.719420196,0,0.280579804
3.54,0.779999999999998,56.754094,0.719420196,0,0.280579804
4.72,0.779999999999998,56.754094,0.719420196,0,0.280579804
5.9,0.779999999999998,56.754094,0.719420196,0,0.280579804
7.08,0.779999999999998,56.754094,0.719420196,0,0.280579804
8.26,0.779999999999998,56.754094,0.719420196,0,0.280579804
9.44,0.779999999999998,56.754094,0.719420196,0,0.280579804
10.62,0.779999999999998,56.754094,0.719420196,0,0.280579804
0,1.96,56.754094,0.688141058,0,0.311858942
1.18,1.96,56.754094,0.688141058,0,0.311858942
2.36,1.96,56.754094,0.688141058,0,0.311858942
3.54,1.96,56.754094,0.688141058,0,0.311858942
4.72,1.96,56.754094,0.688141058,0,0.311858942
5.9,1.96,56.754094,0.688141058,0,0.311858942
7.08,1.96,56.754094,0.688141058,0,0.311858942
8.26,1.96,56.754094,0.688141058,0,0.311858942
9.44,1.96,56.754094,0.688141058,0,0.311858942
10.62,1.96,56.754094,0.688141058,0,0.311858942
0,3.14,56.754094,0.656861919,0,0.343138081
1.18,3.14,56.754094,0.656861919,0,0.343138081
2.36,3.14,56.754094,0.656861919,0,0.343138081
3.54,3.14,56.754094,0.656861919,0,0.343138081
4.72,3.14,56.754094,0.656861919,0,0.343138081
5.9,3.14,56.754094,0.656861919,0,0.343138081
7.08,3.14,56.754094,0.656861919,0,0.343138081
8.26,3.14,56.754094,0.656861919,0,0.343138081
9.44,3.14,56.754094,0.656861919,0,0.343138081
10.62,3.14,56.754094,0.656861919,0,0.343138081
0,4.32,56.754094,0.62558278,0,0.37441722
1.18,4.32,56.754094,0.62558278,0,0.37441722
2.36,4.32,56.754094,0.62558278,0,0.37441722
3.54,4.32,56.754094,0.62558278,0,0.37441722
4.72,4.32,56.754094,0.62558278,0,0.37441722
5.9,4.32,56.754094,0.62558278,0,0.37441722
7.08,4.32,56.754094,0.62558278,0,0.37441722
8.26,4.32,56.754094,0.62558278,0,0.37441722
9.44,4.32,56.754094,0.62558278,0,0.37441722
10.62,4.32,56.754094,0.62558278,0,0.37441722
0,5.5,56.754094,0.594303641,0,0.405696359
1.18,5.5,56.754094,0.594303641,0,0.405696359
2.36,5.5,56.754094,0.594303641,0,0.405696359
3.54,5.5,56.754094,0.594303641,0,0.405696359
4.72,5.5,56.754094,0.594303641,0,0.405696359
5.9,5.5,56.754094,0.594303641,0,0.405696359
7.08,5.5,56.754094,0.594303641,0,0.405696359
8.26,5.5,56.754094,0.594303641,0,0.405696359
9.44,5.5,56.754094,0.594303641,0,0.405696359
10.62,5.5,56.754094,0.594303641,0,0.405696359
0,6.68,56.754094,0,1,0
1.18,6.68,56.754094,0,1,0
2.36,6.68,56.754094,0,1,0
3.54,6.68,56.754094,0,1,0
4.72,6.68,56.754094,0,1,0
5.9,6.68,56.754094,0,1,0
7.08,6.68,56.754094,0,1,0
8.26,6.68,56.754094,0,1,0
9.44,6.68,56.754094,0,1,0
10.62,6.68,56.754094,0,1,0
0,-6.3,57.374094,0,1,0
1.18,-6.3,57.374094,0,1,0
2.36,-6.3,57.374094,0,1,0
3.54,-6.3,57.374094,0,1,0
4.72,-6.3,57.374094,0,1,0
5.9,-6.3,57.374094,0,1,0
7.08,-6.3,57.374094,0,1,0
8.26,-6.3,57.374094,0,1,0
9.44,-6.3,57.374094,0,1,0
10.62,-6.3,57.374094,0,1,0
0,-5.12,57.374094,0.590755527,0,0.409244473
1.18,-5.12,57.374094,0.590755527,0,0.409244473
2.36,-5.12,57.374094,0.590755527,0,0.409244473
3.54,-5.12,57.374094,0.590755527,0,0.409244473
4.72,-5.12,57.374094,0.590755527,0,0.409244473
5.9,-5.12,57.374094,0.590755527,0,0.409244473
7.08,-5.12,57.374094,0.590755527,0,0.409244473
8.26,-5.12,57.374094,0.590755527,0,0.409244473
9.44,-5.12,57.374094,0.590755527,0,0.409244473
10.62,-5.12,57.374094,0.590755527,0,0.409244473
0,-3.94,57.374094,0.621847924,0,0.378152076
1.18,-3.94,57.374094,0.621847924,0,0.378152076
2.36,-3.94,57.374094,0.621847924,0,0.378152076
3.54,-3.94,57.374094,0.621847924,0,0.378152076
4.72,-3.94,57.374094,0.621847924,0,0.378152076
5.9,-3.94,57.374094,0.621847924,0,0.378152076
7.08,-3.94,57.374094,0.621847924,0,0.378152076
8.26,-3.94,57.374094,0.621847924,0,0.378152076
9.44,-3.94,57.374094,0.621847924,0,0.378152076
10.62,-3.94,57.374094,0.621847924,0,0.378152076
0,-2.76,57.374094,0.65294032,0,0.34705968
1.18,-2.76,57.374094,0.65294032,0,0.34705968
2.36,-2.76,57.374094,0.65294032,0,0.34705968
3.54,-2.76,57.374094,0.65294032,0,0.34705968
4.72,-2.76,57.374094,0.65294032,0,0.34705968
5.9,-2.76,57.374094,0.65294032,0,0.34705968
7.08,-2.76,57.374094,0.65294032,0,0.34705968
8.26,-2.76,57.374094,0.65294032,0,0.34705968
9.44,-2.76,57.374094,0.65294032,0,0.34705968
10.62,-2.76,57.374094,0.65294032,0,0.34705968
0,-1.58,57.374094,0.684032716,0,0.315967284
1.18,-1.58,57.374094,0.684032716,0,0.315967284
2.36,-1.58,57.374094,0.684032716,0,0.315967284
3.54,-1.58,57.374094,0.684032716,0,0.315967284
4.72,-1.58,57.374094,0.684032716,0,0.315967284
5.9,-1.58,57.374094,0.684032716,0,0.315967284
7.08,-1.58,57.374094,0.684032716,0,0.315967284
8.26,-1.58,57.374094,0.684032716,0,0.315967284
9.44,-1.58,57.374094,0.684032716,0,0.315967284
10.62,-1.58,57.374094,0.684032716,0,0.315967284
0,-0.400000000000002,57.374094,0.736575632,0,0.263424368
1.18,-0.400000000000002,57.374094,0.736575632,0,0.263424368
2.36,-0.400000000000002,57.374094,0.736575632,0,0.263424368
3.54,-0.400000000000002,57.374094,0.736575632,0,0.263424368
4.72,-0.400000000000002,57.374094,0.736575632,0,0.263424368
5.9,-0.400000000000002,57.374094,0.736575632,0,0.263424368
7.08,-0.400000000000002,57.374094,0.736575632,0,0.263424368
8.26,-0.400000000000002,57.374094,0.736575632,0,0.263424368
9.44,-0.400000000000002,57.374094,0.736575632,0,0.263424368
10.62,-0.400000000000002,57.374094,0.736575632,0,0.263424368
0,0.779999999999998,57.374094,0.715125112,0,0.284874888
1.18,0.779999999999998,57.374094,0.715125112,0,0.284874888
2.36,0.779999999999998,57.374094,0.715125112,0,0.284874888
3.54,0.779999999999998,57.374094,0.715125112,0,0.284874888
4.72,0.779999999999998,57.374094,0.715125112,0,0.284874888
5.9,0.779999999999998,57.374094,0.715125112,0,0.284874888
7.08,0.779999999999998,57.374094,0.715125112,0,0.284874888
8.26,0.779999999999998,57.374094,0.715125112,0,0.284874888
9.44,0.779999999999998,57.374094,0.715125112,0,0.284874888
10.62,0.779999999999998,57.374094,0.715125112,0,0.284874888
0,1.96,57.374094,0.684032716,0,0.315967284
1.18,1.96,57.374094,0.684032716,0,0.315967284
2.36,1.96,57.374094,0.684032716,0,0.315967284
3.54,1.96,57.374094,0.684032716,0,0.315967284
4.72,1.96,57.374094,0.684032716,0,0.315967284
5.9,1.96,57.374094,0.684032716,0,0.315967284
7.08,1.96,57.374094,0.684032716,0,0.315967284
8.26,1.96,57.374094,0.684032716,0,0.315967284
9.44,1.96,57.374094,0.684032716,0,0.315967284
10.62,1.96,57.374094,0.684032716,0,0.315967284
0,3.14,57.374094,0.65294032,0,0.34705968
1.18,3.14,57.374094,0.65294032,0,0.34705968
2.36,3.14,57.374094,0.65294032,0,0.34705968
3.54,3.14,57.374094,0.65294032,0,0.34705968
4.72,3.14,57.374094,0.65294032,0,0.34705968
5.9,3.14,57.374094,0.65294032,0,0.34705968
7.08,3.14,57.374094,0.65294032,0,0.34705968
8.26,3.14,57.374094,0.65294032,0,0.34705968
9.44,3.14,57.374094,0.65294032,0,0.34705968
10.62,3.14,57.374094,0.65294032,0,0.34705968
0,4.32,57.374094,0.621847924,0,0.378152076
1.18,4.32,57.374094,0.621847924,0,0.378152076
2.36,4.32,57.374094,0.621847924,0,0.378152076
3.54,4.32,57.374094,0.621847924,0,0.378152076
4.72,4.32,57.374094,0.621847924,0,0.378152076
5.9,4.32,57.374094,0.621847924,0,0.378152076
7.08,4.32,57.374094,0.621847924,0,0.378152076
8.26,4.32,57.374094,0.621847924,0,0.378152076
9.44,4.32,57.374094,0.621847924,0,0.378152076
10.62,4.32,57.374094,0.621847924,0,0.378152076
0,5.5,57.374094,0.590755527,0,0.409244473
1.18,5.5,57.374094,0.590755527,0,0.409244473
2.36,5.5,57.374094,0.590755527,0,0.409244473
3.54,5.5,57.374094,0.590755527,0,0.409244473
4.72,5.5,57.374094,0.590755527,0,0.409244473
5.9,5.5,57.374094,0.590755527,0,0.409244473
7.08,5.5,57.374094,0.590755527,0,0.409244473
8.26,5.5,57.374094,0.590755527,0,0.409244473
9.44,5.5,57.374094,0.590755527,0,0.409244473
10.62,5.5,57.374094,0.590755527,0,0.409244473
0,6.68,57.374094,0,1,0
1.18,6.68,57.374094,0,1,0
2.36,6.68,57.374094,0,1,0
3.54,6.68,57.374094,0,1,0
4.72,6.68,57.374094,0,1,0
5.9,6.68,57.374094,0,1,0
7.08,6.68,57.374094,0,1,0
8.26,6.68,57.374094,0,1,0
9.44,6.68,57.374094,0,1,0
10.62,6.68,57.374094,0,1,0
0,-6.3,57.994094,0,1,0
1.18,-6.3,57.994094,0,1,0
2.36,-6.3,57.994094,0,1,0
3.54,-6.3,57.994094,0,1,0
4.72,-6.3,57.994094,0,1,0
5.9,-6.3,57.994094,0,1,0
7.08,-6.3,57.994094,0,1,0
8.26,-6.3,57.994094,0,1,0
9.44,-6.3,57.994094,0,1,0
10.62,-6.3,57.994094,0,1,0
0,-5.12,57.994094,0.587185975,0,0.412814025
1.18,-5.12,57.994094,0.587185975,0,0.412814025
2.36,-5.12,57.994094,0.587185975,0,0.412814025
3.54,-5.12,57.994094,0.587185975,0,0.412814025
4.72,-5.12,57.994094,0.587185975,0,0.412814025
5.9,-5.12,57.994094,0.587185975,0,0.412814025
7.08,-5.12,57.994094,0.587185975,0,0.412814025
8.26,-5.12,57.994094,0.587185975,0,0.412814025
9.44,-5.12,57.994094,0.587185975,0,0.412814025
10.62,-5.12,57.994094,0.587185975,0,0.412814025
0,-3.94,57.994094,0.6180905,0,0.3819095
1.18,-3.94,57.994094,0.6180905,0,0.3819095
2.36,-3.94,57.994094,0.6180905,0,0.3819095
3.54,-3.94,57.994094,0.6180905,0,0.3819095
4.72,-3.94,57.994094,0.6180905,0,0.3819095
5.9,-3.94,57.994094,0.6180905,0,0.3819095
7.08,-3.94,57.994094,0.6180905,0,0.3819095
8.26,-3.94,57.994094,0.6180905,0,0.3819095
9.44,-3.94,57.994094,0.6180905,0,0.3819095
10.62,-3.94,57.994094,0.6180905,0,0.3819095
0,-2.76,57.994094,0.648995025,0,0.351004975
1.18,-2.76,57.994094,0.648995025,0,0.351004975
2.36,-2.76,57.994094,0.648995025,0,0.351004975
3.54,-2.76,57.994094,0.648995025,0,0.351004975
4.72,-2.76,57.994094,0.648995025,0,0.351004975
5.9,-2.76,57.994094,0.648995025,0,0.351004975
7.08,-2.76,57.994094,0.648995025,0,0.351004975
8.26,-2.76,57.994094,0.648995025,0,0.351004975
9.44,-2.76,57.994094,0.648995025,0,0.351004975
10.62,-2.76,57.994094,0.648995025,0,0.351004975
0,-1.58,57.994094,0.67989955,0,0.32010045
1.18,-1.58,57.994094,0.67989955,0,0.32010045
2.36,-1.58,57.994094,0.67989955,0,0.32010045
3.54,-1.58,57.994094,0.67989955,0,0.32010045
4.72,-1.58,57.994094,0.67989955,0,0.32010045
5.9,-1.58,57.994094,0.67989955,0,0.32010045
7.08,-1.58,57.994094,0.67989955,0,0.32010045
8.26,-1.58,57.994094,0.67989955,0,0.32010045
9.44,-1.58,57.994094,0.67989955,0,0.32010045
10.62,-1.58,57.994094,0.67989955,0,0.32010045
0,-0.400000000000002,57.994094,0.732124983,0,0.267875017
1.18,-0.400000000000002,57.994094,0.732124983,0,0.267875017
2.36,-0.400000000000002,57.994094,0.732124983,0,0.267875017
3.54,-0.400000000000002,57.994094,0.732124983,0,0.267875017
4.72,-0.400000000000002,57.994094,0.732124983,0,0.267875017
5.9,-0.400000000000002,57.994094,0.732124983,0,0.267875017
7.08,-0.400000000000002,57.994094,0.732124983,0,0.267875017
8.26,-0.400000000000002,57.994094,0.732124983,0,0.267875017
9.44,-0.400000000000002,57.994094,0.732124983,0,0.267875017
10.62,-0.400000000000002,57.994094,0.732124983,0,0.267875017
0,0.779999999999998,57.994094,0.710804075,0,0.289195925
1.18,0.779999999999998,57.994094,0.710804075,0,0.289195925
2.36,0.779999999999998,57.994094,0.710804075,0,0.289195925
3.54,0.779999999999998,57.994094,0.710804075,0,0.289195925
4.72,0.779999999999998,57.994094,0.710804075,0,0.289195925
5.9,0.779999999999998,57.994094,0.710804075,0,0.289195925
7.08,0.779999999999998,57.994094,0.710804075,0,0.289195925
8.26,0.779999999999998,57.994094,0.710804075,0,0.289195925
9.44,0.779999999999998,57.994094,0.710804075,0,0.289195925
10.62,0.779999999999998,57.994094,0.710804075,0,0.289195925
0,1.96,57.994094,0.67989955,0,0.32010045
1.18,1.96,57.994094,0.67989955,0,0.32010045
2.36,1.96,57.994094,0.67989955,0,0.32010045
3.54,1.96,57.994094,0.67989955,0,0.32010045
4.72,1.96,57.994094,0.67989955,0,0.32010045
5.9,1.96,57.994094,0.67989955,0,0.32010045
7.08,1.96,57.994094,0.67989955,0,0.32010045
8.26,1.96,57.994094,0.67989955,0,0.32010045
9.44,1.96,57.994094,0.67989955,0,0.32010045
10.62,1.96,57.994094,0.67989955,0,0.32010045
0,3.14,57.994094,0.648995025,0,0.351004975
1.18,3.14,57.994094,0.648995025,0,0.351004975
2.36,3.14,57.994094,0.648995025,0,0.351004975
3.54,3.14,57.994094,0.648995025,0,0.351004975
4.72,3.14,57.994094,0.648995025,0,0.351004975
5.9,3.14,57.994094,0.648995025,0,0.351004975
7.08,3.14,57.994094,0.648995025,0,0.351004975
8.26,3.14,57.994094,0.648995025,0,0.351004975
9.44,3.14,57.994094,0.648995025,0,0.351004975
10.62,3.14,57.994094,0.648995025,0,0.351004975
0,4.32,57.994094,0.6180905,0,0.3819095
1.18,4.32,57.994094,0.6180905,0,0.3819095
2.36,4.32,57.994094,0.6180905,0,0.3819095
3.54,4.32,57.994094,0.6180905,0,0.3819095
4.72,4.32,57.994094,0.6180905,0,0.3819095
5.9,4.32,57.994094,0.6180905,0,0.3819095
7.08,4.32,57.994094,0.6180905,0,0.3819095
8.26,4.32,57.994094,0.6180905,0,0.3819095
9.44,4.32,57.994094,0.6180905,0,0.3819095
10.62,4.32,57.994094,0.6180905,0,0.3819095
0,5.5,57.994094,0.587185975,0,0.412814025
1.18,5.5,57.994094,0.587185975,0,0.412814025
2.36,5.5,57.994094,0.587185975,0,0.412814025
3.54,5.5,57.994094,0.587185975,0,0.412814025
4.72,5.5,57.994094,0.587185975,0,0.412814025
5.9,5.5,57.994094,0.587185975,0,0.412814025
7.08,5.5,57.994094,0.587185975,0,0.412814025
8.26,5.5,57.994094,0.587185975,0,0.412814025
9.44,5.5,57.994094,0.587185975,0,0.412814025
10.62,5.5,57.994094,0.587185975,0,0.412814025
0,6.68,57.994094,0,1,0
1.18,6.68,57.994094,0,1,0
2.36,6.68,57.994094,0,1,0
3.54,6.68,57.994094,0,1,0
4.72,6.68,57.994094,0,1,0
5.9,6.68,57.994094,0,1,0
7.08,6.68,57.994094,0,1,0
8.26,6.68,57.994094,0,1,0
9.44,6.68,57.994094,0,1,0
10.62,6.68,57.994094,0,1,0
0,-5.12,58.614094,0,1,0
1.18,-5.12,58.614094,0,1,0
2.36,-5.12,58.614094,0,1,0
3.54,-5.12,58.614094,0,1,0
4.72,-5.12,58.614094,0,1,0
5.9,-5.12,58.614094,0,1,0
7.08,-5.12,58.614094,0,1,0
8.26,-5.12,58.614094,0,1,0
9.44,-5.12,58.614094,0,1,0
10.62,-5.12,58.614094,0,1,0
0,-3.94,58.614094,0.61050628,0,0.38949372
1.18,-3.94,58.614094,0.61050628,0,0.38949372
2.36,-3.94,58.614094,0.61050628,0,0.38949372
3.54,-3.94,58.614094,0.61050628,0,0.38949372
4.72,-3.94,58.614094,0.61050628,0,0.38949372
5.9,-3.94,58.614094,0.61050628,0,0.38949372
7.08,-3.94,58.614094,0.61050628,0,0.38949372
8.26,-3.94,58.614094,0.61050628,0,0.38949372
9.44,-3.94,58.614094,0.61050628,0,0.38949372
10.62,-3.94,58.614094,0.61050628,0,0.38949372
0,-2.76,58.614094,0.641031594,0,0.358968406
1.18,-2.76,58.614094,0.641031594,0,0.358968406
2.36,-2.76,58.614094,0.641031594,0,0.358968406
3.54,-2.76,58.614094,0.641031594,0,0.358968406
4.72,-2.76,58.614094,0.641031594,0,0.358968406
5.9,-2.76,58.614094,0.641031594,0,0.358968406
7.08,-2.76,58.614094,0.641031594,0,0.358968406
8.26,-2.76,58.614094,0.641031594,0,0.358968406
9.44,-2.76,58.614094,0.641031594,0,0.358968406
10.62,-2.76,58.614094,0.641031594,0,0.358968406
0,-1.58,58.614094,0.671556908,0,0.328443092
1.18,-1.58,58.614094,0.671556908,0,0.328443092
2.36,-1.58,58.614094,0.671556908,0,0.328443092
3.54,-1.58,58.614094,0.671556908,0,0.328443092
4.72,-1.58,58.614094,0.671556908,0,0.328443092
5.9,-1.58,58.614094,0.671556908,0,0.328443092
7.08,-1.58,58.614094,0.671556908,0,0.328443092
8.26,-1.58,58.614094,0.671556908,0,0.328443092
9.44,-1.58,58.614094,0.671556908,0,0.328443092
10.62,-1.58,58.614094,0.671556908,0,0.328443092
0,-0.400000000000002,58.614094,0.723141514,0,0.276858486
1.18,-0.400000000000002,58.614094,0.723141514,0,0.276858486
2.36,-0.400000000000002,58.614094,0.723141514,0,0.276858486
3.54,-0.400000000000002,58.614094,0.723141514,0,0.276858486
4.72,-0.400000000000002,58.614094,0.723141514,0,0.276858486
5.9,-0.400000000000002,58.614094,0.723141514,0,0.276858486
7.08,-0.400000000000002,58.614094,0.723141514,0,0.276858486
8.26,-0.400000000000002,58.614094,0.723141514,0,0.276858486
9.44,-0.400000000000002,58.614094,0.723141514,0,0.276858486
10.62,-0.400000000000002,58.614094,0.723141514,0,0.276858486
0,0.779999999999998,58.614094,0.702082222,0,0.297917778
1.18,0.779999999999998,58.614094,0.702082222,0,0.297917778
2.36,0.779999999999998,58.614094,0.702082222,0,0.297917778
3.54,0.779999999999998,58.614094,0.702082222,0,0.297917778
4.72,0.779999999999998,58.614094,0.702082222,0,0.297917778
5.9,0.779999999999998,58.614094,0.702082222,0,0.297917778
7.08,0.779999999999998,58.614094,0.702082222,0,0.297917778
8.26,0.779999999999998,58.614094,0.702082222,0,0.297917778
9.44,0.779999999999998,58.614094,0.702082222,0,0.297917778
10.62,0.779999999999998,58.614094,0.702082222,0,0.297917778
0,1.96,58.614094,0.671556908,0,0.328443092
1.18,1.96,58.614094,0.671556908,0,0.328443092
2.36,1.96,58.614094,0.671556908,0,0.328443092
3.54,1.96,58.614094,0.671556908,0,0.328443092
4.72,1.96,58.614094,0.671556908,0,0.328443092
5.9,1.96,58.614094,0.671556908,0,0.328443092
7.08,1.96,58.614094,0.671556908,0,0.328443092
8.26,1.96,58.614094,0.671556908,0,0.328443092
9.44,1.96,58.614094,0.671556908,0,0.328443092
10.62,1.96,58.614094,0.671556908,0,0.328443092
0,3.14,58.614094,0.641031594,0,0.358968406
1.18,3.14,58.614094,0.641031594,0,0.358968406
2.36,3.14,58.614094,0.641031594,0,0.358968406
3.54,3.14,58.614094,0.641031594,0,0.358968406
4.72,3.14,58.614094,0.641031594,0,0.358968406
5.9,3.14,58.614094,0.641031594,0,0.358968406
7.08,3.14,58.614094,0.641031594,0,0.358968406
8.26,3.14,58.614094,0.641031594,0,0.358968406
9.44,3.14,58.614094,0.641031594,0,0.358968406
10.62,3.14,58.614094,0.641031594,0,0.358968406
0,4.32,58.614094,0.61050628,0,0.38949372
1.18,4.32,58.614094,0.61050628,0,0.38949372
2.36,4.32,58.614094,0.61050628,0,0.38949372
3.54,4.32,58.614094,0.61050628,0,0.38949372
4.72,4.32,58.614094,0.61050628,0,0.38949372
5.9,4.32,58.614094,0.61050628,0,0.38949372
7.08,4.32,58.614094,0.61050628,0,0.38949372
8.26,4.32,58.614094,0.61050628,0,0.38949372
9.44,4.32,58.614094,0.61050628,0,0.38949372
10.62,4.32,58.614094,0.61050628,0,0.38949372
0,5.5,58.614094,0,1,0
1.18,5.5,58.614094,0,1,0
2.36,5.5,58.614094,0,1,0
3.54,5.5,58.614094,0,1,0
4.72,5.5,58.614094,0,1,0
5.9,5.5,58.614094,0,1,0
7.08,5.5,58.614094,0,1,0
8.26,5.5,58.614094,0,1,0
9.44,5.5,58.614094,0,1,0
10.62,5.5,58.614094,0,1,0
0,-5.12,59.234094,0,1,0
1.18,-5.12,59.234094,0,1,0
2.36,-5.12,59.234094,0,1,0
3.54,-5.12,59.234094,0,1,0
4.72,-5.12,59.234094,0,1,0
5.9,-5.12,59.234094,0,1,0
7.08,-5.12,59.234094,0,1,0
8.26,-5.12,59.234094,0,1,0
9.44,-5.12,59.234094,0,1,0
10.62,-5.12,59.234094,0,1,0
0,-3.94,59.234094,0.606678617,0,0.393321383
1.18,-3.94,59.234094,0.606678617,0,0.393321383
2.36,-3.94,59.234094,0.606678617,0,0.393321383
3.54,-3.94,59.234094,0.606678617,0,0.393321383
4.72,-3.94,59.234094,0.606678617,0,0.393321383
5.9,-3.94,59.234094,0.606678617,0,0.393321383
7.08,-3.94,59.234094,0.606678617,0,0.393321383
8.26,-3.94,59.234094,0.606678617,0,0.393321383
9.44,-3.94,59.234094,0.606678617,0,0.393321383
10.62,-3.94,59.234094,0.606678617,0,0.393321383
0,-2.76,59.234094,0.637012548,0,0.362987452
1.18,-2.76,59.234094,0.637012548,0,0.362987452
2.36,-2.76,59.234094,0.637012548,0,0.362987452
3.54,-2.76,59.234094,0.637012548,0,0.362987452
4.72,-2.76,59.234094,0.637012548,0,0.362987452
5.9,-2.76,59.234094,0.637012548,0,0.362987452
7.08,-2.76,59.234094,0.637012548,0,0.362987452
8.26,-2.76,59.234094,0.637012548,0,0.362987452
9.44,-2.76,59.234094,0.637012548,0,0.362987452
10.62,-2.76,59.234094,0.637012548,0,0.362987452
0,-1.58,59.234094,0.667346479,0,0.332653521
1.18,-1.58,59.234094,0.667346479,0,0.332653521
2.36,-1.58,59.234094,0.667346479,0,0.332653521
3.54,-1.58,59.234094,0.667346479,0,0.332653521
4.72,-1.58,59.234094,0.667346479,0,0.332653521
5.9,-1.58,59.234094,0.667346479,0,0.332653521
7.08,-1.58,59.234094,0.667346479,0,0.332653521
8.26,-1.58,59.234094,0.667346479,0,0.332653521
9.44,-1.58,59.234094,0.667346479,0,0.332653521
10.62,-1.58,59.234094,0.667346479,0,0.332653521
0,-0.400000000000002,59.234094,0.718607667,0,0.281392333
1.18,-0.400000000000002,59.234094,0.718607667,0,0.281392333
2.36,-0.400000000000002,59.234094,0.718607667,0,0.281392333
3.54,-0.400000000000002,59.234094,0.718607667,0,0.281392333
4.72,-0.400000000000002,59.234094,0.718607667,0,0.281392333
5.9,-0.400000000000002,59.234094,0.718607667,0,0.281392333
7.08,-0.400000000000002,59.234094,0.718607667,0,0.281392333
8.26,-0.400000000000002,59.234094,0.718607667,0,0.281392333
9.44,-0.400000000000002,59.234094,0.718607667,0,0.281392333
10.62,-0.400000000000002,59.234094,0.718607667,0,0.281392333
0,0.779999999999998,59.234094,0.697680409,0,0.302319591
1.18,0.779999999999998,59.234094,0.697680409,0,0.302319591
2.36,0.779999999999998,59.234094,0.697680409,0,0.302319591
3.54,0.779999999999998,59.234094,0.697680409,0,0.302319591
4.72,0.779999999999998,59.234094,0.697680409,0,0.302319591
5.9,0.779999999999998,59.234094,0.697680409,0,0.302319591
7.08,0.779999999999998,59.234094,0.697680409,0,0.302319591
8.26,0.779999999999998,59.234094,0.697680409,0,0.302319591
9.44,0.779999999999998,59.234094,0.697680409,0,0.302319591
10.62,0.779999999999998,59.234094,0.697680409,0,0.302319591
0,1.96,59.234094,0.667346479,0,0.332653521
1.18,1.96,59.234094,0.667346479,0,0.332653521
2.36,1.96,59.234094,0.667346479,0,0.332653521
3.54,1.96,59.234094,0.667346479,0,0.332653521
4.72,1.96,59.234094,0.667346479,0,0.332653521
5.9,1.96,59.234094,0.667346479,0,0.332653521
7.08,1.96,59.234094,0.667346479,0,0.332653521
8.26,1.96,59.234094,0.667346479,0,0.332653521
9.44,1.96,59.234094,0.667346479,0,0.332653521
10.62,1.96,59.234094,0.667346479,0,0.332653521
0,3.14,59.234094,0.637012548,0,0.362987452
1.18,3.14,59.234094,0.637012548,0,0.362987452
2.36,3.14,59.234094,0.637012548,0,0.362987452
3.54,3.14,59.234094,0.637012548,0,0.362987452
4.72,3.14,59.234094,0.637012548,0,0.362987452
5.9,3.14,59.234094,0.637012548,0,0.362987452
7.08,3.14,59.234094,0.637012548,0,0.362987452
8.26,3.14,59.234094,0.637012548,0,0.362987452
9.44,3.14,59.234094,0.637012548,0,0.362987452
10.62,3.14,59.234094,0.637012548,0,0.362987452
0,4.32,59.234094,0.606678617,0,0.393321383
1.18,4.32,59.234094,0.606678617,0,0.393321383
2.36,4.32,59.234094,0.606678617,0,0.393321383
3.54,4.32,59.234094,0.606678617,0,0.393321383
4.72,4.32,59.234094,0.606678617,0,0.393321383
5.9,4.32,59.234094,0.606678617,0,0.393321383
7.08,4.32,59.234094,0.606678617,0,0.393321383
8.26,4.32,59.234094,0.606678617,0,0.393321383
9.44,4.32,59.234094,0.606678617,0,0.393321383
10.62,4.32,59.234094,0.606678617,0,0.393321383
0,5.5,59.234094,0,1,0
1.18,5.5,59.234094,0,1,0
2.36,5.5,59.234094,0,1,0
3.54,5.5,59.234094,0,1,0
4.72,5.5,59.234094,0,1,0
5.9,5.5,59.234094,0,1,0
7.08,5.5,59.234094,0,1,0
8.26,5.5,59.234094,0,1,0
9.44,5.5,59.234094,0,1,0
10.62,5.5,59.234094,0,1,0
0,-5.12,59.854094,0,1,0
1.18,-5.12,59.854094,0,1,0
2.36,-5.12,59.854094,0,1,0
3.54,-5.12,59.854094,0,1,0
4.72,-5.12,59.854094,0,1,0
5.9,-5.12,59.854094,0,1,0
7.08,-5.12,59.854094,0,1,0
8.26,-5.12,59.854094,0,1,0
9.44,-5.12,59.854094,0,1,0
10.62,-5.12,59.854094,0,1,0
0,-3.94,59.854094,0.60282665,0,0.39717335
1.18,-3.94,59.854094,0.60282665,0,0.39717335
2.36,-3.94,59.854094,0.60282665,0,0.39717335
3.54,-3.94,59.854094,0.60282665,0,0.39717335
4.72,-3.94,59.854094,0.60282665,0,0.39717335
5.9,-3.94,59.854094,0.60282665,0,0.39717335
7.08,-3.94,59.854094,0.60282665,0,0.39717335
8.26,-3.94,59.854094,0.60282665,0,0.39717335
9.44,-3.94,59.854094,0.60282665,0,0.39717335
10.62,-3.94,59.854094,0.60282665,0,0.39717335
0,-2.76,59.854094,0.632967983,0,0.367032017
1.18,-2.76,59.854094,0.632967983,0,0.367032017
2.36,-2.76,59.854094,0.632967983,0,0.367032017
3.54,-2.76,59.854094,0.632967983,0,0.367032017
4.72,-2.76,59.854094,0.632967983,0,0.367032017
5.9,-2.76,59.854094,0.632967983,0,0.367032017
7.08,-2.76,59.854094,0.632967983,0,0.367032017
8.26,-2.76,59.854094,0.632967983,0,0.367032017
9.44,-2.76,59.854094,0.632967983,0,0.367032017
10.62,-2.76,59.854094,0.632967983,0,0.367032017
0,-1.58,59.854094,0.663109315,0,0.336890685
1.18,-1.58,59.854094,0.663109315,0,0.336890685
2.36,-1.58,59.854094,0.663109315,0,0.336890685
3.54,-1.58,59.854094,0.663109315,0,0.336890685
4.72,-1.58,59.854094,0.663109315,0,0.336890685
5.9,-1.58,59.854094,0.663109315,0,0.336890685
7.08,-1.58,59.854094,0.663109315,0,0.336890685
8.26,-1.58,59.854094,0.663109315,0,0.336890685
9.44,-1.58,59.854094,0.663109315,0,0.336890685
10.62,-1.58,59.854094,0.663109315,0,0.336890685
0,-0.400000000000002,59.854094,0.714045032,0,0.285954968
1.18,-0.400000000000002,59.854094,0.714045032,0,0.285954968
2.36,-0.400000000000002,59.854094,0.714045032,0,0.285954968
3.54,-0.400000000000002,59.854094,0.714045032,0,0.285954968
4.72,-0.400000000000002,59.854094,0.714045032,0,0.285954968
5.9,-0.400000000000002,59.854094,0.714045032,0,0.285954968
7.08,-0.400000000000002,59.854094,0.714045032,0,0.285954968
8.26,-0.400000000000002,59.854094,0.714045032,0,0.285954968
9.44,-0.400000000000002,59.854094,0.714045032,0,0.285954968
10.62,-0.400000000000002,59.854094,0.714045032,0,0.285954968
0,0.779999999999998,59.854094,0.693250648,0,0.306749352
1.18,0.779999999999998,59.854094,0.693250648,0,0.306749352
2.36,0.779999999999998,59.854094,0.693250648,0,0.306749352
3.54,0.779999999999998,59.854094,0.693250648,0,0.306749352
4.72,0.779999999999998,59.854094,0.693250648,0,0.306749352
5.9,0.779999999999998,59.854094,0.693250648,0,0.306749352
7.08,0.779999999999998,59.854094,0.693250648,0,0.306749352
8.26,0.779999999999998,59.854094,0.693250648,0,0.306749352
9.44,0.779999999999998,59.854094,0.693250648,0,0.306749352
10.62,0.779999999999998,59.854094,0.693250648,0,0.306749352
0,1.96,59.854094,0.663109315,0,0.336890685
1.18,1.96,59.854094,0.663109315,0,0.336890685
2.36,1.96,59.854094,0.663109315,0,0.336890685
3.54,1.96,59.854094,0.663109315,0,0.336890685
4.72,1.96,59.854094,0.663109315,0,0.336890685
5.9,1.96,59.854094,0.663109315,0,0.336890685
7.08,1.96,59.854094,0.663109315,0,0.336890685
8.26,1.96,59.854094,0.663109315,0,0.336890685
9.44,1.96,59.854094,0.663109315,0,0.336890685
10.62,1.96,59.854094,0.663109315,0,0.336890685
0,3.14,59.854094,0.632967983,0,0.367032017
1.18,3.14,59.854094,0.632967983,0,0.367032017
2.36,3.14,59.854094,0.632967983,0,0.367032017
3.54,3.14,59.854094,0.632967983,0,0.367032017
4.72,3.14,59.854094,0.632967983,0,0.367032017
5.9,3.14,59.854094,0.632967983,0,0.367032017
7.08,3.14,59.854094,0.632967983,0,0.367032017
8.26,3.14,59.854094,0.632967983,0,0.367032017
9.44,3.14,59.854094,0.632967983,0,0.367032017
10.62,3.14,59.854094,0.632967983,0,0.367032017
0,4.32,59.854094,0.60282665,0,0.39717335
1.18,4.32,59.854094,0.60282665,0,0.39717335
2.36,4.32,59.854094,0.60282665,0,0.39717335
3.54,4.32,59.854094,0.60282665,0,0.39717335
4.72,4.32,59.854094,0.60282665,0,0.39717335
5.9,4.32,59.854094,0.60282665,0,0.39717335
7.08,4.32,59.854094,0.60282665,0,0.39717335
8.26,4.32,59.854094,0.60282665,0,0.39717335
9.44,4.32,59.854094,0.60282665,0,0.39717335
10.62,4.32,59.854094,0.60282665,0,0.39717335
0,5.5,59.854094,0,1,0
1.18,5.5,59.854094,0,1,0
2.36,5.5,59.854094,0,1,0
3.54,5.5,59.854094,0,1,0
4.72,5.5,59.854094,0,1,0
5.9,5.5,59.854094,0,1,0
7.08,5.5,59.854094,0,1,0
8.26,5.5,59.854094,0,1,0
9.44,5.5,59.854094,0,1,0
10.62,5.5,59.854094,0,1,0
0,-5.12,60.474094,0,1,0
1.18,-5.12,60.474094,0,1,0
2.36,-5.12,60.474094,0,1,0
3.54,-5.12,60.474094,0,1,0
4.72,-5.12,60.474094,0,1,0
5.9,-5.12,60.474094,0,1,0
7.08,-5.12,60.474094,0,1,0
8.26,-5.12,60.474094,0,1,0
9.44,-5.12,60.474094,0,1,0
10.62,-5.12,60.474094,0,1,0
0,-3.94,60.474094,0.598949911,0,0.401050089
1.18,-3.94,60.474094,0.598949911,0,0.401050089
2.36,-3.94,60.474094,0.598949911,0,0.401050089
3.54,-3.94,60.474094,0.598949911,0,0.401050089
4.72,-3.94,60.474094,0.598949911,0,0.401050089
5.9,-3.94,60.474094,0.598949911,0,0.401050089
7.08,-3.94,60.474094,0.598949911,0,0.401050089
8.26,-3.94,60.474094,0.598949911,0,0.401050089
9.44,-3.94,60.474094,0.598949911,0,0.401050089
10.62,-3.94,60.474094,0.598949911,0,0.401050089
0,-2.76,60.474094,0.628897407,0,0.371102593
1.18,-2.76,60.474094,0.628897407,0,0.371102593
2.36,-2.76,60.474094,0.628897407,0,0.371102593
3.54,-2.76,60.474094,0.628897407,0,0.371102593
4.72,-2.76,60.474094,0.628897407,0,0.371102593
5.9,-2.76,60.474094,0.628897407,0,0.371102593
7.08,-2.76,60.474094,0.628897407,0,0.371102593
8.26,-2.76,60.474094,0.628897407,0,0.371102593
9.44,-2.76,60.474094,0.628897407,0,0.371102593
10.62,-2.76,60.474094,0.628897407,0,0.371102593
0,-1.58,60.474094,0.658844902,0,0.341155098
1.18,-1.58,60.474094,0.658844902,0,0.341155098
2.36,-1.58,60.474094,0.658844902,0,0.341155098
3.54,-1.58,60.474094,0.658844902,0,0.341155098
4.72,-1.58,60.474094,0.658844902,0,0.341155098
5.9,-1.58,60.474094,0.658844902,0,0.341155098
7.08,-1.58,60.474094,0.658844902,0,0.341155098
8.26,-1.58,60.474094,0.658844902,0,0.341155098
9.44,-1.58,60.474094,0.658844902,0,0.341155098
10.62,-1.58,60.474094,0.658844902,0,0.341155098
0,-0.400000000000002,60.474094,0.709453055,0,0.290546945
1.18,-0.400000000000002,60.474094,0.709453055,0,0.290546945
2.36,-0.400000000000002,60.474094,0.709453055,0,0.290546945
3.54,-0.400000000000002,60.474094,0.709453055,0,0.290546945
4.72,-0.400000000000002,60.474094,0.709453055,0,0.290546945
5.9,-0.400000000000002,60.474094,0.709453055,0,0.290546945
7.08,-0.400000000000002,60.474094,0.709453055,0,0.290546945
8.26,-0.400000000000002,60.474094,0.709453055,0,0.290546945
9.44,-0.400000000000002,60.474094,0.709453055,0,0.290546945
10.62,-0.400000000000002,60.474094,0.709453055,0,0.290546945
0,0.779999999999998,60.474094,0.688792398,0,0.311207602
1.18,0.779999999999998,60.474094,0.688792398,0,0.311207602
2.36,0.779999999999998,60.474094,0.688792398,0,0.311207602
3.54,0.779999999999998,60.474094,0.688792398,0,0.311207602
4.72,0.779999999999998,60.474094,0.688792398,0,0.311207602
5.9,0.779999999999998,60.474094,0.688792398,0,0.311207602
7.08,0.779999999999998,60.474094,0.688792398,0,0.311207602
8.26,0.779999999999998,60.474094,0.688792398,0,0.311207602
9.44,0.779999999999998,60.474094,0.688792398,0,0.311207602
10.62,0.779999999999998,60.474094,0.688792398,0,0.311207602
0,1.96,60.474094,0.658844902,0,0.341155098
1.18,1.96,60.474094,0.658844902,0,0.341155098
2.36,1.96,60.474094,0.658844902,0,0.341155098
3.54,1.96,60.474094,0.658844902,0,0.341155098
4.72,1.96,60.474094,0.658844902,0,0.341155098
5.9,1.96,60.474094,0.658844902,0,0.341155098
7.08,1.96,60.474094,0.658844902,0,0.341155098
8.26,1.96,60.474094,0.658844902,0,0.341155098
9.44,1.96,60.474094,0.658844902,0,0.341155098
10.62,1.96,60.474094,0.658844902,0,0.341155098
0,3.14,60.474094,0.628897407,0,0.371102593
1.18,3.14,60.474094,0.628897407,0,0.371102593
2.36,3.14,60.474094,0.628897407,0,0.371102593
3.54,3.14,60.474094,0.628897407,0,0.371102593
4.72,3.14,60.474094,0.628897407,0,0.371102593
5.9,3.14,60.474094,0.628897407,0,0.371102593
7.08,3.14,60.474094,0.628897407,0,0.371102593
8.26,3.14,60.474094,0.628897407,0,0.371102593
9.44,3.14,60.474094,0.628897407,0,0.371102593
10.62,3.14,60.474094,0.628897407,0,0.371102593
0,4.32,60.474094,0.598949911,0,0.401050089
1.18,4.32,60.474094,0.598949911,0,0.401050089
2.36,4.32,60.474094,0.598949911,0,0.401050089
3.54,4.32,60.474094,0.598949911,0,0.401050089
4.72,4.32,60.474094,0.598949911,0,0.401050089
5.9,4.32,60.474094,0.598949911,0,0.401050089
7.08,4.32,60.474094,0.598949911,0,0.401050089
8.26,4.32,60.474094,0.598949911,0,0.401050089
9.44,4.32,60.474094,0.598949911,0,0.401050089
10.62,4.32,60.474094,0.598949911,0,0.401050089
0,5.5,60.474094,0,1,0
1.18,5.5,60.474094,0,1,0
2.36,5.5,60.474094,0,1,0
3.54,5.5,60.474094,0,1,0
4.72,5.5,60.474094,0,1,0
5.9,5.5,60.474094,0,1,0
7.08,5.5,60.474094,0,1,0
8.26,5.5,60.474094,0,1,0
9.44,5.5,60.474094,0,1,0
10.62,5.5,60.474094,0,1,0
0,-5.12,61.094094,0,1,0
1.18,-5.12,61.094094,0,1,0
2.36,-5.12,61.094094,0,1,0
3.54,-5.12,61.094094,0,1,0
4.72,-5.12,61.094094,0,1,0
5.9,-5.12,61.094094,0,1,0
7.08,-5.12,61.094094,0,1,0
8.26,-5.12,61.094094,0,1,0
9.44,-5.12,61.094094,0,1,0
10.62,-5.12,61.094094,0,1,0
0,-3.94,61.094094,0.591120164,0,0.408879836
1.18,-3.94,61.094094,0.591120164,0,0.408879836
2.36,-3.94,61.094094,0.591120164,0,0.408879836
3.54,-3.94,61.094094,0.591120164,0,0.408879836
4.72,-3.94,61.094094,0.591120164,0,0.408879836
5.9,-3.94,61.094094,0.591120164,0,0.408879836
7.08,-3.94,61.094094,0.591120164,0,0.408879836
8.26,-3.94,61.094094,0.591120164,0,0.408879836
9.44,-3.94,61.094094,0.591120164,0,0.408879836
10.62,-3.94,61.094094,0.591120164,0,0.408879836
0,-2.76,61.094094,0.620676172,0,0.379323828
1.18,-2.76,61.094094,0.620676172,0,0.379323828
2.36,-2.76,61.094094,0.620676172,0,0.379323828
3.54,-2.76,61.094094,0.620676172,0,0.379323828
4.72,-2.76,61.094094,0.620676172,0,0.379323828
5.9,-2.76,61.094094,0.620676172,0,0.379323828
7.08,-2.76,61.094094,0.620676172,0,0.379323828
8.26,-2.76,61.094094,0.620676172,0,0.379323828
9.44,-2.76,61.094094,0.620676172,0,0.379323828
10.62,-2.76,61.094094,0.620676172,0,0.379323828
0,-1.58,61.094094,0.65023218,0,0.34976782
1.18,-1.58,61.094094,0.65023218,0,0.34976782
2.36,-1.58,61.094094,0.65023218,0,0.34976782
3.54,-1.58,61.094094,0.65023218,0,0.34976782
4.72,-1.58,61.094094,0.65023218,0,0.34976782
5.9,-1.58,61.094094,0.65023218,0,0.34976782
7.08,-1.58,61.094094,0.65023218,0,0.34976782
8.26,-1.58,61.094094,0.65023218,0,0.34976782
9.44,-1.58,61.094094,0.65023218,0,0.34976782
10.62,-1.58,61.094094,0.65023218,0,0.34976782
0,-0.400000000000002,61.094094,0.70017876,0,0.29982124
1.18,-0.400000000000002,61.094094,0.70017876,0,0.29982124
2.36,-0.400000000000002,61.094094,0.70017876,0,0.29982124
3.54,-0.400000000000002,61.094094,0.70017876,0,0.29982124
4.72,-0.400000000000002,61.094094,0.70017876,0,0.29982124
5.9,-0.400000000000002,61.094094,0.70017876,0,0.29982124
7.08,-0.400000000000002,61.094094,0.70017876,0,0.29982124
8.26,-0.400000000000002,61.094094,0.70017876,0,0.29982124
9.44,-0.400000000000002,61.094094,0.70017876,0,0.29982124
10.62,-0.400000000000002,61.094094,0.70017876,0,0.29982124
0,0.779999999999998,61.094094,0.679788189,0,0.320211811
1.18,0.779999999999998,61.094094,0.679788189,0,0.320211811
2.36,0.779999999999998,61.094094,0.679788189,0,0.320211811
3.54,0.779999999999998,61.094094,0.679788189,0,0.320211811
4.72,0.779999999999998,61.094094,0.679788189,0,0.320211811
5.9,0.779999999999998,61.094094,0.679788189,0,0.320211811
7.08,0.779999999999998,61.094094,0.679788189,0,0.320211811
8.26,0.779999999999998,61.094094,0.679788189,0,0.320211811
9.44,0.779999999999998,61.094094,0.679788189,0,0.320211811
10.62,0.779999999999998,61.094094,0.679788189,0,0.320211811
0,1.96,61.094094,0.65023218,0,0.34976782
1.18,1.96,61.094094,0.65023218,0,0.34976782
2.36,1.96,61.094094,0.65023218,0,0.34976782
3.54,1.96,61.094094,0.65023218,0,0.34976782
4.72,1.96,61.094094,0.65023218,0,0.34976782
5.9,1.96,61.094094,0.65023218,0,0.34976782
7.08,1.96,61.094094,0.65023218,0,0.34976782
8.26,1.96,61.094094,0.65023218,0,0.34976782
9.44,1.96,61.094094,0.65023218,0,0.34976782
10.62,1.96,61.094094,0.65023218,0,0.34976782
0,3.14,61.094094,0.620676172,0,0.379323828
1.18,3.14,61.094094,0.620676172,0,0.379323828
2.36,3.14,61.094094,0.620676172,0,0.379323828
3.54,3.14,61.094094,0.620676172,0,0.379323828
4.72,3.14,61.094094,0.620676172,0,0.379323828
5.9,3.14,61.094094,0.620676172,0,0.379323828
7.08,3.14,61.094094,0.620676172,0,0.379323828
8.26,3.14,61.094094,0.620676172,0,0.379323828
9.44,3.14,61.094094,0.620676172,0,0.379323828
10.62,3.14,61.094094,0.620676172,0,0.379323828
0,4.32,61.094094,0.591120164,0,0.408879836
1.18,4.32,61.094094,0.591120164,0,0.408879836
2.36,4.32,61.094094,0.591120164,0,0.408879836
3.54,4.32,61.094094,0.591120164,0,0.408879836
4.72,4.32,61.094094,0.591120164,0,0.408879836
5.9,4.32,61.094094,0.591120164,0,0.408879836
7.08,4.32,61.094094,0.591120164,0,0.408879836
8.26,4.32,61.094094,0.591120164,0,0.408879836
9.44,4.32,61.094094,0.591120164,0,0.408879836
10.62,4.32,61.094094,0.591120164,0,0.408879836
0,5.5,61.094094,0,1,0
1.18,5.5,61.094094,0,1,0
2.36,5.5,61.094094,0,1,0
3.54,5.5,61.094094,0,1,0
4.72,5.5,61.094094,0,1,0
5.9,5.5,61.094094,0,1,0
7.08,5.5,61.094094,0,1,0
8.26,5.5,61.094094,0,1,0
9.44,5.5,61.094094,0,1,0
10.62,5.5,61.094094,0,1,0
0,-5.12,61.714094,0,1,0
1.18,-5.12,61.714094,0,1,0
2.36,-5.12,61.714094,0,1,0
3.54,-5.12,61.714094,0,1,0
4.72,-5.12,61.714094,0,1,0
5.9,-5.12,61.714094,0,1,0
7.08,-5.12,61.714094,0,1,0
8.26,-5.12,61.714094,0,1,0
9.44,-5.12,61.714094,0,1,0
10.62,-5.12,61.714094,0,1,0
0,-3.94,61.714094,0.587166139,0,0.412833861
1.18,-3.94,61.714094,0.587166139,0,0.412833861
2.36,-3.94,61.714094,0.587166139,0,0.412833861
3.54,-3.94,61.714094,0.587166139,0,0.412833861
4.72,-3.94,61.714094,0.587166139,0,0.412833861
5.9,-3.94,61.714094,0.587166139,0,0.412833861
7.08,-3.94,61.714094,0.587166139,0,0.412833861
8.26,-3.94,61.714094,0.587166139,0,0.412833861
9.44,-3.94,61.714094,0.587166139,0,0.412833861
10.62,-3.94,61.714094,0.587166139,0,0.412833861
0,-2.76,61.714094,0.616524446,0,0.383475554
1.18,-2.76,61.714094,0.616524446,0,0.383475554
2.36,-2.76,61.714094,0.616524446,0,0.383475554
3.54,-2.76,61.714094,0.616524446,0,0.383475554
4.72,-2.76,61.714094,0.616524446,0,0.383475554
5.9,-2.76,61.714094,0.616524446,0,0.383475554
7.08,-2.76,61.714094,0.616524446,0,0.383475554
8.26,-2.76,61.714094,0.616524446,0,0.383475554
9.44,-2.76,61.714094,0.616524446,0,0.383475554
10.62,-2.76,61.714094,0.616524446,0,0.383475554
0,-1.58,61.714094,0.645882752,0,0.354117248
1.18,-1.58,61.714094,0.645882752,0,0.354117248
2.36,-1.58,61.714094,0.645882752,0,0.354117248
3.54,-1.58,61.714094,0.645882752,0,0.354117248
4.72,-1.58,61.714094,0.645882752,0,0.354117248
5.9,-1.58,61.714094,0.645882752,0,0.354117248
7.08,-1.58,61.714094,0.645882752,0,0.354117248
8.26,-1.58,61.714094,0.645882752,0,0.354117248
9.44,-1.58,61.714094,0.645882752,0,0.354117248
10.62,-1.58,61.714094,0.645882752,0,0.354117248
0,-0.400000000000002,61.714094,0.695495238,0,0.304504762
1.18,-0.400000000000002,61.714094,0.695495238,0,0.304504762
2.36,-0.400000000000002,61.714094,0.695495238,0,0.304504762
3.54,-0.400000000000002,61.714094,0.695495238,0,0.304504762
4.72,-0.400000000000002,61.714094,0.695495238,0,0.304504762
5.9,-0.400000000000002,61.714094,0.695495238,0,0.304504762
7.08,-0.400000000000002,61.714094,0.695495238,0,0.304504762
8.26,-0.400000000000002,61.714094,0.695495238,0,0.304504762
9.44,-0.400000000000002,61.714094,0.695495238,0,0.304504762
10.62,-0.400000000000002,61.714094,0.695495238,0,0.304504762
0,0.779999999999998,61.714094,0.675241059,0,0.324758941
1.18,0.779999999999998,61.714094,0.675241059,0,0.324758941
2.36,0.779999999999998,61.714094,0.675241059,0,0.324758941
3.54,0.779999999999998,61.714094,0.675241059,0,0.324758941
4.72,0.779999999999998,61.714094,0.675241059,0,0.324758941
5.9,0.779999999999998,61.714094,0.675241059,0,0.324758941
7.08,0.779999999999998,61.714094,0.675241059,0,0.324758941
8.26,0.779999999999998,61.714094,0.675241059,0,0.324758941
9.44,0.779999999999998,61.714094,0.675241059,0,0.324758941
10.62,0.779999999999998,61.714094,0.675241059,0,0.324758941
0,1.96,61.714094,0.645882752,0,0.354117248
1.18,1.96,61.714094,0.645882752,0,0.354117248
2.36,1.96,61.714094,0.645882752,0,0.354117248
3.54,1.96,61.714094,0.645882752,0,0.354117248
4.72,1.96,61.714094,0.645882752,0,0.354117248
5.9,1.96,61.714094,0.645882752,0,0.354117248
7.08,1.96,61.714094,0.645882752,0,0.354117248
8.26,1.96,61.714094,0.645882752,0,0.354117248
9.44,1.96,61.714094,0.645882752,0,0.354117248
10.62,1.96,61.714094,0.645882752,0,0.354117248
0,3.14,61.714094,0.616524446,0,0.383475554
1.18,3.14,61.714094,0.616524446,0,0.383475554
2.36,3.14,61.714094,0.616524446,0,0.383475554
3.54,3.14,61.714094,0.616524446,0,0.383475554
4.72,3.14,61.714094,0.616524446,0,0.383475554
5.9,3.14,61.714094,0.616524446,0,0.383475554
7.08,3.14,61.714094,0.616524446,0,0.383475554
8.26,3.14,61.714094,0.616524446,0,0.383475554
9.44,3.14,61.714094,0.616524446,0,0.383475554
10.62,3.14,61.714094,0.616524446,0,0.383475554
0,4.32,61.714094,0.587166139,0,0.412833861
1.18,4.32,61.714094,0.587166139,0,0.412833861
2.36,4.32,61.714094,0.587166139,0,0.412833861
3.54,4.32,61.714094,0.587166139,0,0.412833861
4.72,4.32,61.714094,0.587166139,0,0.412833861
5.9,4.32,61.714094,0.587166139,0,0.412833861
7.08,4.32,61.714094,0.587166139,0,0.412833861
8.26,4.32,61.714094,0.587166139,0,0.412833861
9.44,4.32,61.714094,0.587166139,0,0.412833861
10.62,4.32,61.714094,0.587166139,0,0.412833861
0,5.5,61.714094,0,1,0
1.18,5.5,61.714094,0,1,0
2.36,5.5,61.714094,0,1,0
3.54,5.5,61.714094,0,1,0
4.72,5.5,61.714094,0,1,0
5.9,5.5,61.714094,0,1,0
7.08,5.5,61.714094,0,1,0
8.26,5.5,61.714094,0,1,0
9.44,5.5,61.714094,0,1,0
10.62,5.5,61.714094,0,1,0
0,-5.12,62.334094,0,1,0
1.18,-5.12,62.334094,0,1,0
2.36,-5.12,62.334094,0,1,0
3.54,-5.12,62.334094,0,1,0
4.72,-5.12,62.334094,0,1,0
5.9,-5.12,62.334094,0,1,0
7.08,-5.12,62.334094,0,1,0
8.26,-5.12,62.334094,0,1,0
9.44,-5.12,62.334094,0,1,0
10.62,-5.12,62.334094,0,1,0
0,-3.94,62.334094,0.583185305,0,0.416814695
1.18,-3.94,62.334094,0.583185305,0,0.416814695
2.36,-3.94,62.334094,0.583185305,0,0.416814695
3.54,-3.94,62.334094,0.583185305,0,0.416814695
4.72,-3.94,62.334094,0.583185305,0,0.416814695
5.9,-3.94,62.334094,0.583185305,0,0.416814695
7.08,-3.94,62.334094,0.583185305,0,0.416814695
8.26,-3.94,62.334094,0.583185305,0,0.416814695
9.44,-3.94,62.334094,0.583185305,0,0.416814695
10.62,-3.94,62.334094,0.583185305,0,0.416814695
0,-2.76,62.334094,0.612344571,0,0.387655429
1.18,-2.76,62.334094,0.612344571,0,0.387655429
2.36,-2.76,62.334094,0.612344571,0,0.387655429
3.54,-2.76,62.334094,0.612344571,0,0.387655429
4.72,-2.76,62.334094,0.612344571,0,0.387655429
5.9,-2.76,62.334094,0.612344571,0,0.387655429
7.08,-2.76,62.334094,0.612344571,0,0.387655429
8.26,-2.76,62.334094,0.612344571,0,0.387655429
9.44,-2.76,62.334094,0.612344571,0,0.387655429
10.62,-2.76,62.334094,0.612344571,0,0.387655429
0,-1.58,62.334094,0.641503836,0,0.358496164
1.18,-1.58,62.334094,0.641503836,0,0.358496164
2.36,-1.58,62.334094,0.641503836,0,0.358496164
3.54,-1.58,62.334094,0.641503836,0,0.358496164
4.72,-1.58,62.334094,0.641503836,0,0.358496164
5.9,-1.58,62.334094,0.641503836,0,0.358496164
7.08,-1.58,62.334094,0.641503836,0,0.358496164
8.26,-1.58,62.334094,0.641503836,0,0.358496164
9.44,-1.58,62.334094,0.641503836,0,0.358496164
10.62,-1.58,62.334094,0.641503836,0,0.358496164
0,-0.400000000000002,62.334094,0.690779962,0,0.309220038
1.18,-0.400000000000002,62.334094,0.690779962,0,0.309220038
2.36,-0.400000000000002,62.334094,0.690779962,0,0.309220038
3.54,-0.400000000000002,62.334094,0.690779962,0,0.309220038
4.72,-0.400000000000002,62.334094,0.690779962,0,0.309220038
5.9,-0.400000000000002,62.334094,0.690779962,0,0.309220038
7.08,-0.400000000000002,62.334094,0.690779962,0,0.309220038
8.26,-0.400000000000002,62.334094,0.690779962,0,0.309220038
9.44,-0.400000000000002,62.334094,0.690779962,0,0.309220038
10.62,-0.400000000000002,62.334094,0.690779962,0,0.309220038
0,0.779999999999998,62.334094,0.670663101,0,0.329336899
1.18,0.779999999999998,62.334094,0.670663101,0,0.329336899
2.36,0.779999999999998,62.334094,0.670663101,0,0.329336899
3.54,0.779999999999998,62.334094,0.670663101,0,0.329336899
4.72,0.779999999999998,62.334094,0.670663101,0,0.329336899
5.9,0.779999999999998,62.334094,0.670663101,0,0.329336899
7.08,0.779999999999998,62.334094,0.670663101,0,0.329336899
8.26,0.779999999999998,62.334094,0.670663101,0,0.329336899
9.44,0.779999999999998,62.334094,0.670663101,0,0.329336899
10.62,0.779999999999998,62.334094,0.670663101,0,0.329336899
0,1.96,62.334094,0.641503836,0,0.358496164
1.18,1.96,62.334094,0.641503836,0,0.358496164
2.36,1.96,62.334094,0.641503836,0,0.358496164
3.54,1.96,62.334094,0.641503836,0,0.358496164
4.72,1.96,62.334094,0.641503836,0,0.358496164
5.9,1.96,62.334094,0.641503836,0,0.358496164
7.08,1.96,62.334094,0.641503836,0,0.358496164
8.26,1.96,62.334094,0.641503836,0,0.358496164
9.44,1.96,62.334094,0.641503836,0,0.358496164
10.62,1.96,62.334094,0.641503836,0,0.358496164
0,3.14,62.334094,0.612344571,0,0.387655429
1.18,3.14,62.334094,0.612344571,0,0.387655429
2.36,3.14,62.334094,0.612344571,0,0.387655429
3.54,3.14,62.334094,0.612344571,0,0.387655429
4.72,3.14,62.334094,0.612344571,0,0.387655429
5.9,3.14,62.334094,0.612344571,0,0.387655429
7.08,3.14,62.334094,0.612344571,0,0.387655429
8.26,3.14,62.334094,0.612344571,0,0.387655429
9.44,3.14,62.334094,0.612344571,0,0.387655429
10.62,3.14,62.334094,0.612344571,0,0.387655429
0,4.32,62.334094,0.583185305,0,0.416814695
1.18,4.32,62.334094,0.583185305,0,0.416814695
2.36,4.32,62.334094,0.583185305,0,0.416814695
3.54,4.32,62.334094,0.583185305,0,0.416814695
4.72,4.32,62.334094,0.583185305,0,0.416814695
5.9,4.32,62.334094,0.583185305,0,0.416814695
7.08,4.32,62.334094,0.583185305,0,0.416814695
8.26,4.32,62.334094,0.583185305,0,0.416814695
9.44,4.32,62.334094,0.583185305,0,0.416814695
10.62,4.32,62.334094,0.583185305,0,0.416814695
0,5.5,62.334094,0,1,0
1.18,5.5,62.334094,0,1,0
2.36,5.5,62.334094,0,1,0
3.54,5.5,62.334094,0,1,0
4.72,5.5,62.334094,0,1,0
5.9,5.5,62.334094,0,1,0
7.08,5.5,62.334094,0,1,0
8.26,5.5,62.334094,0,1,0
9.44,5.5,62.334094,0,1,0
10.62,5.5,62.334094,0,1,0
0,-5.12,62.954094,0,1,0
1.18,-5.12,62.954094,0,1,0
2.36,-5.12,62.954094,0,1,0
3.54,-5.12,62.954094,0,1,0
4.72,-5.12,62.954094,0,1,0
5.9,-5.12,62.954094,0,1,0
7.08,-5.12,62.954094,0,1,0
8.26,-5.12,62.954094,0,1,0
9.44,-5.12,62.954094,0,1,0
10.62,-5.12,62.954094,0,1,0
0,-3.94,62.954094,0.579177111,0,0.420822889
1.18,-3.94,62.954094,0.579177111,0,0.420822889
2.36,-3.94,62.954094,0.579177111,0,0.420822889
3.54,-3.94,62.954094,0.579177111,0,0.420822889
4.72,-3.94,62.954094,0.579177111,0,0.420822889
5.9,-3.94,62.954094,0.579177111,0,0.420822889
7.08,-3.94,62.954094,0.579177111,0,0.420822889
8.26,-3.94,62.954094,0.579177111,0,0.420822889
9.44,-3.94,62.954094,0.579177111,0,0.420822889
10.62,-3.94,62.954094,0.579177111,0,0.420822889
0,-2.76,62.954094,0.608135967,0,0.391864033
1.18,-2.76,62.954094,0.608135967,0,0.391864033
2.36,-2.76,62.954094,0.608135967,0,0.391864033
3.54,-2.76,62.954094,0.608135967,0,0.391864033
4.72,-2.76,62.954094,0.608135967,0,0.391864033
5.9,-2.76,62.954094,0.608135967,0,0.391864033
7.08,-2.76,62.954094,0.608135967,0,0.391864033
8.26,-2.76,62.954094,0.608135967,0,0.391864033
9.44,-2.76,62.954094,0.608135967,0,0.391864033
10.62,-2.76,62.954094,0.608135967,0,0.391864033
0,-1.58,62.954094,0.637094823,0,0.362905177
1.18,-1.58,62.954094,0.637094823,0,0.362905177
2.36,-1.58,62.954094,0.637094823,0,0.362905177
3.54,-1.58,62.954094,0.637094823,0,0.362905177
4.72,-1.58,62.954094,0.637094823,0,0.362905177
5.9,-1.58,62.954094,0.637094823,0,0.362905177
7.08,-1.58,62.954094,0.637094823,0,0.362905177
8.26,-1.58,62.954094,0.637094823,0,0.362905177
9.44,-1.58,62.954094,0.637094823,0,0.362905177
10.62,-1.58,62.954094,0.637094823,0,0.362905177
0,-0.400000000000002,62.954094,0.686032277,0,0.313967723
1.18,-0.400000000000002,62.954094,0.686032277,0,0.313967723
2.36,-0.400000000000002,62.954094,0.686032277,0,0.313967723
3.54,-0.400000000000002,62.954094,0.686032277,0,0.313967723
4.72,-0.400000000000002,62.954094,0.686032277,0,0.313967723
5.9,-0.400000000000002,62.954094,0.686032277,0,0.313967723
7.08,-0.400000000000002,62.954094,0.686032277,0,0.313967723
8.26,-0.400000000000002,62.954094,0.686032277,0,0.313967723
9.44,-0.400000000000002,62.954094,0.686032277,0,0.313967723
10.62,-0.400000000000002,62.954094,0.686032277,0,0.313967723
0,0.779999999999998,62.954094,0.666053678,0,0.333946322
1.18,0.779999999999998,62.954094,0.666053678,0,0.333946322
2.36,0.779999999999998,62.954094,0.666053678,0,0.333946322
3.54,0.779999999999998,62.954094,0.666053678,0,0.333946322
4.72,0.779999999999998,62.954094,0.666053678,0,0.333946322
5.9,0.779999999999998,62.954094,0.666053678,0,0.333946322
7.08,0.779999999999998,62.954094,0.666053678,0,0.333946322
8.26,0.779999999999998,62.954094,0.666053678,0,0.333946322
9.44,0.779999999999998,62.954094,0.666053678,0,0.333946322
10.62,0.779999999999998,62.954094,0.666053678,0,0.333946322
0,1.96,62.954094,0.637094823,0,0.362905177
1.18,1.96,62.954094,0.637094823,0,0.362905177
2.36,1.96,62.954094,0.637094823,0,0.362905177
3.54,1.96,62.954094,0.637094823,0,0.362905177
4.72,1.96,62.954094,0.637094823,0,0.362905177
5.9,1.96,62.954094,0.637094823,0,0.362905177
7.08,1.96,62.954094,0.637094823,0,0.362905177
8.26,1.96,62.954094,0.637094823,0,0.362905177
9.44,1.96,62.954094,0.637094823,0,0.362905177
10.62,1.96,62.954094,0.637094823,0,0.362905177
0,3.14,62.954094,0.608135967,0,0.391864033
1.18,3.14,62.954094,0.608135967,0,0.391864033
2.36,3.14,62.954094,0.608135967,0,0.391864033
3.54,3.14,62.954094,0.608135967,0,0.391864033
4.72,3.14,62.954094,0.608135967,0,0.391864033
5.9,3.14,62.954094,0.608135967,0,0.391864033
7.08,3.14,62.954094,0.608135967,0,0.391864033
8.26,3.14,62.954094,0.608135967,0,0.391864033
9.44,3.14,62.954094,0.608135967,0,0.391864033
10.62,3.14,62.954094,0.608135967,0,0.391864033
0,4.32,62.954094,0.579177111,0,0.420822889
1.18,4.32,62.954094,0.579177111,0,0.420822889
2.36,4.32,62.954094,0.579177111,0,0.420822889
3.54,4.32,62.954094,0.579177111,0,0.420822889
4.72,4.32,62.954094,0.579177111,0,0.420822889
5.9,4.32,62.954094,0.579177111,0,0.420822889
7.08,4.32,62.954094,0.579177111,0,0.420822889
8.26,4.32,62.954094,0.579177111,0,0.420822889
9.44,4.32,62.954094,0.579177111,0,0.420822889
10.62,4.32,62.954094,0.579177111,0,0.420822889
0,5.5,62.954094,0,1,0
1.18,5.5,62.954094,0,1,0
2.36,5.5,62.954094,0,1,0
3.54,5.5,62.954094,0,1,0
4.72,5.5,62.954094,0,1,0
5.9,5.5,62.954094,0,1,0
7.08,5.5,62.954094,0,1,0
8.26,5.5,62.954094,0,1,0
9.44,5.5,62.954094,0,1,0
10.62,5.5,62.954094,0,1,0
0,-5.12,63.574094,0,1,0
1.18,-5.12,63.574094,0,1,0
2.36,-5.12,63.574094,0,1,0
3.54,-5.12,63.574094,0,1,0
4.72,-5.12,63.574094,0,1,0
5.9,-5.12,63.574094,0,1,0
7.08,-5.12,63.574094,0,1,0
8.26,-5.12,63.574094,0,1,0
9.44,-5.12,63.574094,0,1,0
10.62,-5.12,63.574094,0,1,0
0,-3.94,63.574094,0.571076333,0,0.428923667
1.18,-3.94,63.574094,0.571076333,0,0.428923667
2.36,-3.94,63.574094,0.571076333,0,0.428923667
3.54,-3.94,63.574094,0.571076333,0,0.428923667
4.72,-3.94,63.574094,0.571076333,0,0.428923667
5.9,-3.94,63.574094,0.571076333,0,0.428923667
7.08,-3.94,63.574094,0.571076333,0,0.428923667
8.26,-3.94,63.574094,0.571076333,0,0.428923667
9.44,-3.94,63.574094,0.571076333,0,0.428923667
10.62,-3.94,63.574094,0.571076333,0,0.428923667
0,-2.76,63.574094,0.59963015,0,0.40036985
1.18,-2.76,63.574094,0.59963015,0,0.40036985
2.36,-2.76,63.574094,0.59963015,0,0.40036985
3.54,-2.76,63.574094,0.59963015,0,0.40036985
4.72,-2.76,63.574094,0.59963015,0,0.40036985
5.9,-2.76,63.574094,0.59963015,0,0.40036985
7.08,-2.76,63.574094,0.59963015,0,0.40036985
8.26,-2.76,63.574094,0.59963015,0,0.40036985
9.44,-2.76,63.574094,0.59963015,0,0.40036985
10.62,-2.76,63.574094,0.59963015,0,0.40036985
0,-1.58,63.574094,0.628183967,0,0.371816033
1.18,-1.58,63.574094,0.628183967,0,0.371816033
2.36,-1.58,63.574094,0.628183967,0,0.371816033
3.54,-1.58,63.574094,0.628183967,0,0.371816033
4.72,-1.58,63.574094,0.628183967,0,0.371816033
5.9,-1.58,63.574094,0.628183967,0,0.371816033
7.08,-1.58,63.574094,0.628183967,0,0.371816033
8.26,-1.58,63.574094,0.628183967,0,0.371816033
9.44,-1.58,63.574094,0.628183967,0,0.371816033
10.62,-1.58,63.574094,0.628183967,0,0.371816033
0,-0.400000000000002,63.574094,0.676436947,0,0.323563053
1.18,-0.400000000000002,63.574094,0.676436947,0,0.323563053
2.36,-0.400000000000002,63.574094,0.676436947,0,0.323563053
3.54,-0.400000000000002,63.574094,0.676436947,0,0.323563053
4.72,-0.400000000000002,63.574094,0.676436947,0,0.323563053
5.9,-0.400000000000002,63.574094,0.676436947,0,0.323563053
7.08,-0.400000000000002,63.574094,0.676436947,0,0.323563053
8.26,-0.400000000000002,63.574094,0.676436947,0,0.323563053
9.44,-0.400000000000002,63.574094,0.676436947,0,0.323563053
10.62,-0.400000000000002,63.574094,0.676436947,0,0.323563053
0,0.779999999999998,63.574094,0.656737783,0,0.343262217
1.18,0.779999999999998,63.574094,0.656737783,0,0.343262217
2.36,0.779999999999998,63.574094,0.656737783,0,0.343262217
3.54,0.779999999999998,63.574094,0.656737783,0,0.343262217
4.72,0.779999999999998,63.574094,0.656737783,0,0.343262217
5.9,0.779999999999998,63.574094,0.656737783,0,0.343262217
7.08,0.779999999999998,63.574094,0.656737783,0,0.343262217
8.26,0.779999999999998,63.574094,0.656737783,0,0.343262217
9.44,0.779999999999998,63.574094,0.656737783,0,0.343262217
10.62,0.779999999999998,63.574094,0.656737783,0,0.343262217
0,1.96,63.574094,0.628183967,0,0.371816033
1.18,1.96,63.574094,0.628183967,0,0.371816033
2.36,1.96,63.574094,0.628183967,0,0.371816033
3.54,1.96,63.574094,0.628183967,0,0.371816033
4.72,1.96,63.574094,0.628183967,0,0.371816033
5.9,1.96,63.574094,0.628183967,0,0.371816033
7.08,1.96,63.574094,0.628183967,0,0.371816033
8.26,1.96,63.574094,0.628183967,0,0.371816033
9.44,1.96,63.574094,0.628183967,0,0.371816033
10.62,1.96,63.574094,0.628183967,0,0.371816033
0,3.14,63.574094,0.59963015,0,0.40036985
1.18,3.14,63.574094,0.59963015,0,0.40036985
2.36,3.14,63.574094,0.59963015,0,0.40036985
3.54,3.14,63.574094,0.59963015,0,0.40036985
4.72,3.14,63.574094,0.59963015,0,0.40036985
5.9,3.14,63.574094,0.59963015,0,0.40036985
7.08,3.14,63.574094,0.59963015,0,0.40036985
8.26,3.14,63.574094,0.59963015,0,0.40036985
9.44,3.14,63.574094,0.59963015,0,0.40036985
10.62,3.14,63.574094,0.59963015,0,0.40036985
0,4.32,63.574094,0.571076333,0,0.428923667
1.18,4.32,63.574094,0.571076333,0,0.428923667
2.36,4.32,63.574094,0.571076333,0,0.428923667
3.54,4.32,63.574094,0.571076333,0,0.428923667
4.72,4.32,63.574094,0.571076333,0,0.428923667
5.9,4.32,63.574094,0.571076333,0,0.428923667
7.08,4.32,63.574094,0.571076333,0,0.428923667
8.26,4.32,63.574094,0.571076333,0,0.428923667
9.44,4.32,63.574094,0.571076333,0,0.428923667
10.62,4.32,63.574094,0.571076333,0,0.428923667
0,5.5,63.574094,0,1,0
1.18,5.5,63.574094,0,1,0
2.36,5.5,63.574094,0,1,0
3.54,5.5,63.574094,0,1,0
4.72,5.5,63.574094,0,1,0
5.9,5.5,63.574094,0,1,0
7.08,5.5,63.574094,0,1,0
8.26,5.5,63.574094,0,1,0
9.44,5.5,63.574094,0,1,0
10.62,5.5,63.574094,0,1,0
0,-5.12,64.194094,0,1,0
1.18,-5.12,64.194094,0,1,0
2.36,-5.12,64.194094,0,1,0
3.54,-5.12,64.194094,0,1,0
4.72,-5.12,64.194094,0,1,0
5.9,-5.12,64.194094,0,1,0
7.08,-5.12,64.194094,0,1,0
8.26,-5.12,64.194094,0,1,0
9.44,-5.12,64.194094,0,1,0
10.62,-5.12,64.194094,0,1,0
0,-3.94,64.194094,0.566982543,0,0.433017457
1.18,-3.94,64.194094,0.566982543,0,0.433017457
2.36,-3.94,64.194094,0.566982543,0,0.433017457
3.54,-3.94,64.194094,0.566982543,0,0.433017457
4.72,-3.94,64.194094,0.566982543,0,0.433017457
5.9,-3.94,64.194094,0.566982543,0,0.433017457
7.08,-3.94,64.194094,0.566982543,0,0.433017457
8.26,-3.94,64.194094,0.566982543,0,0.433017457
9.44,-3.94,64.194094,0.566982543,0,0.433017457
10.62,-3.94,64.194094,0.566982543,0,0.433017457
0,-2.76,64.194094,0.59533167,0,0.40466833
1.18,-2.76,64.194094,0.59533167,0,0.40466833
2.36,-2.76,64.194094,0.59533167,0,0.40466833
3.54,-2.76,64.194094,0.59533167,0,0.40466833
4.72,-2.76,64.194094,0.59533167,0,0.40466833
5.9,-2.76,64.194094,0.59533167,0,0.40466833
7.08,-2.76,64.194094,0.59533167,0,0.40466833
8.26,-2.76,64.194094,0.59533167,0,0.40466833
9.44,-2.76,64.194094,0.59533167,0,0.40466833
10.62,-2.76,64.194094,0.59533167,0,0.40466833
0,-1.58,64.194094,0.623680798,0,0.376319202
1.18,-1.58,64.194094,0.623680798,0,0.376319202
2.36,-1.58,64.194094,0.623680798,0,0.376319202
3.54,-1.58,64.194094,0.623680798,0,0.376319202
4.72,-1.58,64.194094,0.623680798,0,0.376319202
5.9,-1.58,64.194094,0.623680798,0,0.376319202
7.08,-1.58,64.194094,0.623680798,0,0.376319202
8.26,-1.58,64.194094,0.623680798,0,0.376319202
9.44,-1.58,64.194094,0.623680798,0,0.376319202
10.62,-1.58,64.194094,0.623680798,0,0.376319202
0,-0.400000000000002,64.194094,0.671587874,0,0.328412126
1.18,-0.400000000000002,64.194094,0.671587874,0,0.328412126
2.36,-0.400000000000002,64.194094,0.671587874,0,0.328412126
3.54,-0.400000000000002,64.194094,0.671587874,0,0.328412126
4.72,-0.400000000000002,64.194094,0.671587874,0,0.328412126
5.9,-0.400000000000002,64.194094,0.671587874,0,0.328412126
7.08,-0.400000000000002,64.194094,0.671587874,0,0.328412126
8.26,-0.400000000000002,64.194094,0.671587874,0,0.328412126
9.44,-0.400000000000002,64.194094,0.671587874,0,0.328412126
10.62,-0.400000000000002,64.194094,0.671587874,0,0.328412126
0,0.779999999999998,64.194094,0.652029925,0,0.347970075
1.18,0.779999999999998,64.194094,0.652029925,0,0.347970075
2.36,0.779999999999998,64.194094,0.652029925,0,0.347970075
3.54,0.779999999999998,64.194094,0.652029925,0,0.347970075
4.72,0.779999999999998,64.194094,0.652029925,0,0.347970075
5.9,0.779999999999998,64.194094,0.652029925,0,0.347970075
7.08,0.779999999999998,64.194094,0.652029925,0,0.347970075
8.26,0.779999999999998,64.194094,0.652029925,0,0.347970075
9.44,0.779999999999998,64.194094,0.652029925,0,0.347970075
10.62,0.779999999999998,64.194094,0.652029925,0,0.347970075
0,1.96,64.194094,0.623680798,0,0.376319202
1.18,1.96,64.194094,0.623680798,0,0.376319202
2.36,1.96,64.194094,0.623680798,0,0.376319202
3.54,1.96,64.194094,0.623680798,0,0.376319202
4.72,1.96,64.194094,0.623680798,0,0.376319202
5.9,1.96,64.194094,0.623680798,0,0.376319202
7.08,1.96,64.194094,0.623680798,0,0.376319202
8.26,1.96,64.194094,0.623680798,0,0.376319202
9.44,1.96,64.194094,0.623680798,0,0.376319202
10.62,1.96,64.194094,0.623680798,0,0.376319202
0,3.14,64.194094,0.59533167,0,0.40466833
1.18,3.14,64.194094,0.59533167,0,0.40466833
2.36,3.14,64.194094,0.59533167,0,0.40466833
3.54,3.14,64.194094,0.59533167,0,0.40466833
4.72,3.14,64.194094,0.59533167,0,0.40466833
5.9,3.14,64.194094,0.59533167,0,0.40466833
7.08,3.14,64.194094,0.59533167,0,0.40466833
8.26,3.14,64.194094,0.59533167,0,0.40466833
9.44,3.14,64.194094,0.59533167,0,0.40466833
10.62,3.14,64.194094,0.59533167,0,0.40466833
0,4.32,64.194094,0.566982543,0,0.433017457
1.18,4.32,64.194094,0.566982543,0,0.433017457
2.36,4.32,64.194094,0.566982543,0,0.433017457
3.54,4.32,64.194094,0.566982543,0,0.433017457
4.72,4.32,64.194094,0.566982543,0,0.433017457
5.9,4.32,64.194094,0.566982543,0,0.433017457
7.08,4.32,64.194094,0.566982543,0,0.433017457
8.26,4.32,64.194094,0.566982543,0,0.433017457
9.44,4.32,64.194094,0.566982543,0,0.433017457
10.62,4.32,64.194094,0.566982543,0,0.433017457
0,5.5,64.194094,0,1,0
1.18,5.5,64.194094,0,1,0
2.36,5.5,64.194094,0,1,0
3.54,5.5,64.194094,0,1,0
4.72,5.5,64.194094,0,1,0
5.9,5.5,64.194094,0,1,0
7.08,5.5,64.194094,0,1,0
8.26,5.5,64.194094,0,1,0
9.44,5.5,64.194094,0,1,0
10.62,5.5,64.194094,0,1,0
0,-5.12,64.814094,0,1,0
1.18,-5.12,64.814094,0,1,0
2.36,-5.12,64.814094,0,1,0
3.54,-5.12,64.814094,0,1,0
4.72,-5.12,64.814094,0,1,0
5.9,-5.12,64.814094,0,1,0
7.08,-5.12,64.814094,0,1,0
8.26,-5.12,64.814094,0,1,0
9.44,-5.12,64.814094,0,1,0
10.62,-5.12,64.814094,0,1,0
0,-3.94,64.814094,0.562858979,0,0.437141021
1.18,-3.94,64.814094,0.562858979,0,0.437141021
2.36,-3.94,64.814094,0.562858979,0,0.437141021
3.54,-3.94,64.814094,0.562858979,0,0.437141021
4.72,-3.94,64.814094,0.562858979,0,0.437141021
5.9,-3.94,64.814094,0.562858979,0,0.437141021
7.08,-3.94,64.814094,0.562858979,0,0.437141021
8.26,-3.94,64.814094,0.562858979,0,0.437141021
9.44,-3.94,64.814094,0.562858979,0,0.437141021
10.62,-3.94,64.814094,0.562858979,0,0.437141021
0,-2.76,64.814094,0.591001928,0,0.408998072
1.18,-2.76,64.814094,0.591001928,0,0.408998072
2.36,-2.76,64.814094,0.591001928,0,0.408998072
3.54,-2.76,64.814094,0.591001928,0,0.408998072
4.72,-2.76,64.814094,0.591001928,0,0.408998072
5.9,-2.76,64.814094,0.591001928,0,0.408998072
7.08,-2.76,64.814094,0.591001928,0,0.408998072
8.26,-2.76,64.814094,0.591001928,0,0.408998072
9.44,-2.76,64.814094,0.591001928,0,0.408998072
10.62,-2.76,64.814094,0.591001928,0,0.408998072
0,-1.58,64.814094,0.619144877,0,0.380855123
1.18,-1.58,64.814094,0.619144877,0,0.380855123
2.36,-1.58,64.814094,0.619144877,0,0.380855123
3.54,-1.58,64.814094,0.619144877,0,0.380855123
4.72,-1.58,64.814094,0.619144877,0,0.380855123
5.9,-1.58,64.814094,0.619144877,0,0.380855123
7.08,-1.58,64.814094,0.619144877,0,0.380855123
8.26,-1.58,64.814094,0.619144877,0,0.380855123
9.44,-1.58,64.814094,0.619144877,0,0.380855123
10.62,-1.58,64.814094,0.619144877,0,0.380855123
0,-0.400000000000002,64.814094,0.666703534,0,0.333296466
1.18,-0.400000000000002,64.814094,0.666703534,0,0.333296466
2.36,-0.400000000000002,64.814094,0.666703534,0,0.333296466
3.54,-0.400000000000002,64.814094,0.666703534,0,0.333296466
4.72,-0.400000000000002,64.814094,0.666703534,0,0.333296466
5.9,-0.400000000000002,64.814094,0.666703534,0,0.333296466
7.08,-0.400000000000002,64.814094,0.666703534,0,0.333296466
8.26,-0.400000000000002,64.814094,0.666703534,0,0.333296466
9.44,-0.400000000000002,64.814094,0.666703534,0,0.333296466
10.62,-0.400000000000002,64.814094,0.666703534,0,0.333296466
0,0.779999999999998,64.814094,0.647287826,0,0.352712174
1.18,0.779999999999998,64.814094,0.647287826,0,0.352712174
2.36,0.779999999999998,64.814094,0.647287826,0,0.352712174
3.54,0.779999999999998,64.814094,0.647287826,0,0.352712174
4.72,0.779999999999998,64.814094,0.647287826,0,0.352712174
5.9,0.779999999999998,64.814094,0.647287826,0,0.352712174
7.08,0.779999999999998,64.814094,0.647287826,0,0.352712174
8.26,0.779999999999998,64.814094,0.647287826,0,0.352712174
9.44,0.779999999999998,64.814094,0.647287826,0,0.352712174
10.62,0.779999999999998,64.814094,0.647287826,0,0.352712174
0,1.96,64.814094,0.619144877,0,0.380855123
1.18,1.96,64.814094,0.619144877,0,0.380855123
2.36,1.96,64.814094,0.619144877,0,0.380855123
3.54,1.96,64.814094,0.619144877,0,0.380855123
4.72,1.96,64.814094,0.619144877,0,0.380855123
5.9,1.96,64.814094,0.619144877,0,0.380855123
7.08,1.96,64.814094,0.619144877,0,0.380855123
8.26,1.96,64.814094,0.619144877,0,0.380855123
9.44,1.96,64.814094,0.619144877,0,0.380855123
10.62,1.96,64.814094,0.619144877,0,0.380855123
0,3.14,64.814094,0.591001928,0,0.408998072
1.18,3.14,64.814094,0.591001928,0,0.408998072
2.36,3.14,64.814094,0.591001928,0,0.408998072
3.54,3.14,64.814094,0.591001928,0,0.408998072
4.72,3.14,64.814094,0.591001928,0,0.408998072
5.9,3.14,64.814094,0.591001928,0,0.408998072
7.08,3.14,64.814094,0.591001928,0,0.408998072
8.26,3.14,64.814094,0.591001928,0,0.408998072
9.44,3.14,64.814094,0.591001928,0,0.408998072
10.62,3.14,64.814094,0.591001928,0,0.408998072
0,4.32,64.814094,0.562858979,0,0.437141021
1.18,4.32,64.814094,0.562858979,0,0.437141021
2.36,4.32,64.814094,0.562858979,0,0.437141021
3.54,4.32,64.814094,0.562858979,0,0.437141021
4.72,4.32,64.814094,0.562858979,0,0.437141021
5.9,4.32,64.814094,0.562858979,0,0.437141021
7.08,4.32,64.814094,0.562858979,0,0.437141021
8.26,4.32,64.814094,0.562858979,0,0.437141021
9.44,4.32,64.814094,0.562858979,0,0.437141021
10.62,4.32,64.814094,0.562858979,0,0.437141021
0,5.5,64.814094,0,1,0
1.18,5.5,64.814094,0,1,0
2.36,5.5,64.814094,0,1,0
3.54,5.5,64.814094,0,1,0
4.72,5.5,64.814094,0,1,0
5.9,5.5,64.814094,0,1,0
7.08,5.5,64.814094,0,1,0
8.26,5.5,64.814094,0,1,0
9.44,5.5,64.814094,0,1,0
10.62,5.5,64.814094,0,1,0
0,-5.12,65.434094,0,1,0
1.18,-5.12,65.434094,0,1,0
2.36,-5.12,65.434094,0,1,0
3.54,-5.12,65.434094,0,1,0
4.72,-5.12,65.434094,0,1,0
5.9,-5.12,65.434094,0,1,0
7.08,-5.12,65.434094,0,1,0
8.26,-5.12,65.434094,0,1,0
9.44,-5.12,65.434094,0,1,0
10.62,-5.12,65.434094,0,1,0
0,-3.94,65.434094,0.558704982,0,0.441295018
1.18,-3.94,65.434094,0.558704982,0,0.441295018
2.36,-3.94,65.434094,0.558704982,0,0.441295018
3.54,-3.94,65.434094,0.558704982,0,0.441295018
4.72,-3.94,65.434094,0.558704982,0,0.441295018
5.9,-3.94,65.434094,0.558704982,0,0.441295018
7.08,-3.94,65.434094,0.558704982,0,0.441295018
8.26,-3.94,65.434094,0.558704982,0,0.441295018
9.44,-3.94,65.434094,0.558704982,0,0.441295018
10.62,-3.94,65.434094,0.558704982,0,0.441295018
0,-2.76,65.434094,0.586640231,0,0.413359769
1.18,-2.76,65.434094,0.586640231,0,0.413359769
2.36,-2.76,65.434094,0.586640231,0,0.413359769
3.54,-2.76,65.434094,0.586640231,0,0.413359769
4.72,-2.76,65.434094,0.586640231,0,0.413359769
5.9,-2.76,65.434094,0.586640231,0,0.413359769
7.08,-2.76,65.434094,0.586640231,0,0.413359769
8.26,-2.76,65.434094,0.586640231,0,0.413359769
9.44,-2.76,65.434094,0.586640231,0,0.413359769
10.62,-2.76,65.434094,0.586640231,0,0.413359769
0,-1.58,65.434094,0.61457548,0,0.38542452
1.18,-1.58,65.434094,0.61457548,0,0.38542452
2.36,-1.58,65.434094,0.61457548,0,0.38542452
3.54,-1.58,65.434094,0.61457548,0,0.38542452
4.72,-1.58,65.434094,0.61457548,0,0.38542452
5.9,-1.58,65.434094,0.61457548,0,0.38542452
7.08,-1.58,65.434094,0.61457548,0,0.38542452
8.26,-1.58,65.434094,0.61457548,0,0.38542452
9.44,-1.58,65.434094,0.61457548,0,0.38542452
10.62,-1.58,65.434094,0.61457548,0,0.38542452
0,-0.400000000000002,65.434094,0.661783145,0,0.338216855
1.18,-0.400000000000002,65.434094,0.661783145,0,0.338216855
2.36,-0.400000000000002,65.434094,0.661783145,0,0.338216855
3.54,-0.400000000000002,65.434094,0.661783145,0,0.338216855
4.72,-0.400000000000002,65.434094,0.661783145,0,0.338216855
5.9,-0.400000000000002,65.434094,0.661783145,0,0.338216855
7.08,-0.400000000000002,65.434094,0.661783145,0,0.338216855
8.26,-0.400000000000002,65.434094,0.661783145,0,0.338216855
9.44,-0.400000000000002,65.434094,0.661783145,0,0.338216855
10.62,-0.400000000000002,65.434094,0.661783145,0,0.338216855
0,0.779999999999998,65.434094,0.642510729,0,0.357489271
1.18,0.779999999999998,65.434094,0.642510729,0,0.357489271
2.36,0.779999999999998,65.434094,0.642510729,0,0.357489271
3.54,0.779999999999998,65.434094,0.642510729,0,0.357489271
4.72,0.779999999999998,65.434094,0.642510729,0,0.357489271
5.9,0.779999999999998,65.434094,0.642510729,0,0.357489271
7.08,0.779999999999998,65.434094,0.642510729,0,0.357489271
8.26,0.779999999999998,65.434094,0.642510729,0,0.357489271
9.44,0.779999999999998,65.434094,0.642510729,0,0.357489271
10.62,0.779999999999998,65.434094,0.642510729,0,0.357489271
0,1.96,65.434094,0.61457548,0,0.38542452
1.18,1.96,65.434094,0.61457548,0,0.38542452
2.36,1.96,65.434094,0.61457548,0,0.38542452
3.54,1.96,65.434094,0.61457548,0,0.38542452
4.72,1.96,65.434094,0.61457548,0,0.38542452
5.9,1.96,65.434094,0.61457548,0,0.38542452
7.08,1.96,65.434094,0.61457548,0,0.38542452
8.26,1.96,65.434094,0.61457548,0,0.38542452
9.44,1.96,65.434094,0.61457548,0,0.38542452
10.62,1.96,65.434094,0.61457548,0,0.38542452
0,3.14,65.434094,0.586640231,0,0.413359769
1.18,3.14,65.434094,0.586640231,0,0.413359769
2.36,3.14,65.434094,0.586640231,0,0.413359769
3.54,3.14,65.434094,0.586640231,0,0.413359769
4.72,3.14,65.434094,0.586640231,0,0.413359769
5.9,3.14,65.434094,0.586640231,0,0.413359769
7.08,3.14,65.434094,0.586640231,0,0.413359769
8.26,3.14,65.434094,0.586640231,0,0.413359769
9.44,3.14,65.434094,0.586640231,0,0.413359769
10.62,3.14,65.434094,0.586640231,0,0.413359769
0,4.32,65.434094,0.558704982,0,0.441295018
1.18,4.32,65.434094,0.558704982,0,0.441295018
2.36,4.32,65.434094,0.558704982,0,0.441295018
3.54,4.32,65.434094,0.558704982,0,0.441295018
4.72,4.32,65.434094,0.558704982,0,0.441295018
5.9,4.32,65.434094,0.558704982,0,0.441295018
7.08,4.32,65.434094,0.558704982,0,0.441295018
8.26,4.32,65.434094,0.558704982,0,0.441295018
9.44,4.32,65.434094,0.558704982,0,0.441295018
10.62,4.32,65.434094,0.558704982,0,0.441295018
0,5.5,65.434094,0,1,0
1.18,5.5,65.434094,0,1,0
2.36,5.5,65.434094,0,1,0
3.54,5.5,65.434094,0,1,0
4.72,5.5,65.434094,0,1,0
5.9,5.5,65.434094,0,1,0
7.08,5.5,65.434094,0,1,0
8.26,5.5,65.434094,0,1,0
9.44,5.5,65.434094,0,1,0
10.62,5.5,65.434094,0,1,0
0,-5.12,66.054094,0,1,0
1.18,-5.12,66.054094,0,1,0
2.36,-5.12,66.054094,0,1,0
3.54,-5.12,66.054094,0,1,0
4.72,-5.12,66.054094,0,1,0
5.9,-5.12,66.054094,0,1,0
7.08,-5.12,66.054094,0,1,0
8.26,-5.12,66.054094,0,1,0
9.44,-5.12,66.054094,0,1,0
10.62,-5.12,66.054094,0,1,0
0,-3.94,66.054094,0.550302924,0,0.449697076
1.18,-3.94,66.054094,0.550302924,0,0.449697076
2.36,-3.94,66.054094,0.550302924,0,0.449697076
3.54,-3.94,66.054094,0.550302924,0,0.449697076
4.72,-3.94,66.054094,0.550302924,0,0.449697076
5.9,-3.94,66.054094,0.550302924,0,0.449697076
7.08,-3.94,66.054094,0.550302924,0,0.449697076
8.26,-3.94,66.054094,0.550302924,0,0.449697076
9.44,-3.94,66.054094,0.550302924,0,0.449697076
10.62,-3.94,66.054094,0.550302924,0,0.449697076
0,-2.76,66.054094,0.577818071,0,0.422181929
1.18,-2.76,66.054094,0.577818071,0,0.422181929
2.36,-2.76,66.054094,0.577818071,0,0.422181929
3.54,-2.76,66.054094,0.577818071,0,0.422181929
4.72,-2.76,66.054094,0.577818071,0,0.422181929
5.9,-2.76,66.054094,0.577818071,0,0.422181929
7.08,-2.76,66.054094,0.577818071,0,0.422181929
8.26,-2.76,66.054094,0.577818071,0,0.422181929
9.44,-2.76,66.054094,0.577818071,0,0.422181929
10.62,-2.76,66.054094,0.577818071,0,0.422181929
0,-1.58,66.054094,0.605333217,0,0.394666783
1.18,-1.58,66.054094,0.605333217,0,0.394666783
2.36,-1.58,66.054094,0.605333217,0,0.394666783
3.54,-1.58,66.054094,0.605333217,0,0.394666783
4.72,-1.58,66.054094,0.605333217,0,0.394666783
5.9,-1.58,66.054094,0.605333217,0,0.394666783
7.08,-1.58,66.054094,0.605333217,0,0.394666783
8.26,-1.58,66.054094,0.605333217,0,0.394666783
9.44,-1.58,66.054094,0.605333217,0,0.394666783
10.62,-1.58,66.054094,0.605333217,0,0.394666783
0,-0.400000000000002,66.054094,0.651830952,0,0.348169048
1.18,-0.400000000000002,66.054094,0.651830952,0,0.348169048
2.36,-0.400000000000002,66.054094,0.651830952,0,0.348169048
3.54,-0.400000000000002,66.054094,0.651830952,0,0.348169048
4.72,-0.400000000000002,66.054094,0.651830952,0,0.348169048
5.9,-0.400000000000002,66.054094,0.651830952,0,0.348169048
7.08,-0.400000000000002,66.054094,0.651830952,0,0.348169048
8.26,-0.400000000000002,66.054094,0.651830952,0,0.348169048
9.44,-0.400000000000002,66.054094,0.651830952,0,0.348169048
10.62,-0.400000000000002,66.054094,0.651830952,0,0.348169048
0,0.779999999999998,66.054094,0.632848363,0,0.367151637
1.18,0.779999999999998,66.054094,0.632848363,0,0.367151637
2.36,0.779999999999998,66.054094,0.632848363,0,0.367151637
3.54,0.779999999999998,66.054094,0.632848363,0,0.367151637
4.72,0.779999999999998,66.054094,0.632848363,0,0.367151637
5.9,0.779999999999998,66.054094,0.632848363,0,0.367151637
7.08,0.779999999999998,66.054094,0.632848363,0,0.367151637
8.26,0.779999999999998,66.054094,0.632848363,0,0.367151637
9.44,0.779999999999998,66.054094,0.632848363,0,0.367151637
10.62,0.779999999999998,66.054094,0.632848363,0,0.367151637
0,1.96,66.054094,0.605333217,0,0.394666783
1.18,1.96,66.054094,0.605333217,0,0.394666783
2.36,1.96,66.054094,0.605333217,0,0.394666783
3.54,1.96,66.054094,0.605333217,0,0.394666783
4.72,1.96,66.054094,0.605333217,0,0.394666783
5.9,1.96,66.054094,0.605333217,0,0.394666783
7.08,1.96,66.054094,0.605333217,0,0.394666783
8.26,1.96,66.054094,0.605333217,0,0.394666783
9.44,1.96,66.054094,0.605333217,0,0.394666783
10.62,1.96,66.054094,0.605333217,0,0.394666783
0,3.14,66.054094,0.577818071,0,0.422181929
1.18,3.14,66.054094,0.577818071,0,0.422181929
2.36,3.14,66.054094,0.577818071,0,0.422181929
3.54,3.14,66.054094,0.577818071,0,0.422181929
4.72,3.14,66.054094,0.577818071,0,0.422181929
5.9,3.14,66.054094,0.577818071,0,0.422181929
7.08,3.14,66.054094,0.577818071,0,0.422181929
8.26,3.14,66.054094,0.577818071,0,0.422181929
9.44,3.14,66.054094,0.577818071,0,0.422181929
10.62,3.14,66.054094,0.577818071,0,0.422181929
0,4.32,66.054094,0.550302924,0,0.449697076
1.18,4.32,66.054094,0.550302924,0,0.449697076
2.36,4.32,66.054094,0.550302924,0,0.449697076
3.54,4.32,66.054094,0.550302924,0,0.449697076
4.72,4.32,66.054094,0.550302924,0,0.449697076
5.9,4.32,66.054094,0.550302924,0,0.449697076
7.08,4.32,66.054094,0.550302924,0,0.449697076
8.26,4.32,66.054094,0.550302924,0,0.449697076
9.44,4.32,66.054094,0.550302924,0,0.449697076
10.62,4.32,66.054094,0.550302924,0,0.449697076
0,5.5,66.054094,0,1,0
1.18,5.5,66.054094,0,1,0
2.36,5.5,66.054094,0,1,0
3.54,5.5,66.054094,0,1,0
4.72,5.5,66.054094,0,1,0
5.9,5.5,66.054094,0,1,0
7.08,5.5,66.054094,0,1,0
8.26,5.5,66.054094,0,1,0
9.44,5.5,66.054094,0,1,0
10.62,5.5,66.054094,0,1,0
0,-5.12,66.674094,0,1,0
1.18,-5.12,66.674094,0,1,0
2.36,-5.12,66.674094,0,1,0
3.54,-5.12,66.674094,0,1,0
4.72,-5.12,66.674094,0,1,0
5.9,-5.12,66.674094,0,1,0
7.08,-5.12,66.674094,0,1,0
8.26,-5.12,66.674094,0,1,0
9.44,-5.12,66.674094,0,1,0
10.62,-5.12,66.674094,0,1,0
0,-3.94,66.674094,0.546053417,0,0.453946583
1.18,-3.94,66.674094,0.546053417,0,0.453946583
2.36,-3.94,66.674094,0.546053417,0,0.453946583
3.54,-3.94,66.674094,0.546053417,0,0.453946583
4.72,-3.94,66.674094,0.546053417,0,0.453946583
5.9,-3.94,66.674094,0.546053417,0,0.453946583
7.08,-3.94,66.674094,0.546053417,0,0.453946583
8.26,-3.94,66.674094,0.546053417,0,0.453946583
9.44,-3.94,66.674094,0.546053417,0,0.453946583
10.62,-3.94,66.674094,0.546053417,0,0.453946583
0,-2.76,66.674094,0.573356088,0,0.426643912
1.18,-2.76,66.674094,0.573356088,0,0.426643912
2.36,-2.76,66.674094,0.573356088,0,0.426643912
3.54,-2.76,66.674094,0.573356088,0,0.426643912
4.72,-2.76,66.674094,0.573356088,0,0.426643912
5.9,-2.76,66.674094,0.573356088,0,0.426643912
7.08,-2.76,66.674094,0.573356088,0,0.426643912
8.26,-2.76,66.674094,0.573356088,0,0.426643912
9.44,-2.76,66.674094,0.573356088,0,0.426643912
10.62,-2.76,66.674094,0.573356088,0,0.426643912
0,-1.58,66.674094,0.600658759,0,0.399341241
1.18,-1.58,66.674094,0.600658759,0,0.399341241
2.36,-1.58,66.674094,0.600658759,0,0.399341241
3.54,-1.58,66.674094,0.600658759,0,0.399341241
4.72,-1.58,66.674094,0.600658759,0,0.399341241
5.9,-1.58,66.674094,0.600658759,0,0.399341241
7.08,-1.58,66.674094,0.600658759,0,0.399341241
8.26,-1.58,66.674094,0.600658759,0,0.399341241
9.44,-1.58,66.674094,0.600658759,0,0.399341241
10.62,-1.58,66.674094,0.600658759,0,0.399341241
0,-0.400000000000002,66.674094,0.646797433,0,0.353202567
1.18,-0.400000000000002,66.674094,0.646797433,0,0.353202567
2.36,-0.400000000000002,66.674094,0.646797433,0,0.353202567
3.54,-0.400000000000002,66.674094,0.646797433,0,0.353202567
4.72,-0.400000000000002,66.674094,0.646797433,0,0.353202567
5.9,-0.400000000000002,66.674094,0.646797433,0,0.353202567
7.08,-0.400000000000002,66.674094,0.646797433,0,0.353202567
8.26,-0.400000000000002,66.674094,0.646797433,0,0.353202567
9.44,-0.400000000000002,66.674094,0.646797433,0,0.353202567
10.62,-0.400000000000002,66.674094,0.646797433,0,0.353202567
0,0.779999999999998,66.674094,0.62796143,0,0.37203857
1.18,0.779999999999998,66.674094,0.62796143,0,0.37203857
2.36,0.779999999999998,66.674094,0.62796143,0,0.37203857
3.54,0.779999999999998,66.674094,0.62796143,0,0.37203857
4.72,0.779999999999998,66.674094,0.62796143,0,0.37203857
5.9,0.779999999999998,66.674094,0.62796143,0,0.37203857
7.08,0.779999999999998,66.674094,0.62796143,0,0.37203857
8.26,0.779999999999998,66.674094,0.62796143,0,0.37203857
9.44,0.779999999999998,66.674094,0.62796143,0,0.37203857
10.62,0.779999999999998,66.674094,0.62796143,0,0.37203857
0,1.96,66.674094,0.600658759,0,0.399341241
1.18,1.96,66.674094,0.600658759,0,0.399341241
2.36,1.96,66.674094,0.600658759,0,0.399341241
3.54,1.96,66.674094,0.600658759,0,0.399341241
4.72,1.96,66.674094,0.600658759,0,0.399341241
5.9,1.96,66.674094,0.600658759,0,0.399341241
7.08,1.96,66.674094,0.600658759,0,0.399341241
8.26,1.96,66.674094,0.600658759,0,0.399341241
9.44,1.96,66.674094,0.600658759,0,0.399341241
10.62,1.96,66.674094,0.600658759,0,0.399341241
0,3.14,66.674094,0.573356088,0,0.426643912
1.18,3.14,66.674094,0.573356088,0,0.426643912
2.36,3.14,66.674094,0.573356088,0,0.426643912
3.54,3.14,66.674094,0.573356088,0,0.426643912
4.72,3.14,66.674094,0.573356088,0,0.426643912
5.9,3.14,66.674094,0.573356088,0,0.426643912
7.08,3.14,66.674094,0.573356088,0,0.426643912
8.26,3.14,66.674094,0.573356088,0,0.426643912
9.44,3.14,66.674094,0.573356088,0,0.426643912
10.62,3.14,66.674094,0.573356088,0,0.426643912
0,4.32,66.674094,0.546053417,0,0.453946583
1.18,4.32,66.674094,0.546053417,0,0.453946583
2.36,4.32,66.674094,0.546053417,0,0.453946583
3.54,4.32,66.674094,0.546053417,0,0.453946583
4.72,4.32,66.674094,0.546053417,0,0.453946583
5.9,4.32,66.674094,0.546053417,0,0.453946583
7.08,4.32,66.674094,0.546053417,0,0.453946583
8.26,4.32,66.674094,0.546053417,0,0.453946583
9.44,4.32,66.674094,0.546053417,0,0.453946583
10.62,4.32,66.674094,0.546053417,0,0.453946583
0,5.5,66.674094,0,1,0
1.18,5.5,66.674094,0,1,0
2.36,5.5,66.674094,0,1,0
3.54,5.5,66.674094,0,1,0
4.72,5.5,66.674094,0,1,0
5.9,5.5,66.674094,0,1,0
7.08,5.5,66.674094,0,1,0
8.26,5.5,66.674094,0,1,0
9.44,5.5,66.674094,0,1,0
10.62,5.5,66.674094,0,1,0
0,-5.12,67.294094,0,1,0
1.18,-5.12,67.294094,0,1,0
2.36,-5.12,67.294094,0,1,0
3.54,-5.12,67.294094,0,1,0
4.72,-5.12,67.294094,0,1,0
5.9,-5.12,67.294094,0,1,0
7.08,-5.12,67.294094,0,1,0
8.26,-5.12,67.294094,0,1,0
9.44,-5.12,67.294094,0,1,0
10.62,-5.12,67.294094,0,1,0
0,-3.94,67.294094,0.541770579,0,0.458229421
1.18,-3.94,67.294094,0.541770579,0,0.458229421
2.36,-3.94,67.294094,0.541770579,0,0.458229421
3.54,-3.94,67.294094,0.541770579,0,0.458229421
4.72,-3.94,67.294094,0.541770579,0,0.458229421
5.9,-3.94,67.294094,0.541770579,0,0.458229421
7.08,-3.94,67.294094,0.541770579,0,0.458229421
8.26,-3.94,67.294094,0.541770579,0,0.458229421
9.44,-3.94,67.294094,0.541770579,0,0.458229421
10.62,-3.94,67.294094,0.541770579,0,0.458229421
0,-2.76,67.294094,0.568859108,0,0.431140892
1.18,-2.76,67.294094,0.568859108,0,0.431140892
2.36,-2.76,67.294094,0.568859108,0,0.431140892
3.54,-2.76,67.294094,0.568859108,0,0.431140892
4.72,-2.76,67.294094,0.568859108,0,0.431140892
5.9,-2.76,67.294094,0.568859108,0,0.431140892
7.08,-2.76,67.294094,0.568859108,0,0.431140892
8.26,-2.76,67.294094,0.568859108,0,0.431140892
9.44,-2.76,67.294094,0.568859108,0,0.431140892
10.62,-2.76,67.294094,0.568859108,0,0.431140892
0,-1.58,67.294094,0.595947637,0,0.404052363
1.18,-1.58,67.294094,0.595947637,0,0.404052363
2.36,-1.58,67.294094,0.595947637,0,0.404052363
3.54,-1.58,67.294094,0.595947637,0,0.404052363
4.72,-1.58,67.294094,0.595947637,0,0.404052363
5.9,-1.58,67.294094,0.595947637,0,0.404052363
7.08,-1.58,67.294094,0.595947637,0,0.404052363
8.26,-1.58,67.294094,0.595947637,0,0.404052363
9.44,-1.58,67.294094,0.595947637,0,0.404052363
10.62,-1.58,67.294094,0.595947637,0,0.404052363
0,-0.400000000000002,67.294094,0.641724434,0,0.358275566
1.18,-0.400000000000002,67.294094,0.641724434,0,0.358275566
2.36,-0.400000000000002,67.294094,0.641724434,0,0.358275566
3.54,-0.400000000000002,67.294094,0.641724434,0,0.358275566
4.72,-0.400000000000002,67.294094,0.641724434,0,0.358275566
5.9,-0.400000000000002,67.294094,0.641724434,0,0.358275566
7.08,-0.400000000000002,67.294094,0.641724434,0,0.358275566
8.26,-0.400000000000002,67.294094,0.641724434,0,0.358275566
9.44,-0.400000000000002,67.294094,0.641724434,0,0.358275566
10.62,-0.400000000000002,67.294094,0.641724434,0,0.358275566
0,0.779999999999998,67.294094,0.623036166,0,0.376963834
1.18,0.779999999999998,67.294094,0.623036166,0,0.376963834
2.36,0.779999999999998,67.294094,0.623036166,0,0.376963834
3.54,0.779999999999998,67.294094,0.623036166,0,0.376963834
4.72,0.779999999999998,67.294094,0.623036166,0,0.376963834
5.9,0.779999999999998,67.294094,0.623036166,0,0.376963834
7.08,0.779999999999998,67.294094,0.623036166,0,0.376963834
8.26,0.779999999999998,67.294094,0.623036166,0,0.376963834
9.44,0.779999999999998,67.294094,0.623036166,0,0.376963834
10.62,0.779999999999998,67.294094,0.623036166,0,0.376963834
0,1.96,67.294094,0.595947637,0,0.404052363
1.18,1.96,67.294094,0.595947637,0,0.404052363
2.36,1.96,67.294094,0.595947637,0,0.404052363
3.54,1.96,67.294094,0.595947637,0,0.404052363
4.72,1.96,67.294094,0.595947637,0,0.404052363
5.9,1.96,67.294094,0.595947637,0,0.404052363
7.08,1.96,67.294094,0.595947637,0,0.404052363
8.26,1.96,67.294094,0.595947637,0,0.404052363
9.44,1.96,67.294094,0.595947637,0,0.404052363
10.62,1.96,67.294094,0.595947637,0,0.404052363
0,3.14,67.294094,0.568859108,0,0.431140892
1.18,3.14,67.294094,0.568859108,0,0.431140892
2.36,3.14,67.294094,0.568859108,0,0.431140892
3.54,3.14,67.294094,0.568859108,0,0.431140892
4.72,3.14,67.294094,0.568859108,0,0.431140892
5.9,3.14,67.294094,0.568859108,0,0.431140892
7.08,3.14,67.294094,0.568859108,0,0.431140892
8.26,3.14,67.294094,0.568859108,0,0.431140892
9.44,3.14,67.294094,0.568859108,0,0.431140892
10.62,3.14,67.294094,0.568859108,0,0.431140892
0,4.32,67.294094,0.541770579,0,0.458229421
1.18,4.32,67.294094,0.541770579,0,0.458229421
2.36,4.32,67.294094,0.541770579,0,0.458229421
3.54,4.32,67.294094,0.541770579,0,0.458229421
4.72,4.32,67.294094,0.541770579,0,0.458229421
5.9,4.32,67.294094,0.541770579,0,0.458229421
7.08,4.32,67.294094,0.541770579,0,0.458229421
8.26,4.32,67.294094,0.541770579,0,0.458229421
9.44,4.32,67.294094,0.541770579,0,0.458229421
10.62,4.32,67.294094,0.541770579,0,0.458229421
0,5.5,67.294094,0,1,0
1.18,5.5,67.294094,0,1,0
2.36,5.5,67.294094,0,1,0
3.54,5.5,67.294094,0,1,0
4.72,5.5,67.294094,0,1,0
5.9,5.5,67.294094,0,1,0
7.08,5.5,67.294094,0,1,0
8.26,5.5,67.294094,0,1,0
9.44,5.5,67.294094,0,1,0
10.62,5.5,67.294094,0,1,0
0,-5.12,67.914094,0,1,0
1.18,-5.12,67.914094,0,1,0
2.36,-5.12,67.914094,0,1,0
3.54,-5.12,67.914094,0,1,0
4.72,-5.12,67.914094,0,1,0
5.9,-5.12,67.914094,0,1,0
7.08,-5.12,67.914094,0,1,0
8.26,-5.12,67.914094,0,1,0
9.44,-5.12,67.914094,0,1,0
10.62,-5.12,67.914094,0,1,0
0,-3.94,67.914094,0.537453613,0,0.462546387
1.18,-3.94,67.914094,0.537453613,0,0.462546387
2.36,-3.94,67.914094,0.537453613,0,0.462546387
3.54,-3.94,67.914094,0.537453613,0,0.462546387
4.72,-3.94,67.914094,0.537453613,0,0.462546387
5.9,-3.94,67.914094,0.537453613,0,0.462546387
7.08,-3.94,67.914094,0.537453613,0,0.462546387
8.26,-3.94,67.914094,0.537453613,0,0.462546387
9.44,-3.94,67.914094,0.537453613,0,0.462546387
10.62,-3.94,67.914094,0.537453613,0,0.462546387
0,-2.76,67.914094,0.564326294,0,0.435673706
1.18,-2.76,67.914094,0.564326294,0,0.435673706
2.36,-2.76,67.914094,0.564326294,0,0.435673706
3.54,-2.76,67.914094,0.564326294,0,0.435673706
4.72,-2.76,67.914094,0.564326294,0,0.435673706
5.9,-2.76,67.914094,0.564326294,0,0.435673706
7.08,-2.76,67.914094,0.564326294,0,0.435673706
8.26,-2.76,67.914094,0.564326294,0,0.435673706
9.44,-2.76,67.914094,0.564326294,0,0.435673706
10.62,-2.76,67.914094,0.564326294,0,0.435673706
0,-1.58,67.914094,0.591198975,0,0.408801025
1.18,-1.58,67.914094,0.591198975,0,0.408801025
2.36,-1.58,67.914094,0.591198975,0,0.408801025
3.54,-1.58,67.914094,0.591198975,0,0.408801025
4.72,-1.58,67.914094,0.591198975,0,0.408801025
5.9,-1.58,67.914094,0.591198975,0,0.408801025
7.08,-1.58,67.914094,0.591198975,0,0.408801025
8.26,-1.58,67.914094,0.591198975,0,0.408801025
9.44,-1.58,67.914094,0.591198975,0,0.408801025
10.62,-1.58,67.914094,0.591198975,0,0.408801025
0,-0.400000000000002,67.914094,0.63661101,0,0.36338899
1.18,-0.400000000000002,67.914094,0.63661101,0,0.36338899
2.36,-0.400000000000002,67.914094,0.63661101,0,0.36338899
3.54,-0.400000000000002,67.914094,0.63661101,0,0.36338899
4.72,-0.400000000000002,67.914094,0.63661101,0,0.36338899
5.9,-0.400000000000002,67.914094,0.63661101,0,0.36338899
7.08,-0.400000000000002,67.914094,0.63661101,0,0.36338899
8.26,-0.400000000000002,67.914094,0.63661101,0,0.36338899
9.44,-0.400000000000002,67.914094,0.63661101,0,0.36338899
10.62,-0.400000000000002,67.914094,0.63661101,0,0.36338899
0,0.779999999999998,67.914094,0.618071655,0,0.381928345
1.18,0.779999999999998,67.914094,0.618071655,0,0.381928345
2.36,0.779999999999998,67.914094,0.618071655,0,0.381928345
3.54,0.779999999999998,67.914094,0.618071655,0,0.381928345
4.72,0.779999999999998,67.914094,0.618071655,0,0.381928345
5.9,0.779999999999998,67.914094,0.618071655,0,0.381928345
7.08,0.779999999999998,67.914094,0.618071655,0,0.381928345
8.26,0.779999999999998,67.914094,0.618071655,0,0.381928345
9.44,0.779999999999998,67.914094,0.618071655,0,0.381928345
10.62,0.779999999999998,67.914094,0.618071655,0,0.381928345
0,1.96,67.914094,0.591198975,0,0.408801025
1.18,1.96,67.914094,0.591198975,0,0.408801025
2.36,1.96,67.914094,0.591198975,0,0.408801025
3.54,1.96,67.914094,0.591198975,0,0.408801025
4.72,1.96,67.914094,0.591198975,0,0.408801025
5.9,1.96,67.914094,0.591198975,0,0.408801025
7.08,1.96,67.914094,0.591198975,0,0.408801025
8.26,1.96,67.914094,0.591198975,0,0.408801025
9.44,1.96,67.914094,0.591198975,0,0.408801025
10.62,1.96,67.914094,0.591198975,0,0.408801025
0,3.14,67.914094,0.564326294,0,0.435673706
1.18,3.14,67.914094,0.564326294,0,0.435673706
2.36,3.14,67.914094,0.564326294,0,0.435673706
3.54,3.14,67.914094,0.564326294,0,0.435673706
4.72,3.14,67.914094,0.564326294,0,0.435673706
5.9,3.14,67.914094,0.564326294,0,0.435673706
7.08,3.14,67.914094,0.564326294,0,0.435673706
8.26,3.14,67.914094,0.564326294,0,0.435673706
9.44,3.14,67.914094,0.564326294,0,0.435673706
10.62,3.14,67.914094,0.564326294,0,0.435673706
0,4.32,67.914094,0.537453613,0,0.462546387
1.18,4.32,67.914094,0.537453613,0,0.462546387
2.36,4.32,67.914094,0.537453613,0,0.462546387
3.54,4.32,67.914094,0.537453613,0,0.462546387
4.72,4.32,67.914094,0.537453613,0,0.462546387
5.9,4.32,67.914094,0.537453613,0,0.462546387
7.08,4.32,67.914094,0.537453613,0,0.462546387
8.26,4.32,67.914094,0.537453613,0,0.462546387
9.44,4.32,67.914094,0.537453613,0,0.462546387
10.62,4.32,67.914094,0.537453613,0,0.462546387
0,5.5,67.914094,0,1,0
1.18,5.5,67.914094,0,1,0
2.36,5.5,67.914094,0,1,0
3.54,5.5,67.914094,0,1,0
4.72,5.5,67.914094,0,1,0
5.9,5.5,67.914094,0,1,0
7.08,5.5,67.914094,0,1,0
8.26,5.5,67.914094,0,1,0
9.44,5.5,67.914094,0,1,0
10.62,5.5,67.914094,0,1,0
0,-5.12,68.534094,0,1,0
1.18,-5.12,68.534094,0,1,0
2.36,-5.12,68.534094,0,1,0
3.54,-5.12,68.534094,0,1,0
4.72,-5.12,68.534094,0,1,0
5.9,-5.12,68.534094,0,1,0
7.08,-5.12,68.534094,0,1,0
8.26,-5.12,68.534094,0,1,0
9.44,-5.12,68.534094,0,1,0
10.62,-5.12,68.534094,0,1,0
0,-3.94,68.534094,0.528713948,0,0.471286052
1.18,-3.94,68.534094,0.528713948,0,0.471286052
2.36,-3.94,68.534094,0.528713948,0,0.471286052
3.54,-3.94,68.534094,0.528713948,0,0.471286052
4.72,-3.94,68.534094,0.528713948,0,0.471286052
5.9,-3.94,68.534094,0.528713948,0,0.471286052
7.08,-3.94,68.534094,0.528713948,0,0.471286052
8.26,-3.94,68.534094,0.528713948,0,0.471286052
9.44,-3.94,68.534094,0.528713948,0,0.471286052
10.62,-3.94,68.534094,0.528713948,0,0.471286052
0,-2.76,68.534094,0.555149645,0,0.444850355
1.18,-2.76,68.534094,0.555149645,0,0.444850355
2.36,-2.76,68.534094,0.555149645,0,0.444850355
3.54,-2.76,68.534094,0.555149645,0,0.444850355
4.72,-2.76,68.534094,0.555149645,0,0.444850355
5.9,-2.76,68.534094,0.555149645,0,0.444850355
7.08,-2.76,68.534094,0.555149645,0,0.444850355
8.26,-2.76,68.534094,0.555149645,0,0.444850355
9.44,-2.76,68.534094,0.555149645,0,0.444850355
10.62,-2.76,68.534094,0.555149645,0,0.444850355
0,-1.58,68.534094,0.581585343,0,0.418414657
1.18,-1.58,68.534094,0.581585343,0,0.418414657
2.36,-1.58,68.534094,0.581585343,0,0.418414657
3.54,-1.58,68.534094,0.581585343,0,0.418414657
4.72,-1.58,68.534094,0.581585343,0,0.418414657
5.9,-1.58,68.534094,0.581585343,0,0.418414657
7.08,-1.58,68.534094,0.581585343,0,0.418414657
8.26,-1.58,68.534094,0.581585343,0,0.418414657
9.44,-1.58,68.534094,0.581585343,0,0.418414657
10.62,-1.58,68.534094,0.581585343,0,0.418414657
0,-0.400000000000002,68.534094,0.626258922,0,0.373741078
1.18,-0.400000000000002,68.534094,0.626258922,0,0.373741078
2.36,-0.400000000000002,68.534094,0.626258922,0,0.373741078
3.54,-0.400000000000002,68.534094,0.626258922,0,0.373741078
4.72,-0.400000000000002,68.534094,0.626258922,0,0.373741078
5.9,-0.400000000000002,68.534094,0.626258922,0,0.373741078
7.08,-0.400000000000002,68.534094,0.626258922,0,0.373741078
8.26,-0.400000000000002,68.534094,0.626258922,0,0.373741078
9.44,-0.400000000000002,68.534094,0.626258922,0,0.373741078
10.62,-0.400000000000002,68.534094,0.626258922,0,0.373741078
0,0.779999999999998,68.534094,0.60802104,0,0.39197896
1.18,0.779999999999998,68.534094,0.60802104,0,0.39197896
2.36,0.779999999999998,68.534094,0.60802104,0,0.39197896
3.54,0.779999999999998,68.534094,0.60802104,0,0.39197896
4.72,0.779999999999998,68.534094,0.60802104,0,0.39197896
5.9,0.779999999999998,68.534094,0.60802104,0,0.39197896
7.08,0.779999999999998,68.534094,0.60802104,0,0.39197896
8.26,0.779999999999998,68.534094,0.60802104,0,0.39197896
9.44,0.779999999999998,68.534094,0.60802104,0,0.39197896
10.62,0.779999999999998,68.534094,0.60802104,0,0.39197896
0,1.96,68.534094,0.581585343,0,0.418414657
1.18,1.96,68.534094,0.581585343,0,0.418414657
2.36,1.96,68.534094,0.581585343,0,0.418414657
3.54,1.96,68.534094,0.581585343,0,0.418414657
4.72,1.96,68.534094,0.581585343,0,0.418414657
5.9,1.96,68.534094,0.581585343,0,0.418414657
7.08,1.96,68.534094,0.581585343,0,0.418414657
8.26,1.96,68.534094,0.581585343,0,0.418414657
9.44,1.96,68.534094,0.581585343,0,0.418414657
10.62,1.96,68.534094,0.581585343,0,0.418414657
0,3.14,68.534094,0.555149645,0,0.444850355
1.18,3.14,68.534094,0.555149645,0,0.444850355
2.36,3.14,68.534094,0.555149645,0,0.444850355
3.54,3.14,68.534094,0.555149645,0,0.444850355
4.72,3.14,68.534094,0.555149645,0,0.444850355
5.9,3.14,68.534094,0.555149645,0,0.444850355
7.08,3.14,68.534094,0.555149645,0,0.444850355
8.26,3.14,68.534094,0.555149645,0,0.444850355
9.44,3.14,68.534094,0.555149645,0,0.444850355
10.62,3.14,68.534094,0.555149645,0,0.444850355
0,4.32,68.534094,0.528713948,0,0.471286052
1.18,4.32,68.534094,0.528713948,0,0.471286052
2.36,4.32,68.534094,0.528713948,0,0.471286052
3.54,4.32,68.534094,0.528713948,0,0.471286052
4.72,4.32,68.534094,0.528713948,0,0.471286052
5.9,4.32,68.534094,0.528713948,0,0.471286052
7.08,4.32,68.534094,0.528713948,0,0.471286052
8.26,4.32,68.534094,0.528713948,0,0.471286052
9.44,4.32,68.534094,0.528713948,0,0.471286052
10.62,4.32,68.534094,0.528713948,0,0.471286052
0,5.5,68.534094,0,1,0
1.18,5.5,68.534094,0,1,0
2.36,5.5,68.534094,0,1,0
3.54,5.5,68.534094,0,1,0
4.72,5.5,68.534094,0,1,0
5.9,5.5,68.534094,0,1,0
7.08,5.5,68.534094,0,1,0
8.26,5.5,68.534094,0,1,0
9.44,5.5,68.534094,0,1,0
10.62,5.5,68.534094,0,1,0
0,-5.12,69.154094,0,1,0
1.18,-5.12,69.154094,0,1,0
2.36,-5.12,69.154094,0,1,0
3.54,-5.12,69.154094,0,1,0
4.72,-5.12,69.154094,0,1,0
5.9,-5.12,69.154094,0,1,0
7.08,-5.12,69.154094,0,1,0
8.26,-5.12,69.154094,0,1,0
9.44,-5.12,69.154094,0,1,0
10.62,-5.12,69.154094,0,1,0
0,-3.94,69.154094,0.524289486,0,0.475710514
1.18,-3.94,69.154094,0.524289486,0,0.475710514
2.36,-3.94,69.154094,0.524289486,0,0.475710514
3.54,-3.94,69.154094,0.524289486,0,0.475710514
4.72,-3.94,69.154094,0.524289486,0,0.475710514
5.9,-3.94,69.154094,0.524289486,0,0.475710514
7.08,-3.94,69.154094,0.524289486,0,0.475710514
8.26,-3.94,69.154094,0.524289486,0,0.475710514
9.44,-3.94,69.154094,0.524289486,0,0.475710514
10.62,-3.94,69.154094,0.524289486,0,0.475710514
0,-2.76,69.154094,0.55050396,0,0.44949604
1.18,-2.76,69.154094,0.55050396,0,0.44949604
2.36,-2.76,69.154094,0.55050396,0,0.44949604
3.54,-2.76,69.154094,0.55050396,0,0.44949604
4.72,-2.76,69.154094,0.55050396,0,0.44949604
5.9,-2.76,69.154094,0.55050396,0,0.44949604
7.08,-2.76,69.154094,0.55050396,0,0.44949604
8.26,-2.76,69.154094,0.55050396,0,0.44949604
9.44,-2.76,69.154094,0.55050396,0,0.44949604
10.62,-2.76,69.154094,0.55050396,0,0.44949604
0,-1.58,69.154094,0.576718434,0,0.423281566
1.18,-1.58,69.154094,0.576718434,0,0.423281566
2.36,-1.58,69.154094,0.576718434,0,0.423281566
3.54,-1.58,69.154094,0.576718434,0,0.423281566
4.72,-1.58,69.154094,0.576718434,0,0.423281566
5.9,-1.58,69.154094,0.576718434,0,0.423281566
7.08,-1.58,69.154094,0.576718434,0,0.423281566
8.26,-1.58,69.154094,0.576718434,0,0.423281566
9.44,-1.58,69.154094,0.576718434,0,0.423281566
10.62,-1.58,69.154094,0.576718434,0,0.423281566
0,-0.400000000000002,69.154094,0.621018169,0,0.378981831
1.18,-0.400000000000002,69.154094,0.621018169,0,0.378981831
2.36,-0.400000000000002,69.154094,0.621018169,0,0.378981831
3.54,-0.400000000000002,69.154094,0.621018169,0,0.378981831
4.72,-0.400000000000002,69.154094,0.621018169,0,0.378981831
5.9,-0.400000000000002,69.154094,0.621018169,0,0.378981831
7.08,-0.400000000000002,69.154094,0.621018169,0,0.378981831
8.26,-0.400000000000002,69.154094,0.621018169,0,0.378981831
9.44,-0.400000000000002,69.154094,0.621018169,0,0.378981831
10.62,-0.400000000000002,69.154094,0.621018169,0,0.378981831
0,0.779999999999998,69.154094,0.602932908,0,0.397067092
1.18,0.779999999999998,69.154094,0.602932908,0,0.397067092
2.36,0.779999999999998,69.154094,0.602932908,0,0.397067092
3.54,0.779999999999998,69.154094,0.602932908,0,0.397067092
4.72,0.779999999999998,69.154094,0.602932908,0,0.397067092
5.9,0.779999999999998,69.154094,0.602932908,0,0.397067092
7.08,0.779999999999998,69.154094,0.602932908,0,0.397067092
8.26,0.779999999999998,69.154094,0.602932908,0,0.397067092
9.44,0.779999999999998,69.154094,0.602932908,0,0.397067092
10.62,0.779999999999998,69.154094,0.602932908,0,0.397067092
0,1.96,69.154094,0.576718434,0,0.423281566
1.18,1.96,69.154094,0.576718434,0,0.423281566
2.36,1.96,69.154094,0.576718434,0,0.423281566
3.54,1.96,69.154094,0.576718434,0,0.423281566
4.72,1.96,69.154094,0.576718434,0,0.423281566
5.9,1.96,69.154094,0.576718434,0,0.423281566
7.08,1.96,69.154094,0.576718434,0,0.423281566
8.26,1.96,69.154094,0.576718434,0,0.423281566
9.44,1.96,69.154094,0.576718434,0,0.423281566
10.62,1.96,69.154094,0.576718434,0,0.423281566
0,3.14,69.154094,0.55050396,0,0.44949604
1.18,3.14,69.154094,0.55050396,0,0.44949604
2.36,3.14,69.154094,0.55050396,0,0.44949604
3.54,3.14,69.154094,0.55050396,0,0.44949604
4.72,3.14,69.154094,0.55050396,0,0.44949604
5.9,3.14,69.154094,0.55050396,0,0.44949604
7.08,3.14,69.154094,0.55050396,0,0.44949604
8.26,3.14,69.154094,0.55050396,0,0.44949604
9.44,3.14,69.154094,0.55050396,0,0.44949604
10.62,3.14,69.154094,0.55050396,0,0.44949604
0,4.32,69.154094,0.524289486,0,0.475710514
1.18,4.32,69.154094,0.524289486,0,0.475710514
2.36,4.32,69.154094,0.524289486,0,0.475710514
3.54,4.32,69.154094,0.524289486,0,0.475710514
4.72,4.32,69.154094,0.524289486,0,0.475710514
5.9,4.32,69.154094,0.524289486,0,0.475710514
7.08,4.32,69.154094,0.524289486,0,0.475710514
8.26,4.32,69.154094,0.524289486,0,0.475710514
9.44,4.32,69.154094,0.524289486,0,0.475710514
10.62,4.32,69.154094,0.524289486,0,0.475710514
0,5.5,69.154094,0,1,0
1.18,5.5,69.154094,0,1,0
2.36,5.5,69.154094,0,1,0
3.54,5.5,69.154094,0,1,0
4.72,5.5,69.154094,0,1,0
5.9,5.5,69.154094,0,1,0
7.08,5.5,69.154094,0,1,0
8.26,5.5,69.154094,0,1,0
9.44,5.5,69.154094,0,1,0
10.62,5.5,69.154094,0,1,0
0,-5.12,69.774094,0,1,0
1.18,-5.12,69.774094,0,1,0
2.36,-5.12,69.774094,0,1,0
3.54,-5.12,69.774094,0,1,0
4.72,-5.12,69.774094,0,1,0
5.9,-5.12,69.774094,0,1,0
7.08,-5.12,69.774094,0,1,0
8.26,-5.12,69.774094,0,1,0
9.44,-5.12,69.774094,0,1,0
10.62,-5.12,69.774094,0,1,0
0,-3.94,69.774094,0.519827366,0,0.480172634
1.18,-3.94,69.774094,0.519827366,0,0.480172634
2.36,-3.94,69.774094,0.519827366,0,0.480172634
3.54,-3.94,69.774094,0.519827366,0,0.480172634
4.72,-3.94,69.774094,0.519827366,0,0.480172634
5.9,-3.94,69.774094,0.519827366,0,0.480172634
7.08,-3.94,69.774094,0.519827366,0,0.480172634
8.26,-3.94,69.774094,0.519827366,0,0.480172634
9.44,-3.94,69.774094,0.519827366,0,0.480172634
10.62,-3.94,69.774094,0.519827366,0,0.480172634
0,-2.76,69.774094,0.545818735,0,0.454181265
1.18,-2.76,69.774094,0.545818735,0,0.454181265
2.36,-2.76,69.774094,0.545818735,0,0.454181265
3.54,-2.76,69.774094,0.545818735,0,0.454181265
4.72,-2.76,69.774094,0.545818735,0,0.454181265
5.9,-2.76,69.774094,0.545818735,0,0.454181265
7.08,-2.76,69.774094,0.545818735,0,0.454181265
8.26,-2.76,69.774094,0.545818735,0,0.454181265
9.44,-2.76,69.774094,0.545818735,0,0.454181265
10.62,-2.76,69.774094,0.545818735,0,0.454181265
0,-1.58,69.774094,0.571810103,0,0.428189897
1.18,-1.58,69.774094,0.571810103,0,0.428189897
2.36,-1.58,69.774094,0.571810103,0,0.428189897
3.54,-1.58,69.774094,0.571810103,0,0.428189897
4.72,-1.58,69.774094,0.571810103,0,0.428189897
5.9,-1.58,69.774094,0.571810103,0,0.428189897
7.08,-1.58,69.774094,0.571810103,0,0.428189897
8.26,-1.58,69.774094,0.571810103,0,0.428189897
9.44,-1.58,69.774094,0.571810103,0,0.428189897
10.62,-1.58,69.774094,0.571810103,0,0.428189897
0,-0.400000000000002,69.774094,0.615732812,0,0.384267188
1.18,-0.400000000000002,69.774094,0.615732812,0,0.384267188
2.36,-0.400000000000002,69.774094,0.615732812,0,0.384267188
3.54,-0.400000000000002,69.774094,0.615732812,0,0.384267188
4.72,-0.400000000000002,69.774094,0.615732812,0,0.384267188
5.9,-0.400000000000002,69.774094,0.615732812,0,0.384267188
7.08,-0.400000000000002,69.774094,0.615732812,0,0.384267188
8.26,-0.400000000000002,69.774094,0.615732812,0,0.384267188
9.44,-0.400000000000002,69.774094,0.615732812,0,0.384267188
10.62,-0.400000000000002,69.774094,0.615732812,0,0.384267188
0,0.779999999999998,69.774094,0.597801471,0,0.402198529
1.18,0.779999999999998,69.774094,0.597801471,0,0.402198529
2.36,0.779999999999998,69.774094,0.597801471,0,0.402198529
3.54,0.779999999999998,69.774094,0.597801471,0,0.402198529
4.72,0.779999999999998,69.774094,0.597801471,0,0.402198529
5.9,0.779999999999998,69.774094,0.597801471,0,0.402198529
7.08,0.779999999999998,69.774094,0.597801471,0,0.402198529
8.26,0.779999999999998,69.774094,0.597801471,0,0.402198529
9.44,0.779999999999998,69.774094,0.597801471,0,0.402198529
10.62,0.779999999999998,69.774094,0.597801471,0,0.402198529
0,1.96,69.774094,0.571810103,0,0.428189897
1.18,1.96,69.774094,0.571810103,0,0.428189897
2.36,1.96,69.774094,0.571810103,0,0.428189897
3.54,1.96,69.774094,0.571810103,0,0.428189897
4.72,1.96,69.774094,0.571810103,0,0.428189897
5.9,1.96,69.774094,0.571810103,0,0.428189897
7.08,1.96,69.774094,0.571810103,0,0.428189897
8.26,1.96,69.774094,0.571810103,0,0.428189897
9.44,1.96,69.774094,0.571810103,0,0.428189897
10.62,1.96,69.774094,0.571810103,0,0.428189897
0,3.14,69.774094,0.545818735,0,0.454181265
1.18,3.14,69.774094,0.545818735,0,0.454181265
2.36,3.14,69.774094,0.545818735,0,0.454181265
3.54,3.14,69.774094,0.545818735,0,0.454181265
4.72,3.14,69.774094,0.545818735,0,0.454181265
5.9,3.14,69.774094,0.545818735,0,0.454181265
7.08,3.14,69.774094,0.545818735,0,0.454181265
8.26,3.14,69.774094,0.545818735,0,0.454181265
9.44,3.14,69.774094,0.545818735,0,0.454181265
10.62,3.14,69.774094,0.545818735,0,0.454181265
0,4.32,69.774094,0.519827366,0,0.480172634
1.18,4.32,69.774094,0.519827366,0,0.480172634
2.36,4.32,69.774094,0.519827366,0,0.480172634
3.54,4.32,69.774094,0.519827366,0,0.480172634
4.72,4.32,69.774094,0.519827366,0,0.480172634
5.9,4.32,69.774094,0.519827366,0,0.480172634
7.08,4.32,69.774094,0.519827366,0,0.480172634
8.26,4.32,69.774094,0.519827366,0,0.480172634
9.44,4.32,69.774094,0.519827366,0,0.480172634
10.62,4.32,69.774094,0.519827366,0,0.480172634
0,5.5,69.774094,0,1,0
1.18,5.5,69.774094,0,1,0
2.36,5.5,69.774094,0,1,0
3.54,5.5,69.774094,0,1,0
4.72,5.5,69.774094,0,1,0
5.9,5.5,69.774094,0,1,0
7.08,5.5,69.774094,0,1,0
8.26,5.5,69.774094,0,1,0
9.44,5.5,69.774094,0,1,0
10.62,5.5,69.774094,0,1,0
0,-5.12,70.394094,0,1,0
1.18,-5.12,70.394094,0,1,0
2.36,-5.12,70.394094,0,1,0
3.54,-5.12,70.394094,0,1,0
4.72,-5.12,70.394094,0,1,0
5.9,-5.12,70.394094,0,1,0
7.08,-5.12,70.394094,0,1,0
8.26,-5.12,70.394094,0,1,0
9.44,-5.12,70.394094,0,1,0
10.62,-5.12,70.394094,0,1,0
0,-3.94,70.394094,0.515326612,0,0.484673388
1.18,-3.94,70.394094,0.515326612,0,0.484673388
2.36,-3.94,70.394094,0.515326612,0,0.484673388
3.54,-3.94,70.394094,0.515326612,0,0.484673388
4.72,-3.94,70.394094,0.515326612,0,0.484673388
5.9,-3.94,70.394094,0.515326612,0,0.484673388
7.08,-3.94,70.394094,0.515326612,0,0.484673388
8.26,-3.94,70.394094,0.515326612,0,0.484673388
9.44,-3.94,70.394094,0.515326612,0,0.484673388
10.62,-3.94,70.394094,0.515326612,0,0.484673388
0,-2.76,70.394094,0.541092942,0,0.458907058
1.18,-2.76,70.394094,0.541092942,0,0.458907058
2.36,-2.76,70.394094,0.541092942,0,0.458907058
3.54,-2.76,70.394094,0.541092942,0,0.458907058
4.72,-2.76,70.394094,0.541092942,0,0.458907058
5.9,-2.76,70.394094,0.541092942,0,0.458907058
7.08,-2.76,70.394094,0.541092942,0,0.458907058
8.26,-2.76,70.394094,0.541092942,0,0.458907058
9.44,-2.76,70.394094,0.541092942,0,0.458907058
10.62,-2.76,70.394094,0.541092942,0,0.458907058
0,-1.58,70.394094,0.566859273,0,0.433140727
1.18,-1.58,70.394094,0.566859273,0,0.433140727
2.36,-1.58,70.394094,0.566859273,0,0.433140727
3.54,-1.58,70.394094,0.566859273,0,0.433140727
4.72,-1.58,70.394094,0.566859273,0,0.433140727
5.9,-1.58,70.394094,0.566859273,0,0.433140727
7.08,-1.58,70.394094,0.566859273,0,0.433140727
8.26,-1.58,70.394094,0.566859273,0,0.433140727
9.44,-1.58,70.394094,0.566859273,0,0.433140727
10.62,-1.58,70.394094,0.566859273,0,0.433140727
0,-0.400000000000002,70.394094,0.610401692,0,0.389598308
1.18,-0.400000000000002,70.394094,0.610401692,0,0.389598308
2.36,-0.400000000000002,70.394094,0.610401692,0,0.389598308
3.54,-0.400000000000002,70.394094,0.610401692,0,0.389598308
4.72,-0.400000000000002,70.394094,0.610401692,0,0.389598308
5.9,-0.400000000000002,70.394094,0.610401692,0,0.389598308
7.08,-0.400000000000002,70.394094,0.610401692,0,0.389598308
8.26,-0.400000000000002,70.394094,0.610401692,0,0.389598308
9.44,-0.400000000000002,70.394094,0.610401692,0,0.389598308
10.62,-0.400000000000002,70.394094,0.610401692,0,0.389598308
0,0.779999999999998,70.394094,0.592625603,0,0.407374397
1.18,0.779999999999998,70.394094,0.592625603,0,0.407374397
2.36,0.779999999999998,70.394094,0.592625603,0,0.407374397
3.54,0.779999999999998,70.394094,0.592625603,0,0.407374397
4.72,0.779999999999998,70.394094,0.592625603,0,0.407374397
5.9,0.779999999999998,70.394094,0.592625603,0,0.407374397
7.08,0.779999999999998,70.394094,0.592625603,0,0.407374397
8.26,0.779999999999998,70.394094,0.592625603,0,0.407374397
9.44,0.779999999999998,70.394094,0.592625603,0,0.407374397
10.62,0.779999999999998,70.394094,0.592625603,0,0.407374397
0,1.96,70.394094,0.566859273,0,0.433140727
1.18,1.96,70.394094,0.566859273,0,0.433140727
2.36,1.96,70.394094,0.566859273,0,0.433140727
3.54,1.96,70.394094,0.566859273,0,0.433140727
4.72,1.96,70.394094,0.566859273,0,0.433140727
5.9,1.96,70.394094,0.566859273,0,0.433140727
7.08,1.96,70.394094,0.566859273,0,0.433140727
8.26,1.96,70.394094,0.566859273,0,0.433140727
9.44,1.96,70.394094,0.566859273,0,0.433140727
10.62,1.96,70.394094,0.566859273,0,0.433140727
0,3.14,70.394094,0.541092942,0,0.458907058
1.18,3.14,70.394094,0.541092942,0,0.458907058
2.36,3.14,70.394094,0.541092942,0,0.458907058
3.54,3.14,70.394094,0.541092942,0,0.458907058
4.72,3.14,70.394094,0.541092942,0,0.458907058
5.9,3.14,70.394094,0.541092942,0,0.458907058
7.08,3.14,70.394094,0.541092942,0,0.458907058
8.26,3.14,70.394094,0.541092942,0,0.458907058
9.44,3.14,70.394094,0.541092942,0,0.458907058
10.62,3.14,70.394094,0.541092942,0,0.458907058
0,4.32,70.394094,0.515326612,0,0.484673388
1.18,4.32,70.394094,0.515326612,0,0.484673388
2.36,4.32,70.394094,0.515326612,0,0.484673388
3.54,4.32,70.394094,0.515326612,0,0.484673388
4.72,4.32,70.394094,0.515326612,0,0.484673388
5.9,4.32,70.394094,0.515326612,0,0.484673388
7.08,4.32,70.394094,0.515326612,0,0.484673388
8.26,4.32,70.394094,0.515326612,0,0.484673388
9.44,4.32,70.394094,0.515326612,0,0.484673388
10.62,4.32,70.394094,0.515326612,0,0.484673388
0,5.5,70.394094,0,1,0
1.18,5.5,70.394094,0,1,0
2.36,5.5,70.394094,0,1,0
3.54,5.5,70.394094,0,1,0
4.72,5.5,70.394094,0,1,0
5.9,5.5,70.394094,0,1,0
7.08,5.5,70.394094,0,1,0
8.26,5.5,70.394094,0,1,0
9.44,5.5,70.394094,0,1,0
10.62,5.5,70.394094,0,1,0
0,-3.94,71.014094,0,1,0
1.18,-3.94,71.014094,0,1,0
2.36,-3.94,71.014094,0,1,0
3.54,-3.94,71.014094,0,1,0
4.72,-3.94,71.014094,0,1,0
5.9,-3.94,71.014094,0,1,0
7.08,-3.94,71.014094,0,1,0
8.26,-3.94,71.014094,0,1,0
9.44,-3.94,71.014094,0,1,0
10.62,-3.94,71.014094,0,1,0
0,-2.76,71.014094,0.536325511,0,0.463674489
1.18,-2.76,71.014094,0.536325511,0,0.463674489
2.36,-2.76,71.014094,0.536325511,0,0.463674489
3.54,-2.76,71.014094,0.536325511,0,0.463674489
4.72,-2.76,71.014094,0.536325511,0,0.463674489
5.9,-2.76,71.014094,0.536325511,0,0.463674489
7.08,-2.76,71.014094,0.536325511,0,0.463674489
8.26,-2.76,71.014094,0.536325511,0,0.463674489
9.44,-2.76,71.014094,0.536325511,0,0.463674489
10.62,-2.76,71.014094,0.536325511,0,0.463674489
0,-1.58,71.014094,0.561864821,0,0.438135179
1.18,-1.58,71.014094,0.561864821,0,0.438135179
2.36,-1.58,71.014094,0.561864821,0,0.438135179
3.54,-1.58,71.014094,0.561864821,0,0.438135179
4.72,-1.58,71.014094,0.561864821,0,0.438135179
5.9,-1.58,71.014094,0.561864821,0,0.438135179
7.08,-1.58,71.014094,0.561864821,0,0.438135179
8.26,-1.58,71.014094,0.561864821,0,0.438135179
9.44,-1.58,71.014094,0.561864821,0,0.438135179
10.62,-1.58,71.014094,0.561864821,0,0.438135179
0,-0.400000000000002,71.014094,0.605023599,0,0.394976401
1.18,-0.400000000000002,71.014094,0.605023599,0,0.394976401
2.36,-0.400000000000002,71.014094,0.605023599,0,0.394976401
3.54,-0.400000000000002,71.014094,0.605023599,0,0.394976401
4.72,-0.400000000000002,71.014094,0.605023599,0,0.394976401
5.9,-0.400000000000002,71.014094,0.605023599,0,0.394976401
7.08,-0.400000000000002,71.014094,0.605023599,0,0.394976401
8.26,-0.400000000000002,71.014094,0.605023599,0,0.394976401
9.44,-0.400000000000002,71.014094,0.605023599,0,0.394976401
10.62,-0.400000000000002,71.014094,0.605023599,0,0.394976401
0,0.779999999999998,71.014094,0.587404131,0,0.412595869
1.18,0.779999999999998,71.014094,0.587404131,0,0.412595869
2.36,0.779999999999998,71.014094,0.587404131,0,0.412595869
3.54,0.779999999999998,71.014094,0.587404131,0,0.412595869
4.72,0.779999999999998,71.014094,0.587404131,0,0.412595869
5.9,0.779999999999998,71.014094,0.587404131,0,0.412595869
7.08,0.779999999999998,71.014094,0.587404131,0,0.412595869
8.26,0.779999999999998,71.014094,0.587404131,0,0.412595869
9.44,0.779999999999998,71.014094,0.587404131,0,0.412595869
10.62,0.779999999999998,71.014094,0.587404131,0,0.412595869
0,1.96,71.014094,0.561864821,0,0.438135179
1.18,1.96,71.014094,0.561864821,0,0.438135179
2.36,1.96,71.014094,0.561864821,0,0.438135179
3.54,1.96,71.014094,0.561864821,0,0.438135179
4.72,1.96,71.014094,0.561864821,0,0.438135179
5.9,1.96,71.014094,0.561864821,0,0.438135179
7.08,1.96,71.014094,0.561864821,0,0.438135179
8.26,1.96,71.014094,0.561864821,0,0.438135179
9.44,1.96,71.014094,0.561864821,0,0.438135179
10.62,1.96,71.014094,0.561864821,0,0.438135179
0,3.14,71.014094,0.536325511,0,0.463674489
1.18,3.14,71.014094,0.536325511,0,0.463674489
2.36,3.14,71.014094,0.536325511,0,0.463674489
3.54,3.14,71.014094,0.536325511,0,0.463674489
4.72,3.14,71.014094,0.536325511,0,0.463674489
5.9,3.14,71.014094,0.536325511,0,0.463674489
7.08,3.14,71.014094,0.536325511,0,0.463674489
8.26,3.14,71.014094,0.536325511,0,0.463674489
9.44,3.14,71.014094,0.536325511,0,0.463674489
10.62,3.14,71.014094,0.536325511,0,0.463674489
0,4.32,71.014094,0,1,0
1.18,4.32,71.014094,0,1,0
2.36,4.32,71.014094,0,1,0
3.54,4.32,71.014094,0,1,0
4.72,4.32,71.014094,0,1,0
5.9,4.32,71.014094,0,1,0
7.08,4.32,71.014094,0,1,0
8.26,4.32,71.014094,0,1,0
9.44,4.32,71.014094,0,1,0
10.62,4.32,71.014094,0,1,0
0,-3.94,71.634094,0,1,0
1.18,-3.94,71.634094,0,1,0
2.36,-3.94,71.634094,0,1,0
3.54,-3.94,71.634094,0,1,0
4.72,-3.94,71.634094,0,1,0
5.9,-3.94,71.634094,0,1,0
7.08,-3.94,71.634094,0,1,0
8.26,-3.94,71.634094,0,1,0
9.44,-3.94,71.634094,0,1,0
10.62,-3.94,71.634094,0,1,0
0,-2.76,71.634094,0.526661196,0,0.473338804
1.18,-2.76,71.634094,0.526661196,0,0.473338804
2.36,-2.76,71.634094,0.526661196,0,0.473338804
3.54,-2.76,71.634094,0.526661196,0,0.473338804
4.72,-2.76,71.634094,0.526661196,0,0.473338804
5.9,-2.76,71.634094,0.526661196,0,0.473338804
7.08,-2.76,71.634094,0.526661196,0,0.473338804
8.26,-2.76,71.634094,0.526661196,0,0.473338804
9.44,-2.76,71.634094,0.526661196,0,0.473338804
10.62,-2.76,71.634094,0.526661196,0,0.473338804
0,-1.58,71.634094,0.551740301,0,0.448259699
1.18,-1.58,71.634094,0.551740301,0,0.448259699
2.36,-1.58,71.634094,0.551740301,0,0.448259699
3.54,-1.58,71.634094,0.551740301,0,0.448259699
4.72,-1.58,71.634094,0.551740301,0,0.448259699
5.9,-1.58,71.634094,0.551740301,0,0.448259699
7.08,-1.58,71.634094,0.551740301,0,0.448259699
8.26,-1.58,71.634094,0.551740301,0,0.448259699
9.44,-1.58,71.634094,0.551740301,0,0.448259699
10.62,-1.58,71.634094,0.551740301,0,0.448259699
0,-0.400000000000002,71.634094,0.594121379,0,0.405878621
1.18,-0.400000000000002,71.634094,0.594121379,0,0.405878621
2.36,-0.400000000000002,71.634094,0.594121379,0,0.405878621
3.54,-0.400000000000002,71.634094,0.594121379,0,0.405878621
4.72,-0.400000000000002,71.634094,0.594121379,0,0.405878621
5.9,-0.400000000000002,71.634094,0.594121379,0,0.405878621
7.08,-0.400000000000002,71.634094,0.594121379,0,0.405878621
8.26,-0.400000000000002,71.634094,0.594121379,0,0.405878621
9.44,-0.400000000000002,71.634094,0.594121379,0,0.405878621
10.62,-0.400000000000002,71.634094,0.594121379,0,0.405878621
0,0.779999999999998,71.634094,0.576819406,0,0.423180594
1.18,0.779999999999998,71.634094,0.576819406,0,0.423180594
2.36,0.779999999999998,71.634094,0.576819406,0,0.423180594
3.54,0.779999999999998,71.634094,0.576819406,0,0.423180594
4.72,0.779999999999998,71.634094,0.576819406,0,0.423180594
5.9,0.779999999999998,71.634094,0.576819406,0,0.423180594
7.08,0.779999999999998,71.634094,0.576819406,0,0.423180594
8.26,0.779999999999998,71.634094,0.576819406,0,0.423180594
9.44,0.779999999999998,71.634094,0.576819406,0,0.423180594
10.62,0.779999999999998,71.634094,0.576819406,0,0.423180594
0,1.96,71.634094,0.551740301,0,0.448259699
1.18,1.96,71.634094,0.551740301,0,0.448259699
2.36,1.96,71.634094,0.551740301,0,0.448259699
3.54,1.96,71.634094,0.551740301,0,0.448259699
4.72,1.96,71.634094,0.551740301,0,0.448259699
5.9,1.96,71.634094,0.551740301,0,0.448259699
7.08,1.96,71.634094,0.551740301,0,0.448259699
8.26,1.96,71.634094,0.551740301,0,0.448259699
9.44,1.96,71.634094,0.551740301,0,0.448259699
10.62,1.96,71.634094,0.551740301,0,0.448259699
0,3.14,71.634094,0.526661196,0,0.473338804
1.18,3.14,71.634094,0.526661196,0,0.473338804
2.36,3.14,71.634094,0.526661196,0,0.473338804
3.54,3.14,71.634094,0.526661196,0,0.473338804
4.72,3.14,71.634094,0.526661196,0,0.473338804
5.9,3.14,71.634094,0.526661196,0,0.473338804
7.08,3.14,71.634094,0.526661196,0,0.473338804
8.26,3.14,71.634094,0.526661196,0,0.473338804
9.44,3.14,71.634094,0.526661196,0,0.473338804
10.62,3.14,71.634094,0.526661196,0,0.473338804
0,4.32,71.634094,0,1,0
1.18,4.32,71.634094,0,1,0
2.36,4.32,71.634094,0,1,0
3.54,4.32,71.634094,0,1,0
4.72,4.32,71.634094,0,1,0
5.9,4.32,71.634094,0,1,0
7.08,4.32,71.634094,0,1,0
8.26,4.32,71.634094,0,1,0
9.44,4.32,71.634094,0,1,0
10.62,4.32,71.634094,0,1,0
0,-3.94,72.254094,0,1,0
1.18,-3.94,72.254094,0,1,0
2.36,-3.94,72.254094,0,1,0
3.54,-3.94,72.254094,0,1,0
4.72,-3.94,72.254094,0,1,0
5.9,-3.94,72.254094,0,1,0
7.08,-3.94,72.254094,0,1,0
8.26,-3.94,72.254094,0,1,0
9.44,-3.94,72.254094,0,1,0
10.62,-3.94,72.254094,0,1,0
0,-2.76,72.254094,0.521761916,0,0.478238084
1.18,-2.76,72.254094,0.521761916,0,0.478238084
2.36,-2.76,72.254094,0.521761916,0,0.478238084
3.54,-2.76,72.254094,0.521761916,0,0.478238084
4.72,-2.76,72.254094,0.521761916,0,0.478238084
5.9,-2.76,72.254094,0.521761916,0,0.478238084
7.08,-2.76,72.254094,0.521761916,0,0.478238084
8.26,-2.76,72.254094,0.521761916,0,0.478238084
9.44,-2.76,72.254094,0.521761916,0,0.478238084
10.62,-2.76,72.254094,0.521761916,0,0.478238084
0,-1.58,72.254094,0.546607721,0,0.453392279
1.18,-1.58,72.254094,0.546607721,0,0.453392279
2.36,-1.58,72.254094,0.546607721,0,0.453392279
3.54,-1.58,72.254094,0.546607721,0,0.453392279
4.72,-1.58,72.254094,0.546607721,0,0.453392279
5.9,-1.58,72.254094,0.546607721,0,0.453392279
7.08,-1.58,72.254094,0.546607721,0,0.453392279
8.26,-1.58,72.254094,0.546607721,0,0.453392279
9.44,-1.58,72.254094,0.546607721,0,0.453392279
10.62,-1.58,72.254094,0.546607721,0,0.453392279
0,-0.400000000000002,72.254094,0.588594549,0,0.411405451
1.18,-0.400000000000002,72.254094,0.588594549,0,0.411405451
2.36,-0.400000000000002,72.254094,0.588594549,0,0.411405451
3.54,-0.400000000000002,72.254094,0.588594549,0,0.411405451
4.72,-0.400000000000002,72.254094,0.588594549,0,0.411405451
5.9,-0.400000000000002,72.254094,0.588594549,0,0.411405451
7.08,-0.400000000000002,72.254094,0.588594549,0,0.411405451
8.26,-0.400000000000002,72.254094,0.588594549,0,0.411405451
9.44,-0.400000000000002,72.254094,0.588594549,0,0.411405451
10.62,-0.400000000000002,72.254094,0.588594549,0,0.411405451
0,0.779999999999998,72.254094,0.571453527,0,0.428546473
1.18,0.779999999999998,72.254094,0.571453527,0,0.428546473
2.36,0.779999999999998,72.254094,0.571453527,0,0.428546473
3.54,0.779999999999998,72.254094,0.571453527,0,0.428546473
4.72,0.779999999999998,72.254094,0.571453527,0,0.428546473
5.9,0.779999999999998,72.254094,0.571453527,0,0.428546473
7.08,0.779999999999998,72.254094,0.571453527,0,0.428546473
8.26,0.779999999999998,72.254094,0.571453527,0,0.428546473
9.44,0.779999999999998,72.254094,0.571453527,0,0.428546473
10.62,0.779999999999998,72.254094,0.571453527,0,0.428546473
0,1.96,72.254094,0.546607721,0,0.453392279
1.18,1.96,72.254094,0.546607721,0,0.453392279
2.36,1.96,72.254094,0.546607721,0,0.453392279
3.54,1.96,72.254094,0.546607721,0,0.453392279
4.72,1.96,72.254094,0.546607721,0,0.453392279
5.9,1.96,72.254094,0.546607721,0,0.453392279
7.08,1.96,72.254094,0.546607721,0,0.453392279
8.26,1.96,72.254094,0.546607721,0,0.453392279
9.44,1.96,72.254094,0.546607721,0,0.453392279
10.62,1.96,72.254094,0.546607721,0,0.453392279
0,3.14,72.254094,0.521761916,0,0.478238084
1.18,3.14,72.254094,0.521761916,0,0.478238084
2.36,3.14,72.254094,0.521761916,0,0.478238084
3.54,3.14,72.254094,0.521761916,0,0.478238084
4.72,3.14,72.254094,0.521761916,0,0.478238084
5.9,3.14,72.254094,0.521761916,0,0.478238084
7.08,3.14,72.254094,0.521761916,0,0.478238084
8.26,3.14,72.254094,0.521761916,0,0.478238084
9.44,3.14,72.254094,0.521761916,0,0.478238084
10.62,3.14,72.254094,0.521761916,0,0.478238084
0,4.32,72.254094,0,1,0
1.18,4.32,72.254094,0,1,0
2.36,4.32,72.254094,0,1,0
3.54,4.32,72.254094,0,1,0
4.72,4.32,72.254094,0,1,0
5.9,4.32,72.254094,0,1,0
7.08,4.32,72.254094,0,1,0
8.26,4.32,72.254094,0,1,0
9.44,4.32,72.254094,0,1,0
10.62,4.32,72.254094,0,1,0
0,-3.94,72.874094,0,1,0
1.18,-3.94,72.874094,0,1,0
2.36,-3.94,72.874094,0,1,0
3.54,-3.94,72.874094,0,1,0
4.72,-3.94,72.874094,0,1,0
5.9,-3.94,72.874094,0,1,0
7.08,-3.94,72.874094,0,1,0
8.26,-3.94,72.874094,0,1,0
9.44,-3.94,72.874094,0,1,0
10.62,-3.94,72.874094,0,1,0
0,-2.76,72.874094,0.516816194,0,0.483183806
1.18,-2.76,72.874094,0.516816194,0,0.483183806
2.36,-2.76,72.874094,0.516816194,0,0.483183806
3.54,-2.76,72.874094,0.516816194,0,0.483183806
4.72,-2.76,72.874094,0.516816194,0,0.483183806
5.9,-2.76,72.874094,0.516816194,0,0.483183806
7.08,-2.76,72.874094,0.516816194,0,0.483183806
8.26,-2.76,72.874094,0.516816194,0,0.483183806
9.44,-2.76,72.874094,0.516816194,0,0.483183806
10.62,-2.76,72.874094,0.516816194,0,0.483183806
0,-1.58,72.874094,0.541426489,0,0.458573511
1.18,-1.58,72.874094,0.541426489,0,0.458573511
2.36,-1.58,72.874094,0.541426489,0,0.458573511
3.54,-1.58,72.874094,0.541426489,0,0.458573511
4.72,-1.58,72.874094,0.541426489,0,0.458573511
5.9,-1.58,72.874094,0.541426489,0,0.458573511
7.08,-1.58,72.874094,0.541426489,0,0.458573511
8.26,-1.58,72.874094,0.541426489,0,0.458573511
9.44,-1.58,72.874094,0.541426489,0,0.458573511
10.62,-1.58,72.874094,0.541426489,0,0.458573511
0,-0.400000000000002,72.874094,0.583015328,0,0.416984672
1.18,-0.400000000000002,72.874094,0.583015328,0,0.416984672
2.36,-0.400000000000002,72.874094,0.583015328,0,0.416984672
3.54,-0.400000000000002,72.874094,0.583015328,0,0.416984672
4.72,-0.400000000000002,72.874094,0.583015328,0,0.416984672
5.9,-0.400000000000002,72.874094,0.583015328,0,0.416984672
7.08,-0.400000000000002,72.874094,0.583015328,0,0.416984672
8.26,-0.400000000000002,72.874094,0.583015328,0,0.416984672
9.44,-0.400000000000002,72.874094,0.583015328,0,0.416984672
10.62,-0.400000000000002,72.874094,0.583015328,0,0.416984672
0,0.779999999999998,72.874094,0.566036784,0,0.433963216
1.18,0.779999999999998,72.874094,0.566036784,0,0.433963216
2.36,0.779999999999998,72.874094,0.566036784,0,0.433963216
3.54,0.779999999999998,72.874094,0.566036784,0,0.433963216
4.72,0.779999999999998,72.874094,0.566036784,0,0.433963216
5.9,0.779999999999998,72.874094,0.566036784,0,0.433963216
7.08,0.779999999999998,72.874094,0.566036784,0,0.433963216
8.26,0.779999999999998,72.874094,0.566036784,0,0.433963216
9.44,0.779999999999998,72.874094,0.566036784,0,0.433963216
10.62,0.779999999999998,72.874094,0.566036784,0,0.433963216
0,1.96,72.874094,0.541426489,0,0.458573511
1.18,1.96,72.874094,0.541426489,0,0.458573511
2.36,1.96,72.874094,0.541426489,0,0.458573511
3.54,1.96,72.874094,0.541426489,0,0.458573511
4.72,1.96,72.874094,0.541426489,0,0.458573511
5.9,1.96,72.874094,0.541426489,0,0.458573511
7.08,1.96,72.874094,0.541426489,0,0.458573511
8.26,1.96,72.874094,0.541426489,0,0.458573511
9.44,1.96,72.874094,0.541426489,0,0.458573511
10.62,1.96,72.874094,0.541426489,0,0.458573511
0,3.14,72.874094,0.516816194,0,0.483183806
1.18,3.14,72.874094,0.516816194,0,0.483183806
2.36,3.14,72.874094,0.516816194,0,0.483183806
3.54,3.14,72.874094,0.516816194,0,0.483183806
4.72,3.14,72.874094,0.516816194,0,0.483183806
5.9,3.14,72.874094,0.516816194,0,0.483183806
7.08,3.14,72.874094,0.516816194,0,0.483183806
8.26,3.14,72.874094,0.516816194,0,0.483183806
9.44,3.14,72.874094,0.516816194,0,0.483183806
10.62,3.14,72.874094,0.516816194,0,0.483183806
0,4.32,72.874094,0,1,0
1.18,4.32,72.874094,0,1,0
2.36,4.32,72.874094,0,1,0
3.54,4.32,72.874094,0,1,0
4.72,4.32,72.874094,0,1,0
5.9,4.32,72.874094,0,1,0
7.08,4.32,72.874094,0,1,0
8.26,4.32,72.874094,0,1,0
9.44,4.32,72.874094,0,1,0
10.62,4.32,72.874094,0,1,0
0,-3.94,73.494094,0,1,0
1.18,-3.94,73.494094,0,1,0
2.36,-3.94,73.494094,0,1,0
3.54,-3.94,73.494094,0,1,0
4.72,-3.94,73.494094,0,1,0
5.9,-3.94,73.494094,0,1,0
7.08,-3.94,73.494094,0,1,0
8.26,-3.94,73.494094,0,1,0
9.44,-3.94,73.494094,0,1,0
10.62,-3.94,73.494094,0,1,0
0,-2.76,73.494094,0.511822683,0,0.488177317
1.18,-2.76,73.494094,0.511822683,0,0.488177317
2.36,-2.76,73.494094,0.511822683,0,0.488177317
3.54,-2.76,73.494094,0.511822683,0,0.488177317
4.72,-2.76,73.494094,0.511822683,0,0.488177317
5.9,-2.76,73.494094,0.511822683,0,0.488177317
7.08,-2.76,73.494094,0.511822683,0,0.488177317
8.26,-2.76,73.494094,0.511822683,0,0.488177317
9.44,-2.76,73.494094,0.511822683,0,0.488177317
10.62,-2.76,73.494094,0.511822683,0,0.488177317
0,-1.58,73.494094,0.536195192,0,0.463804808
1.18,-1.58,73.494094,0.536195192,0,0.463804808
2.36,-1.58,73.494094,0.536195192,0,0.463804808
3.54,-1.58,73.494094,0.536195192,0,0.463804808
4.72,-1.58,73.494094,0.536195192,0,0.463804808
5.9,-1.58,73.494094,0.536195192,0,0.463804808
7.08,-1.58,73.494094,0.536195192,0,0.463804808
8.26,-1.58,73.494094,0.536195192,0,0.463804808
9.44,-1.58,73.494094,0.536195192,0,0.463804808
10.62,-1.58,73.494094,0.536195192,0,0.463804808
0,-0.400000000000002,73.494094,0.577382197,0,0.422617803
1.18,-0.400000000000002,73.494094,0.577382197,0,0.422617803
2.36,-0.400000000000002,73.494094,0.577382197,0,0.422617803
3.54,-0.400000000000002,73.494094,0.577382197,0,0.422617803
4.72,-0.400000000000002,73.494094,0.577382197,0,0.422617803
5.9,-0.400000000000002,73.494094,0.577382197,0,0.422617803
7.08,-0.400000000000002,73.494094,0.577382197,0,0.422617803
8.26,-0.400000000000002,73.494094,0.577382197,0,0.422617803
9.44,-0.400000000000002,73.494094,0.577382197,0,0.422617803
10.62,-0.400000000000002,73.494094,0.577382197,0,0.422617803
0,0.779999999999998,73.494094,0.560567701,0,0.439432299
1.18,0.779999999999998,73.494094,0.560567701,0,0.439432299
2.36,0.779999999999998,73.494094,0.560567701,0,0.439432299
3.54,0.779999999999998,73.494094,0.560567701,0,0.439432299
4.72,0.779999999999998,73.494094,0.560567701,0,0.439432299
5.9,0.779999999999998,73.494094,0.560567701,0,0.439432299
7.08,0.779999999999998,73.494094,0.560567701,0,0.439432299
8.26,0.779999999999998,73.494094,0.560567701,0,0.439432299
9.44,0.779999999999998,73.494094,0.560567701,0,0.439432299
10.62,0.779999999999998,73.494094,0.560567701,0,0.439432299
0,1.96,73.494094,0.536195192,0,0.463804808
1.18,1.96,73.494094,0.536195192,0,0.463804808
2.36,1.96,73.494094,0.536195192,0,0.463804808
3.54,1.96,73.494094,0.536195192,0,0.463804808
4.72,1.96,73.494094,0.536195192,0,0.463804808
5.9,1.96,73.494094,0.536195192,0,0.463804808
7.08,1.96,73.494094,0.536195192,0,0.463804808
8.26,1.96,73.494094,0.536195192,0,0.463804808
9.44,1.96,73.494094,0.536195192,0,0.463804808
10.62,1.96,73.494094,0.536195192,0,0.463804808
0,3.14,73.494094,0.511822683,0,0.488177317
1.18,3.14,73.494094,0.511822683,0,0.488177317
2.36,3.14,73.494094,0.511822683,0,0.488177317
3.54,3.14,73.494094,0.511822683,0,0.488177317
4.72,3.14,73.494094,0.511822683,0,0.488177317
5.9,3.14,73.494094,0.511822683,0,0.488177317
7.08,3.14,73.494094,0.511822683,0,0.488177317
8.26,3.14,73.494094,0.511822683,0,0.488177317
9.44,3.14,73.494094,0.511822683,0,0.488177317
10.62,3.14,73.494094,0.511822683,0,0.488177317
0,4.32,73.494094,0,1,0
1.18,4.32,73.494094,0,1,0
2.36,4.32,73.494094,0,1,0
3.54,4.32,73.494094,0,1,0
4.72,4.32,73.494094,0,1,0
5.9,4.32,73.494094,0,1,0
7.08,4.32,73.494094,0,1,0
8.26,4.32,73.494094,0,1,0
9.44,4.32,73.494094,0,1,0
10.62,4.32,73.494094,0,1,0
0,-3.94,74.114094,0,1,0
1.18,-3.94,74.114094,0,1,0
2.36,-3.94,74.114094,0,1,0
3.54,-3.94,74.114094,0,1,0
4.72,-3.94,74.114094,0,1,0
5.9,-3.94,74.114094,0,1,0
7.08,-3.94,74.114094,0,1,0
8.26,-3.94,74.114094,0,1,0
9.44,-3.94,74.114094,0,1,0
10.62,-3.94,74.114094,0,1,0
0,-2.76,74.114094,0.501686577,0,0.498313423
1.18,-2.76,74.114094,0.501686577,0,0.498313423
2.36,-2.76,74.114094,0.501686577,0,0.498313423
3.54,-2.76,74.114094,0.501686577,0,0.498313423
4.72,-2.76,74.114094,0.501686577,0,0.498313423
5.9,-2.76,74.114094,0.501686577,0,0.498313423
7.08,-2.76,74.114094,0.501686577,0,0.498313423
8.26,-2.76,74.114094,0.501686577,0,0.498313423
9.44,-2.76,74.114094,0.501686577,0,0.498313423
10.62,-2.76,74.114094,0.501686577,0,0.498313423
0,-1.58,74.114094,0.525576414,0,0.474423586
1.18,-1.58,74.114094,0.525576414,0,0.474423586
2.36,-1.58,74.114094,0.525576414,0,0.474423586
3.54,-1.58,74.114094,0.525576414,0,0.474423586
4.72,-1.58,74.114094,0.525576414,0,0.474423586
5.9,-1.58,74.114094,0.525576414,0,0.474423586
7.08,-1.58,74.114094,0.525576414,0,0.474423586
8.26,-1.58,74.114094,0.525576414,0,0.474423586
9.44,-1.58,74.114094,0.525576414,0,0.474423586
10.62,-1.58,74.114094,0.525576414,0,0.474423586
0,-0.400000000000002,74.114094,0.565947754,0,0.434052246
1.18,-0.400000000000002,74.114094,0.565947754,0,0.434052246
2.36,-0.400000000000002,74.114094,0.565947754,0,0.434052246
3.54,-0.400000000000002,74.114094,0.565947754,0,0.434052246
4.72,-0.400000000000002,74.114094,0.565947754,0,0.434052246
5.9,-0.400000000000002,74.114094,0.565947754,0,0.434052246
7.08,-0.400000000000002,74.114094,0.565947754,0,0.434052246
8.26,-0.400000000000002,74.114094,0.565947754,0,0.434052246
9.44,-0.400000000000002,74.114094,0.565947754,0,0.434052246
10.62,-0.400000000000002,74.114094,0.565947754,0,0.434052246
0,0.779999999999998,74.114094,0.549466251,0,0.450533749
1.18,0.779999999999998,74.114094,0.549466251,0,0.450533749
2.36,0.779999999999998,74.114094,0.549466251,0,0.450533749
3.54,0.779999999999998,74.114094,0.549466251,0,0.450533749
4.72,0.779999999999998,74.114094,0.549466251,0,0.450533749
5.9,0.779999999999998,74.114094,0.549466251,0,0.450533749
7.08,0.779999999999998,74.114094,0.549466251,0,0.450533749
8.26,0.779999999999998,74.114094,0.549466251,0,0.450533749
9.44,0.779999999999998,74.114094,0.549466251,0,0.450533749
10.62,0.779999999999998,74.114094,0.549466251,0,0.450533749
0,1.96,74.114094,0.525576414,0,0.474423586
1.18,1.96,74.114094,0.525576414,0,0.474423586
2.36,1.96,74.114094,0.525576414,0,0.474423586
3.54,1.96,74.114094,0.525576414,0,0.474423586
4.72,1.96,74.114094,0.525576414,0,0.474423586
5.9,1.96,74.114094,0.525576414,0,0.474423586
7.08,1.96,74.114094,0.525576414,0,0.474423586
8.26,1.96,74.114094,0.525576414,0,0.474423586
9.44,1.96,74.114094,0.525576414,0,0.474423586
10.62,1.96,74.114094,0.525576414,0,0.474423586
0,3.14,74.114094,0.501686577,0,0.498313423
1.18,3.14,74.114094,0.501686577,0,0.498313423
2.36,3.14,74.114094,0.501686577,0,0.498313423
3.54,3.14,74.114094,0.501686577,0,0.498313423
4.72,3.14,74.114094,0.501686577,0,0.498313423
5.9,3.14,74.114094,0.501686577,0,0.498313423
7.08,3.14,74.114094,0.501686577,0,0.498313423
8.26,3.14,74.114094,0.501686577,0,0.498313423
9.44,3.14,74.114094,0.501686577,0,0.498313423
10.62,3.14,74.114094,0.501686577,0,0.498313423
0,4.32,74.114094,0,1,0
1.18,4.32,74.114094,0,1,0
2.36,4.32,74.114094,0,1,0
3.54,4.32,74.114094,0,1,0
4.72,4.32,74.114094,0,1,0
5.9,4.32,74.114094,0,1,0
7.08,4.32,74.114094,0,1,0
8.26,4.32,74.114094,0,1,0
9.44,4.32,74.114094,0,1,0
10.62,4.32,74.114094,0,1,0
0,-3.94,74.734094,0,1,0
1.18,-3.94,74.734094,0,1,0
2.36,-3.94,74.734094,0,1,0
3.54,-3.94,74.734094,0,1,0
4.72,-3.94,74.734094,0,1,0
5.9,-3.94,74.734094,0,1,0
7.08,-3.94,74.734094,0,1,0
8.26,-3.94,74.734094,0,1,0
9.44,-3.94,74.734094,0,1,0
10.62,-3.94,74.734094,0,1,0
0,-2.76,74.734094,0.496540938,0,0.503459062
1.18,-2.76,74.734094,0.496540938,0,0.503459062
2.36,-2.76,74.734094,0.496540938,0,0.503459062
3.54,-2.76,74.734094,0.496540938,0,0.503459062
4.72,-2.76,74.734094,0.496540938,0,0.503459062
5.9,-2.76,74.734094,0.496540938,0,0.503459062
7.08,-2.76,74.734094,0.496540938,0,0.503459062
8.26,-2.76,74.734094,0.496540938,0,0.503459062
9.44,-2.76,74.734094,0.496540938,0,0.503459062
10.62,-2.76,74.734094,0.496540938,0,0.503459062
0,-1.58,74.734094,0.520185744,0,0.479814256
1.18,-1.58,74.734094,0.520185744,0,0.479814256
2.36,-1.58,74.734094,0.520185744,0,0.479814256
3.54,-1.58,74.734094,0.520185744,0,0.479814256
4.72,-1.58,74.734094,0.520185744,0,0.479814256
5.9,-1.58,74.734094,0.520185744,0,0.479814256
7.08,-1.58,74.734094,0.520185744,0,0.479814256
8.26,-1.58,74.734094,0.520185744,0,0.479814256
9.44,-1.58,74.734094,0.520185744,0,0.479814256
10.62,-1.58,74.734094,0.520185744,0,0.479814256
0,-0.400000000000002,74.734094,0.560143008,0,0.439856992
1.18,-0.400000000000002,74.734094,0.560143008,0,0.439856992
2.36,-0.400000000000002,74.734094,0.560143008,0,0.439856992
3.54,-0.400000000000002,74.734094,0.560143008,0,0.439856992
4.72,-0.400000000000002,74.734094,0.560143008,0,0.439856992
5.9,-0.400000000000002,74.734094,0.560143008,0,0.439856992
7.08,-0.400000000000002,74.734094,0.560143008,0,0.439856992
8.26,-0.400000000000002,74.734094,0.560143008,0,0.439856992
9.44,-0.400000000000002,74.734094,0.560143008,0,0.439856992
10.62,-0.400000000000002,74.734094,0.560143008,0,0.439856992
0,0.779999999999998,74.734094,0.543830551,0,0.456169449
1.18,0.779999999999998,74.734094,0.543830551,0,0.456169449
2.36,0.779999999999998,74.734094,0.543830551,0,0.456169449
3.54,0.779999999999998,74.734094,0.543830551,0,0.456169449
4.72,0.779999999999998,74.734094,0.543830551,0,0.456169449
5.9,0.779999999999998,74.734094,0.543830551,0,0.456169449
7.08,0.779999999999998,74.734094,0.543830551,0,0.456169449
8.26,0.779999999999998,74.734094,0.543830551,0,0.456169449
9.44,0.779999999999998,74.734094,0.543830551,0,0.456169449
10.62,0.779999999999998,74.734094,0.543830551,0,0.456169449
0,1.96,74.734094,0.520185744,0,0.479814256
1.18,1.96,74.734094,0.520185744,0,0.479814256
2.36,1.96,74.734094,0.520185744,0,0.479814256
3.54,1.96,74.734094,0.520185744,0,0.479814256
4.72,1.96,74.734094,0.520185744,0,0.479814256
5.9,1.96,74.734094,0.520185744,0,0.479814256
7.08,1.96,74.734094,0.520185744,0,0.479814256
8.26,1.96,74.734094,0.520185744,0,0.479814256
9.44,1.96,74.734094,0.520185744,0,0.479814256
10.62,1.96,74.734094,0.520185744,0,0.479814256
0,3.14,74.734094,0.496540938,0,0.503459062
1.18,3.14,74.734094,0.496540938,0,0.503459062
2.36,3.14,74.734094,0.496540938,0,0.503459062
3.54,3.14,74.734094,0.496540938,0,0.503459062
4.72,3.14,74.734094,0.496540938,0,0.503459062
5.9,3.14,74.734094,0.496540938,0,0.503459062
7.08,3.14,74.734094,0.496540938,0,0.503459062
8.26,3.14,74.734094,0.496540938,0,0.503459062
9.44,3.14,74.734094,0.496540938,0,0.503459062
10.62,3.14,74.734094,0.496540938,0,0.503459062
0,4.32,74.734094,0,1,0
1.18,4.32,74.734094,0,1,0
2.36,4.32,74.734094,0,1,0
3.54,4.32,74.734094,0,1,0
4.72,4.32,74.734094,0,1,0
5.9,4.32,74.734094,0,1,0
7.08,4.32,74.734094,0,1,0
8.26,4.32,74.734094,0,1,0
9.44,4.32,74.734094,0,1,0
10.62,4.32,74.734094,0,1,0
0,-3.94,75.354094,0,1,0
1.18,-3.94,75.354094,0,1,0
2.36,-3.94,75.354094,0,1,0
3.54,-3.94,75.354094,0,1,0
4.72,-3.94,75.354094,0,1,0
5.9,-3.94,75.354094,0,1,0
7.08,-3.94,75.354094,0,1,0
8.26,-3.94,75.354094,0,1,0
9.44,-3.94,75.354094,0,1,0
10.62,-3.94,75.354094,0,1,0
0,-2.76,75.354094,0.491341413,0,0.508658587
1.18,-2.76,75.354094,0.491341413,0,0.508658587
2.36,-2.76,75.354094,0.491341413,0,0.508658587
3.54,-2.76,75.354094,0.491341413,0,0.508658587
4.72,-2.76,75.354094,0.491341413,0,0.508658587
5.9,-2.76,75.354094,0.491341413,0,0.508658587
7.08,-2.76,75.354094,0.491341413,0,0.508658587
8.26,-2.76,75.354094,0.491341413,0,0.508658587
9.44,-2.76,75.354094,0.491341413,0,0.508658587
10.62,-2.76,75.354094,0.491341413,0,0.508658587
0,-1.58,75.354094,0.514738623,0,0.485261377
1.18,-1.58,75.354094,0.514738623,0,0.485261377
2.36,-1.58,75.354094,0.514738623,0,0.485261377
3.54,-1.58,75.354094,0.514738623,0,0.485261377
4.72,-1.58,75.354094,0.514738623,0,0.485261377
5.9,-1.58,75.354094,0.514738623,0,0.485261377
7.08,-1.58,75.354094,0.514738623,0,0.485261377
8.26,-1.58,75.354094,0.514738623,0,0.485261377
9.44,-1.58,75.354094,0.514738623,0,0.485261377
10.62,-1.58,75.354094,0.514738623,0,0.485261377
0,-0.400000000000002,75.354094,0.554277475,0,0.445722525
1.18,-0.400000000000002,75.354094,0.554277475,0,0.445722525
2.36,-0.400000000000002,75.354094,0.554277475,0,0.445722525
3.54,-0.400000000000002,75.354094,0.554277475,0,0.445722525
4.72,-0.400000000000002,75.354094,0.554277475,0,0.445722525
5.9,-0.400000000000002,75.354094,0.554277475,0,0.445722525
7.08,-0.400000000000002,75.354094,0.554277475,0,0.445722525
8.26,-0.400000000000002,75.354094,0.554277475,0,0.445722525
9.44,-0.400000000000002,75.354094,0.554277475,0,0.445722525
10.62,-0.400000000000002,75.354094,0.554277475,0,0.445722525
0,0.779999999999998,75.354094,0.538135833,0,0.461864167
1.18,0.779999999999998,75.354094,0.538135833,0,0.461864167
2.36,0.779999999999998,75.354094,0.538135833,0,0.461864167
3.54,0.779999999999998,75.354094,0.538135833,0,0.461864167
4.72,0.779999999999998,75.354094,0.538135833,0,0.461864167
5.9,0.779999999999998,75.354094,0.538135833,0,0.461864167
7.08,0.779999999999998,75.354094,0.538135833,0,0.461864167
8.26,0.779999999999998,75.354094,0.538135833,0,0.461864167
9.44,0.779999999999998,75.354094,0.538135833,0,0.461864167
10.62,0.779999999999998,75.354094,0.538135833,0,0.461864167
0,1.96,75.354094,0.514738623,0,0.485261377
1.18,1.96,75.354094,0.514738623,0,0.485261377
2.36,1.96,75.354094,0.514738623,0,0.485261377
3.54,1.96,75.354094,0.514738623,0,0.485261377
4.72,1.96,75.354094,0.514738623,0,0.485261377
5.9,1.96,75.354094,0.514738623,0,0.485261377
7.08,1.96,75.354094,0.514738623,0,0.485261377
8.26,1.96,75.354094,0.514738623,0,0.485261377
9.44,1.96,75.354094,0.514738623,0,0.485261377
10.62,1.96,75.354094,0.514738623,0,0.485261377
0,3.14,75.354094,0.491341413,0,0.508658587
1.18,3.14,75.354094,0.491341413,0,0.508658587
2.36,3.14,75.354094,0.491341413,0,0.508658587
3.54,3.14,75.354094,0.491341413,0,0.508658587
4.72,3.14,75.354094,0.491341413,0,0.508658587
5.9,3.14,75.354094,0.491341413,0,0.508658587
7.08,3.14,75.354094,0.491341413,0,0.508658587
8.26,3.14,75.354094,0.491341413,0,0.508658587
9.44,3.14,75.354094,0.491341413,0,0.508658587
10.62,3.14,75.354094,0.491341413,0,0.508658587
0,4.32,75.354094,0,1,0
1.18,4.32,75.354094,0,1,0
2.36,4.32,75.354094,0,1,0
3.54,4.32,75.354094,0,1,0
4.72,4.32,75.354094,0,1,0
5.9,4.32,75.354094,0,1,0
7.08,4.32,75.354094,0,1,0
8.26,4.32,75.354094,0,1,0
9.44,4.32,75.354094,0,1,0
10.62,4.32,75.354094,0,1,0
0,-3.94,75.974094,0,1,0
1.18,-3.94,75.974094,0,1,0
2.36,-3.94,75.974094,0,1,0
3.54,-3.94,75.974094,0,1,0
4.72,-3.94,75.974094,0,1,0
5.9,-3.94,75.974094,0,1,0
7.08,-3.94,75.974094,0,1,0
8.26,-3.94,75.974094,0,1,0
9.44,-3.94,75.974094,0,1,0
10.62,-3.94,75.974094,0,1,0
0,-2.76,75.974094,0.486086273,0,0.513913727
1.18,-2.76,75.974094,0.486086273,0,0.513913727
2.36,-2.76,75.974094,0.486086273,0,0.513913727
3.54,-2.76,75.974094,0.486086273,0,0.513913727
4.72,-2.76,75.974094,0.486086273,0,0.513913727
5.9,-2.76,75.974094,0.486086273,0,0.513913727
7.08,-2.76,75.974094,0.486086273,0,0.513913727
8.26,-2.76,75.974094,0.486086273,0,0.513913727
9.44,-2.76,75.974094,0.486086273,0,0.513913727
10.62,-2.76,75.974094,0.486086273,0,0.513913727
0,-1.58,75.974094,0.509233239,0,0.490766761
1.18,-1.58,75.974094,0.509233239,0,0.490766761
2.36,-1.58,75.974094,0.509233239,0,0.490766761
3.54,-1.58,75.974094,0.509233239,0,0.490766761
4.72,-1.58,75.974094,0.509233239,0,0.490766761
5.9,-1.58,75.974094,0.509233239,0,0.490766761
7.08,-1.58,75.974094,0.509233239,0,0.490766761
8.26,-1.58,75.974094,0.509233239,0,0.490766761
9.44,-1.58,75.974094,0.509233239,0,0.490766761
10.62,-1.58,75.974094,0.509233239,0,0.490766761
0,-0.400000000000002,75.974094,0.548349203,0,0.451650797
1.18,-0.400000000000002,75.974094,0.548349203,0,0.451650797
2.36,-0.400000000000002,75.974094,0.548349203,0,0.451650797
3.54,-0.400000000000002,75.974094,0.548349203,0,0.451650797
4.72,-0.400000000000002,75.974094,0.548349203,0,0.451650797
5.9,-0.400000000000002,75.974094,0.548349203,0,0.451650797
7.08,-0.400000000000002,75.974094,0.548349203,0,0.451650797
8.26,-0.400000000000002,75.974094,0.548349203,0,0.451650797
9.44,-0.400000000000002,75.974094,0.548349203,0,0.451650797
10.62,-0.400000000000002,75.974094,0.548349203,0,0.451650797
0,0.779999999999998,75.974094,0.532380204,0,0.467619796
1.18,0.779999999999998,75.974094,0.532380204,0,0.467619796
2.36,0.779999999999998,75.974094,0.532380204,0,0.467619796
3.54,0.779999999999998,75.974094,0.532380204,0,0.467619796
4.72,0.779999999999998,75.974094,0.532380204,0,0.467619796
5.9,0.779999999999998,75.974094,0.532380204,0,0.467619796
7.08,0.779999999999998,75.974094,0.532380204,0,0.467619796
8.26,0.779999999999998,75.974094,0.532380204,0,0.467619796
9.44,0.779999999999998,75.974094,0.532380204,0,0.467619796
10.62,0.779999999999998,75.974094,0.532380204,0,0.467619796
0,1.96,75.974094,0.509233239,0,0.490766761
1.18,1.96,75.974094,0.509233239,0,0.490766761
2.36,1.96,75.974094,0.509233239,0,0.490766761
3.54,1.96,75.974094,0.509233239,0,0.490766761
4.72,1.96,75.974094,0.509233239,0,0.490766761
5.9,1.96,75.974094,0.509233239,0,0.490766761
7.08,1.96,75.974094,0.509233239,0,0.490766761
8.26,1.96,75.974094,0.509233239,0,0.490766761
9.44,1.96,75.974094,0.509233239,0,0.490766761
10.62,1.96,75.974094,0.509233239,0,0.490766761
0,3.14,75.974094,0.486086273,0,0.513913727
1.18,3.14,75.974094,0.486086273,0,0.513913727
2.36,3.14,75.974094,0.486086273,0,0.513913727
3.54,3.14,75.974094,0.486086273,0,0.513913727
4.72,3.14,75.974094,0.486086273,0,0.513913727
5.9,3.14,75.974094,0.486086273,0,0.513913727
7.08,3.14,75.974094,0.486086273,0,0.513913727
8.26,3.14,75.974094,0.486086273,0,0.513913727
9.44,3.14,75.974094,0.486086273,0,0.513913727
10.62,3.14,75.974094,0.486086273,0,0.513913727
0,4.32,75.974094,0,1,0
1.18,4.32,75.974094,0,1,0
2.36,4.32,75.974094,0,1,0
3.54,4.32,75.974094,0,1,0
4.72,4.32,75.974094,0,1,0
5.9,4.32,75.974094,0,1,0
7.08,4.32,75.974094,0,1,0
8.26,4.32,75.974094,0,1,0
9.44,4.32,75.974094,0,1,0
10.62,4.32,75.974094,0,1,0
0,-3.94,76.594094,0,1,0
1.18,-3.94,76.594094,0,1,0
2.36,-3.94,76.594094,0,1,0
3.54,-3.94,76.594094,0,1,0
4.72,-3.94,76.594094,0,1,0
5.9,-3.94,76.594094,0,1,0
7.08,-3.94,76.594094,0,1,0
8.26,-3.94,76.594094,0,1,0
9.44,-3.94,76.594094,0,1,0
10.62,-3.94,76.594094,0,1,0
0,-2.76,76.594094,0.475401754,0,0.524598246
1.18,-2.76,76.594094,0.475401754,0,0.524598246
2.36,-2.76,76.594094,0.475401754,0,0.524598246
3.54,-2.76,76.594094,0.475401754,0,0.524598246
4.72,-2.76,76.594094,0.475401754,0,0.524598246
5.9,-2.76,76.594094,0.475401754,0,0.524598246
7.08,-2.76,76.594094,0.475401754,0,0.524598246
8.26,-2.76,76.594094,0.475401754,0,0.524598246
9.44,-2.76,76.594094,0.475401754,0,0.524598246
10.62,-2.76,76.594094,0.475401754,0,0.524598246
0,-1.58,76.594094,0.498039933,0,0.501960067
1.18,-1.58,76.594094,0.498039933,0,0.501960067
2.36,-1.58,76.594094,0.498039933,0,0.501960067
3.54,-1.58,76.594094,0.498039933,0,0.501960067
4.72,-1.58,76.594094,0.498039933,0,0.501960067
5.9,-1.58,76.594094,0.498039933,0,0.501960067
7.08,-1.58,76.594094,0.498039933,0,0.501960067
8.26,-1.58,76.594094,0.498039933,0,0.501960067
9.44,-1.58,76.594094,0.498039933,0,0.501960067
10.62,-1.58,76.594094,0.498039933,0,0.501960067
0,-0.400000000000002,76.594094,0.5362961,0,0.4637039
1.18,-0.400000000000002,76.594094,0.5362961,0,0.4637039
2.36,-0.400000000000002,76.594094,0.5362961,0,0.4637039
3.54,-0.400000000000002,76.594094,0.5362961,0,0.4637039
4.72,-0.400000000000002,76.594094,0.5362961,0,0.4637039
5.9,-0.400000000000002,76.594094,0.5362961,0,0.4637039
7.08,-0.400000000000002,76.594094,0.5362961,0,0.4637039
8.26,-0.400000000000002,76.594094,0.5362961,0,0.4637039
9.44,-0.400000000000002,76.594094,0.5362961,0,0.4637039
10.62,-0.400000000000002,76.594094,0.5362961,0,0.4637039
0,0.779999999999998,76.594094,0.520678111,0,0.479321889
1.18,0.779999999999998,76.594094,0.520678111,0,0.479321889
2.36,0.779999999999998,76.594094,0.520678111,0,0.479321889
3.54,0.779999999999998,76.594094,0.520678111,0,0.479321889
4.72,0.779999999999998,76.594094,0.520678111,0,0.479321889
5.9,0.779999999999998,76.594094,0.520678111,0,0.479321889
7.08,0.779999999999998,76.594094,0.520678111,0,0.479321889
8.26,0.779999999999998,76.594094,0.520678111,0,0.479321889
9.44,0.779999999999998,76.594094,0.520678111,0,0.479321889
10.62,0.779999999999998,76.594094,0.520678111,0,0.479321889
0,1.96,76.594094,0.498039933,0,0.501960067
1.18,1.96,76.594094,0.498039933,0,0.501960067
2.36,1.96,76.594094,0.498039933,0,0.501960067
3.54,1.96,76.594094,0.498039933,0,0.501960067
4.72,1.96,76.594094,0.498039933,0,0.501960067
5.9,1.96,76.594094,0.498039933,0,0.501960067
7.08,1.96,76.594094,0.498039933,0,0.501960067
8.26,1.96,76.594094,0.498039933,0,0.501960067
9.44,1.96,76.594094,0.498039933,0,0.501960067
10.62,1.96,76.594094,0.498039933,0,0.501960067
0,3.14,76.594094,0.475401754,0,0.524598246
1.18,3.14,76.594094,0.475401754,0,0.524598246
2.36,3.14,76.594094,0.475401754,0,0.524598246
3.54,3.14,76.594094,0.475401754,0,0.524598246
4.72,3.14,76.594094,0.475401754,0,0.524598246
5.9,3.14,76.594094,0.475401754,0,0.524598246
7.08,3.14,76.594094,0.475401754,0,0.524598246
8.26,3.14,76.594094,0.475401754,0,0.524598246
9.44,3.14,76.594094,0.475401754,0,0.524598246
10.62,3.14,76.594094,0.475401754,0,0.524598246
0,4.32,76.594094,0,1,0
1.18,4.32,76.594094,0,1,0
2.36,4.32,76.594094,0,1,0
3.54,4.32,76.594094,0,1,0
4.72,4.32,76.594094,0,1,0
5.9,4.32,76.594094,0,1,0
7.08,4.32,76.594094,0,1,0
8.26,4.32,76.594094,0,1,0
9.44,4.32,76.594094,0,1,0
10.62,4.32,76.594094,0,1,0
0,-3.94,77.214094,0,1,0
1.18,-3.94,77.214094,0,1,0
2.36,-3.94,77.214094,0,1,0
3.54,-3.94,77.214094,0,1,0
4.72,-3.94,77.214094,0,1,0
5.9,-3.94,77.214094,0,1,0
7.08,-3.94,77.214094,0,1,0
8.26,-3.94,77.214094,0,1,0
9.44,-3.94,77.214094,0,1,0
10.62,-3.94,77.214094,0,1,0
0,-2.76,77.214094,0.469968413,0,0.530031587
1.18,-2.76,77.214094,0.469968413,0,0.530031587
2.36,-2.76,77.214094,0.469968413,0,0.530031587
3.54,-2.76,77.214094,0.469968413,0,0.530031587
4.72,-2.76,77.214094,0.469968413,0,0.530031587
5.9,-2.76,77.214094,0.469968413,0,0.530031587
7.08,-2.76,77.214094,0.469968413,0,0.530031587
8.26,-2.76,77.214094,0.469968413,0,0.530031587
9.44,-2.76,77.214094,0.469968413,0,0.530031587
10.62,-2.76,77.214094,0.469968413,0,0.530031587
0,-1.58,77.214094,0.492347861,0,0.507652139
1.18,-1.58,77.214094,0.492347861,0,0.507652139
2.36,-1.58,77.214094,0.492347861,0,0.507652139
3.54,-1.58,77.214094,0.492347861,0,0.507652139
4.72,-1.58,77.214094,0.492347861,0,0.507652139
5.9,-1.58,77.214094,0.492347861,0,0.507652139
7.08,-1.58,77.214094,0.492347861,0,0.507652139
8.26,-1.58,77.214094,0.492347861,0,0.507652139
9.44,-1.58,77.214094,0.492347861,0,0.507652139
10.62,-1.58,77.214094,0.492347861,0,0.507652139
0,-0.400000000000002,77.214094,0.530166801,0,0.469833199
1.18,-0.400000000000002,77.214094,0.530166801,0,0.469833199
2.36,-0.400000000000002,77.214094,0.530166801,0,0.469833199
3.54,-0.400000000000002,77.214094,0.530166801,0,0.469833199
4.72,-0.400000000000002,77.214094,0.530166801,0,0.469833199
5.9,-0.400000000000002,77.214094,0.530166801,0,0.469833199
7.08,-0.400000000000002,77.214094,0.530166801,0,0.469833199
8.26,-0.400000000000002,77.214094,0.530166801,0,0.469833199
9.44,-0.400000000000002,77.214094,0.530166801,0,0.469833199
10.62,-0.400000000000002,77.214094,0.530166801,0,0.469833199
0,0.779999999999998,77.214094,0.514727309,0,0.485272691
1.18,0.779999999999998,77.214094,0.514727309,0,0.485272691
2.36,0.779999999999998,77.214094,0.514727309,0,0.485272691
3.54,0.779999999999998,77.214094,0.514727309,0,0.485272691
4.72,0.779999999999998,77.214094,0.514727309,0,0.485272691
5.9,0.779999999999998,77.214094,0.514727309,0,0.485272691
7.08,0.779999999999998,77.214094,0.514727309,0,0.485272691
8.26,0.779999999999998,77.214094,0.514727309,0,0.485272691
9.44,0.779999999999998,77.214094,0.514727309,0,0.485272691
10.62,0.779999999999998,77.214094,0.514727309,0,0.485272691
0,1.96,77.214094,0.492347861,0,0.507652139
1.18,1.96,77.214094,0.492347861,0,0.507652139
2.36,1.96,77.214094,0.492347861,0,0.507652139
3.54,1.96,77.214094,0.492347861,0,0.507652139
4.72,1.96,77.214094,0.492347861,0,0.507652139
5.9,1.96,77.214094,0.492347861,0,0.507652139
7.08,1.96,77.214094,0.492347861,0,0.507652139
8.26,1.96,77.214094,0.492347861,0,0.507652139
9.44,1.96,77.214094,0.492347861,0,0.507652139
10.62,1.96,77.214094,0.492347861,0,0.507652139
0,3.14,77.214094,0.469968413,0,0.530031587
1.18,3.14,77.214094,0.469968413,0,0.530031587
2.36,3.14,77.214094,0.469968413,0,0.530031587
3.54,3.14,77.214094,0.469968413,0,0.530031587
4.72,3.14,77.214094,0.469968413,0,0.530031587
5.9,3.14,77.214094,0.469968413,0,0.530031587
7.08,3.14,77.214094,0.469968413,0,0.530031587
8.26,3.14,77.214094,0.469968413,0,0.530031587
9.44,3.14,77.214094,0.469968413,0,0.530031587
10.62,3.14,77.214094,0.469968413,0,0.530031587
0,4.32,77.214094,0,1,0
1.18,4.32,77.214094,0,1,0
2.36,4.32,77.214094,0,1,0
3.54,4.32,77.214094,0,1,0
4.72,4.32,77.214094,0,1,0
5.9,4.32,77.214094,0,1,0
7.08,4.32,77.214094,0,1,0
8.26,4.32,77.214094,0,1,0
9.44,4.32,77.214094,0,1,0
10.62,4.32,77.214094,0,1,0
0,-3.94,77.834094,0,1,0
1.18,-3.94,77.834094,0,1,0
2.36,-3.94,77.834094,0,1,0
3.54,-3.94,77.834094,0,1,0
4.72,-3.94,77.834094,0,1,0
5.9,-3.94,77.834094,0,1,0
7.08,-3.94,77.834094,0,1,0
8.26,-3.94,77.834094,0,1,0
9.44,-3.94,77.834094,0,1,0
10.62,-3.94,77.834094,0,1,0
0,-2.76,77.834094,0.464471517,0,0.535528483
1.18,-2.76,77.834094,0.464471517,0,0.535528483
2.36,-2.76,77.834094,0.464471517,0,0.535528483
3.54,-2.76,77.834094,0.464471517,0,0.535528483
4.72,-2.76,77.834094,0.464471517,0,0.535528483
5.9,-2.76,77.834094,0.464471517,0,0.535528483
7.08,-2.76,77.834094,0.464471517,0,0.535528483
8.26,-2.76,77.834094,0.464471517,0,0.535528483
9.44,-2.76,77.834094,0.464471517,0,0.535528483
10.62,-2.76,77.834094,0.464471517,0,0.535528483
0,-1.58,77.834094,0.486589208,0,0.513410792
1.18,-1.58,77.834094,0.486589208,0,0.513410792
2.36,-1.58,77.834094,0.486589208,0,0.513410792
3.54,-1.58,77.834094,0.486589208,0,0.513410792
4.72,-1.58,77.834094,0.486589208,0,0.513410792
5.9,-1.58,77.834094,0.486589208,0,0.513410792
7.08,-1.58,77.834094,0.486589208,0,0.513410792
8.26,-1.58,77.834094,0.486589208,0,0.513410792
9.44,-1.58,77.834094,0.486589208,0,0.513410792
10.62,-1.58,77.834094,0.486589208,0,0.513410792
0,-0.400000000000002,77.834094,0.523965806,0,0.476034194
1.18,-0.400000000000002,77.834094,0.523965806,0,0.476034194
2.36,-0.400000000000002,77.834094,0.523965806,0,0.476034194
3.54,-0.400000000000002,77.834094,0.523965806,0,0.476034194
4.72,-0.400000000000002,77.834094,0.523965806,0,0.476034194
5.9,-0.400000000000002,77.834094,0.523965806,0,0.476034194
7.08,-0.400000000000002,77.834094,0.523965806,0,0.476034194
8.26,-0.400000000000002,77.834094,0.523965806,0,0.476034194
9.44,-0.400000000000002,77.834094,0.523965806,0,0.476034194
10.62,-0.400000000000002,77.834094,0.523965806,0,0.476034194
0,0.779999999999998,77.834094,0.508706899,0,0.491293101
1.18,0.779999999999998,77.834094,0.508706899,0,0.491293101
2.36,0.779999999999998,77.834094,0.508706899,0,0.491293101
3.54,0.779999999999998,77.834094,0.508706899,0,0.491293101
4.72,0.779999999999998,77.834094,0.508706899,0,0.491293101
5.9,0.779999999999998,77.834094,0.508706899,0,0.491293101
7.08,0.779999999999998,77.834094,0.508706899,0,0.491293101
8.26,0.779999999999998,77.834094,0.508706899,0,0.491293101
9.44,0.779999999999998,77.834094,0.508706899,0,0.491293101
10.62,0.779999999999998,77.834094,0.508706899,0,0.491293101
0,1.96,77.834094,0.486589208,0,0.513410792
1.18,1.96,77.834094,0.486589208,0,0.513410792
2.36,1.96,77.834094,0.486589208,0,0.513410792
3.54,1.96,77.834094,0.486589208,0,0.513410792
4.72,1.96,77.834094,0.486589208,0,0.513410792
5.9,1.96,77.834094,0.486589208,0,0.513410792
7.08,1.96,77.834094,0.486589208,0,0.513410792
8.26,1.96,77.834094,0.486589208,0,0.513410792
9.44,1.96,77.834094,0.486589208,0,0.513410792
10.62,1.96,77.834094,0.486589208,0,0.513410792
0,3.14,77.834094,0.464471517,0,0.535528483
1.18,3.14,77.834094,0.464471517,0,0.535528483
2.36,3.14,77.834094,0.464471517,0,0.535528483
3.54,3.14,77.834094,0.464471517,0,0.535528483
4.72,3.14,77.834094,0.464471517,0,0.535528483
5.9,3.14,77.834094,0.464471517,0,0.535528483
7.08,3.14,77.834094,0.464471517,0,0.535528483
8.26,3.14,77.834094,0.464471517,0,0.535528483
9.44,3.14,77.834094,0.464471517,0,0.535528483
10.62,3.14,77.834094,0.464471517,0,0.535528483
0,4.32,77.834094,0,1,0
1.18,4.32,77.834094,0,1,0
2.36,4.32,77.834094,0,1,0
3.54,4.32,77.834094,0,1,0
4.72,4.32,77.834094,0,1,0
5.9,4.32,77.834094,0,1,0
7.08,4.32,77.834094,0,1,0
8.26,4.32,77.834094,0,1,0
9.44,4.32,77.834094,0,1,0
10.62,4.32,77.834094,0,1,0
0,-3.94,78.454094,0,1,0
1.18,-3.94,78.454094,0,1,0
2.36,-3.94,78.454094,0,1,0
3.54,-3.94,78.454094,0,1,0
4.72,-3.94,78.454094,0,1,0
5.9,-3.94,78.454094,0,1,0
7.08,-3.94,78.454094,0,1,0
8.26,-3.94,78.454094,0,1,0
9.44,-3.94,78.454094,0,1,0
10.62,-3.94,78.454094,0,1,0
0,-2.76,78.454094,0.458908783,0,0.541091217
1.18,-2.76,78.454094,0.458908783,0,0.541091217
2.36,-2.76,78.454094,0.458908783,0,0.541091217
3.54,-2.76,78.454094,0.458908783,0,0.541091217
4.72,-2.76,78.454094,0.458908783,0,0.541091217
5.9,-2.76,78.454094,0.458908783,0,0.541091217
7.08,-2.76,78.454094,0.458908783,0,0.541091217
8.26,-2.76,78.454094,0.458908783,0,0.541091217
9.44,-2.76,78.454094,0.458908783,0,0.541091217
10.62,-2.76,78.454094,0.458908783,0,0.541091217
0,-1.58,78.454094,0.480761582,0,0.519238418
1.18,-1.58,78.454094,0.480761582,0,0.519238418
2.36,-1.58,78.454094,0.480761582,0,0.519238418
3.54,-1.58,78.454094,0.480761582,0,0.519238418
4.72,-1.58,78.454094,0.480761582,0,0.519238418
5.9,-1.58,78.454094,0.480761582,0,0.519238418
7.08,-1.58,78.454094,0.480761582,0,0.519238418
8.26,-1.58,78.454094,0.480761582,0,0.519238418
9.44,-1.58,78.454094,0.480761582,0,0.519238418
10.62,-1.58,78.454094,0.480761582,0,0.519238418
0,-0.400000000000002,78.454094,0.51769054,0,0.48230946
1.18,-0.400000000000002,78.454094,0.51769054,0,0.48230946
2.36,-0.400000000000002,78.454094,0.51769054,0,0.48230946
3.54,-0.400000000000002,78.454094,0.51769054,0,0.48230946
4.72,-0.400000000000002,78.454094,0.51769054,0,0.48230946
5.9,-0.400000000000002,78.454094,0.51769054,0,0.48230946
7.08,-0.400000000000002,78.454094,0.51769054,0,0.48230946
8.26,-0.400000000000002,78.454094,0.51769054,0,0.48230946
9.44,-0.400000000000002,78.454094,0.51769054,0,0.48230946
10.62,-0.400000000000002,78.454094,0.51769054,0,0.48230946
0,0.779999999999998,78.454094,0.502614381,0,0.497385619
1.18,0.779999999999998,78.454094,0.502614381,0,0.497385619
2.36,0.779999999999998,78.454094,0.502614381,0,0.497385619
3.54,0.779999999999998,78.454094,0.502614381,0,0.497385619
4.72,0.779999999999998,78.454094,0.502614381,0,0.497385619
5.9,0.779999999999998,78.454094,0.502614381,0,0.497385619
7.08,0.779999999999998,78.454094,0.502614381,0,0.497385619
8.26,0.779999999999998,78.454094,0.502614381,0,0.497385619
9.44,0.779999999999998,78.454094,0.502614381,0,0.497385619
10.62,0.779999999999998,78.454094,0.502614381,0,0.497385619
0,1.96,78.454094,0.480761582,0,0.519238418
1.18,1.96,78.454094,0.480761582,0,0.519238418
2.36,1.96,78.454094,0.480761582,0,0.519238418
3.54,1.96,78.454094,0.480761582,0,0.519238418
4.72,1.96,78.454094,0.480761582,0,0.519238418
5.9,1.96,78.454094,0.480761582,0,0.519238418
7.08,1.96,78.454094,0.480761582,0,0.519238418
8.26,1.96,78.454094,0.480761582,0,0.519238418
9.44,1.96,78.454094,0.480761582,0,0.519238418
10.62,1.96,78.454094,0.480761582,0,0.519238418
0,3.14,78.454094,0.458908783,0,0.541091217
1.18,3.14,78.454094,0.458908783,0,0.541091217
2.36,3.14,78.454094,0.458908783,0,0.541091217
3.54,3.14,78.454094,0.458908783,0,0.541091217
4.72,3.14,78.454094,0.458908783,0,0.541091217
5.9,3.14,78.454094,0.458908783,0,0.541091217
7.08,3.14,78.454094,0.458908783,0,0.541091217
8.26,3.14,78.454094,0.458908783,0,0.541091217
9.44,3.14,78.454094,0.458908783,0,0.541091217
10.62,3.14,78.454094,0.458908783,0,0.541091217
0,4.32,78.454094,0,1,0
1.18,4.32,78.454094,0,1,0
2.36,4.32,78.454094,0,1,0
3.54,4.32,78.454094,0,1,0
4.72,4.32,78.454094,0,1,0
5.9,4.32,78.454094,0,1,0
7.08,4.32,78.454094,0,1,0
8.26,4.32,78.454094,0,1,0
9.44,4.32,78.454094,0,1,0
10.62,4.32,78.454094,0,1,0
0,-3.94,79.074094,0,1,0
1.18,-3.94,79.074094,0,1,0
2.36,-3.94,79.074094,0,1,0
3.54,-3.94,79.074094,0,1,0
4.72,-3.94,79.074094,0,1,0
5.9,-3.94,79.074094,0,1,0
7.08,-3.94,79.074094,0,1,0
8.26,-3.94,79.074094,0,1,0
9.44,-3.94,79.074094,0,1,0
10.62,-3.94,79.074094,0,1,0
0,-2.76,79.074094,0.447575953,0,0.552424047
1.18,-2.76,79.074094,0.447575953,0,0.552424047
2.36,-2.76,79.074094,0.447575953,0,0.552424047
3.54,-2.76,79.074094,0.447575953,0,0.552424047
4.72,-2.76,79.074094,0.447575953,0,0.552424047
5.9,-2.76,79.074094,0.447575953,0,0.552424047
7.08,-2.76,79.074094,0.447575953,0,0.552424047
8.26,-2.76,79.074094,0.447575953,0,0.552424047
9.44,-2.76,79.074094,0.447575953,0,0.552424047
10.62,-2.76,79.074094,0.447575953,0,0.552424047
0,-1.58,79.074094,0.468889093,0,0.531110907
1.18,-1.58,79.074094,0.468889093,0,0.531110907
2.36,-1.58,79.074094,0.468889093,0,0.531110907
3.54,-1.58,79.074094,0.468889093,0,0.531110907
4.72,-1.58,79.074094,0.468889093,0,0.531110907
5.9,-1.58,79.074094,0.468889093,0,0.531110907
7.08,-1.58,79.074094,0.468889093,0,0.531110907
8.26,-1.58,79.074094,0.468889093,0,0.531110907
9.44,-1.58,79.074094,0.468889093,0,0.531110907
10.62,-1.58,79.074094,0.468889093,0,0.531110907
0,-0.400000000000002,79.074094,0.504906085,0,0.495093915
1.18,-0.400000000000002,79.074094,0.504906085,0,0.495093915
2.36,-0.400000000000002,79.074094,0.504906085,0,0.495093915
3.54,-0.400000000000002,79.074094,0.504906085,0,0.495093915
4.72,-0.400000000000002,79.074094,0.504906085,0,0.495093915
5.9,-0.400000000000002,79.074094,0.504906085,0,0.495093915
7.08,-0.400000000000002,79.074094,0.504906085,0,0.495093915
8.26,-0.400000000000002,79.074094,0.504906085,0,0.495093915
9.44,-0.400000000000002,79.074094,0.504906085,0,0.495093915
10.62,-0.400000000000002,79.074094,0.504906085,0,0.495093915
0,0.779999999999998,79.074094,0.490202234,0,0.509797766
1.18,0.779999999999998,79.074094,0.490202234,0,0.509797766
2.36,0.779999999999998,79.074094,0.490202234,0,0.509797766
3.54,0.779999999999998,79.074094,0.490202234,0,0.509797766
4.72,0.779999999999998,79.074094,0.490202234,0,0.509797766
5.9,0.779999999999998,79.074094,0.490202234,0,0.509797766
7.08,0.779999999999998,79.074094,0.490202234,0,0.509797766
8.26,0.779999999999998,79.074094,0.490202234,0,0.509797766
9.44,0.779999999999998,79.074094,0.490202234,0,0.509797766
10.62,0.779999999999998,79.074094,0.490202234,0,0.509797766
0,1.96,79.074094,0.468889093,0,0.531110907
1.18,1.96,79.074094,0.468889093,0,0.531110907
2.36,1.96,79.074094,0.468889093,0,0.531110907
3.54,1.96,79.074094,0.468889093,0,0.531110907
4.72,1.96,79.074094,0.468889093,0,0.531110907
5.9,1.96,79.074094,0.468889093,0,0.531110907
7.08,1.96,79.074094,0.468889093,0,0.531110907
8.26,1.96,79.074094,0.468889093,0,0.531110907
9.44,1.96,79.074094,0.468889093,0,0.531110907
10.62,1.96,79.074094,0.468889093,0,0.531110907
0,3.14,79.074094,0.447575953,0,0.552424047
1.18,3.14,79.074094,0.447575953,0,0.552424047
2.36,3.14,79.074094,0.447575953,0,0.552424047
3.54,3.14,79.074094,0.447575953,0,0.552424047
4.72,3.14,79.074094,0.447575953,0,0.552424047
5.9,3.14,79.074094,0.447575953,0,0.552424047
7.08,3.14,79.074094,0.447575953,0,0.552424047
8.26,3.14,79.074094,0.447575953,0,0.552424047
9.44,3.14,79.074094,0.447575953,0,0.552424047
10.62,3.14,79.074094,0.447575953,0,0.552424047
0,4.32,79.074094,0,1,0
1.18,4.32,79.074094,0,1,0
2.36,4.32,79.074094,0,1,0
3.54,4.32,79.074094,0,1,0
4.72,4.32,79.074094,0,1,0
5.9,4.32,79.074094,0,1,0
7.08,4.32,79.074094,0,1,0
8.26,4.32,79.074094,0,1,0
9.44,4.32,79.074094,0,1,0
10.62,4.32,79.074094,0,1,0
0,-3.94,79.694094,0,1,0
1.18,-3.94,79.694094,0,1,0
2.36,-3.94,79.694094,0,1,0
3.54,-3.94,79.694094,0,1,0
4.72,-3.94,79.694094,0,1,0
5.9,-3.94,79.694094,0,1,0
7.08,-3.94,79.694094,0,1,0
8.26,-3.94,79.694094,0,1,0
9.44,-3.94,79.694094,0,1,0
10.62,-3.94,79.694094,0,1,0
0,-2.76,79.694094,0.441800537,0,0.558199463
1.18,-2.76,79.694094,0.441800537,0,0.558199463
2.36,-2.76,79.694094,0.441800537,0,0.558199463
3.54,-2.76,79.694094,0.441800537,0,0.558199463
4.72,-2.76,79.694094,0.441800537,0,0.558199463
5.9,-2.76,79.694094,0.441800537,0,0.558199463
7.08,-2.76,79.694094,0.441800537,0,0.558199463
8.26,-2.76,79.694094,0.441800537,0,0.558199463
9.44,-2.76,79.694094,0.441800537,0,0.558199463
10.62,-2.76,79.694094,0.441800537,0,0.558199463
0,-1.58,79.694094,0.462838658,0,0.537161342
1.18,-1.58,79.694094,0.462838658,0,0.537161342
2.36,-1.58,79.694094,0.462838658,0,0.537161342
3.54,-1.58,79.694094,0.462838658,0,0.537161342
4.72,-1.58,79.694094,0.462838658,0,0.537161342
5.9,-1.58,79.694094,0.462838658,0,0.537161342
7.08,-1.58,79.694094,0.462838658,0,0.537161342
8.26,-1.58,79.694094,0.462838658,0,0.537161342
9.44,-1.58,79.694094,0.462838658,0,0.537161342
10.62,-1.58,79.694094,0.462838658,0,0.537161342
0,-0.400000000000002,79.694094,0.498390894,0,0.501609106
1.18,-0.400000000000002,79.694094,0.498390894,0,0.501609106
2.36,-0.400000000000002,79.694094,0.498390894,0,0.501609106
3.54,-0.400000000000002,79.694094,0.498390894,0,0.501609106
4.72,-0.400000000000002,79.694094,0.498390894,0,0.501609106
5.9,-0.400000000000002,79.694094,0.498390894,0,0.501609106
7.08,-0.400000000000002,79.694094,0.498390894,0,0.501609106
8.26,-0.400000000000002,79.694094,0.498390894,0,0.501609106
9.44,-0.400000000000002,79.694094,0.498390894,0,0.501609106
10.62,-0.400000000000002,79.694094,0.498390894,0,0.501609106
0,0.779999999999998,79.694094,0.483876779,0,0.516123221
1.18,0.779999999999998,79.694094,0.483876779,0,0.516123221
2.36,0.779999999999998,79.694094,0.483876779,0,0.516123221
3.54,0.779999999999998,79.694094,0.483876779,0,0.516123221
4.72,0.779999999999998,79.694094,0.483876779,0,0.516123221
5.9,0.779999999999998,79.694094,0.483876779,0,0.516123221
7.08,0.779999999999998,79.694094,0.483876779,0,0.516123221
8.26,0.779999999999998,79.694094,0.483876779,0,0.516123221
9.44,0.779999999999998,79.694094,0.483876779,0,0.516123221
10.62,0.779999999999998,79.694094,0.483876779,0,0.516123221
0,1.96,79.694094,0.462838658,0,0.537161342
1.18,1.96,79.694094,0.462838658,0,0.537161342
2.36,1.96,79.694094,0.462838658,0,0.537161342
3.54,1.96,79.694094,0.462838658,0,0.537161342
4.72,1.96,79.694094,0.462838658,0,0.537161342
5.9,1.96,79.694094,0.462838658,0,0.537161342
7.08,1.96,79.694094,0.462838658,0,0.537161342
8.26,1.96,79.694094,0.462838658,0,0.537161342
9.44,1.96,79.694094,0.462838658,0,0.537161342
10.62,1.96,79.694094,0.462838658,0,0.537161342
0,3.14,79.694094,0.441800537,0,0.558199463
1.18,3.14,79.694094,0.441800537,0,0.558199463
2.36,3.14,79.694094,0.441800537,0,0.558199463
3.54,3.14,79.694094,0.441800537,0,0.558199463
4.72,3.14,79.694094,0.441800537,0,0.558199463
5.9,3.14,79.694094,0.441800537,0,0.558199463
7.08,3.14,79.694094,0.441800537,0,0.558199463
8.26,3.14,79.694094,0.441800537,0,0.558199463
9.44,3.14,79.694094,0.441800537,0,0.558199463
10.62,3.14,79.694094,0.441800537,0,0.558199463
0,4.32,79.694094,0,1,0
1.18,4.32,79.694094,0,1,0
2.36,4.32,79.694094,0,1,0
3.54,4.32,79.694094,0,1,0
4.72,4.32,79.694094,0,1,0
5.9,4.32,79.694094,0,1,0
7.08,4.32,79.694094,0,1,0
8.26,4.32,79.694094,0,1,0
9.44,4.32,79.694094,0,1,0
10.62,4.32,79.694094,0,1,0
0,-3.94,80.314094,0,1,0
1.18,-3.94,80.314094,0,1,0
2.36,-3.94,80.314094,0,1,0
3.54,-3.94,80.314094,0,1,0
4.72,-3.94,80.314094,0,1,0
5.9,-3.94,80.314094,0,1,0
7.08,-3.94,80.314094,0,1,0
8.26,-3.94,80.314094,0,1,0
9.44,-3.94,80.314094,0,1,0
10.62,-3.94,80.314094,0,1,0
0,-2.76,80.314094,0.435948616,0,0.564051384
1.18,-2.76,80.314094,0.435948616,0,0.564051384
2.36,-2.76,80.314094,0.435948616,0,0.564051384
3.54,-2.76,80.314094,0.435948616,0,0.564051384
4.72,-2.76,80.314094,0.435948616,0,0.564051384
5.9,-2.76,80.314094,0.435948616,0,0.564051384
7.08,-2.76,80.314094,0.435948616,0,0.564051384
8.26,-2.76,80.314094,0.435948616,0,0.564051384
9.44,-2.76,80.314094,0.435948616,0,0.564051384
10.62,-2.76,80.314094,0.435948616,0,0.564051384
0,-1.58,80.314094,0.456708074,0,0.543291926
1.18,-1.58,80.314094,0.456708074,0,0.543291926
2.36,-1.58,80.314094,0.456708074,0,0.543291926
3.54,-1.58,80.314094,0.456708074,0,0.543291926
4.72,-1.58,80.314094,0.456708074,0,0.543291926
5.9,-1.58,80.314094,0.456708074,0,0.543291926
7.08,-1.58,80.314094,0.456708074,0,0.543291926
8.26,-1.58,80.314094,0.456708074,0,0.543291926
9.44,-1.58,80.314094,0.456708074,0,0.543291926
10.62,-1.58,80.314094,0.456708074,0,0.543291926
0,-0.400000000000002,80.314094,0.491789399,0,0.508210601
1.18,-0.400000000000002,80.314094,0.491789399,0,0.508210601
2.36,-0.400000000000002,80.314094,0.491789399,0,0.508210601
3.54,-0.400000000000002,80.314094,0.491789399,0,0.508210601
4.72,-0.400000000000002,80.314094,0.491789399,0,0.508210601
5.9,-0.400000000000002,80.314094,0.491789399,0,0.508210601
7.08,-0.400000000000002,80.314094,0.491789399,0,0.508210601
8.26,-0.400000000000002,80.314094,0.491789399,0,0.508210601
9.44,-0.400000000000002,80.314094,0.491789399,0,0.508210601
10.62,-0.400000000000002,80.314094,0.491789399,0,0.508210601
0,0.779999999999998,80.314094,0.477467532,0,0.522532468
1.18,0.779999999999998,80.314094,0.477467532,0,0.522532468
2.36,0.779999999999998,80.314094,0.477467532,0,0.522532468
3.54,0.779999999999998,80.314094,0.477467532,0,0.522532468
4.72,0.779999999999998,80.314094,0.477467532,0,0.522532468
5.9,0.779999999999998,80.314094,0.477467532,0,0.522532468
7.08,0.779999999999998,80.314094,0.477467532,0,0.522532468
8.26,0.779999999999998,80.314094,0.477467532,0,0.522532468
9.44,0.779999999999998,80.314094,0.477467532,0,0.522532468
10.62,0.779999999999998,80.314094,0.477467532,0,0.522532468
0,1.96,80.314094,0.456708074,0,0.543291926
1.18,1.96,80.314094,0.456708074,0,0.543291926
2.36,1.96,80.314094,0.456708074,0,0.543291926
3.54,1.96,80.314094,0.456708074,0,0.543291926
4.72,1.96,80.314094,0.456708074,0,0.543291926
5.9,1.96,80.314094,0.456708074,0,0.543291926
7.08,1.96,80.314094,0.456708074,0,0.543291926
8.26,1.96,80.314094,0.456708074,0,0.543291926
9.44,1.96,80.314094,0.456708074,0,0.543291926
10.62,1.96,80.314094,0.456708074,0,0.543291926
0,3.14,80.314094,0.435948616,0,0.564051384
1.18,3.14,80.314094,0.435948616,0,0.564051384
2.36,3.14,80.314094,0.435948616,0,0.564051384
3.54,3.14,80.314094,0.435948616,0,0.564051384
4.72,3.14,80.314094,0.435948616,0,0.564051384
5.9,3.14,80.314094,0.435948616,0,0.564051384
7.08,3.14,80.314094,0.435948616,0,0.564051384
8.26,3.14,80.314094,0.435948616,0,0.564051384
9.44,3.14,80.314094,0.435948616,0,0.564051384
10.62,3.14,80.314094,0.435948616,0,0.564051384
0,4.32,80.314094,0,1,0
1.18,4.32,80.314094,0,1,0
2.36,4.32,80.314094,0,1,0
3.54,4.32,80.314094,0,1,0
4.72,4.32,80.314094,0,1,0
5.9,4.32,80.314094,0,1,0
7.08,4.32,80.314094,0,1,0
8.26,4.32,80.314094,0,1,0
9.44,4.32,80.314094,0,1,0
10.62,4.32,80.314094,0,1,0
0,-3.94,80.934094,0,1,0
1.18,-3.94,80.934094,0,1,0
2.36,-3.94,80.934094,0,1,0
3.54,-3.94,80.934094,0,1,0
4.72,-3.94,80.934094,0,1,0
5.9,-3.94,80.934094,0,1,0
7.08,-3.94,80.934094,0,1,0
8.26,-3.94,80.934094,0,1,0
9.44,-3.94,80.934094,0,1,0
10.62,-3.94,80.934094,0,1,0
0,-2.76,80.934094,0.430017066,0,0.569982934
1.18,-2.76,80.934094,0.430017066,0,0.569982934
2.36,-2.76,80.934094,0.430017066,0,0.569982934
3.54,-2.76,80.934094,0.430017066,0,0.569982934
4.72,-2.76,80.934094,0.430017066,0,0.569982934
5.9,-2.76,80.934094,0.430017066,0,0.569982934
7.08,-2.76,80.934094,0.430017066,0,0.569982934
8.26,-2.76,80.934094,0.430017066,0,0.569982934
9.44,-2.76,80.934094,0.430017066,0,0.569982934
10.62,-2.76,80.934094,0.430017066,0,0.569982934
0,-1.58,80.934094,0.450494069,0,0.549505931
1.18,-1.58,80.934094,0.450494069,0,0.549505931
2.36,-1.58,80.934094,0.450494069,0,0.549505931
3.54,-1.58,80.934094,0.450494069,0,0.549505931
4.72,-1.58,80.934094,0.450494069,0,0.549505931
5.9,-1.58,80.934094,0.450494069,0,0.549505931
7.08,-1.58,80.934094,0.450494069,0,0.549505931
8.26,-1.58,80.934094,0.450494069,0,0.549505931
9.44,-1.58,80.934094,0.450494069,0,0.549505931
10.62,-1.58,80.934094,0.450494069,0,0.549505931
0,-0.400000000000002,80.934094,0.485098075,0,0.514901925
1.18,-0.400000000000002,80.934094,0.485098075,0,0.514901925
2.36,-0.400000000000002,80.934094,0.485098075,0,0.514901925
3.54,-0.400000000000002,80.934094,0.485098075,0,0.514901925
4.72,-0.400000000000002,80.934094,0.485098075,0,0.514901925
5.9,-0.400000000000002,80.934094,0.485098075,0,0.514901925
7.08,-0.400000000000002,80.934094,0.485098075,0,0.514901925
8.26,-0.400000000000002,80.934094,0.485098075,0,0.514901925
9.44,-0.400000000000002,80.934094,0.485098075,0,0.514901925
10.62,-0.400000000000002,80.934094,0.485098075,0,0.514901925
0,0.779999999999998,80.934094,0.470971072,0,0.529028928
1.18,0.779999999999998,80.934094,0.470971072,0,0.529028928
2.36,0.779999999999998,80.934094,0.470971072,0,0.529028928
3.54,0.779999999999998,80.934094,0.470971072,0,0.529028928
4.72,0.779999999999998,80.934094,0.470971072,0,0.529028928
5.9,0.779999999999998,80.934094,0.470971072,0,0.529028928
7.08,0.779999999999998,80.934094,0.470971072,0,0.529028928
8.26,0.779999999999998,80.934094,0.470971072,0,0.529028928
9.44,0.779999999999998,80.934094,0.470971072,0,0.529028928
10.62,0.779999999999998,80.934094,0.470971072,0,0.529028928
0,1.96,80.934094,0.450494069,0,0.549505931
1.18,1.96,80.934094,0.450494069,0,0.549505931
2.36,1.96,80.934094,0.450494069,0,0.549505931
3.54,1.96,80.934094,0.450494069,0,0.549505931
4.72,1.96,80.934094,0.450494069,0,0.549505931
5.9,1.96,80.934094,0.450494069,0,0.549505931
7.08,1.96,80.934094,0.450494069,0,0.549505931
8.26,1.96,80.934094,0.450494069,0,0.549505931
9.44,1.96,80.934094,0.450494069,0,0.549505931
10.62,1.96,80.934094,0.450494069,0,0.549505931
0,3.14,80.934094,0.430017066,0,0.569982934
1.18,3.14,80.934094,0.430017066,0,0.569982934
2.36,3.14,80.934094,0.430017066,0,0.569982934
3.54,3.14,80.934094,0.430017066,0,0.569982934
4.72,3.14,80.934094,0.430017066,0,0.569982934
5.9,3.14,80.934094,0.430017066,0,0.569982934
7.08,3.14,80.934094,0.430017066,0,0.569982934
8.26,3.14,80.934094,0.430017066,0,0.569982934
9.44,3.14,80.934094,0.430017066,0,0.569982934
10.62,3.14,80.934094,0.430017066,0,0.569982934
0,4.32,80.934094,0,1,0
1.18,4.32,80.934094,0,1,0
2.36,4.32,80.934094,0,1,0
3.54,4.32,80.934094,0,1,0
4.72,4.32,80.934094,0,1,0
5.9,4.32,80.934094,0,1,0
7.08,4.32,80.934094,0,1,0
8.26,4.32,80.934094,0,1,0
9.44,4.32,80.934094,0,1,0
10.62,4.32,80.934094,0,1,0
0,-3.94,81.554094,0,1,0
1.18,-3.94,81.554094,0,1,0
2.36,-3.94,81.554094,0,1,0
3.54,-3.94,81.554094,0,1,0
4.72,-3.94,81.554094,0,1,0
5.9,-3.94,81.554094,0,1,0
7.08,-3.94,81.554094,0,1,0
8.26,-3.94,81.554094,0,1,0
9.44,-3.94,81.554094,0,1,0
10.62,-3.94,81.554094,0,1,0
0,-2.76,81.554094,0.417901471,0,0.582098529
1.18,-2.76,81.554094,0.417901471,0,0.582098529
2.36,-2.76,81.554094,0.417901471,0,0.582098529
3.54,-2.76,81.554094,0.417901471,0,0.582098529
4.72,-2.76,81.554094,0.417901471,0,0.582098529
5.9,-2.76,81.554094,0.417901471,0,0.582098529
7.08,-2.76,81.554094,0.417901471,0,0.582098529
8.26,-2.76,81.554094,0.417901471,0,0.582098529
9.44,-2.76,81.554094,0.417901471,0,0.582098529
10.62,-2.76,81.554094,0.417901471,0,0.582098529
0,-1.58,81.554094,0.437801541,0,0.562198459
1.18,-1.58,81.554094,0.437801541,0,0.562198459
2.36,-1.58,81.554094,0.437801541,0,0.562198459
3.54,-1.58,81.554094,0.437801541,0,0.562198459
4.72,-1.58,81.554094,0.437801541,0,0.562198459
5.9,-1.58,81.554094,0.437801541,0,0.562198459
7.08,-1.58,81.554094,0.437801541,0,0.562198459
8.26,-1.58,81.554094,0.437801541,0,0.562198459
9.44,-1.58,81.554094,0.437801541,0,0.562198459
10.62,-1.58,81.554094,0.437801541,0,0.562198459
0,-0.400000000000002,81.554094,0.47143059,0,0.52856941
1.18,-0.400000000000002,81.554094,0.47143059,0,0.52856941
2.36,-0.400000000000002,81.554094,0.47143059,0,0.52856941
3.54,-0.400000000000002,81.554094,0.47143059,0,0.52856941
4.72,-0.400000000000002,81.554094,0.47143059,0,0.52856941
5.9,-0.400000000000002,81.554094,0.47143059,0,0.52856941
7.08,-0.400000000000002,81.554094,0.47143059,0,0.52856941
8.26,-0.400000000000002,81.554094,0.47143059,0,0.52856941
9.44,-0.400000000000002,81.554094,0.47143059,0,0.52856941
10.62,-0.400000000000002,81.554094,0.47143059,0,0.52856941
0,0.779999999999998,81.554094,0.457701611,0,0.542298389
1.18,0.779999999999998,81.554094,0.457701611,0,0.542298389
2.36,0.779999999999998,81.554094,0.457701611,0,0.542298389
3.54,0.779999999999998,81.554094,0.457701611,0,0.542298389
4.72,0.779999999999998,81.554094,0.457701611,0,0.542298389
5.9,0.779999999999998,81.554094,0.457701611,0,0.542298389
7.08,0.779999999999998,81.554094,0.457701611,0,0.542298389
8.26,0.779999999999998,81.554094,0.457701611,0,0.542298389
9.44,0.779999999999998,81.554094,0.457701611,0,0.542298389
10.62,0.779999999999998,81.554094,0.457701611,0,0.542298389
0,1.96,81.554094,0.437801541,0,0.562198459
1.18,1.96,81.554094,0.437801541,0,0.562198459
2.36,1.96,81.554094,0.437801541,0,0.562198459
3.54,1.96,81.554094,0.437801541,0,0.562198459
4.72,1.96,81.554094,0.437801541,0,0.562198459
5.9,1.96,81.554094,0.437801541,0,0.562198459
7.08,1.96,81.554094,0.437801541,0,0.562198459
8.26,1.96,81.554094,0.437801541,0,0.562198459
9.44,1.96,81.554094,0.437801541,0,0.562198459
10.62,1.96,81.554094,0.437801541,0,0.562198459
0,3.14,81.554094,0.417901471,0,0.582098529
1.18,3.14,81.554094,0.417901471,0,0.582098529
2.36,3.14,81.554094,0.417901471,0,0.582098529
3.54,3.14,81.554094,0.417901471,0,0.582098529
4.72,3.14,81.554094,0.417901471,0,0.582098529
5.9,3.14,81.554094,0.417901471,0,0.582098529
7.08,3.14,81.554094,0.417901471,0,0.582098529
8.26,3.14,81.554094,0.417901471,0,0.582098529
9.44,3.14,81.554094,0.417901471,0,0.582098529
10.62,3.14,81.554094,0.417901471,0,0.582098529
0,4.32,81.554094,0,1,0
1.18,4.32,81.554094,0,1,0
2.36,4.32,81.554094,0,1,0
3.54,4.32,81.554094,0,1,0
4.72,4.32,81.554094,0,1,0
5.9,4.32,81.554094,0,1,0
7.08,4.32,81.554094,0,1,0
8.26,4.32,81.554094,0,1,0
9.44,4.32,81.554094,0,1,0
10.62,4.32,81.554094,0,1,0
0,-3.94,82.174094,0,1,0
1.18,-3.94,82.174094,0,1,0
2.36,-3.94,82.174094,0,1,0
3.54,-3.94,82.174094,0,1,0
4.72,-3.94,82.174094,0,1,0
5.9,-3.94,82.174094,0,1,0
7.08,-3.94,82.174094,0,1,0
8.26,-3.94,82.174094,0,1,0
9.44,-3.94,82.174094,0,1,0
10.62,-3.94,82.174094,0,1,0
0,-2.76,82.174094,0.411709996,0,0.588290004
1.18,-2.76,82.174094,0.411709996,0,0.588290004
2.36,-2.76,82.174094,0.411709996,0,0.588290004
3.54,-2.76,82.174094,0.411709996,0,0.588290004
4.72,-2.76,82.174094,0.411709996,0,0.588290004
5.9,-2.76,82.174094,0.411709996,0,0.588290004
7.08,-2.76,82.174094,0.411709996,0,0.588290004
8.26,-2.76,82.174094,0.411709996,0,0.588290004
9.44,-2.76,82.174094,0.411709996,0,0.588290004
10.62,-2.76,82.174094,0.411709996,0,0.588290004
0,-1.58,82.174094,0.431315234,0,0.568684766
1.18,-1.58,82.174094,0.431315234,0,0.568684766
2.36,-1.58,82.174094,0.431315234,0,0.568684766
3.54,-1.58,82.174094,0.431315234,0,0.568684766
4.72,-1.58,82.174094,0.431315234,0,0.568684766
5.9,-1.58,82.174094,0.431315234,0,0.568684766
7.08,-1.58,82.174094,0.431315234,0,0.568684766
8.26,-1.58,82.174094,0.431315234,0,0.568684766
9.44,-1.58,82.174094,0.431315234,0,0.568684766
10.62,-1.58,82.174094,0.431315234,0,0.568684766
0,-0.400000000000002,82.174094,0.464446047,0,0.535553953
1.18,-0.400000000000002,82.174094,0.464446047,0,0.535553953
2.36,-0.400000000000002,82.174094,0.464446047,0,0.535553953
3.54,-0.400000000000002,82.174094,0.464446047,0,0.535553953
4.72,-0.400000000000002,82.174094,0.464446047,0,0.535553953
5.9,-0.400000000000002,82.174094,0.464446047,0,0.535553953
7.08,-0.400000000000002,82.174094,0.464446047,0,0.535553953
8.26,-0.400000000000002,82.174094,0.464446047,0,0.535553953
9.44,-0.400000000000002,82.174094,0.464446047,0,0.535553953
10.62,-0.400000000000002,82.174094,0.464446047,0,0.535553953
0,0.779999999999998,82.174094,0.450920472,0,0.549079528
1.18,0.779999999999998,82.174094,0.450920472,0,0.549079528
2.36,0.779999999999998,82.174094,0.450920472,0,0.549079528
3.54,0.779999999999998,82.174094,0.450920472,0,0.549079528
4.72,0.779999999999998,82.174094,0.450920472,0,0.549079528
5.9,0.779999999999998,82.174094,0.450920472,0,0.549079528
7.08,0.779999999999998,82.174094,0.450920472,0,0.549079528
8.26,0.779999999999998,82.174094,0.450920472,0,0.549079528
9.44,0.779999999999998,82.174094,0.450920472,0,0.549079528
10.62,0.779999999999998,82.174094,0.450920472,0,0.549079528
0,1.96,82.174094,0.431315234,0,0.568684766
1.18,1.96,82.174094,0.431315234,0,0.568684766
2.36,1.96,82.174094,0.431315234,0,0.568684766
3.54,1.96,82.174094,0.431315234,0,0.568684766
4.72,1.96,82.174094,0.431315234,0,0.568684766
5.9,1.96,82.174094,0.431315234,0,0.568684766
7.08,1.96,82.174094,0.431315234,0,0.568684766
8.26,1.96,82.174094,0.431315234,0,0.568684766
9.44,1.96,82.174094,0.431315234,0,0.568684766
10.62,1.96,82.174094,0.431315234,0,0.568684766
0,3.14,82.174094,0.411709996,0,0.588290004
1.18,3.14,82.174094,0.411709996,0,0.588290004
2.36,3.14,82.174094,0.411709996,0,0.588290004
3.54,3.14,82.174094,0.411709996,0,0.588290004
4.72,3.14,82.174094,0.411709996,0,0.588290004
5.9,3.14,82.174094,0.411709996,0,0.588290004
7.08,3.14,82.174094,0.411709996,0,0.588290004
8.26,3.14,82.174094,0.411709996,0,0.588290004
9.44,3.14,82.174094,0.411709996,0,0.588290004
10.62,3.14,82.174094,0.411709996,0,0.588290004
0,4.32,82.174094,0,1,0
1.18,4.32,82.174094,0,1,0
2.36,4.32,82.174094,0,1,0
3.54,4.32,82.174094,0,1,0
4.72,4.32,82.174094,0,1,0
5.9,4.32,82.174094,0,1,0
7.08,4.32,82.174094,0,1,0
8.26,4.32,82.174094,0,1,0
9.44,4.32,82.174094,0,1,0
10.62,4.32,82.174094,0,1,0
0,-3.94,82.794094,0,1,0
1.18,-3.94,82.794094,0,1,0
2.36,-3.94,82.794094,0,1,0
3.54,-3.94,82.794094,0,1,0
4.72,-3.94,82.794094,0,1,0
5.9,-3.94,82.794094,0,1,0
7.08,-3.94,82.794094,0,1,0
8.26,-3.94,82.794094,0,1,0
9.44,-3.94,82.794094,0,1,0
10.62,-3.94,82.794094,0,1,0
0,-2.76,82.794094,0.405423978,0,0.594576022
1.18,-2.76,82.794094,0.405423978,0,0.594576022
2.36,-2.76,82.794094,0.405423978,0,0.594576022
3.54,-2.76,82.794094,0.405423978,0,0.594576022
4.72,-2.76,82.794094,0.405423978,0,0.594576022
5.9,-2.76,82.794094,0.405423978,0,0.594576022
7.08,-2.76,82.794094,0.405423978,0,0.594576022
8.26,-2.76,82.794094,0.405423978,0,0.594576022
9.44,-2.76,82.794094,0.405423978,0,0.594576022
10.62,-2.76,82.794094,0.405423978,0,0.594576022
0,-1.58,82.794094,0.424729882,0,0.575270118
1.18,-1.58,82.794094,0.424729882,0,0.575270118
2.36,-1.58,82.794094,0.424729882,0,0.575270118
3.54,-1.58,82.794094,0.424729882,0,0.575270118
4.72,-1.58,82.794094,0.424729882,0,0.575270118
5.9,-1.58,82.794094,0.424729882,0,0.575270118
7.08,-1.58,82.794094,0.424729882,0,0.575270118
8.26,-1.58,82.794094,0.424729882,0,0.575270118
9.44,-1.58,82.794094,0.424729882,0,0.575270118
10.62,-1.58,82.794094,0.424729882,0,0.575270118
0,-0.400000000000002,82.794094,0.457354851,0,0.542645149
1.18,-0.400000000000002,82.794094,0.457354851,0,0.542645149
2.36,-0.400000000000002,82.794094,0.457354851,0,0.542645149
3.54,-0.400000000000002,82.794094,0.457354851,0,0.542645149
4.72,-0.400000000000002,82.794094,0.457354851,0,0.542645149
5.9,-0.400000000000002,82.794094,0.457354851,0,0.542645149
7.08,-0.400000000000002,82.794094,0.457354851,0,0.542645149
8.26,-0.400000000000002,82.794094,0.457354851,0,0.542645149
9.44,-0.400000000000002,82.794094,0.457354851,0,0.542645149
10.62,-0.400000000000002,82.794094,0.457354851,0,0.542645149
0,0.779999999999998,82.794094,0.444035785,0,0.555964215
1.18,0.779999999999998,82.794094,0.444035785,0,0.555964215
2.36,0.779999999999998,82.794094,0.444035785,0,0.555964215
3.54,0.779999999999998,82.794094,0.444035785,0,0.555964215
4.72,0.779999999999998,82.794094,0.444035785,0,0.555964215
5.9,0.779999999999998,82.794094,0.444035785,0,0.555964215
7.08,0.779999999999998,82.794094,0.444035785,0,0.555964215
8.26,0.779999999999998,82.794094,0.444035785,0,0.555964215
9.44,0.779999999999998,82.794094,0.444035785,0,0.555964215
10.62,0.779999999999998,82.794094,0.444035785,0,0.555964215
0,1.96,82.794094,0.424729882,0,0.575270118
1.18,1.96,82.794094,0.424729882,0,0.575270118
2.36,1.96,82.794094,0.424729882,0,0.575270118
3.54,1.96,82.794094,0.424729882,0,0.575270118
4.72,1.96,82.794094,0.424729882,0,0.575270118
5.9,1.96,82.794094,0.424729882,0,0.575270118
7.08,1.96,82.794094,0.424729882,0,0.575270118
8.26,1.96,82.794094,0.424729882,0,0.575270118
9.44,1.96,82.794094,0.424729882,0,0.575270118
10.62,1.96,82.794094,0.424729882,0,0.575270118
0,3.14,82.794094,0.405423978,0,0.594576022
1.18,3.14,82.794094,0.405423978,0,0.594576022
2.36,3.14,82.794094,0.405423978,0,0.594576022
3.54,3.14,82.794094,0.405423978,0,0.594576022
4.72,3.14,82.794094,0.405423978,0,0.594576022
5.9,3.14,82.794094,0.405423978,0,0.594576022
7.08,3.14,82.794094,0.405423978,0,0.594576022
8.26,3.14,82.794094,0.405423978,0,0.594576022
9.44,3.14,82.794094,0.405423978,0,0.594576022
10.62,3.14,82.794094,0.405423978,0,0.594576022
0,4.32,82.794094,0,1,0
1.18,4.32,82.794094,0,1,0
2.36,4.32,82.794094,0,1,0
3.54,4.32,82.794094,0,1,0
4.72,4.32,82.794094,0,1,0
5.9,4.32,82.794094,0,1,0
7.08,4.32,82.794094,0,1,0
8.26,4.32,82.794094,0,1,0
9.44,4.32,82.794094,0,1,0
10.62,4.32,82.794094,0,1,0
0,-2.76,83.414094,0,1,0
1.18,-2.76,83.414094,0,1,0
2.36,-2.76,83.414094,0,1,0
3.54,-2.76,83.414094,0,1,0
4.72,-2.76,83.414094,0,1,0
5.9,-2.76,83.414094,0,1,0
7.08,-2.76,83.414094,0,1,0
8.26,-2.76,83.414094,0,1,0
9.44,-2.76,83.414094,0,1,0
10.62,-2.76,83.414094,0,1,0
0,-1.58,83.414094,0.418040804,0,0.581959196
1.18,-1.58,83.414094,0.418040804,0,0.581959196
2.36,-1.58,83.414094,0.418040804,0,0.581959196
3.54,-1.58,83.414094,0.418040804,0,0.581959196
4.72,-1.58,83.414094,0.418040804,0,0.581959196
5.9,-1.58,83.414094,0.418040804,0,0.581959196
7.08,-1.58,83.414094,0.418040804,0,0.581959196
8.26,-1.58,83.414094,0.418040804,0,0.581959196
9.44,-1.58,83.414094,0.418040804,0,0.581959196
10.62,-1.58,83.414094,0.418040804,0,0.581959196
0,-0.400000000000002,83.414094,0.450151962,0,0.549848038
1.18,-0.400000000000002,83.414094,0.450151962,0,0.549848038
2.36,-0.400000000000002,83.414094,0.450151962,0,0.549848038
3.54,-0.400000000000002,83.414094,0.450151962,0,0.549848038
4.72,-0.400000000000002,83.414094,0.450151962,0,0.549848038
5.9,-0.400000000000002,83.414094,0.450151962,0,0.549848038
7.08,-0.400000000000002,83.414094,0.450151962,0,0.549848038
8.26,-0.400000000000002,83.414094,0.450151962,0,0.549848038
9.44,-0.400000000000002,83.414094,0.450151962,0,0.549848038
10.62,-0.400000000000002,83.414094,0.450151962,0,0.549848038
0,0.779999999999998,83.414094,0.437042659,0,0.562957341
1.18,0.779999999999998,83.414094,0.437042659,0,0.562957341
2.36,0.779999999999998,83.414094,0.437042659,0,0.562957341
3.54,0.779999999999998,83.414094,0.437042659,0,0.562957341
4.72,0.779999999999998,83.414094,0.437042659,0,0.562957341
5.9,0.779999999999998,83.414094,0.437042659,0,0.562957341
7.08,0.779999999999998,83.414094,0.437042659,0,0.562957341
8.26,0.779999999999998,83.414094,0.437042659,0,0.562957341
9.44,0.779999999999998,83.414094,0.437042659,0,0.562957341
10.62,0.779999999999998,83.414094,0.437042659,0,0.562957341
0,1.96,83.414094,0.418040804,0,0.581959196
1.18,1.96,83.414094,0.418040804,0,0.581959196
2.36,1.96,83.414094,0.418040804,0,0.581959196
3.54,1.96,83.414094,0.418040804,0,0.581959196
4.72,1.96,83.414094,0.418040804,0,0.581959196
5.9,1.96,83.414094,0.418040804,0,0.581959196
7.08,1.96,83.414094,0.418040804,0,0.581959196
8.26,1.96,83.414094,0.418040804,0,0.581959196
9.44,1.96,83.414094,0.418040804,0,0.581959196
10.62,1.96,83.414094,0.418040804,0,0.581959196
0,3.14,83.414094,0,1,0
1.18,3.14,83.414094,0,1,0
2.36,3.14,83.414094,0,1,0
3.54,3.14,83.414094,0,1,0
4.72,3.14,83.414094,0,1,0
5.9,3.14,83.414094,0,1,0
7.08,3.14,83.414094,0,1,0
8.26,3.14,83.414094,0,1,0
9.44,3.14,83.414094,0,1,0
10.62,3.14,83.414094,0,1,0
0,-2.76,84.034094,0,1,0
1.18,-2.76,84.034094,0,1,0
2.36,-2.76,84.034094,0,1,0
3.54,-2.76,84.034094,0,1,0
4.72,-2.76,84.034094,0,1,0
5.9,-2.76,84.034094,0,1,0
7.08,-2.76,84.034094,0,1,0
8.26,-2.76,84.034094,0,1,0
9.44,-2.76,84.034094,0,1,0
10.62,-2.76,84.034094,0,1,0
0,-1.58,84.034094,0.404330801,0,0.595669199
1.18,-1.58,84.034094,0.404330801,0,0.595669199
2.36,-1.58,84.034094,0.404330801,0,0.595669199
3.54,-1.58,84.034094,0.404330801,0,0.595669199
4.72,-1.58,84.034094,0.404330801,0,0.595669199
5.9,-1.58,84.034094,0.404330801,0,0.595669199
7.08,-1.58,84.034094,0.404330801,0,0.595669199
8.26,-1.58,84.034094,0.404330801,0,0.595669199
9.44,-1.58,84.034094,0.404330801,0,0.595669199
10.62,-1.58,84.034094,0.404330801,0,0.595669199
0,-0.400000000000002,84.034094,0.435388847,0,0.564611153
1.18,-0.400000000000002,84.034094,0.435388847,0,0.564611153
2.36,-0.400000000000002,84.034094,0.435388847,0,0.564611153
3.54,-0.400000000000002,84.034094,0.435388847,0,0.564611153
4.72,-0.400000000000002,84.034094,0.435388847,0,0.564611153
5.9,-0.400000000000002,84.034094,0.435388847,0,0.564611153
7.08,-0.400000000000002,84.034094,0.435388847,0,0.564611153
8.26,-0.400000000000002,84.034094,0.435388847,0,0.564611153
9.44,-0.400000000000002,84.034094,0.435388847,0,0.564611153
10.62,-0.400000000000002,84.034094,0.435388847,0,0.564611153
0,0.779999999999998,84.034094,0.422709474,0,0.577290526
1.18,0.779999999999998,84.034094,0.422709474,0,0.577290526
2.36,0.779999999999998,84.034094,0.422709474,0,0.577290526
3.54,0.779999999999998,84.034094,0.422709474,0,0.577290526
4.72,0.779999999999998,84.034094,0.422709474,0,0.577290526
5.9,0.779999999999998,84.034094,0.422709474,0,0.577290526
7.08,0.779999999999998,84.034094,0.422709474,0,0.577290526
8.26,0.779999999999998,84.034094,0.422709474,0,0.577290526
9.44,0.779999999999998,84.034094,0.422709474,0,0.577290526
10.62,0.779999999999998,84.034094,0.422709474,0,0.577290526
0,1.96,84.034094,0.404330801,0,0.595669199
1.18,1.96,84.034094,0.404330801,0,0.595669199
2.36,1.96,84.034094,0.404330801,0,0.595669199
3.54,1.96,84.034094,0.404330801,0,0.595669199
4.72,1.96,84.034094,0.404330801,0,0.595669199
5.9,1.96,84.034094,0.404330801,0,0.595669199
7.08,1.96,84.034094,0.404330801,0,0.595669199
8.26,1.96,84.034094,0.404330801,0,0.595669199
9.44,1.96,84.034094,0.404330801,0,0.595669199
10.62,1.96,84.034094,0.404330801,0,0.595669199
0,3.14,84.034094,0,1,0
1.18,3.14,84.034094,0,1,0
2.36,3.14,84.034094,0,1,0
3.54,3.14,84.034094,0,1,0
4.72,3.14,84.034094,0,1,0
5.9,3.14,84.034094,0,1,0
7.08,3.14,84.034094,0,1,0
8.26,3.14,84.034094,0,1,0
9.44,3.14,84.034094,0,1,0
10.62,3.14,84.034094,0,1,0
0,-2.76,84.654094,0,1,0
1.18,-2.76,84.654094,0,1,0
2.36,-2.76,84.654094,0,1,0
3.54,-2.76,84.654094,0,1,0
4.72,-2.76,84.654094,0,1,0
5.9,-2.76,84.654094,0,1,0
7.08,-2.76,84.654094,0,1,0
8.26,-2.76,84.654094,0,1,0
9.44,-2.76,84.654094,0,1,0
10.62,-2.76,84.654094,0,1,0
0,-1.58,84.654094,0.397298425,0,0.602701575
1.18,-1.58,84.654094,0.397298425,0,0.602701575
2.36,-1.58,84.654094,0.397298425,0,0.602701575
3.54,-1.58,84.654094,0.397298425,0,0.602701575
4.72,-1.58,84.654094,0.397298425,0,0.602701575
5.9,-1.58,84.654094,0.397298425,0,0.602701575
7.08,-1.58,84.654094,0.397298425,0,0.602701575
8.26,-1.58,84.654094,0.397298425,0,0.602701575
9.44,-1.58,84.654094,0.397298425,0,0.602701575
10.62,-1.58,84.654094,0.397298425,0,0.602701575
0,-0.400000000000002,84.654094,0.427816289,0,0.572183711
1.18,-0.400000000000002,84.654094,0.427816289,0,0.572183711
2.36,-0.400000000000002,84.654094,0.427816289,0,0.572183711
3.54,-0.400000000000002,84.654094,0.427816289,0,0.572183711
4.72,-0.400000000000002,84.654094,0.427816289,0,0.572183711
5.9,-0.400000000000002,84.654094,0.427816289,0,0.572183711
7.08,-0.400000000000002,84.654094,0.427816289,0,0.572183711
8.26,-0.400000000000002,84.654094,0.427816289,0,0.572183711
9.44,-0.400000000000002,84.654094,0.427816289,0,0.572183711
10.62,-0.400000000000002,84.654094,0.427816289,0,0.572183711
0,0.779999999999998,84.654094,0.415357444,0,0.584642556
1.18,0.779999999999998,84.654094,0.415357444,0,0.584642556
2.36,0.779999999999998,84.654094,0.415357444,0,0.584642556
3.54,0.779999999999998,84.654094,0.415357444,0,0.584642556
4.72,0.779999999999998,84.654094,0.415357444,0,0.584642556
5.9,0.779999999999998,84.654094,0.415357444,0,0.584642556
7.08,0.779999999999998,84.654094,0.415357444,0,0.584642556
8.26,0.779999999999998,84.654094,0.415357444,0,0.584642556
9.44,0.779999999999998,84.654094,0.415357444,0,0.584642556
10.62,0.779999999999998,84.654094,0.415357444,0,0.584642556
0,1.96,84.654094,0.397298425,0,0.602701575
1.18,1.96,84.654094,0.397298425,0,0.602701575
2.36,1.96,84.654094,0.397298425,0,0.602701575
3.54,1.96,84.654094,0.397298425,0,0.602701575
4.72,1.96,84.654094,0.397298425,0,0.602701575
5.9,1.96,84.654094,0.397298425,0,0.602701575
7.08,1.96,84.654094,0.397298425,0,0.602701575
8.26,1.96,84.654094,0.397298425,0,0.602701575
9.44,1.96,84.654094,0.397298425,0,0.602701575
10.62,1.96,84.654094,0.397298425,0,0.602701575
0,3.14,84.654094,0,1,0
1.18,3.14,84.654094,0,1,0
2.36,3.14,84.654094,0,1,0
3.54,3.14,84.654094,0,1,0
4.72,3.14,84.654094,0,1,0
5.9,3.14,84.654094,0,1,0
7.08,3.14,84.654094,0,1,0
8.26,3.14,84.654094,0,1,0
9.44,3.14,84.654094,0,1,0
10.62,3.14,84.654094,0,1,0
0,-2.76,85.274094,0,1,0
1.18,-2.76,85.274094,0,1,0
2.36,-2.76,85.274094,0,1,0
3.54,-2.76,85.274094,0,1,0
4.72,-2.76,85.274094,0,1,0
5.9,-2.76,85.274094,0,1,0
7.08,-2.76,85.274094,0,1,0
8.26,-2.76,85.274094,0,1,0
9.44,-2.76,85.274094,0,1,0
10.62,-2.76,85.274094,0,1,0
0,-1.58,85.274094,0.390139308,0,0.609860692
1.18,-1.58,85.274094,0.390139308,0,0.609860692
2.36,-1.58,85.274094,0.390139308,0,0.609860692
3.54,-1.58,85.274094,0.390139308,0,0.609860692
4.72,-1.58,85.274094,0.390139308,0,0.609860692
5.9,-1.58,85.274094,0.390139308,0,0.609860692
7.08,-1.58,85.274094,0.390139308,0,0.609860692
8.26,-1.58,85.274094,0.390139308,0,0.609860692
9.44,-1.58,85.274094,0.390139308,0,0.609860692
10.62,-1.58,85.274094,0.390139308,0,0.609860692
0,-0.400000000000002,85.274094,0.420107256,0,0.579892744
1.18,-0.400000000000002,85.274094,0.420107256,0,0.579892744
2.36,-0.400000000000002,85.274094,0.420107256,0,0.579892744
3.54,-0.400000000000002,85.274094,0.420107256,0,0.579892744
4.72,-0.400000000000002,85.274094,0.420107256,0,0.579892744
5.9,-0.400000000000002,85.274094,0.420107256,0,0.579892744
7.08,-0.400000000000002,85.274094,0.420107256,0,0.579892744
8.26,-0.400000000000002,85.274094,0.420107256,0,0.579892744
9.44,-0.400000000000002,85.274094,0.420107256,0,0.579892744
10.62,-0.400000000000002,85.274094,0.420107256,0,0.579892744
0,0.779999999999998,85.274094,0.407872913,0,0.592127087
1.18,0.779999999999998,85.274094,0.407872913,0,0.592127087
2.36,0.779999999999998,85.274094,0.407872913,0,0.592127087
3.54,0.779999999999998,85.274094,0.407872913,0,0.592127087
4.72,0.779999999999998,85.274094,0.407872913,0,0.592127087
5.9,0.779999999999998,85.274094,0.407872913,0,0.592127087
7.08,0.779999999999998,85.274094,0.407872913,0,0.592127087
8.26,0.779999999999998,85.274094,0.407872913,0,0.592127087
9.44,0.779999999999998,85.274094,0.407872913,0,0.592127087
10.62,0.779999999999998,85.274094,0.407872913,0,0.592127087
0,1.96,85.274094,0.390139308,0,0.609860692
1.18,1.96,85.274094,0.390139308,0,0.609860692
2.36,1.96,85.274094,0.390139308,0,0.609860692
3.54,1.96,85.274094,0.390139308,0,0.609860692
4.72,1.96,85.274094,0.390139308,0,0.609860692
5.9,1.96,85.274094,0.390139308,0,0.609860692
7.08,1.96,85.274094,0.390139308,0,0.609860692
8.26,1.96,85.274094,0.390139308,0,0.609860692
9.44,1.96,85.274094,0.390139308,0,0.609860692
10.62,1.96,85.274094,0.390139308,0,0.609860692
0,3.14,85.274094,0,1,0
1.18,3.14,85.274094,0,1,0
2.36,3.14,85.274094,0,1,0
3.54,3.14,85.274094,0,1,0
4.72,3.14,85.274094,0,1,0
5.9,3.14,85.274094,0,1,0
7.08,3.14,85.274094,0,1,0
8.26,3.14,85.274094,0,1,0
9.44,3.14,85.274094,0,1,0
10.62,3.14,85.274094,0,1,0
0,-2.76,85.894094,0,1,0
1.18,-2.76,85.894094,0,1,0
2.36,-2.76,85.894094,0,1,0
3.54,-2.76,85.894094,0,1,0
4.72,-2.76,85.894094,0,1,0
5.9,-2.76,85.894094,0,1,0
7.08,-2.76,85.894094,0,1,0
8.26,-2.76,85.894094,0,1,0
9.44,-2.76,85.894094,0,1,0
10.62,-2.76,85.894094,0,1,0
0,-1.58,85.894094,0.382846342,0,0.617153658
1.18,-1.58,85.894094,0.382846342,0,0.617153658
2.36,-1.58,85.894094,0.382846342,0,0.617153658
3.54,-1.58,85.894094,0.382846342,0,0.617153658
4.72,-1.58,85.894094,0.382846342,0,0.617153658
5.9,-1.58,85.894094,0.382846342,0,0.617153658
7.08,-1.58,85.894094,0.382846342,0,0.617153658
8.26,-1.58,85.894094,0.382846342,0,0.617153658
9.44,-1.58,85.894094,0.382846342,0,0.617153658
10.62,-1.58,85.894094,0.382846342,0,0.617153658
0,-0.400000000000002,85.894094,0.412254092,0,0.587745908
1.18,-0.400000000000002,85.894094,0.412254092,0,0.587745908
2.36,-0.400000000000002,85.894094,0.412254092,0,0.587745908
3.54,-0.400000000000002,85.894094,0.412254092,0,0.587745908
4.72,-0.400000000000002,85.894094,0.412254092,0,0.587745908
5.9,-0.400000000000002,85.894094,0.412254092,0,0.587745908
7.08,-0.400000000000002,85.894094,0.412254092,0,0.587745908
8.26,-0.400000000000002,85.894094,0.412254092,0,0.587745908
9.44,-0.400000000000002,85.894094,0.412254092,0,0.587745908
10.62,-0.400000000000002,85.894094,0.412254092,0,0.587745908
0,0.779999999999998,85.894094,0.400248448,0,0.599751552
1.18,0.779999999999998,85.894094,0.400248448,0,0.599751552
2.36,0.779999999999998,85.894094,0.400248448,0,0.599751552
3.54,0.779999999999998,85.894094,0.400248448,0,0.599751552
4.72,0.779999999999998,85.894094,0.400248448,0,0.599751552
5.9,0.779999999999998,85.894094,0.400248448,0,0.599751552
7.08,0.779999999999998,85.894094,0.400248448,0,0.599751552
8.26,0.779999999999998,85.894094,0.400248448,0,0.599751552
9.44,0.779999999999998,85.894094,0.400248448,0,0.599751552
10.62,0.779999999999998,85.894094,0.400248448,0,0.599751552
0,1.96,85.894094,0.382846342,0,0.617153658
1.18,1.96,85.894094,0.382846342,0,0.617153658
2.36,1.96,85.894094,0.382846342,0,0.617153658
3.54,1.96,85.894094,0.382846342,0,0.617153658
4.72,1.96,85.894094,0.382846342,0,0.617153658
5.9,1.96,85.894094,0.382846342,0,0.617153658
7.08,1.96,85.894094,0.382846342,0,0.617153658
8.26,1.96,85.894094,0.382846342,0,0.617153658
9.44,1.96,85.894094,0.382846342,0,0.617153658
10.62,1.96,85.894094,0.382846342,0,0.617153658
0,3.14,85.894094,0,1,0
1.18,3.14,85.894094,0,1,0
2.36,3.14,85.894094,0,1,0
3.54,3.14,85.894094,0,1,0
4.72,3.14,85.894094,0,1,0
5.9,3.14,85.894094,0,1,0
7.08,3.14,85.894094,0,1,0
8.26,3.14,85.894094,0,1,0
9.44,3.14,85.894094,0,1,0
10.62,3.14,85.894094,0,1,0
0,-2.76,86.514094,0,1,0
1.18,-2.76,86.514094,0,1,0
2.36,-2.76,86.514094,0,1,0
3.54,-2.76,86.514094,0,1,0
4.72,-2.76,86.514094,0,1,0
5.9,-2.76,86.514094,0,1,0
7.08,-2.76,86.514094,0,1,0
8.26,-2.76,86.514094,0,1,0
9.44,-2.76,86.514094,0,1,0
10.62,-2.76,86.514094,0,1,0
0,-1.58,86.514094,0.375411724,0,0.624588276
1.18,-1.58,86.514094,0.375411724,0,0.624588276
2.36,-1.58,86.514094,0.375411724,0,0.624588276
3.54,-1.58,86.514094,0.375411724,0,0.624588276
4.72,-1.58,86.514094,0.375411724,0,0.624588276
5.9,-1.58,86.514094,0.375411724,0,0.624588276
7.08,-1.58,86.514094,0.375411724,0,0.624588276
8.26,-1.58,86.514094,0.375411724,0,0.624588276
9.44,-1.58,86.514094,0.375411724,0,0.624588276
10.62,-1.58,86.514094,0.375411724,0,0.624588276
0,-0.400000000000002,86.514094,0.404248396,0,0.595751604
1.18,-0.400000000000002,86.514094,0.404248396,0,0.595751604
2.36,-0.400000000000002,86.514094,0.404248396,0,0.595751604
3.54,-0.400000000000002,86.514094,0.404248396,0,0.595751604
4.72,-0.400000000000002,86.514094,0.404248396,0,0.595751604
5.9,-0.400000000000002,86.514094,0.404248396,0,0.595751604
7.08,-0.400000000000002,86.514094,0.404248396,0,0.595751604
8.26,-0.400000000000002,86.514094,0.404248396,0,0.595751604
9.44,-0.400000000000002,86.514094,0.404248396,0,0.595751604
10.62,-0.400000000000002,86.514094,0.404248396,0,0.595751604
0,0.779999999999998,86.514094,0.392475894,0,0.607524106
1.18,0.779999999999998,86.514094,0.392475894,0,0.607524106
2.36,0.779999999999998,86.514094,0.392475894,0,0.607524106
3.54,0.779999999999998,86.514094,0.392475894,0,0.607524106
4.72,0.779999999999998,86.514094,0.392475894,0,0.607524106
5.9,0.779999999999998,86.514094,0.392475894,0,0.607524106
7.08,0.779999999999998,86.514094,0.392475894,0,0.607524106
8.26,0.779999999999998,86.514094,0.392475894,0,0.607524106
9.44,0.779999999999998,86.514094,0.392475894,0,0.607524106
10.62,0.779999999999998,86.514094,0.392475894,0,0.607524106
0,1.96,86.514094,0.375411724,0,0.624588276
1.18,1.96,86.514094,0.375411724,0,0.624588276
2.36,1.96,86.514094,0.375411724,0,0.624588276
3.54,1.96,86.514094,0.375411724,0,0.624588276
4.72,1.96,86.514094,0.375411724,0,0.624588276
5.9,1.96,86.514094,0.375411724,0,0.624588276
7.08,1.96,86.514094,0.375411724,0,0.624588276
8.26,1.96,86.514094,0.375411724,0,0.624588276
9.44,1.96,86.514094,0.375411724,0,0.624588276
10.62,1.96,86.514094,0.375411724,0,0.624588276
0,3.14,86.514094,0,1,0
1.18,3.14,86.514094,0,1,0
2.36,3.14,86.514094,0,1,0
3.54,3.14,86.514094,0,1,0
4.72,3.14,86.514094,0,1,0
5.9,3.14,86.514094,0,1,0
7.08,3.14,86.514094,0,1,0
8.26,3.14,86.514094,0,1,0
9.44,3.14,86.514094,0,1,0
10.62,3.14,86.514094,0,1,0
0,-2.76,87.134094,0,1,0
1.18,-2.76,87.134094,0,1,0
2.36,-2.76,87.134094,0,1,0
3.54,-2.76,87.134094,0,1,0
4.72,-2.76,87.134094,0,1,0
5.9,-2.76,87.134094,0,1,0
7.08,-2.76,87.134094,0,1,0
8.26,-2.76,87.134094,0,1,0
9.44,-2.76,87.134094,0,1,0
10.62,-2.76,87.134094,0,1,0
0,-1.58,87.134094,0.360082276,0,0.639917724
1.18,-1.58,87.134094,0.360082276,0,0.639917724
2.36,-1.58,87.134094,0.360082276,0,0.639917724
3.54,-1.58,87.134094,0.360082276,0,0.639917724
4.72,-1.58,87.134094,0.360082276,0,0.639917724
5.9,-1.58,87.134094,0.360082276,0,0.639917724
7.08,-1.58,87.134094,0.360082276,0,0.639917724
8.26,-1.58,87.134094,0.360082276,0,0.639917724
9.44,-1.58,87.134094,0.360082276,0,0.639917724
10.62,-1.58,87.134094,0.360082276,0,0.639917724
0,-0.400000000000002,87.134094,0.38774144,0,0.61225856
1.18,-0.400000000000002,87.134094,0.38774144,0,0.61225856
2.36,-0.400000000000002,87.134094,0.38774144,0,0.61225856
3.54,-0.400000000000002,87.134094,0.38774144,0,0.61225856
4.72,-0.400000000000002,87.134094,0.38774144,0,0.61225856
5.9,-0.400000000000002,87.134094,0.38774144,0,0.61225856
7.08,-0.400000000000002,87.134094,0.38774144,0,0.61225856
8.26,-0.400000000000002,87.134094,0.38774144,0,0.61225856
9.44,-0.400000000000002,87.134094,0.38774144,0,0.61225856
10.62,-0.400000000000002,87.134094,0.38774144,0,0.61225856
0,0.779999999999998,87.134094,0.376449653,0,0.623550347
1.18,0.779999999999998,87.134094,0.376449653,0,0.623550347
2.36,0.779999999999998,87.134094,0.376449653,0,0.623550347
3.54,0.779999999999998,87.134094,0.376449653,0,0.623550347
4.72,0.779999999999998,87.134094,0.376449653,0,0.623550347
5.9,0.779999999999998,87.134094,0.376449653,0,0.623550347
7.08,0.779999999999998,87.134094,0.376449653,0,0.623550347
8.26,0.779999999999998,87.134094,0.376449653,0,0.623550347
9.44,0.779999999999998,87.134094,0.376449653,0,0.623550347
10.62,0.779999999999998,87.134094,0.376449653,0,0.623550347
0,1.96,87.134094,0.360082276,0,0.639917724
1.18,1.96,87.134094,0.360082276,0,0.639917724
2.36,1.96,87.134094,0.360082276,0,0.639917724
3.54,1.96,87.134094,0.360082276,0,0.639917724
4.72,1.96,87.134094,0.360082276,0,0.639917724
5.9,1.96,87.134094,0.360082276,0,0.639917724
7.08,1.96,87.134094,0.360082276,0,0.639917724
8.26,1.96,87.134094,0.360082276,0,0.639917724
9.44,1.96,87.134094,0.360082276,0,0.639917724
10.62,1.96,87.134094,0.360082276,0,0.639917724
0,3.14,87.134094,0,1,0
1.18,3.14,87.134094,0,1,0
2.36,3.14,87.134094,0,1,0
3.54,3.14,87.134094,0,1,0
4.72,3.14,87.134094,0,1,0
5.9,3.14,87.134094,0,1,0
7.08,3.14,87.134094,0,1,0
8.26,3.14,87.134094,0,1,0
9.44,3.14,87.134094,0,1,0
10.62,3.14,87.134094,0,1,0
0,-2.76,87.754094,0,1,0
1.18,-2.76,87.754094,0,1,0
2.36,-2.76,87.754094,0,1,0
3.54,-2.76,87.754094,0,1,0
4.72,-2.76,87.754094,0,1,0
5.9,-2.76,87.754094,0,1,0
7.08,-2.76,87.754094,0,1,0
8.26,-2.76,87.754094,0,1,0
9.44,-2.76,87.754094,0,1,0
10.62,-2.76,87.754094,0,1,0
0,-1.58,87.754094,0.352167414,0,0.647832586
1.18,-1.58,87.754094,0.352167414,0,0.647832586
2.36,-1.58,87.754094,0.352167414,0,0.647832586
3.54,-1.58,87.754094,0.352167414,0,0.647832586
4.72,-1.58,87.754094,0.352167414,0,0.647832586
5.9,-1.58,87.754094,0.352167414,0,0.647832586
7.08,-1.58,87.754094,0.352167414,0,0.647832586
8.26,-1.58,87.754094,0.352167414,0,0.647832586
9.44,-1.58,87.754094,0.352167414,0,0.647832586
10.62,-1.58,87.754094,0.352167414,0,0.647832586
0,-0.400000000000002,87.754094,0.379218609,0,0.620781391
1.18,-0.400000000000002,87.754094,0.379218609,0,0.620781391
2.36,-0.400000000000002,87.754094,0.379218609,0,0.620781391
3.54,-0.400000000000002,87.754094,0.379218609,0,0.620781391
4.72,-0.400000000000002,87.754094,0.379218609,0,0.620781391
5.9,-0.400000000000002,87.754094,0.379218609,0,0.620781391
7.08,-0.400000000000002,87.754094,0.379218609,0,0.620781391
8.26,-0.400000000000002,87.754094,0.379218609,0,0.620781391
9.44,-0.400000000000002,87.754094,0.379218609,0,0.620781391
10.62,-0.400000000000002,87.754094,0.379218609,0,0.620781391
0,0.779999999999998,87.754094,0.368175023,0,0.631824977
1.18,0.779999999999998,87.754094,0.368175023,0,0.631824977
2.36,0.779999999999998,87.754094,0.368175023,0,0.631824977
3.54,0.779999999999998,87.754094,0.368175023,0,0.631824977
4.72,0.779999999999998,87.754094,0.368175023,0,0.631824977
5.9,0.779999999999998,87.754094,0.368175023,0,0.631824977
7.08,0.779999999999998,87.754094,0.368175023,0,0.631824977
8.26,0.779999999999998,87.754094,0.368175023,0,0.631824977
9.44,0.779999999999998,87.754094,0.368175023,0,0.631824977
10.62,0.779999999999998,87.754094,0.368175023,0,0.631824977
0,1.96,87.754094,0.352167414,0,0.647832586
1.18,1.96,87.754094,0.352167414,0,0.647832586
2.36,1.96,87.754094,0.352167414,0,0.647832586
3.54,1.96,87.754094,0.352167414,0,0.647832586
4.72,1.96,87.754094,0.352167414,0,0.647832586
5.9,1.96,87.754094,0.352167414,0,0.647832586
7.08,1.96,87.754094,0.352167414,0,0.647832586
8.26,1.96,87.754094,0.352167414,0,0.647832586
9.44,1.96,87.754094,0.352167414,0,0.647832586
10.62,1.96,87.754094,0.352167414,0,0.647832586
0,3.14,87.754094,0,1,0
1.18,3.14,87.754094,0,1,0
2.36,3.14,87.754094,0,1,0
3.54,3.14,87.754094,0,1,0
4.72,3.14,87.754094,0,1,0
5.9,3.14,87.754094,0,1,0
7.08,3.14,87.754094,0,1,0
8.26,3.14,87.754094,0,1,0
9.44,3.14,87.754094,0,1,0
10.62,3.14,87.754094,0,1,0
0,-3.94,88.374094,0,1,0
1.18,-3.94,88.374094,0,1,0
2.36,-3.94,88.374094,0,1,0
3.54,-3.94,88.374094,0,1,0
4.72,-3.94,88.374094,0,1,0
5.9,-3.94,88.374094,0,1,0
7.08,-3.94,88.374094,0,1,0
8.26,-3.94,88.374094,0,1,0
9.44,-3.94,88.374094,0,1,0
10.62,-3.94,88.374094,0,1,0
0,-2.76,88.374094,0,1,0
1.18,-2.76,88.374094,0,1,0
2.36,-2.76,88.374094,0,1,0
3.54,-2.76,88.374094,0,1,0
4.72,-2.76,88.374094,0,1,0
5.9,-2.76,88.374094,0,1,0
7.08,-2.76,88.374094,0,1,0
8.26,-2.76,88.374094,0,1,0
9.44,-2.76,88.374094,0,1,0
10.62,-2.76,88.374094,0,1,0
0,-1.58,88.374094,0.344070529,0,0.655929471
1.18,-1.58,88.374094,0.344070529,0,0.655929471
2.36,-1.58,88.374094,0.344070529,0,0.655929471
3.54,-1.58,88.374094,0.344070529,0,0.655929471
4.72,-1.58,88.374094,0.344070529,0,0.655929471
5.9,-1.58,88.374094,0.344070529,0,0.655929471
7.08,-1.58,88.374094,0.344070529,0,0.655929471
8.26,-1.58,88.374094,0.344070529,0,0.655929471
9.44,-1.58,88.374094,0.344070529,0,0.655929471
10.62,-1.58,88.374094,0.344070529,0,0.655929471
0,-0.400000000000002,88.374094,0.370499775,0,0.629500225
1.18,-0.400000000000002,88.374094,0.370499775,0,0.629500225
2.36,-0.400000000000002,88.374094,0.370499775,0,0.629500225
3.54,-0.400000000000002,88.374094,0.370499775,0,0.629500225
4.72,-0.400000000000002,88.374094,0.370499775,0,0.629500225
5.9,-0.400000000000002,88.374094,0.370499775,0,0.629500225
7.08,-0.400000000000002,88.374094,0.370499775,0,0.629500225
8.26,-0.400000000000002,88.374094,0.370499775,0,0.629500225
9.44,-0.400000000000002,88.374094,0.370499775,0,0.629500225
10.62,-0.400000000000002,88.374094,0.370499775,0,0.629500225
0,0.779999999999998,88.374094,0.359710098,0,0.640289902
1.18,0.779999999999998,88.374094,0.359710098,0,0.640289902
2.36,0.779999999999998,88.374094,0.359710098,0,0.640289902
3.54,0.779999999999998,88.374094,0.359710098,0,0.640289902
4.72,0.779999999999998,88.374094,0.359710098,0,0.640289902
5.9,0.779999999999998,88.374094,0.359710098,0,0.640289902
7.08,0.779999999999998,88.374094,0.359710098,0,0.640289902
8.26,0.779999999999998,88.374094,0.359710098,0,0.640289902
9.44,0.779999999999998,88.374094,0.359710098,0,0.640289902
10.62,0.779999999999998,88.374094,0.359710098,0,0.640289902
0,1.96,88.374094,0.344070529,0,0.655929471
1.18,1.96,88.374094,0.344070529,0,0.655929471
2.36,1.96,88.374094,0.344070529,0,0.655929471
3.54,1.96,88.374094,0.344070529,0,0.655929471
4.72,1.96,88.374094,0.344070529,0,0.655929471
5.9,1.96,88.374094,0.344070529,0,0.655929471
7.08,1.96,88.374094,0.344070529,0,0.655929471
8.26,1.96,88.374094,0.344070529,0,0.655929471
9.44,1.96,88.374094,0.344070529,0,0.655929471
10.62,1.96,88.374094,0.344070529,0,0.655929471
0,3.14,88.374094,0,1,0
1.18,3.14,88.374094,0,1,0
2.36,3.14,88.374094,0,1,0
3.54,3.14,88.374094,0,1,0
4.72,3.14,88.374094,0,1,0
5.9,3.14,88.374094,0,1,0
7.08,3.14,88.374094,0,1,0
8.26,3.14,88.374094,0,1,0
9.44,3.14,88.374094,0,1,0
10.62,3.14,88.374094,0,1,0
0,4.32,88.374094,0,1,0
1.18,4.32,88.374094,0,1,0
2.36,4.32,88.374094,0,1,0
3.54,4.32,88.374094,0,1,0
4.72,4.32,88.374094,0,1,0
5.9,4.32,88.374094,0,1,0
7.08,4.32,88.374094,0,1,0
8.26,4.32,88.374094,0,1,0
9.44,4.32,88.374094,0,1,0
10.62,4.32,88.374094,0,1,0
0,-3.94,88.994094,0,1,0
1.18,-3.94,88.994094,0,1,0
2.36,-3.94,88.994094,0,1,0
3.54,-3.94,88.994094,0,1,0
4.72,-3.94,88.994094,0,1,0
5.9,-3.94,88.994094,0,1,0
7.08,-3.94,88.994094,0,1,0
8.26,-3.94,88.994094,0,1,0
9.44,-3.94,88.994094,0,1,0
10.62,-3.94,88.994094,0,1,0
0,-2.76,88.994094,0.320515797,0,0.679484203
1.18,-2.76,88.994094,0.320515797,0,0.679484203
2.36,-2.76,88.994094,0.320515797,0,0.679484203
3.54,-2.76,88.994094,0.320515797,0,0.679484203
4.72,-2.76,88.994094,0.320515797,0,0.679484203
5.9,-2.76,88.994094,0.320515797,0,0.679484203
7.08,-2.76,88.994094,0.320515797,0,0.679484203
8.26,-2.76,88.994094,0.320515797,0,0.679484203
9.44,-2.76,88.994094,0.320515797,0,0.679484203
10.62,-2.76,88.994094,0.320515797,0,0.679484203
0,-1.58,88.994094,0.335778454,0,0.664221546
1.18,-1.58,88.994094,0.335778454,0,0.664221546
2.36,-1.58,88.994094,0.335778454,0,0.664221546
3.54,-1.58,88.994094,0.335778454,0,0.664221546
4.72,-1.58,88.994094,0.335778454,0,0.664221546
5.9,-1.58,88.994094,0.335778454,0,0.664221546
7.08,-1.58,88.994094,0.335778454,0,0.664221546
8.26,-1.58,88.994094,0.335778454,0,0.664221546
9.44,-1.58,88.994094,0.335778454,0,0.664221546
10.62,-1.58,88.994094,0.335778454,0,0.664221546
0,-0.400000000000002,88.994094,0.361570757,0,0.638429243
1.18,-0.400000000000002,88.994094,0.361570757,0,0.638429243
2.36,-0.400000000000002,88.994094,0.361570757,0,0.638429243
3.54,-0.400000000000002,88.994094,0.361570757,0,0.638429243
4.72,-0.400000000000002,88.994094,0.361570757,0,0.638429243
5.9,-0.400000000000002,88.994094,0.361570757,0,0.638429243
7.08,-0.400000000000002,88.994094,0.361570757,0,0.638429243
8.26,-0.400000000000002,88.994094,0.361570757,0,0.638429243
9.44,-0.400000000000002,88.994094,0.361570757,0,0.638429243
10.62,-0.400000000000002,88.994094,0.361570757,0,0.638429243
0,0.779999999999998,88.994094,0.351041111,0,0.648958889
1.18,0.779999999999998,88.994094,0.351041111,0,0.648958889
2.36,0.779999999999998,88.994094,0.351041111,0,0.648958889
3.54,0.779999999999998,88.994094,0.351041111,0,0.648958889
4.72,0.779999999999998,88.994094,0.351041111,0,0.648958889
5.9,0.779999999999998,88.994094,0.351041111,0,0.648958889
7.08,0.779999999999998,88.994094,0.351041111,0,0.648958889
8.26,0.779999999999998,88.994094,0.351041111,0,0.648958889
9.44,0.779999999999998,88.994094,0.351041111,0,0.648958889
10.62,0.779999999999998,88.994094,0.351041111,0,0.648958889
0,1.96,88.994094,0.335778454,0,0.664221546
1.18,1.96,88.994094,0.335778454,0,0.664221546
2.36,1.96,88.994094,0.335778454,0,0.664221546
3.54,1.96,88.994094,0.335778454,0,0.664221546
4.72,1.96,88.994094,0.335778454,0,0.664221546
5.9,1.96,88.994094,0.335778454,0,0.664221546
7.08,1.96,88.994094,0.335778454,0,0.664221546
8.26,1.96,88.994094,0.335778454,0,0.664221546
9.44,1.96,88.994094,0.335778454,0,0.664221546
10.62,1.96,88.994094,0.335778454,0,0.664221546
0,3.14,88.994094,0.320515797,0,0.679484203
1.18,3.14,88.994094,0.320515797,0,0.679484203
2.36,3.14,88.994094,0.320515797,0,0.679484203
3.54,3.14,88.994094,0.320515797,0,0.679484203
4.72,3.14,88.994094,0.320515797,0,0.679484203
5.9,3.14,88.994094,0.320515797,0,0.679484203
7.08,3.14,88.994094,0.320515797,0,0.679484203
8.26,3.14,88.994094,0.320515797,0,0.679484203
9.44,3.14,88.994094,0.320515797,0,0.679484203
10.62,3.14,88.994094,0.320515797,0,0.679484203
0,4.32,88.994094,0,1,0
1.18,4.32,88.994094,0,1,0
2.36,4.32,88.994094,0,1,0
3.54,4.32,88.994094,0,1,0
4.72,4.32,88.994094,0,1,0
5.9,4.32,88.994094,0,1,0
7.08,4.32,88.994094,0,1,0
8.26,4.32,88.994094,0,1,0
9.44,4.32,88.994094,0,1,0
10.62,4.32,88.994094,0,1,0
0,-3.94,89.614094,0,1,0
1.18,-3.94,89.614094,0,1,0
2.36,-3.94,89.614094,0,1,0
3.54,-3.94,89.614094,0,1,0
4.72,-3.94,89.614094,0,1,0
5.9,-3.94,89.614094,0,1,0
7.08,-3.94,89.614094,0,1,0
8.26,-3.94,89.614094,0,1,0
9.44,-3.94,89.614094,0,1,0
10.62,-3.94,89.614094,0,1,0
0,-2.76,89.614094,0.304067983,0,0.695932017
1.18,-2.76,89.614094,0.304067983,0,0.695932017
2.36,-2.76,89.614094,0.304067983,0,0.695932017
3.54,-2.76,89.614094,0.304067983,0,0.695932017
4.72,-2.76,89.614094,0.304067983,0,0.695932017
5.9,-2.76,89.614094,0.304067983,0,0.695932017
7.08,-2.76,89.614094,0.304067983,0,0.695932017
8.26,-2.76,89.614094,0.304067983,0,0.695932017
9.44,-2.76,89.614094,0.304067983,0,0.695932017
10.62,-2.76,89.614094,0.304067983,0,0.695932017
0,-1.58,89.614094,0.318547411,0,0.681452589
1.18,-1.58,89.614094,0.318547411,0,0.681452589
2.36,-1.58,89.614094,0.318547411,0,0.681452589
3.54,-1.58,89.614094,0.318547411,0,0.681452589
4.72,-1.58,89.614094,0.318547411,0,0.681452589
5.9,-1.58,89.614094,0.318547411,0,0.681452589
7.08,-1.58,89.614094,0.318547411,0,0.681452589
8.26,-1.58,89.614094,0.318547411,0,0.681452589
9.44,-1.58,89.614094,0.318547411,0,0.681452589
10.62,-1.58,89.614094,0.318547411,0,0.681452589
0,-0.400000000000002,89.614094,0.343016138,0,0.656983862
1.18,-0.400000000000002,89.614094,0.343016138,0,0.656983862
2.36,-0.400000000000002,89.614094,0.343016138,0,0.656983862
3.54,-0.400000000000002,89.614094,0.343016138,0,0.656983862
4.72,-0.400000000000002,89.614094,0.343016138,0,0.656983862
5.9,-0.400000000000002,89.614094,0.343016138,0,0.656983862
7.08,-0.400000000000002,89.614094,0.343016138,0,0.656983862
8.26,-0.400000000000002,89.614094,0.343016138,0,0.656983862
9.44,-0.400000000000002,89.614094,0.343016138,0,0.656983862
10.62,-0.400000000000002,89.614094,0.343016138,0,0.656983862
0,0.779999999999998,89.614094,0.333026839,0,0.666973161
1.18,0.779999999999998,89.614094,0.333026839,0,0.666973161
2.36,0.779999999999998,89.614094,0.333026839,0,0.666973161
3.54,0.779999999999998,89.614094,0.333026839,0,0.666973161
4.72,0.779999999999998,89.614094,0.333026839,0,0.666973161
5.9,0.779999999999998,89.614094,0.333026839,0,0.666973161
7.08,0.779999999999998,89.614094,0.333026839,0,0.666973161
8.26,0.779999999999998,89.614094,0.333026839,0,0.666973161
9.44,0.779999999999998,89.614094,0.333026839,0,0.666973161
10.62,0.779999999999998,89.614094,0.333026839,0,0.666973161
0,1.96,89.614094,0.318547411,0,0.681452589
1.18,1.96,89.614094,0.318547411,0,0.681452589
2.36,1.96,89.614094,0.318547411,0,0.681452589
3.54,1.96,89.614094,0.318547411,0,0.681452589
4.72,1.96,89.614094,0.318547411,0,0.681452589
5.9,1.96,89.614094,0.318547411,0,0.681452589
7.08,1.96,89.614094,0.318547411,0,0.681452589
8.26,1.96,89.614094,0.318547411,0,0.681452589
9.44,1.96,89.614094,0.318547411,0,0.681452589
10.62,1.96,89.614094,0.318547411,0,0.681452589
0,3.14,89.614094,0.304067983,0,0.695932017
1.18,3.14,89.614094,0.304067983,0,0.695932017
2.36,3.14,89.614094,0.304067983,0,0.695932017
3.54,3.14,89.614094,0.304067983,0,0.695932017
4.72,3.14,89.614094,0.304067983,0,0.695932017
5.9,3.14,89.614094,0.304067983,0,0.695932017
7.08,3.14,89.614094,0.304067983,0,0.695932017
8.26,3.14,89.614094,0.304067983,0,0.695932017
9.44,3.14,89.614094,0.304067983,0,0.695932017
10.62,3.14,89.614094,0.304067983,0,0.695932017
0,4.32,89.614094,0,1,0
1.18,4.32,89.614094,0,1,0
2.36,4.32,89.614094,0,1,0
3.54,4.32,89.614094,0,1,0
4.72,4.32,89.614094,0,1,0
5.9,4.32,89.614094,0,1,0
7.08,4.32,89.614094,0,1,0
8.26,4.32,89.614094,0,1,0
9.44,4.32,89.614094,0,1,0
10.62,4.32,89.614094,0,1,0
0,-5.12,90.234094,0,1,0
1.18,-5.12,90.234094,0,1,0
2.36,-5.12,90.234094,0,1,0
3.54,-5.12,90.234094,0,1,0
4.72,-5.12,90.234094,0,1,0
5.9,-5.12,90.234094,0,1,0
7.08,-5.12,90.234094,0,1,0
8.26,-5.12,90.234094,0,1,0
9.44,-5.12,90.234094,0,1,0
10.62,-5.12,90.234094,0,1,0
0,-3.94,90.234094,0,1,0
1.18,-3.94,90.234094,0,1,0
2.36,-3.94,90.234094,0,1,0
3.54,-3.94,90.234094,0,1,0
4.72,-3.94,90.234094,0,1,0
5.9,-3.94,90.234094,0,1,0
7.08,-3.94,90.234094,0,1,0
8.26,-3.94,90.234094,0,1,0
9.44,-3.94,90.234094,0,1,0
10.62,-3.94,90.234094,0,1,0
0,-2.76,90.234094,0.295500964,0,0.704499036
1.18,-2.76,90.234094,0.295500964,0,0.704499036
2.36,-2.76,90.234094,0.295500964,0,0.704499036
3.54,-2.76,90.234094,0.295500964,0,0.704499036
4.72,-2.76,90.234094,0.295500964,0,0.704499036
5.9,-2.76,90.234094,0.295500964,0,0.704499036
7.08,-2.76,90.234094,0.295500964,0,0.704499036
8.26,-2.76,90.234094,0.295500964,0,0.704499036
9.44,-2.76,90.234094,0.295500964,0,0.704499036
10.62,-2.76,90.234094,0.295500964,0,0.704499036
0,-1.58,90.234094,0.309572439,0,0.690427561
1.18,-1.58,90.234094,0.309572439,0,0.690427561
2.36,-1.58,90.234094,0.309572439,0,0.690427561
3.54,-1.58,90.234094,0.309572439,0,0.690427561
4.72,-1.58,90.234094,0.309572439,0,0.690427561
5.9,-1.58,90.234094,0.309572439,0,0.690427561
7.08,-1.58,90.234094,0.309572439,0,0.690427561
8.26,-1.58,90.234094,0.309572439,0,0.690427561
9.44,-1.58,90.234094,0.309572439,0,0.690427561
10.62,-1.58,90.234094,0.309572439,0,0.690427561
0,-0.400000000000002,90.234094,0.333351767,0,0.666648233
1.18,-0.400000000000002,90.234094,0.333351767,0,0.666648233
2.36,-0.400000000000002,90.234094,0.333351767,0,0.666648233
3.54,-0.400000000000002,90.234094,0.333351767,0,0.666648233
4.72,-0.400000000000002,90.234094,0.333351767,0,0.666648233
5.9,-0.400000000000002,90.234094,0.333351767,0,0.666648233
7.08,-0.400000000000002,90.234094,0.333351767,0,0.666648233
8.26,-0.400000000000002,90.234094,0.333351767,0,0.666648233
9.44,-0.400000000000002,90.234094,0.333351767,0,0.666648233
10.62,-0.400000000000002,90.234094,0.333351767,0,0.666648233
0,0.779999999999998,90.234094,0.323643913,0,0.676356087
1.18,0.779999999999998,90.234094,0.323643913,0,0.676356087
2.36,0.779999999999998,90.234094,0.323643913,0,0.676356087
3.54,0.779999999999998,90.234094,0.323643913,0,0.676356087
4.72,0.779999999999998,90.234094,0.323643913,0,0.676356087
5.9,0.779999999999998,90.234094,0.323643913,0,0.676356087
7.08,0.779999999999998,90.234094,0.323643913,0,0.676356087
8.26,0.779999999999998,90.234094,0.323643913,0,0.676356087
9.44,0.779999999999998,90.234094,0.323643913,0,0.676356087
10.62,0.779999999999998,90.234094,0.323643913,0,0.676356087
0,1.96,90.234094,0.309572439,0,0.690427561
1.18,1.96,90.234094,0.309572439,0,0.690427561
2.36,1.96,90.234094,0.309572439,0,0.690427561
3.54,1.96,90.234094,0.309572439,0,0.690427561
4.72,1.96,90.234094,0.309572439,0,0.690427561
5.9,1.96,90.234094,0.309572439,0,0.690427561
7.08,1.96,90.234094,0.309572439,0,0.690427561
8.26,1.96,90.234094,0.309572439,0,0.690427561
9.44,1.96,90.234094,0.309572439,0,0.690427561
10.62,1.96,90.234094,0.309572439,0,0.690427561
0,3.14,90.234094,0.295500964,0,0.704499036
1.18,3.14,90.234094,0.295500964,0,0.704499036
2.36,3.14,90.234094,0.295500964,0,0.704499036
3.54,3.14,90.234094,0.295500964,0,0.704499036
4.72,3.14,90.234094,0.295500964,0,0.704499036
5.9,3.14,90.234094,0.295500964,0,0.704499036
7.08,3.14,90.234094,0.295500964,0,0.704499036
8.26,3.14,90.234094,0.295500964,0,0.704499036
9.44,3.14,90.234094,0.295500964,0,0.704499036
10.62,3.14,90.234094,0.295500964,0,0.704499036
0,4.32,90.234094,0,1,0
1.18,4.32,90.234094,0,1,0
2.36,4.32,90.234094,0,1,0
3.54,4.32,90.234094,0,1,0
4.72,4.32,90.234094,0,1,0
5.9,4.32,90.234094,0,1,0
7.08,4.32,90.234094,0,1,0
8.26,4.32,90.234094,0,1,0
9.44,4.32,90.234094,0,1,0
10.62,4.32,90.234094,0,1,0
0,5.5,90.234094,0,1,0
1.18,5.5,90.234094,0,1,0
2.36,5.5,90.234094,0,1,0
3.54,5.5,90.234094,0,1,0
4.72,5.5,90.234094,0,1,0
5.9,5.5,90.234094,0,1,0
7.08,5.5,90.234094,0,1,0
8.26,5.5,90.234094,0,1,0
9.44,5.5,90.234094,0,1,0
10.62,5.5,90.234094,0,1,0
0,-5.12,90.854094,0,1,0
1.18,-5.12,90.854094,0,1,0
2.36,-5.12,90.854094,0,1,0
3.54,-5.12,90.854094,0,1,0
4.72,-5.12,90.854094,0,1,0
5.9,-5.12,90.854094,0,1,0
7.08,-5.12,90.854094,0,1,0
8.26,-5.12,90.854094,0,1,0
9.44,-5.12,90.854094,0,1,0
10.62,-5.12,90.854094,0,1,0
0,-3.94,90.854094,0.273026709,0,0.726973291
1.18,-3.94,90.854094,0.273026709,0,0.726973291
2.36,-3.94,90.854094,0.273026709,0,0.726973291
3.54,-3.94,90.854094,0.273026709,0,0.726973291
4.72,-3.94,90.854094,0.273026709,0,0.726973291
5.9,-3.94,90.854094,0.273026709,0,0.726973291
7.08,-3.94,90.854094,0.273026709,0,0.726973291
8.26,-3.94,90.854094,0.273026709,0,0.726973291
9.44,-3.94,90.854094,0.273026709,0,0.726973291
10.62,-3.94,90.854094,0.273026709,0,0.726973291
0,-2.76,90.854094,0.286678044,0,0.713321956
1.18,-2.76,90.854094,0.286678044,0,0.713321956
2.36,-2.76,90.854094,0.286678044,0,0.713321956
3.54,-2.76,90.854094,0.286678044,0,0.713321956
4.72,-2.76,90.854094,0.286678044,0,0.713321956
5.9,-2.76,90.854094,0.286678044,0,0.713321956
7.08,-2.76,90.854094,0.286678044,0,0.713321956
8.26,-2.76,90.854094,0.286678044,0,0.713321956
9.44,-2.76,90.854094,0.286678044,0,0.713321956
10.62,-2.76,90.854094,0.286678044,0,0.713321956
0,-1.58,90.854094,0.30032938,0,0.69967062
1.18,-1.58,90.854094,0.30032938,0,0.69967062
2.36,-1.58,90.854094,0.30032938,0,0.69967062
3.54,-1.58,90.854094,0.30032938,0,0.69967062
4.72,-1.58,90.854094,0.30032938,0,0.69967062
5.9,-1.58,90.854094,0.30032938,0,0.69967062
7.08,-1.58,90.854094,0.30032938,0,0.69967062
8.26,-1.58,90.854094,0.30032938,0,0.69967062
9.44,-1.58,90.854094,0.30032938,0,0.69967062
10.62,-1.58,90.854094,0.30032938,0,0.69967062
0,-0.400000000000002,90.854094,0.323398717,0,0.676601283
1.18,-0.400000000000002,90.854094,0.323398717,0,0.676601283
2.36,-0.400000000000002,90.854094,0.323398717,0,0.676601283
3.54,-0.400000000000002,90.854094,0.323398717,0,0.676601283
4.72,-0.400000000000002,90.854094,0.323398717,0,0.676601283
5.9,-0.400000000000002,90.854094,0.323398717,0,0.676601283
7.08,-0.400000000000002,90.854094,0.323398717,0,0.676601283
8.26,-0.400000000000002,90.854094,0.323398717,0,0.676601283
9.44,-0.400000000000002,90.854094,0.323398717,0,0.676601283
10.62,-0.400000000000002,90.854094,0.323398717,0,0.676601283
0,0.779999999999998,90.854094,0.313980715,0,0.686019285
1.18,0.779999999999998,90.854094,0.313980715,0,0.686019285
2.36,0.779999999999998,90.854094,0.313980715,0,0.686019285
3.54,0.779999999999998,90.854094,0.313980715,0,0.686019285
4.72,0.779999999999998,90.854094,0.313980715,0,0.686019285
5.9,0.779999999999998,90.854094,0.313980715,0,0.686019285
7.08,0.779999999999998,90.854094,0.313980715,0,0.686019285
8.26,0.779999999999998,90.854094,0.313980715,0,0.686019285
9.44,0.779999999999998,90.854094,0.313980715,0,0.686019285
10.62,0.779999999999998,90.854094,0.313980715,0,0.686019285
0,1.96,90.854094,0.30032938,0,0.69967062
1.18,1.96,90.854094,0.30032938,0,0.69967062
2.36,1.96,90.854094,0.30032938,0,0.69967062
3.54,1.96,90.854094,0.30032938,0,0.69967062
4.72,1.96,90.854094,0.30032938,0,0.69967062
5.9,1.96,90.854094,0.30032938,0,0.69967062
7.08,1.96,90.854094,0.30032938,0,0.69967062
8.26,1.96,90.854094,0.30032938,0,0.69967062
9.44,1.96,90.854094,0.30032938,0,0.69967062
10.62,1.96,90.854094,0.30032938,0,0.69967062
0,3.14,90.854094,0.286678044,0,0.713321956
1.18,3.14,90.854094,0.286678044,0,0.713321956
2.36,3.14,90.854094,0.286678044,0,0.713321956
3.54,3.14,90.854094,0.286678044,0,0.713321956
4.72,3.14,90.854094,0.286678044,0,0.713321956
5.9,3.14,90.854094,0.286678044,0,0.713321956
7.08,3.14,90.854094,0.286678044,0,0.713321956
8.26,3.14,90.854094,0.286678044,0,0.713321956
9.44,3.14,90.854094,0.286678044,0,0.713321956
10.62,3.14,90.854094,0.286678044,0,0.713321956
0,4.32,90.854094,0.273026709,0,0.726973291
1.18,4.32,90.854094,0.273026709,0,0.726973291
2.36,4.32,90.854094,0.273026709,0,0.726973291
3.54,4.32,90.854094,0.273026709,0,0.726973291
4.72,4.32,90.854094,0.273026709,0,0.726973291
5.9,4.32,90.854094,0.273026709,0,0.726973291
7.08,4.32,90.854094,0.273026709,0,0.726973291
8.26,4.32,90.854094,0.273026709,0,0.726973291
9.44,4.32,90.854094,0.273026709,0,0.726973291
10.62,4.32,90.854094,0.273026709,0,0.726973291
0,5.5,90.854094,0,1,0
1.18,5.5,90.854094,0,1,0
2.36,5.5,90.854094,0,1,0
3.54,5.5,90.854094,0,1,0
4.72,5.5,90.854094,0,1,0
5.9,5.5,90.854094,0,1,0
7.08,5.5,90.854094,0,1,0
8.26,5.5,90.854094,0,1,0
9.44,5.5,90.854094,0,1,0
10.62,5.5,90.854094,0,1,0
0,-6.3,91.474094,0,1,0
1.18,-6.3,91.474094,0,1,0
2.36,-6.3,91.474094,0,1,0
3.54,-6.3,91.474094,0,1,0
4.72,-6.3,91.474094,0,1,0
5.9,-6.3,91.474094,0,1,0
7.08,-6.3,91.474094,0,1,0
8.26,-6.3,91.474094,0,1,0
9.44,-6.3,91.474094,0,1,0
10.62,-6.3,91.474094,0,1,0
0,-5.12,91.474094,0,1,0
1.18,-5.12,91.474094,0,1,0
2.36,-5.12,91.474094,0,1,0
3.54,-5.12,91.474094,0,1,0
4.72,-5.12,91.474094,0,1,0
5.9,-5.12,91.474094,0,1,0
7.08,-5.12,91.474094,0,1,0
8.26,-5.12,91.474094,0,1,0
9.44,-5.12,91.474094,0,1,0
10.62,-5.12,91.474094,0,1,0
0,-3.94,91.474094,0.264356974,0,0.735643026
1.18,-3.94,91.474094,0.264356974,0,0.735643026
2.36,-3.94,91.474094,0.264356974,0,0.735643026
3.54,-3.94,91.474094,0.264356974,0,0.735643026
4.72,-3.94,91.474094,0.264356974,0,0.735643026
5.9,-3.94,91.474094,0.264356974,0,0.735643026
7.08,-3.94,91.474094,0.264356974,0,0.735643026
8.26,-3.94,91.474094,0.264356974,0,0.735643026
9.44,-3.94,91.474094,0.264356974,0,0.735643026
10.62,-3.94,91.474094,0.264356974,0,0.735643026
0,-2.76,91.474094,0.277574823,0,0.722425177
1.18,-2.76,91.474094,0.277574823,0,0.722425177
2.36,-2.76,91.474094,0.277574823,0,0.722425177
3.54,-2.76,91.474094,0.277574823,0,0.722425177
4.72,-2.76,91.474094,0.277574823,0,0.722425177
5.9,-2.76,91.474094,0.277574823,0,0.722425177
7.08,-2.76,91.474094,0.277574823,0,0.722425177
8.26,-2.76,91.474094,0.277574823,0,0.722425177
9.44,-2.76,91.474094,0.277574823,0,0.722425177
10.62,-2.76,91.474094,0.277574823,0,0.722425177
0,-1.58,91.474094,0.290792671,0,0.709207329
1.18,-1.58,91.474094,0.290792671,0,0.709207329
2.36,-1.58,91.474094,0.290792671,0,0.709207329
3.54,-1.58,91.474094,0.290792671,0,0.709207329
4.72,-1.58,91.474094,0.290792671,0,0.709207329
5.9,-1.58,91.474094,0.290792671,0,0.709207329
7.08,-1.58,91.474094,0.290792671,0,0.709207329
8.26,-1.58,91.474094,0.290792671,0,0.709207329
9.44,-1.58,91.474094,0.290792671,0,0.709207329
10.62,-1.58,91.474094,0.290792671,0,0.709207329
0,-0.400000000000002,91.474094,0.313129461,0,0.686870539
1.18,-0.400000000000002,91.474094,0.313129461,0,0.686870539
2.36,-0.400000000000002,91.474094,0.313129461,0,0.686870539
3.54,-0.400000000000002,91.474094,0.313129461,0,0.686870539
4.72,-0.400000000000002,91.474094,0.313129461,0,0.686870539
5.9,-0.400000000000002,91.474094,0.313129461,0,0.686870539
7.08,-0.400000000000002,91.474094,0.313129461,0,0.686870539
8.26,-0.400000000000002,91.474094,0.313129461,0,0.686870539
9.44,-0.400000000000002,91.474094,0.313129461,0,0.686870539
10.62,-0.400000000000002,91.474094,0.313129461,0,0.686870539
0,0.779999999999998,91.474094,0.30401052,0,0.69598948
1.18,0.779999999999998,91.474094,0.30401052,0,0.69598948
2.36,0.779999999999998,91.474094,0.30401052,0,0.69598948
3.54,0.779999999999998,91.474094,0.30401052,0,0.69598948
4.72,0.779999999999998,91.474094,0.30401052,0,0.69598948
5.9,0.779999999999998,91.474094,0.30401052,0,0.69598948
7.08,0.779999999999998,91.474094,0.30401052,0,0.69598948
8.26,0.779999999999998,91.474094,0.30401052,0,0.69598948
9.44,0.779999999999998,91.474094,0.30401052,0,0.69598948
10.62,0.779999999999998,91.474094,0.30401052,0,0.69598948
0,1.96,91.474094,0.290792671,0,0.709207329
1.18,1.96,91.474094,0.290792671,0,0.709207329
2.36,1.96,91.474094,0.290792671,0,0.709207329
3.54,1.96,91.474094,0.290792671,0,0.709207329
4.72,1.96,91.474094,0.290792671,0,0.709207329
5.9,1.96,91.474094,0.290792671,0,0.709207329
7.08,1.96,91.474094,0.290792671,0,0.709207329
8.26,1.96,91.474094,0.290792671,0,0.709207329
9.44,1.96,91.474094,0.290792671,0,0.709207329
10.62,1.96,91.474094,0.290792671,0,0.709207329
0,3.14,91.474094,0.277574823,0,0.722425177
1.18,3.14,91.474094,0.277574823,0,0.722425177
2.36,3.14,91.474094,0.277574823,0,0.722425177
3.54,3.14,91.474094,0.277574823,0,0.722425177
4.72,3.14,91.474094,0.277574823,0,0.722425177
5.9,3.14,91.474094,0.277574823,0,0.722425177
7.08,3.14,91.474094,0.277574823,0,0.722425177
8.26,3.14,91.474094,0.277574823,0,0.722425177
9.44,3.14,91.474094,0.277574823,0,0.722425177
10.62,3.14,91.474094,0.277574823,0,0.722425177
0,4.32,91.474094,0.264356974,0,0.735643026
1.18,4.32,91.474094,0.264356974,0,0.735643026
2.36,4.32,91.474094,0.264356974,0,0.735643026
3.54,4.32,91.474094,0.264356974,0,0.735643026
4.72,4.32,91.474094,0.264356974,0,0.735643026
5.9,4.32,91.474094,0.264356974,0,0.735643026
7.08,4.32,91.474094,0.264356974,0,0.735643026
8.26,4.32,91.474094,0.264356974,0,0.735643026
9.44,4.32,91.474094,0.264356974,0,0.735643026
10.62,4.32,91.474094,0.264356974,0,0.735643026
0,5.5,91.474094,0,1,0
1.18,5.5,91.474094,0,1,0
2.36,5.5,91.474094,0,1,0
3.54,5.5,91.474094,0,1,0
4.72,5.5,91.474094,0,1,0
5.9,5.5,91.474094,0,1,0
7.08,5.5,91.474094,0,1,0
8.26,5.5,91.474094,0,1,0
9.44,5.5,91.474094,0,1,0
10.62,5.5,91.474094,0,1,0
0,6.68,91.474094,0,1,0
1.18,6.68,91.474094,0,1,0
2.36,6.68,91.474094,0,1,0
3.54,6.68,91.474094,0,1,0
4.72,6.68,91.474094,0,1,0
5.9,6.68,91.474094,0,1,0
7.08,6.68,91.474094,0,1,0
8.26,6.68,91.474094,0,1,0
9.44,6.68,91.474094,0,1,0
10.62,6.68,91.474094,0,1,0
0,-7.48,92.094094,0,1,0
1.18,-7.48,92.094094,0,1,0
2.36,-7.48,92.094094,0,1,0
3.54,-7.48,92.094094,0,1,0
4.72,-7.48,92.094094,0,1,0
5.9,-7.48,92.094094,0,1,0
7.08,-7.48,92.094094,0,1,0
8.26,-7.48,92.094094,0,1,0
9.44,-7.48,92.094094,0,1,0
10.62,-7.48,92.094094,0,1,0
0,-6.3,92.094094,0,1,0
1.18,-6.3,92.094094,0,1,0
2.36,-6.3,92.094094,0,1,0
3.54,-6.3,92.094094,0,1,0
4.72,-6.3,92.094094,0,1,0
5.9,-6.3,92.094094,0,1,0
7.08,-6.3,92.094094,0,1,0
8.26,-6.3,92.094094,0,1,0
9.44,-6.3,92.094094,0,1,0
10.62,-6.3,92.094094,0,1,0
0,-5.12,92.094094,0.233797802,0,0.766202198
1.18,-5.12,92.094094,0.233797802,0,0.766202198
2.36,-5.12,92.094094,0.233797802,0,0.766202198
3.54,-5.12,92.094094,0.233797802,0,0.766202198
4.72,-5.12,92.094094,0.233797802,0,0.766202198
5.9,-5.12,92.094094,0.233797802,0,0.766202198
7.08,-5.12,92.094094,0.233797802,0,0.766202198
8.26,-5.12,92.094094,0.233797802,0,0.766202198
9.44,-5.12,92.094094,0.233797802,0,0.766202198
10.62,-5.12,92.094094,0.233797802,0,0.766202198
0,-3.94,92.094094,0.246102949,0,0.753897051
1.18,-3.94,92.094094,0.246102949,0,0.753897051
2.36,-3.94,92.094094,0.246102949,0,0.753897051
3.54,-3.94,92.094094,0.246102949,0,0.753897051
4.72,-3.94,92.094094,0.246102949,0,0.753897051
5.9,-3.94,92.094094,0.246102949,0,0.753897051
7.08,-3.94,92.094094,0.246102949,0,0.753897051
8.26,-3.94,92.094094,0.246102949,0,0.753897051
9.44,-3.94,92.094094,0.246102949,0,0.753897051
10.62,-3.94,92.094094,0.246102949,0,0.753897051
0,-2.76,92.094094,0.258408097,0,0.741591903
1.18,-2.76,92.094094,0.258408097,0,0.741591903
2.36,-2.76,92.094094,0.258408097,0,0.741591903
3.54,-2.76,92.094094,0.258408097,0,0.741591903
4.72,-2.76,92.094094,0.258408097,0,0.741591903
5.9,-2.76,92.094094,0.258408097,0,0.741591903
7.08,-2.76,92.094094,0.258408097,0,0.741591903
8.26,-2.76,92.094094,0.258408097,0,0.741591903
9.44,-2.76,92.094094,0.258408097,0,0.741591903
10.62,-2.76,92.094094,0.258408097,0,0.741591903
0,-1.58,92.094094,0.270713244,0,0.729286756
1.18,-1.58,92.094094,0.270713244,0,0.729286756
2.36,-1.58,92.094094,0.270713244,0,0.729286756
3.54,-1.58,92.094094,0.270713244,0,0.729286756
4.72,-1.58,92.094094,0.270713244,0,0.729286756
5.9,-1.58,92.094094,0.270713244,0,0.729286756
7.08,-1.58,92.094094,0.270713244,0,0.729286756
8.26,-1.58,92.094094,0.270713244,0,0.729286756
9.44,-1.58,92.094094,0.270713244,0,0.729286756
10.62,-1.58,92.094094,0.270713244,0,0.729286756
0,-0.400000000000002,92.094094,0.291507664,0,0.708492336
1.18,-0.400000000000002,92.094094,0.291507664,0,0.708492336
2.36,-0.400000000000002,92.094094,0.291507664,0,0.708492336
3.54,-0.400000000000002,92.094094,0.291507664,0,0.708492336
4.72,-0.400000000000002,92.094094,0.291507664,0,0.708492336
5.9,-0.400000000000002,92.094094,0.291507664,0,0.708492336
7.08,-0.400000000000002,92.094094,0.291507664,0,0.708492336
8.26,-0.400000000000002,92.094094,0.291507664,0,0.708492336
9.44,-0.400000000000002,92.094094,0.291507664,0,0.708492336
10.62,-0.400000000000002,92.094094,0.291507664,0,0.708492336
0,0.779999999999998,92.094094,0.283018392,0,0.716981608
1.18,0.779999999999998,92.094094,0.283018392,0,0.716981608
2.36,0.779999999999998,92.094094,0.283018392,0,0.716981608
3.54,0.779999999999998,92.094094,0.283018392,0,0.716981608
4.72,0.779999999999998,92.094094,0.283018392,0,0.716981608
5.9,0.779999999999998,92.094094,0.283018392,0,0.716981608
7.08,0.779999999999998,92.094094,0.283018392,0,0.716981608
8.26,0.779999999999998,92.094094,0.283018392,0,0.716981608
9.44,0.779999999999998,92.094094,0.283018392,0,0.716981608
10.62,0.779999999999998,92.094094,0.283018392,0,0.716981608
0,1.96,92.094094,0.270713244,0,0.729286756
1.18,1.96,92.094094,0.270713244,0,0.729286756
2.36,1.96,92.094094,0.270713244,0,0.729286756
3.54,1.96,92.094094,0.270713244,0,0.729286756
4.72,1.96,92.094094,0.270713244,0,0.729286756
5.9,1.96,92.094094,0.270713244,0,0.729286756
7.08,1.96,92.094094,0.270713244,0,0.729286756
8.26,1.96,92.094094,0.270713244,0,0.729286756
9.44,1.96,92.094094,0.270713244,0,0.729286756
10.62,1.96,92.094094,0.270713244,0,0.729286756
0,3.14,92.094094,0.258408097,0,0.741591903
1.18,3.14,92.094094,0.258408097,0,0.741591903
2.36,3.14,92.094094,0.258408097,0,0.741591903
3.54,3.14,92.094094,0.258408097,0,0.741591903
4.72,3.14,92.094094,0.258408097,0,0.741591903
5.9,3.14,92.094094,0.258408097,0,0.741591903
7.08,3.14,92.094094,0.258408097,0,0.741591903
8.26,3.14,92.094094,0.258408097,0,0.741591903
9.44,3.14,92.094094,0.258408097,0,0.741591903
10.62,3.14,92.094094,0.258408097,0,0.741591903
0,4.32,92.094094,0.246102949,0,0.753897051
1.18,4.32,92.094094,0.246102949,0,0.753897051
2.36,4.32,92.094094,0.246102949,0,0.753897051
3.54,4.32,92.094094,0.246102949,0,0.753897051
4.72,4.32,92.094094,0.246102949,0,0.753897051
5.9,4.32,92.094094,0.246102949,0,0.753897051
7.08,4.32,92.094094,0.246102949,0,0.753897051
8.26,4.32,92.094094,0.246102949,0,0.753897051
9.44,4.32,92.094094,0.246102949,0,0.753897051
10.62,4.32,92.094094,0.246102949,0,0.753897051
0,5.5,92.094094,0.233797802,0,0.766202198
1.18,5.5,92.094094,0.233797802,0,0.766202198
2.36,5.5,92.094094,0.233797802,0,0.766202198
3.54,5.5,92.094094,0.233797802,0,0.766202198
4.72,5.5,92.094094,0.233797802,0,0.766202198
5.9,5.5,92.094094,0.233797802,0,0.766202198
7.08,5.5,92.094094,0.233797802,0,0.766202198
8.26,5.5,92.094094,0.233797802,0,0.766202198
9.44,5.5,92.094094,0.233797802,0,0.766202198
10.62,5.5,92.094094,0.233797802,0,0.766202198
0,6.68,92.094094,0,1,0
1.18,6.68,92.094094,0,1,0
2.36,6.68,92.094094,0,1,0
3.54,6.68,92.094094,0,1,0
4.72,6.68,92.094094,0,1,0
5.9,6.68,92.094094,0,1,0
7.08,6.68,92.094094,0,1,0
8.26,6.68,92.094094,0,1,0
9.44,6.68,92.094094,0,1,0
10.62,6.68,92.094094,0,1,0
0,7.86,92.094094,0,1,0
1.18,7.86,92.094094,0,1,0
2.36,7.86,92.094094,0,1,0
3.54,7.86,92.094094,0,1,0
4.72,7.86,92.094094,0,1,0
5.9,7.86,92.094094,0,1,0
7.08,7.86,92.094094,0,1,0
8.26,7.86,92.094094,0,1,0
9.44,7.86,92.094094,0,1,0
10.62,7.86,92.094094,0,1,0
0,-7.48,92.714094,0,1,0
1.18,-7.48,92.714094,0,1,0
2.36,-7.48,92.714094,0,1,0
3.54,-7.48,92.714094,0,1,0
4.72,-7.48,92.714094,0,1,0
5.9,-7.48,92.714094,0,1,0
7.08,-7.48,92.714094,0,1,0
8.26,-7.48,92.714094,0,1,0
9.44,-7.48,92.714094,0,1,0
10.62,-7.48,92.714094,0,1,0
0,-6.3,92.714094,0.212803259,0,0.787196741
1.18,-6.3,92.714094,0.212803259,0,0.787196741
2.36,-6.3,92.714094,0.212803259,0,0.787196741
3.54,-6.3,92.714094,0.212803259,0,0.787196741
4.72,-6.3,92.714094,0.212803259,0,0.787196741
5.9,-6.3,92.714094,0.212803259,0,0.787196741
7.08,-6.3,92.714094,0.212803259,0,0.787196741
8.26,-6.3,92.714094,0.212803259,0,0.787196741
9.44,-6.3,92.714094,0.212803259,0,0.787196741
10.62,-6.3,92.714094,0.212803259,0,0.787196741
0,-5.12,92.714094,0.224625662,0,0.775374338
1.18,-5.12,92.714094,0.224625662,0,0.775374338
2.36,-5.12,92.714094,0.224625662,0,0.775374338
3.54,-5.12,92.714094,0.224625662,0,0.775374338
4.72,-5.12,92.714094,0.224625662,0,0.775374338
5.9,-5.12,92.714094,0.224625662,0,0.775374338
7.08,-5.12,92.714094,0.224625662,0,0.775374338
8.26,-5.12,92.714094,0.224625662,0,0.775374338
9.44,-5.12,92.714094,0.224625662,0,0.775374338
10.62,-5.12,92.714094,0.224625662,0,0.775374338
0,-3.94,92.714094,0.236448066,0,0.763551934
1.18,-3.94,92.714094,0.236448066,0,0.763551934
2.36,-3.94,92.714094,0.236448066,0,0.763551934
3.54,-3.94,92.714094,0.236448066,0,0.763551934
4.72,-3.94,92.714094,0.236448066,0,0.763551934
5.9,-3.94,92.714094,0.236448066,0,0.763551934
7.08,-3.94,92.714094,0.236448066,0,0.763551934
8.26,-3.94,92.714094,0.236448066,0,0.763551934
9.44,-3.94,92.714094,0.236448066,0,0.763551934
10.62,-3.94,92.714094,0.236448066,0,0.763551934
0,-2.76,92.714094,0.248270469,0,0.751729531
1.18,-2.76,92.714094,0.248270469,0,0.751729531
2.36,-2.76,92.714094,0.248270469,0,0.751729531
3.54,-2.76,92.714094,0.248270469,0,0.751729531
4.72,-2.76,92.714094,0.248270469,0,0.751729531
5.9,-2.76,92.714094,0.248270469,0,0.751729531
7.08,-2.76,92.714094,0.248270469,0,0.751729531
8.26,-2.76,92.714094,0.248270469,0,0.751729531
9.44,-2.76,92.714094,0.248270469,0,0.751729531
10.62,-2.76,92.714094,0.248270469,0,0.751729531
0,-1.58,92.714094,0.260092872,0,0.739907128
1.18,-1.58,92.714094,0.260092872,0,0.739907128
2.36,-1.58,92.714094,0.260092872,0,0.739907128
3.54,-1.58,92.714094,0.260092872,0,0.739907128
4.72,-1.58,92.714094,0.260092872,0,0.739907128
5.9,-1.58,92.714094,0.260092872,0,0.739907128
7.08,-1.58,92.714094,0.260092872,0,0.739907128
8.26,-1.58,92.714094,0.260092872,0,0.739907128
9.44,-1.58,92.714094,0.260092872,0,0.739907128
10.62,-1.58,92.714094,0.260092872,0,0.739907128
0,-0.400000000000002,92.714094,0.280071504,0,0.719928496
1.18,-0.400000000000002,92.714094,0.280071504,0,0.719928496
2.36,-0.400000000000002,92.714094,0.280071504,0,0.719928496
3.54,-0.400000000000002,92.714094,0.280071504,0,0.719928496
4.72,-0.400000000000002,92.714094,0.280071504,0,0.719928496
5.9,-0.400000000000002,92.714094,0.280071504,0,0.719928496
7.08,-0.400000000000002,92.714094,0.280071504,0,0.719928496
8.26,-0.400000000000002,92.714094,0.280071504,0,0.719928496
9.44,-0.400000000000002,92.714094,0.280071504,0,0.719928496
10.62,-0.400000000000002,92.714094,0.280071504,0,0.719928496
0,0.779999999999998,92.714094,0.271915275,0,0.728084725
1.18,0.779999999999998,92.714094,0.271915275,0,0.728084725
2.36,0.779999999999998,92.714094,0.271915275,0,0.728084725
3.54,0.779999999999998,92.714094,0.271915275,0,0.728084725
4.72,0.779999999999998,92.714094,0.271915275,0,0.728084725
5.9,0.779999999999998,92.714094,0.271915275,0,0.728084725
7.08,0.779999999999998,92.714094,0.271915275,0,0.728084725
8.26,0.779999999999998,92.714094,0.271915275,0,0.728084725
9.44,0.779999999999998,92.714094,0.271915275,0,0.728084725
10.62,0.779999999999998,92.714094,0.271915275,0,0.728084725
0,1.96,92.714094,0.260092872,0,0.739907128
1.18,1.96,92.714094,0.260092872,0,0.739907128
2.36,1.96,92.714094,0.260092872,0,0.739907128
3.54,1.96,92.714094,0.260092872,0,0.739907128
4.72,1.96,92.714094,0.260092872,0,0.739907128
5.9,1.96,92.714094,0.260092872,0,0.739907128
7.08,1.96,92.714094,0.260092872,0,0.739907128
8.26,1.96,92.714094,0.260092872,0,0.739907128
9.44,1.96,92.714094,0.260092872,0,0.739907128
10.62,1.96,92.714094,0.260092872,0,0.739907128
0,3.14,92.714094,0.248270469,0,0.751729531
1.18,3.14,92.714094,0.248270469,0,0.751729531
2.36,3.14,92.714094,0.248270469,0,0.751729531
3.54,3.14,92.714094,0.248270469,0,0.751729531
4.72,3.14,92.714094,0.248270469,0,0.751729531
5.9,3.14,92.714094,0.248270469,0,0.751729531
7.08,3.14,92.714094,0.248270469,0,0.751729531
8.26,3.14,92.714094,0.248270469,0,0.751729531
9.44,3.14,92.714094,0.248270469,0,0.751729531
10.62,3.14,92.714094,0.248270469,0,0.751729531
0,4.32,92.714094,0.236448066,0,0.763551934
1.18,4.32,92.714094,0.236448066,0,0.763551934
2.36,4.32,92.714094,0.236448066,0,0.763551934
3.54,4.32,92.714094,0.236448066,0,0.763551934
4.72,4.32,92.714094,0.236448066,0,0.763551934
5.9,4.32,92.714094,0.236448066,0,0.763551934
7.08,4.32,92.714094,0.236448066,0,0.763551934
8.26,4.32,92.714094,0.236448066,0,0.763551934
9.44,4.32,92.714094,0.236448066,0,0.763551934
10.62,4.32,92.714094,0.236448066,0,0.763551934
0,5.5,92.714094,0.224625662,0,0.775374338
1.18,5.5,92.714094,0.224625662,0,0.775374338
2.36,5.5,92.714094,0.224625662,0,0.775374338
3.54,5.5,92.714094,0.224625662,0,0.775374338
4.72,5.5,92.714094,0.224625662,0,0.775374338
5.9,5.5,92.714094,0.224625662,0,0.775374338
7.08,5.5,92.714094,0.224625662,0,0.775374338
8.26,5.5,92.714094,0.224625662,0,0.775374338
9.44,5.5,92.714094,0.224625662,0,0.775374338
10.62,5.5,92.714094,0.224625662,0,0.775374338
0,6.68,92.714094,0,1,0
1.18,6.68,92.714094,0,1,0
2.36,6.68,92.714094,0,1,0
3.54,6.68,92.714094,0,1,0
4.72,6.68,92.714094,0,1,0
5.9,6.68,92.714094,0,1,0
7.08,6.68,92.714094,0,1,0
8.26,6.68,92.714094,0,1,0
9.44,6.68,92.714094,0,1,0
10.62,6.68,92.714094,0,1,0
0,7.86,92.714094,0,1,0
1.18,7.86,92.714094,0,1,0
2.36,7.86,92.714094,0,1,0
3.54,7.86,92.714094,0,1,0
4.72,7.86,92.714094,0,1,0
5.9,7.86,92.714094,0,1,0
7.08,7.86,92.714094,0,1,0
8.26,7.86,92.714094,0,1,0
9.44,7.86,92.714094,0,1,0
10.62,7.86,92.714094,0,1,0
0,-9.84,93.334094,0,1,0
1.18,-9.84,93.334094,0,1,0
2.36,-9.84,93.334094,0,1,0
3.54,-9.84,93.334094,0,1,0
4.72,-9.84,93.334094,0,1,0
5.9,-9.84,93.334094,0,1,0
7.08,-9.84,93.334094,0,1,0
8.26,-9.84,93.334094,0,1,0
9.44,-9.84,93.334094,0,1,0
10.62,-9.84,93.334094,0,1,0
0,-8.66,93.334094,0,1,0
1.18,-8.66,93.334094,0,1,0
2.36,-8.66,93.334094,0,1,0
3.54,-8.66,93.334094,0,1,0
4.72,-8.66,93.334094,0,1,0
5.9,-8.66,93.334094,0,1,0
7.08,-8.66,93.334094,0,1,0
8.26,-8.66,93.334094,0,1,0
9.44,-8.66,93.334094,0,1,0
10.62,-8.66,93.334094,0,1,0
0,-7.48,93.334094,0,1,0
1.18,-7.48,93.334094,0,1,0
2.36,-7.48,93.334094,0,1,0
3.54,-7.48,93.334094,0,1,0
4.72,-7.48,93.334094,0,1,0
5.9,-7.48,93.334094,0,1,0
7.08,-7.48,93.334094,0,1,0
8.26,-7.48,93.334094,0,1,0
9.44,-7.48,93.334094,0,1,0
10.62,-7.48,93.334094,0,1,0
0,-6.3,93.334094,0.203743609,0,0.796256391
1.18,-6.3,93.334094,0.203743609,0,0.796256391
2.36,-6.3,93.334094,0.203743609,0,0.796256391
3.54,-6.3,93.334094,0.203743609,0,0.796256391
4.72,-6.3,93.334094,0.203743609,0,0.796256391
5.9,-6.3,93.334094,0.203743609,0,0.796256391
7.08,-6.3,93.334094,0.203743609,0,0.796256391
8.26,-6.3,93.334094,0.203743609,0,0.796256391
9.44,-6.3,93.334094,0.203743609,0,0.796256391
10.62,-6.3,93.334094,0.203743609,0,0.796256391
0,-5.12,93.334094,0.215062698,0,0.784937302
1.18,-5.12,93.334094,0.215062698,0,0.784937302
2.36,-5.12,93.334094,0.215062698,0,0.784937302
3.54,-5.12,93.334094,0.215062698,0,0.784937302
4.72,-5.12,93.334094,0.215062698,0,0.784937302
5.9,-5.12,93.334094,0.215062698,0,0.784937302
7.08,-5.12,93.334094,0.215062698,0,0.784937302
8.26,-5.12,93.334094,0.215062698,0,0.784937302
9.44,-5.12,93.334094,0.215062698,0,0.784937302
10.62,-5.12,93.334094,0.215062698,0,0.784937302
0,-3.94,93.334094,0.226381788,0,0.773618212
1.18,-3.94,93.334094,0.226381788,0,0.773618212
2.36,-3.94,93.334094,0.226381788,0,0.773618212
3.54,-3.94,93.334094,0.226381788,0,0.773618212
4.72,-3.94,93.334094,0.226381788,0,0.773618212
5.9,-3.94,93.334094,0.226381788,0,0.773618212
7.08,-3.94,93.334094,0.226381788,0,0.773618212
8.26,-3.94,93.334094,0.226381788,0,0.773618212
9.44,-3.94,93.334094,0.226381788,0,0.773618212
10.62,-3.94,93.334094,0.226381788,0,0.773618212
0,-2.76,93.334094,0.237700877,0,0.762299123
1.18,-2.76,93.334094,0.237700877,0,0.762299123
2.36,-2.76,93.334094,0.237700877,0,0.762299123
3.54,-2.76,93.334094,0.237700877,0,0.762299123
4.72,-2.76,93.334094,0.237700877,0,0.762299123
5.9,-2.76,93.334094,0.237700877,0,0.762299123
7.08,-2.76,93.334094,0.237700877,0,0.762299123
8.26,-2.76,93.334094,0.237700877,0,0.762299123
9.44,-2.76,93.334094,0.237700877,0,0.762299123
10.62,-2.76,93.334094,0.237700877,0,0.762299123
0,-1.58,93.334094,0.249019966,0,0.750980034
1.18,-1.58,93.334094,0.249019966,0,0.750980034
2.36,-1.58,93.334094,0.249019966,0,0.750980034
3.54,-1.58,93.334094,0.249019966,0,0.750980034
4.72,-1.58,93.334094,0.249019966,0,0.750980034
5.9,-1.58,93.334094,0.249019966,0,0.750980034
7.08,-1.58,93.334094,0.249019966,0,0.750980034
8.26,-1.58,93.334094,0.249019966,0,0.750980034
9.44,-1.58,93.334094,0.249019966,0,0.750980034
10.62,-1.58,93.334094,0.249019966,0,0.750980034
0,-0.400000000000002,93.334094,0.26814805,0,0.73185195
1.18,-0.400000000000002,93.334094,0.26814805,0,0.73185195
2.36,-0.400000000000002,93.334094,0.26814805,0,0.73185195
3.54,-0.400000000000002,93.334094,0.26814805,0,0.73185195
4.72,-0.400000000000002,93.334094,0.26814805,0,0.73185195
5.9,-0.400000000000002,93.334094,0.26814805,0,0.73185195
7.08,-0.400000000000002,93.334094,0.26814805,0,0.73185195
8.26,-0.400000000000002,93.334094,0.26814805,0,0.73185195
9.44,-0.400000000000002,93.334094,0.26814805,0,0.73185195
10.62,-0.400000000000002,93.334094,0.26814805,0,0.73185195
0,0.779999999999998,93.334094,0.260339056,0,0.739660944
1.18,0.779999999999998,93.334094,0.260339056,0,0.739660944
2.36,0.779999999999998,93.334094,0.260339056,0,0.739660944
3.54,0.779999999999998,93.334094,0.260339056,0,0.739660944
4.72,0.779999999999998,93.334094,0.260339056,0,0.739660944
5.9,0.779999999999998,93.334094,0.260339056,0,0.739660944
7.08,0.779999999999998,93.334094,0.260339056,0,0.739660944
8.26,0.779999999999998,93.334094,0.260339056,0,0.739660944
9.44,0.779999999999998,93.334094,0.260339056,0,0.739660944
10.62,0.779999999999998,93.334094,0.260339056,0,0.739660944
0,1.96,93.334094,0.249019966,0,0.750980034
1.18,1.96,93.334094,0.249019966,0,0.750980034
2.36,1.96,93.334094,0.249019966,0,0.750980034
3.54,1.96,93.334094,0.249019966,0,0.750980034
4.72,1.96,93.334094,0.249019966,0,0.750980034
5.9,1.96,93.334094,0.249019966,0,0.750980034
7.08,1.96,93.334094,0.249019966,0,0.750980034
8.26,1.96,93.334094,0.249019966,0,0.750980034
9.44,1.96,93.334094,0.249019966,0,0.750980034
10.62,1.96,93.334094,0.249019966,0,0.750980034
0,3.14,93.334094,0.237700877,0,0.762299123
1.18,3.14,93.334094,0.237700877,0,0.762299123
2.36,3.14,93.334094,0.237700877,0,0.762299123
3.54,3.14,93.334094,0.237700877,0,0.762299123
4.72,3.14,93.334094,0.237700877,0,0.762299123
5.9,3.14,93.334094,0.237700877,0,0.762299123
7.08,3.14,93.334094,0.237700877,0,0.762299123
8.26,3.14,93.334094,0.237700877,0,0.762299123
9.44,3.14,93.334094,0.237700877,0,0.762299123
10.62,3.14,93.334094,0.237700877,0,0.762299123
0,4.32,93.334094,0.226381788,0,0.773618212
1.18,4.32,93.334094,0.226381788,0,0.773618212
2.36,4.32,93.334094,0.226381788,0,0.773618212
3.54,4.32,93.334094,0.226381788,0,0.773618212
4.72,4.32,93.334094,0.226381788,0,0.773618212
5.9,4.32,93.334094,0.226381788,0,0.773618212
7.08,4.32,93.334094,0.226381788,0,0.773618212
8.26,4.32,93.334094,0.226381788,0,0.773618212
9.44,4.32,93.334094,0.226381788,0,0.773618212
10.62,4.32,93.334094,0.226381788,0,0.773618212
0,5.5,93.334094,0.215062698,0,0.784937302
1.18,5.5,93.334094,0.215062698,0,0.784937302
2.36,5.5,93.334094,0.215062698,0,0.784937302
3.54,5.5,93.334094,0.215062698,0,0.784937302
4.72,5.5,93.334094,0.215062698,0,0.784937302
5.9,5.5,93.334094,0.215062698,0,0.784937302
7.08,5.5,93.334094,0.215062698,0,0.784937302
8.26,5.5,93.334094,0.215062698,0,0.784937302
9.44,5.5,93.334094,0.215062698,0,0.784937302
10.62,5.5,93.334094,0.215062698,0,0.784937302
0,6.68,93.334094,0,1,0
1.18,6.68,93.334094,0,1,0
2.36,6.68,93.334094,0,1,0
3.54,6.68,93.334094,0,1,0
4.72,6.68,93.334094,0,1,0
5.9,6.68,93.334094,0,1,0
7.08,6.68,93.334094,0,1,0
8.26,6.68,93.334094,0,1,0
9.44,6.68,93.334094,0,1,0
10.62,6.68,93.334094,0,1,0
0,7.86,93.334094,0,1,0
1.18,7.86,93.334094,0,1,0
2.36,7.86,93.334094,0,1,0
3.54,7.86,93.334094,0,1,0
4.72,7.86,93.334094,0,1,0
5.9,7.86,93.334094,0,1,0
7.08,7.86,93.334094,0,1,0
8.26,7.86,93.334094,0,1,0
9.44,7.86,93.334094,0,1,0
10.62,7.86,93.334094,0,1,0
0,9.04,93.334094,0,1,0
1.18,9.04,93.334094,0,1,0
2.36,9.04,93.334094,0,1,0
3.54,9.04,93.334094,0,1,0
4.72,9.04,93.334094,0,1,0
5.9,9.04,93.334094,0,1,0
7.08,9.04,93.334094,0,1,0
8.26,9.04,93.334094,0,1,0
9.44,9.04,93.334094,0,1,0
10.62,9.04,93.334094,0,1,0
0,-9.84,93.954094,0,1,0
1.18,-9.84,93.954094,0,1,0
2.36,-9.84,93.954094,0,1,0
3.54,-9.84,93.954094,0,1,0
4.72,-9.84,93.954094,0,1,0
5.9,-9.84,93.954094,0,1,0
7.08,-9.84,93.954094,0,1,0
8.26,-9.84,93.954094,0,1,0
9.44,-9.84,93.954094,0,1,0
10.62,-9.84,93.954094,0,1,0
0,-8.66,93.954094,0,1,0
1.18,-8.66,93.954094,0,1,0
2.36,-8.66,93.954094,0,1,0
3.54,-8.66,93.954094,0,1,0
4.72,-8.66,93.954094,0,1,0
5.9,-8.66,93.954094,0,1,0
7.08,-8.66,93.954094,0,1,0
8.26,-8.66,93.954094,0,1,0
9.44,-8.66,93.954094,0,1,0
10.62,-8.66,93.954094,0,1,0
0,-7.48,93.954094,0.183469581,0,0.816530419
1.18,-7.48,93.954094,0.183469581,0,0.816530419
2.36,-7.48,93.954094,0.183469581,0,0.816530419
3.54,-7.48,93.954094,0.183469581,0,0.816530419
4.72,-7.48,93.954094,0.183469581,0,0.816530419
5.9,-7.48,93.954094,0.183469581,0,0.816530419
7.08,-7.48,93.954094,0.183469581,0,0.816530419
8.26,-7.48,93.954094,0.183469581,0,0.816530419
9.44,-7.48,93.954094,0.183469581,0,0.816530419
10.62,-7.48,93.954094,0.183469581,0,0.816530419
0,-6.3,93.954094,0.194261909,0,0.805738091
1.18,-6.3,93.954094,0.194261909,0,0.805738091
2.36,-6.3,93.954094,0.194261909,0,0.805738091
3.54,-6.3,93.954094,0.194261909,0,0.805738091
4.72,-6.3,93.954094,0.194261909,0,0.805738091
5.9,-6.3,93.954094,0.194261909,0,0.805738091
7.08,-6.3,93.954094,0.194261909,0,0.805738091
8.26,-6.3,93.954094,0.194261909,0,0.805738091
9.44,-6.3,93.954094,0.194261909,0,0.805738091
10.62,-6.3,93.954094,0.194261909,0,0.805738091
0,-5.12,93.954094,0.205054237,0,0.794945763
1.18,-5.12,93.954094,0.205054237,0,0.794945763
2.36,-5.12,93.954094,0.205054237,0,0.794945763
3.54,-5.12,93.954094,0.205054237,0,0.794945763
4.72,-5.12,93.954094,0.205054237,0,0.794945763
5.9,-5.12,93.954094,0.205054237,0,0.794945763
7.08,-5.12,93.954094,0.205054237,0,0.794945763
8.26,-5.12,93.954094,0.205054237,0,0.794945763
9.44,-5.12,93.954094,0.205054237,0,0.794945763
10.62,-5.12,93.954094,0.205054237,0,0.794945763
0,-3.94,93.954094,0.215846565,0,0.784153435
1.18,-3.94,93.954094,0.215846565,0,0.784153435
2.36,-3.94,93.954094,0.215846565,0,0.784153435
3.54,-3.94,93.954094,0.215846565,0,0.784153435
4.72,-3.94,93.954094,0.215846565,0,0.784153435
5.9,-3.94,93.954094,0.215846565,0,0.784153435
7.08,-3.94,93.954094,0.215846565,0,0.784153435
8.26,-3.94,93.954094,0.215846565,0,0.784153435
9.44,-3.94,93.954094,0.215846565,0,0.784153435
10.62,-3.94,93.954094,0.215846565,0,0.784153435
0,-2.76,93.954094,0.226638894,0,0.773361106
1.18,-2.76,93.954094,0.226638894,0,0.773361106
2.36,-2.76,93.954094,0.226638894,0,0.773361106
3.54,-2.76,93.954094,0.226638894,0,0.773361106
4.72,-2.76,93.954094,0.226638894,0,0.773361106
5.9,-2.76,93.954094,0.226638894,0,0.773361106
7.08,-2.76,93.954094,0.226638894,0,0.773361106
8.26,-2.76,93.954094,0.226638894,0,0.773361106
9.44,-2.76,93.954094,0.226638894,0,0.773361106
10.62,-2.76,93.954094,0.226638894,0,0.773361106
0,-1.58,93.954094,0.237431222,0,0.762568778
1.18,-1.58,93.954094,0.237431222,0,0.762568778
2.36,-1.58,93.954094,0.237431222,0,0.762568778
3.54,-1.58,93.954094,0.237431222,0,0.762568778
4.72,-1.58,93.954094,0.237431222,0,0.762568778
5.9,-1.58,93.954094,0.237431222,0,0.762568778
7.08,-1.58,93.954094,0.237431222,0,0.762568778
8.26,-1.58,93.954094,0.237431222,0,0.762568778
9.44,-1.58,93.954094,0.237431222,0,0.762568778
10.62,-1.58,93.954094,0.237431222,0,0.762568778
0,-0.400000000000002,93.954094,0.255669134,0,0.744330866
1.18,-0.400000000000002,93.954094,0.255669134,0,0.744330866
2.36,-0.400000000000002,93.954094,0.255669134,0,0.744330866
3.54,-0.400000000000002,93.954094,0.255669134,0,0.744330866
4.72,-0.400000000000002,93.954094,0.255669134,0,0.744330866
5.9,-0.400000000000002,93.954094,0.255669134,0,0.744330866
7.08,-0.400000000000002,93.954094,0.255669134,0,0.744330866
8.26,-0.400000000000002,93.954094,0.255669134,0,0.744330866
9.44,-0.400000000000002,93.954094,0.255669134,0,0.744330866
10.62,-0.400000000000002,93.954094,0.255669134,0,0.744330866
0,0.779999999999998,93.954094,0.24822355,0,0.75177645
1.18,0.779999999999998,93.954094,0.24822355,0,0.75177645
2.36,0.779999999999998,93.954094,0.24822355,0,0.75177645
3.54,0.779999999999998,93.954094,0.24822355,0,0.75177645
4.72,0.779999999999998,93.954094,0.24822355,0,0.75177645
5.9,0.779999999999998,93.954094,0.24822355,0,0.75177645
7.08,0.779999999999998,93.954094,0.24822355,0,0.75177645
8.26,0.779999999999998,93.954094,0.24822355,0,0.75177645
9.44,0.779999999999998,93.954094,0.24822355,0,0.75177645
10.62,0.779999999999998,93.954094,0.24822355,0,0.75177645
0,1.96,93.954094,0.237431222,0,0.762568778
1.18,1.96,93.954094,0.237431222,0,0.762568778
2.36,1.96,93.954094,0.237431222,0,0.762568778
3.54,1.96,93.954094,0.237431222,0,0.762568778
4.72,1.96,93.954094,0.237431222,0,0.762568778
5.9,1.96,93.954094,0.237431222,0,0.762568778
7.08,1.96,93.954094,0.237431222,0,0.762568778
8.26,1.96,93.954094,0.237431222,0,0.762568778
9.44,1.96,93.954094,0.237431222,0,0.762568778
10.62,1.96,93.954094,0.237431222,0,0.762568778
0,3.14,93.954094,0.226638894,0,0.773361106
1.18,3.14,93.954094,0.226638894,0,0.773361106
2.36,3.14,93.954094,0.226638894,0,0.773361106
3.54,3.14,93.954094,0.226638894,0,0.773361106
4.72,3.14,93.954094,0.226638894,0,0.773361106
5.9,3.14,93.954094,0.226638894,0,0.773361106
7.08,3.14,93.954094,0.226638894,0,0.773361106
8.26,3.14,93.954094,0.226638894,0,0.773361106
9.44,3.14,93.954094,0.226638894,0,0.773361106
10.62,3.14,93.954094,0.226638894,0,0.773361106
0,4.32,93.954094,0.215846565,0,0.784153435
1.18,4.32,93.954094,0.215846565,0,0.784153435
2.36,4.32,93.954094,0.215846565,0,0.784153435
3.54,4.32,93.954094,0.215846565,0,0.784153435
4.72,4.32,93.954094,0.215846565,0,0.784153435
5.9,4.32,93.954094,0.215846565,0,0.784153435
7.08,4.32,93.954094,0.215846565,0,0.784153435
8.26,4.32,93.954094,0.215846565,0,0.784153435
9.44,4.32,93.954094,0.215846565,0,0.784153435
10.62,4.32,93.954094,0.215846565,0,0.784153435
0,5.5,93.954094,0.205054237,0,0.794945763
1.18,5.5,93.954094,0.205054237,0,0.794945763
2.36,5.5,93.954094,0.205054237,0,0.794945763
3.54,5.5,93.954094,0.205054237,0,0.794945763
4.72,5.5,93.954094,0.205054237,0,0.794945763
5.9,5.5,93.954094,0.205054237,0,0.794945763
7.08,5.5,93.954094,0.205054237,0,0.794945763
8.26,5.5,93.954094,0.205054237,0,0.794945763
9.44,5.5,93.954094,0.205054237,0,0.794945763
10.62,5.5,93.954094,0.205054237,0,0.794945763
0,6.68,93.954094,0.183469581,0,0.816530419
1.18,6.68,93.954094,0.183469581,0,0.816530419
2.36,6.68,93.954094,0.183469581,0,0.816530419
3.54,6.68,93.954094,0.183469581,0,0.816530419
4.72,6.68,93.954094,0.183469581,0,0.816530419
5.9,6.68,93.954094,0.183469581,0,0.816530419
7.08,6.68,93.954094,0.183469581,0,0.816530419
8.26,6.68,93.954094,0.183469581,0,0.816530419
9.44,6.68,93.954094,0.183469581,0,0.816530419
10.62,6.68,93.954094,0.183469581,0,0.816530419
0,7.86,93.954094,0,1,0
1.18,7.86,93.954094,0,1,0
2.36,7.86,93.954094,0,1,0
3.54,7.86,93.954094,0,1,0
4.72,7.86,93.954094,0,1,0
5.9,7.86,93.954094,0,1,0
7.08,7.86,93.954094,0,1,0
8.26,7.86,93.954094,0,1,0
9.44,7.86,93.954094,0,1,0
10.62,7.86,93.954094,0,1,0
0,9.04,93.954094,0,1,0
1.18,9.04,93.954094,0,1,0
2.36,9.04,93.954094,0,1,0
3.54,9.04,93.954094,0,1,0
4.72,9.04,93.954094,0,1,0
5.9,9.04,93.954094,0,1,0
7.08,9.04,93.954094,0,1,0
8.26,9.04,93.954094,0,1,0
9.44,9.04,93.954094,0,1,0
10.62,9.04,93.954094,0,1,0
0,-9.84,94.574094,0,1,0
1.18,-9.84,94.574094,0,1,0
2.36,-9.84,94.574094,0,1,0
3.54,-9.84,94.574094,0,1,0
4.72,-9.84,94.574094,0,1,0
5.9,-9.84,94.574094,0,1,0
7.08,-9.84,94.574094,0,1,0
8.26,-9.84,94.574094,0,1,0
9.44,-9.84,94.574094,0,1,0
10.62,-9.84,94.574094,0,1,0
0,-8.66,94.574094,0,1,0
1.18,-8.66,94.574094,0,1,0
2.36,-8.66,94.574094,0,1,0
3.54,-8.66,94.574094,0,1,0
4.72,-8.66,94.574094,0,1,0
5.9,-8.66,94.574094,0,1,0
7.08,-8.66,94.574094,0,1,0
8.26,-8.66,94.574094,0,1,0
9.44,-8.66,94.574094,0,1,0
10.62,-8.66,94.574094,0,1,0
0,-7.48,94.574094,0.164100182,0,0.835899818
1.18,-7.48,94.574094,0.164100182,0,0.835899818
2.36,-7.48,94.574094,0.164100182,0,0.835899818
3.54,-7.48,94.574094,0.164100182,0,0.835899818
4.72,-7.48,94.574094,0.164100182,0,0.835899818
5.9,-7.48,94.574094,0.164100182,0,0.835899818
7.08,-7.48,94.574094,0.164100182,0,0.835899818
8.26,-7.48,94.574094,0.164100182,0,0.835899818
9.44,-7.48,94.574094,0.164100182,0,0.835899818
10.62,-7.48,94.574094,0.164100182,0,0.835899818
0,-6.3,94.574094,0.173753133,0,0.826246867
1.18,-6.3,94.574094,0.173753133,0,0.826246867
2.36,-6.3,94.574094,0.173753133,0,0.826246867
3.54,-6.3,94.574094,0.173753133,0,0.826246867
4.72,-6.3,94.574094,0.173753133,0,0.826246867
5.9,-6.3,94.574094,0.173753133,0,0.826246867
7.08,-6.3,94.574094,0.173753133,0,0.826246867
8.26,-6.3,94.574094,0.173753133,0,0.826246867
9.44,-6.3,94.574094,0.173753133,0,0.826246867
10.62,-6.3,94.574094,0.173753133,0,0.826246867
0,-5.12,94.574094,0.183406085,0,0.816593915
1.18,-5.12,94.574094,0.183406085,0,0.816593915
2.36,-5.12,94.574094,0.183406085,0,0.816593915
3.54,-5.12,94.574094,0.183406085,0,0.816593915
4.72,-5.12,94.574094,0.183406085,0,0.816593915
5.9,-5.12,94.574094,0.183406085,0,0.816593915
7.08,-5.12,94.574094,0.183406085,0,0.816593915
8.26,-5.12,94.574094,0.183406085,0,0.816593915
9.44,-5.12,94.574094,0.183406085,0,0.816593915
10.62,-5.12,94.574094,0.183406085,0,0.816593915
0,-3.94,94.574094,0.193059037,0,0.806940963
1.18,-3.94,94.574094,0.193059037,0,0.806940963
2.36,-3.94,94.574094,0.193059037,0,0.806940963
3.54,-3.94,94.574094,0.193059037,0,0.806940963
4.72,-3.94,94.574094,0.193059037,0,0.806940963
5.9,-3.94,94.574094,0.193059037,0,0.806940963
7.08,-3.94,94.574094,0.193059037,0,0.806940963
8.26,-3.94,94.574094,0.193059037,0,0.806940963
9.44,-3.94,94.574094,0.193059037,0,0.806940963
10.62,-3.94,94.574094,0.193059037,0,0.806940963
0,-2.76,94.574094,0.202711989,0,0.797288011
1.18,-2.76,94.574094,0.202711989,0,0.797288011
2.36,-2.76,94.574094,0.202711989,0,0.797288011
3.54,-2.76,94.574094,0.202711989,0,0.797288011
4.72,-2.76,94.574094,0.202711989,0,0.797288011
5.9,-2.76,94.574094,0.202711989,0,0.797288011
7.08,-2.76,94.574094,0.202711989,0,0.797288011
8.26,-2.76,94.574094,0.202711989,0,0.797288011
9.44,-2.76,94.574094,0.202711989,0,0.797288011
10.62,-2.76,94.574094,0.202711989,0,0.797288011
0,-1.58,94.574094,0.212364941,0,0.787635059
1.18,-1.58,94.574094,0.212364941,0,0.787635059
2.36,-1.58,94.574094,0.212364941,0,0.787635059
3.54,-1.58,94.574094,0.212364941,0,0.787635059
4.72,-1.58,94.574094,0.212364941,0,0.787635059
5.9,-1.58,94.574094,0.212364941,0,0.787635059
7.08,-1.58,94.574094,0.212364941,0,0.787635059
8.26,-1.58,94.574094,0.212364941,0,0.787635059
9.44,-1.58,94.574094,0.212364941,0,0.787635059
10.62,-1.58,94.574094,0.212364941,0,0.787635059
0,-0.400000000000002,94.574094,0.228677426,0,0.771322574
1.18,-0.400000000000002,94.574094,0.228677426,0,0.771322574
2.36,-0.400000000000002,94.574094,0.228677426,0,0.771322574
3.54,-0.400000000000002,94.574094,0.228677426,0,0.771322574
4.72,-0.400000000000002,94.574094,0.228677426,0,0.771322574
5.9,-0.400000000000002,94.574094,0.228677426,0,0.771322574
7.08,-0.400000000000002,94.574094,0.228677426,0,0.771322574
8.26,-0.400000000000002,94.574094,0.228677426,0,0.771322574
9.44,-0.400000000000002,94.574094,0.228677426,0,0.771322574
10.62,-0.400000000000002,94.574094,0.228677426,0,0.771322574
0,0.779999999999998,94.574094,0.222017893,0,0.777982107
1.18,0.779999999999998,94.574094,0.222017893,0,0.777982107
2.36,0.779999999999998,94.574094,0.222017893,0,0.777982107
3.54,0.779999999999998,94.574094,0.222017893,0,0.777982107
4.72,0.779999999999998,94.574094,0.222017893,0,0.777982107
5.9,0.779999999999998,94.574094,0.222017893,0,0.777982107
7.08,0.779999999999998,94.574094,0.222017893,0,0.777982107
8.26,0.779999999999998,94.574094,0.222017893,0,0.777982107
9.44,0.779999999999998,94.574094,0.222017893,0,0.777982107
10.62,0.779999999999998,94.574094,0.222017893,0,0.777982107
0,1.96,94.574094,0.212364941,0,0.787635059
1.18,1.96,94.574094,0.212364941,0,0.787635059
2.36,1.96,94.574094,0.212364941,0,0.787635059
3.54,1.96,94.574094,0.212364941,0,0.787635059
4.72,1.96,94.574094,0.212364941,0,0.787635059
5.9,1.96,94.574094,0.212364941,0,0.787635059
7.08,1.96,94.574094,0.212364941,0,0.787635059
8.26,1.96,94.574094,0.212364941,0,0.787635059
9.44,1.96,94.574094,0.212364941,0,0.787635059
10.62,1.96,94.574094,0.212364941,0,0.787635059
0,3.14,94.574094,0.202711989,0,0.797288011
1.18,3.14,94.574094,0.202711989,0,0.797288011
2.36,3.14,94.574094,0.202711989,0,0.797288011
3.54,3.14,94.574094,0.202711989,0,0.797288011
4.72,3.14,94.574094,0.202711989,0,0.797288011
5.9,3.14,94.574094,0.202711989,0,0.797288011
7.08,3.14,94.574094,0.202711989,0,0.797288011
8.26,3.14,94.574094,0.202711989,0,0.797288011
9.44,3.14,94.574094,0.202711989,0,0.797288011
10.62,3.14,94.574094,0.202711989,0,0.797288011
0,4.32,94.574094,0.193059037,0,0.806940963
1.18,4.32,94.574094,0.193059037,0,0.806940963
2.36,4.32,94.574094,0.193059037,0,0.806940963
3.54,4.32,94.574094,0.193059037,0,0.806940963
4.72,4.32,94.574094,0.193059037,0,0.806940963
5.9,4.32,94.574094,0.193059037,0,0.806940963
7.08,4.32,94.574094,0.193059037,0,0.806940963
8.26,4.32,94.574094,0.193059037,0,0.806940963
9.44,4.32,94.574094,0.193059037,0,0.806940963
10.62,4.32,94.574094,0.193059037,0,0.806940963
0,5.5,94.574094,0.183406085,0,0.816593915
1.18,5.5,94.574094,0.183406085,0,0.816593915
2.36,5.5,94.574094,0.183406085,0,0.816593915
3.54,5.5,94.574094,0.183406085,0,0.816593915
4.72,5.5,94.574094,0.183406085,0,0.816593915
5.9,5.5,94.574094,0.183406085,0,0.816593915
7.08,5.5,94.574094,0.183406085,0,0.816593915
8.26,5.5,94.574094,0.183406085,0,0.816593915
9.44,5.5,94.574094,0.183406085,0,0.816593915
10.62,5.5,94.574094,0.183406085,0,0.816593915
0,6.68,94.574094,0.164100182,0,0.835899818
1.18,6.68,94.574094,0.164100182,0,0.835899818
2.36,6.68,94.574094,0.164100182,0,0.835899818
3.54,6.68,94.574094,0.164100182,0,0.835899818
4.72,6.68,94.574094,0.164100182,0,0.835899818
5.9,6.68,94.574094,0.164100182,0,0.835899818
7.08,6.68,94.574094,0.164100182,0,0.835899818
8.26,6.68,94.574094,0.164100182,0,0.835899818
9.44,6.68,94.574094,0.164100182,0,0.835899818
10.62,6.68,94.574094,0.164100182,0,0.835899818
0,7.86,94.574094,0.15444723,0,0.84555277
1.18,7.86,94.574094,0.15444723,0,0.84555277
2.36,7.86,94.574094,0.15444723,0,0.84555277
3.54,7.86,94.574094,0.15444723,0,0.84555277
4.72,7.86,94.574094,0.15444723,0,0.84555277
5.9,7.86,94.574094,0.15444723,0,0.84555277
7.08,7.86,94.574094,0.15444723,0,0.84555277
8.26,7.86,94.574094,0.15444723,0,0.84555277
9.44,7.86,94.574094,0.15444723,0,0.84555277
10.62,7.86,94.574094,0.15444723,0,0.84555277
0,9.04,94.574094,0,1,0
1.18,9.04,94.574094,0,1,0
2.36,9.04,94.574094,0,1,0
3.54,9.04,94.574094,0,1,0
4.72,9.04,94.574094,0,1,0
5.9,9.04,94.574094,0,1,0
7.08,9.04,94.574094,0,1,0
8.26,9.04,94.574094,0,1,0
9.44,9.04,94.574094,0,1,0
10.62,9.04,94.574094,0,1,0
0,10.22,94.574094,0,1,0
1.18,10.22,94.574094,0,1,0
2.36,10.22,94.574094,0,1,0
3.54,10.22,94.574094,0,1,0
4.72,10.22,94.574094,0,1,0
5.9,10.22,94.574094,0,1,0
7.08,10.22,94.574094,0,1,0
8.26,10.22,94.574094,0,1,0
9.44,10.22,94.574094,0,1,0
10.62,10.22,94.574094,0,1,0
0,-11.02,95.194094,0,1,0
1.18,-11.02,95.194094,0,1,0
2.36,-11.02,95.194094,0,1,0
3.54,-11.02,95.194094,0,1,0
4.72,-11.02,95.194094,0,1,0
5.9,-11.02,95.194094,0,1,0
7.08,-11.02,95.194094,0,1,0
8.26,-11.02,95.194094,0,1,0
9.44,-11.02,95.194094,0,1,0
10.62,-11.02,95.194094,0,1,0
0,-9.84,95.194094,0,1,0
1.18,-9.84,95.194094,0,1,0
2.36,-9.84,95.194094,0,1,0
3.54,-9.84,95.194094,0,1,0
4.72,-9.84,95.194094,0,1,0
5.9,-9.84,95.194094,0,1,0
7.08,-9.84,95.194094,0,1,0
8.26,-9.84,95.194094,0,1,0
9.44,-9.84,95.194094,0,1,0
10.62,-9.84,95.194094,0,1,0
0,-8.66,95.194094,0.135442645,0,0.864557355
1.18,-8.66,95.194094,0.135442645,0,0.864557355
2.36,-8.66,95.194094,0.135442645,0,0.864557355
3.54,-8.66,95.194094,0.135442645,0,0.864557355
4.72,-8.66,95.194094,0.135442645,0,0.864557355
5.9,-8.66,95.194094,0.135442645,0,0.864557355
7.08,-8.66,95.194094,0.135442645,0,0.864557355
8.26,-8.66,95.194094,0.135442645,0,0.864557355
9.44,-8.66,95.194094,0.135442645,0,0.864557355
10.62,-8.66,95.194094,0.135442645,0,0.864557355
0,-7.48,95.194094,0.153501664,0,0.846498336
1.18,-7.48,95.194094,0.153501664,0,0.846498336
2.36,-7.48,95.194094,0.153501664,0,0.846498336
3.54,-7.48,95.194094,0.153501664,0,0.846498336
4.72,-7.48,95.194094,0.153501664,0,0.846498336
5.9,-7.48,95.194094,0.153501664,0,0.846498336
7.08,-7.48,95.194094,0.153501664,0,0.846498336
8.26,-7.48,95.194094,0.153501664,0,0.846498336
9.44,-7.48,95.194094,0.153501664,0,0.846498336
10.62,-7.48,95.194094,0.153501664,0,0.846498336
0,-6.3,95.194094,0.162531174,0,0.837468826
1.18,-6.3,95.194094,0.162531174,0,0.837468826
2.36,-6.3,95.194094,0.162531174,0,0.837468826
3.54,-6.3,95.194094,0.162531174,0,0.837468826
4.72,-6.3,95.194094,0.162531174,0,0.837468826
5.9,-6.3,95.194094,0.162531174,0,0.837468826
7.08,-6.3,95.194094,0.162531174,0,0.837468826
8.26,-6.3,95.194094,0.162531174,0,0.837468826
9.44,-6.3,95.194094,0.162531174,0,0.837468826
10.62,-6.3,95.194094,0.162531174,0,0.837468826
0,-5.12,95.194094,0.171560683,0,0.828439317
1.18,-5.12,95.194094,0.171560683,0,0.828439317
2.36,-5.12,95.194094,0.171560683,0,0.828439317
3.54,-5.12,95.194094,0.171560683,0,0.828439317
4.72,-5.12,95.194094,0.171560683,0,0.828439317
5.9,-5.12,95.194094,0.171560683,0,0.828439317
7.08,-5.12,95.194094,0.171560683,0,0.828439317
8.26,-5.12,95.194094,0.171560683,0,0.828439317
9.44,-5.12,95.194094,0.171560683,0,0.828439317
10.62,-5.12,95.194094,0.171560683,0,0.828439317
0,-3.94,95.194094,0.180590193,0,0.819409807
1.18,-3.94,95.194094,0.180590193,0,0.819409807
2.36,-3.94,95.194094,0.180590193,0,0.819409807
3.54,-3.94,95.194094,0.180590193,0,0.819409807
4.72,-3.94,95.194094,0.180590193,0,0.819409807
5.9,-3.94,95.194094,0.180590193,0,0.819409807
7.08,-3.94,95.194094,0.180590193,0,0.819409807
8.26,-3.94,95.194094,0.180590193,0,0.819409807
9.44,-3.94,95.194094,0.180590193,0,0.819409807
10.62,-3.94,95.194094,0.180590193,0,0.819409807
0,-2.76,95.194094,0.189619703,0,0.810380297
1.18,-2.76,95.194094,0.189619703,0,0.810380297
2.36,-2.76,95.194094,0.189619703,0,0.810380297
3.54,-2.76,95.194094,0.189619703,0,0.810380297
4.72,-2.76,95.194094,0.189619703,0,0.810380297
5.9,-2.76,95.194094,0.189619703,0,0.810380297
7.08,-2.76,95.194094,0.189619703,0,0.810380297
8.26,-2.76,95.194094,0.189619703,0,0.810380297
9.44,-2.76,95.194094,0.189619703,0,0.810380297
10.62,-2.76,95.194094,0.189619703,0,0.810380297
0,-1.58,95.194094,0.198649212,0,0.801350788
1.18,-1.58,95.194094,0.198649212,0,0.801350788
2.36,-1.58,95.194094,0.198649212,0,0.801350788
3.54,-1.58,95.194094,0.198649212,0,0.801350788
4.72,-1.58,95.194094,0.198649212,0,0.801350788
5.9,-1.58,95.194094,0.198649212,0,0.801350788
7.08,-1.58,95.194094,0.198649212,0,0.801350788
8.26,-1.58,95.194094,0.198649212,0,0.801350788
9.44,-1.58,95.194094,0.198649212,0,0.801350788
10.62,-1.58,95.194094,0.198649212,0,0.801350788
0,-0.400000000000002,95.194094,0.213908145,0,0.786091855
1.18,-0.400000000000002,95.194094,0.213908145,0,0.786091855
2.36,-0.400000000000002,95.194094,0.213908145,0,0.786091855
3.54,-0.400000000000002,95.194094,0.213908145,0,0.786091855
4.72,-0.400000000000002,95.194094,0.213908145,0,0.786091855
5.9,-0.400000000000002,95.194094,0.213908145,0,0.786091855
7.08,-0.400000000000002,95.194094,0.213908145,0,0.786091855
8.26,-0.400000000000002,95.194094,0.213908145,0,0.786091855
9.44,-0.400000000000002,95.194094,0.213908145,0,0.786091855
10.62,-0.400000000000002,95.194094,0.213908145,0,0.786091855
0,0.779999999999998,95.194094,0.207678722,0,0.792321278
1.18,0.779999999999998,95.194094,0.207678722,0,0.792321278
2.36,0.779999999999998,95.194094,0.207678722,0,0.792321278
3.54,0.779999999999998,95.194094,0.207678722,0,0.792321278
4.72,0.779999999999998,95.194094,0.207678722,0,0.792321278
5.9,0.779999999999998,95.194094,0.207678722,0,0.792321278
7.08,0.779999999999998,95.194094,0.207678722,0,0.792321278
8.26,0.779999999999998,95.194094,0.207678722,0,0.792321278
9.44,0.779999999999998,95.194094,0.207678722,0,0.792321278
10.62,0.779999999999998,95.194094,0.207678722,0,0.792321278
0,1.96,95.194094,0.198649212,0,0.801350788
1.18,1.96,95.194094,0.198649212,0,0.801350788
2.36,1.96,95.194094,0.198649212,0,0.801350788
3.54,1.96,95.194094,0.198649212,0,0.801350788
4.72,1.96,95.194094,0.198649212,0,0.801350788
5.9,1.96,95.194094,0.198649212,0,0.801350788
7.08,1.96,95.194094,0.198649212,0,0.801350788
8.26,1.96,95.194094,0.198649212,0,0.801350788
9.44,1.96,95.194094,0.198649212,0,0.801350788
10.62,1.96,95.194094,0.198649212,0,0.801350788
0,3.14,95.194094,0.189619703,0,0.810380297
1.18,3.14,95.194094,0.189619703,0,0.810380297
2.36,3.14,95.194094,0.189619703,0,0.810380297
3.54,3.14,95.194094,0.189619703,0,0.810380297
4.72,3.14,95.194094,0.189619703,0,0.810380297
5.9,3.14,95.194094,0.189619703,0,0.810380297
7.08,3.14,95.194094,0.189619703,0,0.810380297
8.26,3.14,95.194094,0.189619703,0,0.810380297
9.44,3.14,95.194094,0.189619703,0,0.810380297
10.62,3.14,95.194094,0.189619703,0,0.810380297
0,4.32,95.194094,0.180590193,0,0.819409807
1.18,4.32,95.194094,0.180590193,0,0.819409807
2.36,4.32,95.194094,0.180590193,0,0.819409807
3.54,4.32,95.194094,0.180590193,0,0.819409807
4.72,4.32,95.194094,0.180590193,0,0.819409807
5.9,4.32,95.194094,0.180590193,0,0.819409807
7.08,4.32,95.194094,0.180590193,0,0.819409807
8.26,4.32,95.194094,0.180590193,0,0.819409807
9.44,4.32,95.194094,0.180590193,0,0.819409807
10.62,4.32,95.194094,0.180590193,0,0.819409807
0,5.5,95.194094,0.171560683,0,0.828439317
1.18,5.5,95.194094,0.171560683,0,0.828439317
2.36,5.5,95.194094,0.171560683,0,0.828439317
3.54,5.5,95.194094,0.171560683,0,0.828439317
4.72,5.5,95.194094,0.171560683,0,0.828439317
5.9,5.5,95.194094,0.171560683,0,0.828439317
7.08,5.5,95.194094,0.171560683,0,0.828439317
8.26,5.5,95.194094,0.171560683,0,0.828439317
9.44,5.5,95.194094,0.171560683,0,0.828439317
10.62,5.5,95.194094,0.171560683,0,0.828439317
0,6.68,95.194094,0.153501664,0,0.846498336
1.18,6.68,95.194094,0.153501664,0,0.846498336
2.36,6.68,95.194094,0.153501664,0,0.846498336
3.54,6.68,95.194094,0.153501664,0,0.846498336
4.72,6.68,95.194094,0.153501664,0,0.846498336
5.9,6.68,95.194094,0.153501664,0,0.846498336
7.08,6.68,95.194094,0.153501664,0,0.846498336
8.26,6.68,95.194094,0.153501664,0,0.846498336
9.44,6.68,95.194094,0.153501664,0,0.846498336
10.62,6.68,95.194094,0.153501664,0,0.846498336
0,7.86,95.194094,0.144472154,0,0.855527846
1.18,7.86,95.194094,0.144472154,0,0.855527846
2.36,7.86,95.194094,0.144472154,0,0.855527846
3.54,7.86,95.194094,0.144472154,0,0.855527846
4.72,7.86,95.194094,0.144472154,0,0.855527846
5.9,7.86,95.194094,0.144472154,0,0.855527846
7.08,7.86,95.194094,0.144472154,0,0.855527846
8.26,7.86,95.194094,0.144472154,0,0.855527846
9.44,7.86,95.194094,0.144472154,0,0.855527846
10.62,7.86,95.194094,0.144472154,0,0.855527846
0,9.04,95.194094,0.135442645,0,0.864557355
1.18,9.04,95.194094,0.135442645,0,0.864557355
2.36,9.04,95.194094,0.135442645,0,0.864557355
3.54,9.04,95.194094,0.135442645,0,0.864557355
4.72,9.04,95.194094,0.135442645,0,0.864557355
5.9,9.04,95.194094,0.135442645,0,0.864557355
7.08,9.04,95.194094,0.135442645,0,0.864557355
8.26,9.04,95.194094,0.135442645,0,0.864557355
9.44,9.04,95.194094,0.135442645,0,0.864557355
10.62,9.04,95.194094,0.135442645,0,0.864557355
0,10.22,95.194094,0,1,0
1.18,10.22,95.194094,0,1,0
2.36,10.22,95.194094,0,1,0
3.54,10.22,95.194094,0,1,0
4.72,10.22,95.194094,0,1,0
5.9,10.22,95.194094,0,1,0
7.08,10.22,95.194094,0,1,0
8.26,10.22,95.194094,0,1,0
9.44,10.22,95.194094,0,1,0
10.62,10.22,95.194094,0,1,0
0,11.4,95.194094,0,1,0
1.18,11.4,95.194094,0,1,0
2.36,11.4,95.194094,0,1,0
3.54,11.4,95.194094,0,1,0
4.72,11.4,95.194094,0,1,0
5.9,11.4,95.194094,0,1,0
7.08,11.4,95.194094,0,1,0
8.26,11.4,95.194094,0,1,0
9.44,11.4,95.194094,0,1,0
10.62,11.4,95.194094,0,1,0
0,-12.2,95.814094,0,1,0
1.18,-12.2,95.814094,0,1,0
2.36,-12.2,95.814094,0,1,0
3.54,-12.2,95.814094,0,1,0
4.72,-12.2,95.814094,0,1,0
5.9,-12.2,95.814094,0,1,0
7.08,-12.2,95.814094,0,1,0
8.26,-12.2,95.814094,0,1,0
9.44,-12.2,95.814094,0,1,0
10.62,-12.2,95.814094,0,1,0
0,-11.02,95.814094,0,1,0
1.18,-11.02,95.814094,0,1,0
2.36,-11.02,95.814094,0,1,0
3.54,-11.02,95.814094,0,1,0
4.72,-11.02,95.814094,0,1,0
5.9,-11.02,95.814094,0,1,0
7.08,-11.02,95.814094,0,1,0
8.26,-11.02,95.814094,0,1,0
9.44,-11.02,95.814094,0,1,0
10.62,-11.02,95.814094,0,1,0
0,-9.84,95.814094,0.117035821,0,0.882964179
1.18,-9.84,95.814094,0.117035821,0,0.882964179
2.36,-9.84,95.814094,0.117035821,0,0.882964179
3.54,-9.84,95.814094,0.117035821,0,0.882964179
4.72,-9.84,95.814094,0.117035821,0,0.882964179
5.9,-9.84,95.814094,0.117035821,0,0.882964179
7.08,-9.84,95.814094,0.117035821,0,0.882964179
8.26,-9.84,95.814094,0.117035821,0,0.882964179
9.44,-9.84,95.814094,0.117035821,0,0.882964179
10.62,-9.84,95.814094,0.117035821,0,0.882964179
0,-8.66,95.814094,0.125395523,0,0.874604477
1.18,-8.66,95.814094,0.125395523,0,0.874604477
2.36,-8.66,95.814094,0.125395523,0,0.874604477
3.54,-8.66,95.814094,0.125395523,0,0.874604477
4.72,-8.66,95.814094,0.125395523,0,0.874604477
5.9,-8.66,95.814094,0.125395523,0,0.874604477
7.08,-8.66,95.814094,0.125395523,0,0.874604477
8.26,-8.66,95.814094,0.125395523,0,0.874604477
9.44,-8.66,95.814094,0.125395523,0,0.874604477
10.62,-8.66,95.814094,0.125395523,0,0.874604477
0,-7.48,95.814094,0.142114926,0,0.857885074
1.18,-7.48,95.814094,0.142114926,0,0.857885074
2.36,-7.48,95.814094,0.142114926,0,0.857885074
3.54,-7.48,95.814094,0.142114926,0,0.857885074
4.72,-7.48,95.814094,0.142114926,0,0.857885074
5.9,-7.48,95.814094,0.142114926,0,0.857885074
7.08,-7.48,95.814094,0.142114926,0,0.857885074
8.26,-7.48,95.814094,0.142114926,0,0.857885074
9.44,-7.48,95.814094,0.142114926,0,0.857885074
10.62,-7.48,95.814094,0.142114926,0,0.857885074
0,-6.3,95.814094,0.150474628,0,0.849525372
1.18,-6.3,95.814094,0.150474628,0,0.849525372
2.36,-6.3,95.814094,0.150474628,0,0.849525372
3.54,-6.3,95.814094,0.150474628,0,0.849525372
4.72,-6.3,95.814094,0.150474628,0,0.849525372
5.9,-6.3,95.814094,0.150474628,0,0.849525372
7.08,-6.3,95.814094,0.150474628,0,0.849525372
8.26,-6.3,95.814094,0.150474628,0,0.849525372
9.44,-6.3,95.814094,0.150474628,0,0.849525372
10.62,-6.3,95.814094,0.150474628,0,0.849525372
0,-5.12,95.814094,0.158834329,0,0.841165671
1.18,-5.12,95.814094,0.158834329,0,0.841165671
2.36,-5.12,95.814094,0.158834329,0,0.841165671
3.54,-5.12,95.814094,0.158834329,0,0.841165671
4.72,-5.12,95.814094,0.158834329,0,0.841165671
5.9,-5.12,95.814094,0.158834329,0,0.841165671
7.08,-5.12,95.814094,0.158834329,0,0.841165671
8.26,-5.12,95.814094,0.158834329,0,0.841165671
9.44,-5.12,95.814094,0.158834329,0,0.841165671
10.62,-5.12,95.814094,0.158834329,0,0.841165671
0,-3.94,95.814094,0.167194031,0,0.832805969
1.18,-3.94,95.814094,0.167194031,0,0.832805969
2.36,-3.94,95.814094,0.167194031,0,0.832805969
3.54,-3.94,95.814094,0.167194031,0,0.832805969
4.72,-3.94,95.814094,0.167194031,0,0.832805969
5.9,-3.94,95.814094,0.167194031,0,0.832805969
7.08,-3.94,95.814094,0.167194031,0,0.832805969
8.26,-3.94,95.814094,0.167194031,0,0.832805969
9.44,-3.94,95.814094,0.167194031,0,0.832805969
10.62,-3.94,95.814094,0.167194031,0,0.832805969
0,-2.76,95.814094,0.175553732,0,0.824446268
1.18,-2.76,95.814094,0.175553732,0,0.824446268
2.36,-2.76,95.814094,0.175553732,0,0.824446268
3.54,-2.76,95.814094,0.175553732,0,0.824446268
4.72,-2.76,95.814094,0.175553732,0,0.824446268
5.9,-2.76,95.814094,0.175553732,0,0.824446268
7.08,-2.76,95.814094,0.175553732,0,0.824446268
8.26,-2.76,95.814094,0.175553732,0,0.824446268
9.44,-2.76,95.814094,0.175553732,0,0.824446268
10.62,-2.76,95.814094,0.175553732,0,0.824446268
0,-1.58,95.814094,0.183913434,0,0.816086566
1.18,-1.58,95.814094,0.183913434,0,0.816086566
2.36,-1.58,95.814094,0.183913434,0,0.816086566
3.54,-1.58,95.814094,0.183913434,0,0.816086566
4.72,-1.58,95.814094,0.183913434,0,0.816086566
5.9,-1.58,95.814094,0.183913434,0,0.816086566
7.08,-1.58,95.814094,0.183913434,0,0.816086566
8.26,-1.58,95.814094,0.183913434,0,0.816086566
9.44,-1.58,95.814094,0.183913434,0,0.816086566
10.62,-1.58,95.814094,0.183913434,0,0.816086566
0,-0.400000000000002,95.814094,0.19804046,0,0.80195954
1.18,-0.400000000000002,95.814094,0.19804046,0,0.80195954
2.36,-0.400000000000002,95.814094,0.19804046,0,0.80195954
3.54,-0.400000000000002,95.814094,0.19804046,0,0.80195954
4.72,-0.400000000000002,95.814094,0.19804046,0,0.80195954
5.9,-0.400000000000002,95.814094,0.19804046,0,0.80195954
7.08,-0.400000000000002,95.814094,0.19804046,0,0.80195954
8.26,-0.400000000000002,95.814094,0.19804046,0,0.80195954
9.44,-0.400000000000002,95.814094,0.19804046,0,0.80195954
10.62,-0.400000000000002,95.814094,0.19804046,0,0.80195954
0,0.779999999999998,95.814094,0.192273135,0,0.807726865
1.18,0.779999999999998,95.814094,0.192273135,0,0.807726865
2.36,0.779999999999998,95.814094,0.192273135,0,0.807726865
3.54,0.779999999999998,95.814094,0.192273135,0,0.807726865
4.72,0.779999999999998,95.814094,0.192273135,0,0.807726865
5.9,0.779999999999998,95.814094,0.192273135,0,0.807726865
7.08,0.779999999999998,95.814094,0.192273135,0,0.807726865
8.26,0.779999999999998,95.814094,0.192273135,0,0.807726865
9.44,0.779999999999998,95.814094,0.192273135,0,0.807726865
10.62,0.779999999999998,95.814094,0.192273135,0,0.807726865
0,1.96,95.814094,0.183913434,0,0.816086566
1.18,1.96,95.814094,0.183913434,0,0.816086566
2.36,1.96,95.814094,0.183913434,0,0.816086566
3.54,1.96,95.814094,0.183913434,0,0.816086566
4.72,1.96,95.814094,0.183913434,0,0.816086566
5.9,1.96,95.814094,0.183913434,0,0.816086566
7.08,1.96,95.814094,0.183913434,0,0.816086566
8.26,1.96,95.814094,0.183913434,0,0.816086566
9.44,1.96,95.814094,0.183913434,0,0.816086566
10.62,1.96,95.814094,0.183913434,0,0.816086566
0,3.14,95.814094,0.175553732,0,0.824446268
1.18,3.14,95.814094,0.175553732,0,0.824446268
2.36,3.14,95.814094,0.175553732,0,0.824446268
3.54,3.14,95.814094,0.175553732,0,0.824446268
4.72,3.14,95.814094,0.175553732,0,0.824446268
5.9,3.14,95.814094,0.175553732,0,0.824446268
7.08,3.14,95.814094,0.175553732,0,0.824446268
8.26,3.14,95.814094,0.175553732,0,0.824446268
9.44,3.14,95.814094,0.175553732,0,0.824446268
10.62,3.14,95.814094,0.175553732,0,0.824446268
0,4.32,95.814094,0.167194031,0,0.832805969
1.18,4.32,95.814094,0.167194031,0,0.832805969
2.36,4.32,95.814094,0.167194031,0,0.832805969
3.54,4.32,95.814094,0.167194031,0,0.832805969
4.72,4.32,95.814094,0.167194031,0,0.832805969
5.9,4.32,95.814094,0.167194031,0,0.832805969
7.08,4.32,95.814094,0.167194031,0,0.832805969
8.26,4.32,95.814094,0.167194031,0,0.832805969
9.44,4.32,95.814094,0.167194031,0,0.832805969
10.62,4.32,95.814094,0.167194031,0,0.832805969
0,5.5,95.814094,0.158834329,0,0.841165671
1.18,5.5,95.814094,0.158834329,0,0.841165671
2.36,5.5,95.814094,0.158834329,0,0.841165671
3.54,5.5,95.814094,0.158834329,0,0.841165671
4.72,5.5,95.814094,0.158834329,0,0.841165671
5.9,5.5,95.814094,0.158834329,0,0.841165671
7.08,5.5,95.814094,0.158834329,0,0.841165671
8.26,5.5,95.814094,0.158834329,0,0.841165671
9.44,5.5,95.814094,0.158834329,0,0.841165671
10.62,5.5,95.814094,0.158834329,0,0.841165671
0,6.68,95.814094,0.142114926,0,0.857885074
1.18,6.68,95.814094,0.142114926,0,0.857885074
2.36,6.68,95.814094,0.142114926,0,0.857885074
3.54,6.68,95.814094,0.142114926,0,0.857885074
4.72,6.68,95.814094,0.142114926,0,0.857885074
5.9,6.68,95.814094,0.142114926,0,0.857885074
7.08,6.68,95.814094,0.142114926,0,0.857885074
8.26,6.68,95.814094,0.142114926,0,0.857885074
9.44,6.68,95.814094,0.142114926,0,0.857885074
10.62,6.68,95.814094,0.142114926,0,0.857885074
0,7.86,95.814094,0.133755224,0,0.866244776
1.18,7.86,95.814094,0.133755224,0,0.866244776
2.36,7.86,95.814094,0.133755224,0,0.866244776
3.54,7.86,95.814094,0.133755224,0,0.866244776
4.72,7.86,95.814094,0.133755224,0,0.866244776
5.9,7.86,95.814094,0.133755224,0,0.866244776
7.08,7.86,95.814094,0.133755224,0,0.866244776
8.26,7.86,95.814094,0.133755224,0,0.866244776
9.44,7.86,95.814094,0.133755224,0,0.866244776
10.62,7.86,95.814094,0.133755224,0,0.866244776
0,9.04,95.814094,0.125395523,0,0.874604477
1.18,9.04,95.814094,0.125395523,0,0.874604477
2.36,9.04,95.814094,0.125395523,0,0.874604477
3.54,9.04,95.814094,0.125395523,0,0.874604477
4.72,9.04,95.814094,0.125395523,0,0.874604477
5.9,9.04,95.814094,0.125395523,0,0.874604477
7.08,9.04,95.814094,0.125395523,0,0.874604477
8.26,9.04,95.814094,0.125395523,0,0.874604477
9.44,9.04,95.814094,0.125395523,0,0.874604477
10.62,9.04,95.814094,0.125395523,0,0.874604477
0,10.22,95.814094,0.117035821,0,0.882964179
1.18,10.22,95.814094,0.117035821,0,0.882964179
2.36,10.22,95.814094,0.117035821,0,0.882964179
3.54,10.22,95.814094,0.117035821,0,0.882964179
4.72,10.22,95.814094,0.117035821,0,0.882964179
5.9,10.22,95.814094,0.117035821,0,0.882964179
7.08,10.22,95.814094,0.117035821,0,0.882964179
8.26,10.22,95.814094,0.117035821,0,0.882964179
9.44,10.22,95.814094,0.117035821,0,0.882964179
10.62,10.22,95.814094,0.117035821,0,0.882964179
0,11.4,95.814094,0,1,0
1.18,11.4,95.814094,0,1,0
2.36,11.4,95.814094,0,1,0
3.54,11.4,95.814094,0,1,0
4.72,11.4,95.814094,0,1,0
5.9,11.4,95.814094,0,1,0
7.08,11.4,95.814094,0,1,0
8.26,11.4,95.814094,0,1,0
9.44,11.4,95.814094,0,1,0
10.62,11.4,95.814094,0,1,0
0,12.58,95.814094,0,1,0
1.18,12.58,95.814094,0,1,0
2.36,12.58,95.814094,0,1,0
3.54,12.58,95.814094,0,1,0
4.72,12.58,95.814094,0,1,0
5.9,12.58,95.814094,0,1,0
7.08,12.58,95.814094,0,1,0
8.26,12.58,95.814094,0,1,0
9.44,12.58,95.814094,0,1,0
10.62,12.58,95.814094,0,1,0
0,-12.2,96.434094,0,1,0
1.18,-12.2,96.434094,0,1,0
2.36,-12.2,96.434094,0,1,0
3.54,-12.2,96.434094,0,1,0
4.72,-12.2,96.434094,0,1,0
5.9,-12.2,96.434094,0,1,0
7.08,-12.2,96.434094,0,1,0
8.26,-12.2,96.434094,0,1,0
9.44,-12.2,96.434094,0,1,0
10.62,-12.2,96.434094,0,1,0
0,-11.02,96.434094,0.099207271,0,0.900792729
1.18,-11.02,96.434094,0.099207271,0,0.900792729
2.36,-11.02,96.434094,0.099207271,0,0.900792729
3.54,-11.02,96.434094,0.099207271,0,0.900792729
4.72,-11.02,96.434094,0.099207271,0,0.900792729
5.9,-11.02,96.434094,0.099207271,0,0.900792729
7.08,-11.02,96.434094,0.099207271,0,0.900792729
8.26,-11.02,96.434094,0.099207271,0,0.900792729
9.44,-11.02,96.434094,0.099207271,0,0.900792729
10.62,-11.02,96.434094,0.099207271,0,0.900792729
0,-9.84,96.434094,0.106838599,0,0.893161401
1.18,-9.84,96.434094,0.106838599,0,0.893161401
2.36,-9.84,96.434094,0.106838599,0,0.893161401
3.54,-9.84,96.434094,0.106838599,0,0.893161401
4.72,-9.84,96.434094,0.106838599,0,0.893161401
5.9,-9.84,96.434094,0.106838599,0,0.893161401
7.08,-9.84,96.434094,0.106838599,0,0.893161401
8.26,-9.84,96.434094,0.106838599,0,0.893161401
9.44,-9.84,96.434094,0.106838599,0,0.893161401
10.62,-9.84,96.434094,0.106838599,0,0.893161401
0,-8.66,96.434094,0.114469928,0,0.885530072
1.18,-8.66,96.434094,0.114469928,0,0.885530072
2.36,-8.66,96.434094,0.114469928,0,0.885530072
3.54,-8.66,96.434094,0.114469928,0,0.885530072
4.72,-8.66,96.434094,0.114469928,0,0.885530072
5.9,-8.66,96.434094,0.114469928,0,0.885530072
7.08,-8.66,96.434094,0.114469928,0,0.885530072
8.26,-8.66,96.434094,0.114469928,0,0.885530072
9.44,-8.66,96.434094,0.114469928,0,0.885530072
10.62,-8.66,96.434094,0.114469928,0,0.885530072
0,-7.48,96.434094,0.129732585,0,0.870267415
1.18,-7.48,96.434094,0.129732585,0,0.870267415
2.36,-7.48,96.434094,0.129732585,0,0.870267415
3.54,-7.48,96.434094,0.129732585,0,0.870267415
4.72,-7.48,96.434094,0.129732585,0,0.870267415
5.9,-7.48,96.434094,0.129732585,0,0.870267415
7.08,-7.48,96.434094,0.129732585,0,0.870267415
8.26,-7.48,96.434094,0.129732585,0,0.870267415
9.44,-7.48,96.434094,0.129732585,0,0.870267415
10.62,-7.48,96.434094,0.129732585,0,0.870267415
0,-6.3,96.434094,0.137363913,0,0.862636087
1.18,-6.3,96.434094,0.137363913,0,0.862636087
2.36,-6.3,96.434094,0.137363913,0,0.862636087
3.54,-6.3,96.434094,0.137363913,0,0.862636087
4.72,-6.3,96.434094,0.137363913,0,0.862636087
5.9,-6.3,96.434094,0.137363913,0,0.862636087
7.08,-6.3,96.434094,0.137363913,0,0.862636087
8.26,-6.3,96.434094,0.137363913,0,0.862636087
9.44,-6.3,96.434094,0.137363913,0,0.862636087
10.62,-6.3,96.434094,0.137363913,0,0.862636087
0,-5.12,96.434094,0.144995242,0,0.855004758
1.18,-5.12,96.434094,0.144995242,0,0.855004758
2.36,-5.12,96.434094,0.144995242,0,0.855004758
3.54,-5.12,96.434094,0.144995242,0,0.855004758
4.72,-5.12,96.434094,0.144995242,0,0.855004758
5.9,-5.12,96.434094,0.144995242,0,0.855004758
7.08,-5.12,96.434094,0.144995242,0,0.855004758
8.26,-5.12,96.434094,0.144995242,0,0.855004758
9.44,-5.12,96.434094,0.144995242,0,0.855004758
10.62,-5.12,96.434094,0.144995242,0,0.855004758
0,-3.94,96.434094,0.15262657,0,0.84737343
1.18,-3.94,96.434094,0.15262657,0,0.84737343
2.36,-3.94,96.434094,0.15262657,0,0.84737343
3.54,-3.94,96.434094,0.15262657,0,0.84737343
4.72,-3.94,96.434094,0.15262657,0,0.84737343
5.9,-3.94,96.434094,0.15262657,0,0.84737343
7.08,-3.94,96.434094,0.15262657,0,0.84737343
8.26,-3.94,96.434094,0.15262657,0,0.84737343
9.44,-3.94,96.434094,0.15262657,0,0.84737343
10.62,-3.94,96.434094,0.15262657,0,0.84737343
0,-2.76,96.434094,0.160257899,0,0.839742101
1.18,-2.76,96.434094,0.160257899,0,0.839742101
2.36,-2.76,96.434094,0.160257899,0,0.839742101
3.54,-2.76,96.434094,0.160257899,0,0.839742101
4.72,-2.76,96.434094,0.160257899,0,0.839742101
5.9,-2.76,96.434094,0.160257899,0,0.839742101
7.08,-2.76,96.434094,0.160257899,0,0.839742101
8.26,-2.76,96.434094,0.160257899,0,0.839742101
9.44,-2.76,96.434094,0.160257899,0,0.839742101
10.62,-2.76,96.434094,0.160257899,0,0.839742101
0,-1.58,96.434094,0.167889227,0,0.832110773
1.18,-1.58,96.434094,0.167889227,0,0.832110773
2.36,-1.58,96.434094,0.167889227,0,0.832110773
3.54,-1.58,96.434094,0.167889227,0,0.832110773
4.72,-1.58,96.434094,0.167889227,0,0.832110773
5.9,-1.58,96.434094,0.167889227,0,0.832110773
7.08,-1.58,96.434094,0.167889227,0,0.832110773
8.26,-1.58,96.434094,0.167889227,0,0.832110773
9.44,-1.58,96.434094,0.167889227,0,0.832110773
10.62,-1.58,96.434094,0.167889227,0,0.832110773
0,-0.400000000000002,96.434094,0.180785379,0,0.819214621
1.18,-0.400000000000002,96.434094,0.180785379,0,0.819214621
2.36,-0.400000000000002,96.434094,0.180785379,0,0.819214621
3.54,-0.400000000000002,96.434094,0.180785379,0,0.819214621
4.72,-0.400000000000002,96.434094,0.180785379,0,0.819214621
5.9,-0.400000000000002,96.434094,0.180785379,0,0.819214621
7.08,-0.400000000000002,96.434094,0.180785379,0,0.819214621
8.26,-0.400000000000002,96.434094,0.180785379,0,0.819214621
9.44,-0.400000000000002,96.434094,0.180785379,0,0.819214621
10.62,-0.400000000000002,96.434094,0.180785379,0,0.819214621
0,0.779999999999998,96.434094,0.175520556,0,0.824479444
1.18,0.779999999999998,96.434094,0.175520556,0,0.824479444
2.36,0.779999999999998,96.434094,0.175520556,0,0.824479444
3.54,0.779999999999998,96.434094,0.175520556,0,0.824479444
4.72,0.779999999999998,96.434094,0.175520556,0,0.824479444
5.9,0.779999999999998,96.434094,0.175520556,0,0.824479444
7.08,0.779999999999998,96.434094,0.175520556,0,0.824479444
8.26,0.779999999999998,96.434094,0.175520556,0,0.824479444
9.44,0.779999999999998,96.434094,0.175520556,0,0.824479444
10.62,0.779999999999998,96.434094,0.175520556,0,0.824479444
0,1.96,96.434094,0.167889227,0,0.832110773
1.18,1.96,96.434094,0.167889227,0,0.832110773
2.36,1.96,96.434094,0.167889227,0,0.832110773
3.54,1.96,96.434094,0.167889227,0,0.832110773
4.72,1.96,96.434094,0.167889227,0,0.832110773
5.9,1.96,96.434094,0.167889227,0,0.832110773
7.08,1.96,96.434094,0.167889227,0,0.832110773
8.26,1.96,96.434094,0.167889227,0,0.832110773
9.44,1.96,96.434094,0.167889227,0,0.832110773
10.62,1.96,96.434094,0.167889227,0,0.832110773
0,3.14,96.434094,0.160257899,0,0.839742101
1.18,3.14,96.434094,0.160257899,0,0.839742101
2.36,3.14,96.434094,0.160257899,0,0.839742101
3.54,3.14,96.434094,0.160257899,0,0.839742101
4.72,3.14,96.434094,0.160257899,0,0.839742101
5.9,3.14,96.434094,0.160257899,0,0.839742101
7.08,3.14,96.434094,0.160257899,0,0.839742101
8.26,3.14,96.434094,0.160257899,0,0.839742101
9.44,3.14,96.434094,0.160257899,0,0.839742101
10.62,3.14,96.434094,0.160257899,0,0.839742101
0,4.32,96.434094,0.15262657,0,0.84737343
1.18,4.32,96.434094,0.15262657,0,0.84737343
2.36,4.32,96.434094,0.15262657,0,0.84737343
3.54,4.32,96.434094,0.15262657,0,0.84737343
4.72,4.32,96.434094,0.15262657,0,0.84737343
5.9,4.32,96.434094,0.15262657,0,0.84737343
7.08,4.32,96.434094,0.15262657,0,0.84737343
8.26,4.32,96.434094,0.15262657,0,0.84737343
9.44,4.32,96.434094,0.15262657,0,0.84737343
10.62,4.32,96.434094,0.15262657,0,0.84737343
0,5.5,96.434094,0.144995242,0,0.855004758
1.18,5.5,96.434094,0.144995242,0,0.855004758
2.36,5.5,96.434094,0.144995242,0,0.855004758
3.54,5.5,96.434094,0.144995242,0,0.855004758
4.72,5.5,96.434094,0.144995242,0,0.855004758
5.9,5.5,96.434094,0.144995242,0,0.855004758
7.08,5.5,96.434094,0.144995242,0,0.855004758
8.26,5.5,96.434094,0.144995242,0,0.855004758
9.44,5.5,96.434094,0.144995242,0,0.855004758
10.62,5.5,96.434094,0.144995242,0,0.855004758
0,6.68,96.434094,0.129732585,0,0.870267415
1.18,6.68,96.434094,0.129732585,0,0.870267415
2.36,6.68,96.434094,0.129732585,0,0.870267415
3.54,6.68,96.434094,0.129732585,0,0.870267415
4.72,6.68,96.434094,0.129732585,0,0.870267415
5.9,6.68,96.434094,0.129732585,0,0.870267415
7.08,6.68,96.434094,0.129732585,0,0.870267415
8.26,6.68,96.434094,0.129732585,0,0.870267415
9.44,6.68,96.434094,0.129732585,0,0.870267415
10.62,6.68,96.434094,0.129732585,0,0.870267415
0,7.86,96.434094,0.122101256,0,0.877898744
1.18,7.86,96.434094,0.122101256,0,0.877898744
2.36,7.86,96.434094,0.122101256,0,0.877898744
3.54,7.86,96.434094,0.122101256,0,0.877898744
4.72,7.86,96.434094,0.122101256,0,0.877898744
5.9,7.86,96.434094,0.122101256,0,0.877898744
7.08,7.86,96.434094,0.122101256,0,0.877898744
8.26,7.86,96.434094,0.122101256,0,0.877898744
9.44,7.86,96.434094,0.122101256,0,0.877898744
10.62,7.86,96.434094,0.122101256,0,0.877898744
0,9.04,96.434094,0.114469928,0,0.885530072
1.18,9.04,96.434094,0.114469928,0,0.885530072
2.36,9.04,96.434094,0.114469928,0,0.885530072
3.54,9.04,96.434094,0.114469928,0,0.885530072
4.72,9.04,96.434094,0.114469928,0,0.885530072
5.9,9.04,96.434094,0.114469928,0,0.885530072
7.08,9.04,96.434094,0.114469928,0,0.885530072
8.26,9.04,96.434094,0.114469928,0,0.885530072
9.44,9.04,96.434094,0.114469928,0,0.885530072
10.62,9.04,96.434094,0.114469928,0,0.885530072
0,10.22,96.434094,0.106838599,0,0.893161401
1.18,10.22,96.434094,0.106838599,0,0.893161401
2.36,10.22,96.434094,0.106838599,0,0.893161401
3.54,10.22,96.434094,0.106838599,0,0.893161401
4.72,10.22,96.434094,0.106838599,0,0.893161401
5.9,10.22,96.434094,0.106838599,0,0.893161401
7.08,10.22,96.434094,0.106838599,0,0.893161401
8.26,10.22,96.434094,0.106838599,0,0.893161401
9.44,10.22,96.434094,0.106838599,0,0.893161401
10.62,10.22,96.434094,0.106838599,0,0.893161401
0,11.4,96.434094,0.099207271,0,0.900792729
1.18,11.4,96.434094,0.099207271,0,0.900792729
2.36,11.4,96.434094,0.099207271,0,0.900792729
3.54,11.4,96.434094,0.099207271,0,0.900792729
4.72,11.4,96.434094,0.099207271,0,0.900792729
5.9,11.4,96.434094,0.099207271,0,0.900792729
7.08,11.4,96.434094,0.099207271,0,0.900792729
8.26,11.4,96.434094,0.099207271,0,0.900792729
9.44,11.4,96.434094,0.099207271,0,0.900792729
10.62,11.4,96.434094,0.099207271,0,0.900792729
0,12.58,96.434094,0,1,0
1.18,12.58,96.434094,0,1,0
2.36,12.58,96.434094,0,1,0
3.54,12.58,96.434094,0,1,0
4.72,12.58,96.434094,0,1,0
5.9,12.58,96.434094,0,1,0
7.08,12.58,96.434094,0,1,0
8.26,12.58,96.434094,0,1,0
9.44,12.58,96.434094,0,1,0
10.62,12.58,96.434094,0,1,0
0,-12.2,97.054094,0,1,0
1.18,-12.2,97.054094,0,1,0
2.36,-12.2,97.054094,0,1,0
3.54,-12.2,97.054094,0,1,0
4.72,-12.2,97.054094,0,1,0
5.9,-12.2,97.054094,0,1,0
7.08,-12.2,97.054094,0,1,0
8.26,-12.2,97.054094,0,1,0
9.44,-12.2,97.054094,0,1,0
10.62,-12.2,97.054094,0,1,0
0,-11.02,97.054094,0.076845621,0,0.923154379
1.18,-11.02,97.054094,0.076845621,0,0.923154379
2.36,-11.02,97.054094,0.076845621,0,0.923154379
3.54,-11.02,97.054094,0.076845621,0,0.923154379
4.72,-11.02,97.054094,0.076845621,0,0.923154379
5.9,-11.02,97.054094,0.076845621,0,0.923154379
7.08,-11.02,97.054094,0.076845621,0,0.923154379
8.26,-11.02,97.054094,0.076845621,0,0.923154379
9.44,-11.02,97.054094,0.076845621,0,0.923154379
10.62,-11.02,97.054094,0.076845621,0,0.923154379
0,-9.84,97.054094,0.082756823,0,0.917243177
1.18,-9.84,97.054094,0.082756823,0,0.917243177
2.36,-9.84,97.054094,0.082756823,0,0.917243177
3.54,-9.84,97.054094,0.082756823,0,0.917243177
4.72,-9.84,97.054094,0.082756823,0,0.917243177
5.9,-9.84,97.054094,0.082756823,0,0.917243177
7.08,-9.84,97.054094,0.082756823,0,0.917243177
8.26,-9.84,97.054094,0.082756823,0,0.917243177
9.44,-9.84,97.054094,0.082756823,0,0.917243177
10.62,-9.84,97.054094,0.082756823,0,0.917243177
0,-8.66,97.054094,0.088668025,0,0.911331975
1.18,-8.66,97.054094,0.088668025,0,0.911331975
2.36,-8.66,97.054094,0.088668025,0,0.911331975
3.54,-8.66,97.054094,0.088668025,0,0.911331975
4.72,-8.66,97.054094,0.088668025,0,0.911331975
5.9,-8.66,97.054094,0.088668025,0,0.911331975
7.08,-8.66,97.054094,0.088668025,0,0.911331975
8.26,-8.66,97.054094,0.088668025,0,0.911331975
9.44,-8.66,97.054094,0.088668025,0,0.911331975
10.62,-8.66,97.054094,0.088668025,0,0.911331975
0,-7.48,97.054094,0.100490428,0,0.899509572
1.18,-7.48,97.054094,0.100490428,0,0.899509572
2.36,-7.48,97.054094,0.100490428,0,0.899509572
3.54,-7.48,97.054094,0.100490428,0,0.899509572
4.72,-7.48,97.054094,0.100490428,0,0.899509572
5.9,-7.48,97.054094,0.100490428,0,0.899509572
7.08,-7.48,97.054094,0.100490428,0,0.899509572
8.26,-7.48,97.054094,0.100490428,0,0.899509572
9.44,-7.48,97.054094,0.100490428,0,0.899509572
10.62,-7.48,97.054094,0.100490428,0,0.899509572
0,-6.3,97.054094,0.10640163,0,0.89359837
1.18,-6.3,97.054094,0.10640163,0,0.89359837
2.36,-6.3,97.054094,0.10640163,0,0.89359837
3.54,-6.3,97.054094,0.10640163,0,0.89359837
4.72,-6.3,97.054094,0.10640163,0,0.89359837
5.9,-6.3,97.054094,0.10640163,0,0.89359837
7.08,-6.3,97.054094,0.10640163,0,0.89359837
8.26,-6.3,97.054094,0.10640163,0,0.89359837
9.44,-6.3,97.054094,0.10640163,0,0.89359837
10.62,-6.3,97.054094,0.10640163,0,0.89359837
0,-5.12,97.054094,0.112312831,0,0.887687169
1.18,-5.12,97.054094,0.112312831,0,0.887687169
2.36,-5.12,97.054094,0.112312831,0,0.887687169
3.54,-5.12,97.054094,0.112312831,0,0.887687169
4.72,-5.12,97.054094,0.112312831,0,0.887687169
5.9,-5.12,97.054094,0.112312831,0,0.887687169
7.08,-5.12,97.054094,0.112312831,0,0.887687169
8.26,-5.12,97.054094,0.112312831,0,0.887687169
9.44,-5.12,97.054094,0.112312831,0,0.887687169
10.62,-5.12,97.054094,0.112312831,0,0.887687169
0,-3.94,97.054094,0.118224033,0,0.881775967
1.18,-3.94,97.054094,0.118224033,0,0.881775967
2.36,-3.94,97.054094,0.118224033,0,0.881775967
3.54,-3.94,97.054094,0.118224033,0,0.881775967
4.72,-3.94,97.054094,0.118224033,0,0.881775967
5.9,-3.94,97.054094,0.118224033,0,0.881775967
7.08,-3.94,97.054094,0.118224033,0,0.881775967
8.26,-3.94,97.054094,0.118224033,0,0.881775967
9.44,-3.94,97.054094,0.118224033,0,0.881775967
10.62,-3.94,97.054094,0.118224033,0,0.881775967
0,-2.76,97.054094,0.124135234,0,0.875864766
1.18,-2.76,97.054094,0.124135234,0,0.875864766
2.36,-2.76,97.054094,0.124135234,0,0.875864766
3.54,-2.76,97.054094,0.124135234,0,0.875864766
4.72,-2.76,97.054094,0.124135234,0,0.875864766
5.9,-2.76,97.054094,0.124135234,0,0.875864766
7.08,-2.76,97.054094,0.124135234,0,0.875864766
8.26,-2.76,97.054094,0.124135234,0,0.875864766
9.44,-2.76,97.054094,0.124135234,0,0.875864766
10.62,-2.76,97.054094,0.124135234,0,0.875864766
0,-1.58,97.054094,0.130046436,0,0.869953564
1.18,-1.58,97.054094,0.130046436,0,0.869953564
2.36,-1.58,97.054094,0.130046436,0,0.869953564
3.54,-1.58,97.054094,0.130046436,0,0.869953564
4.72,-1.58,97.054094,0.130046436,0,0.869953564
5.9,-1.58,97.054094,0.130046436,0,0.869953564
7.08,-1.58,97.054094,0.130046436,0,0.869953564
8.26,-1.58,97.054094,0.130046436,0,0.869953564
9.44,-1.58,97.054094,0.130046436,0,0.869953564
10.62,-1.58,97.054094,0.130046436,0,0.869953564
0,-0.400000000000002,97.054094,0.140035752,0,0.859964248
1.18,-0.400000000000002,97.054094,0.140035752,0,0.859964248
2.36,-0.400000000000002,97.054094,0.140035752,0,0.859964248
3.54,-0.400000000000002,97.054094,0.140035752,0,0.859964248
4.72,-0.400000000000002,97.054094,0.140035752,0,0.859964248
5.9,-0.400000000000002,97.054094,0.140035752,0,0.859964248
7.08,-0.400000000000002,97.054094,0.140035752,0,0.859964248
8.26,-0.400000000000002,97.054094,0.140035752,0,0.859964248
9.44,-0.400000000000002,97.054094,0.140035752,0,0.859964248
10.62,-0.400000000000002,97.054094,0.140035752,0,0.859964248
0,0.779999999999998,97.054094,0.135957638,0,0.864042362
1.18,0.779999999999998,97.054094,0.135957638,0,0.864042362
2.36,0.779999999999998,97.054094,0.135957638,0,0.864042362
3.54,0.779999999999998,97.054094,0.135957638,0,0.864042362
4.72,0.779999999999998,97.054094,0.135957638,0,0.864042362
5.9,0.779999999999998,97.054094,0.135957638,0,0.864042362
7.08,0.779999999999998,97.054094,0.135957638,0,0.864042362
8.26,0.779999999999998,97.054094,0.135957638,0,0.864042362
9.44,0.779999999999998,97.054094,0.135957638,0,0.864042362
10.62,0.779999999999998,97.054094,0.135957638,0,0.864042362
0,1.96,97.054094,0.130046436,0,0.869953564
1.18,1.96,97.054094,0.130046436,0,0.869953564
2.36,1.96,97.054094,0.130046436,0,0.869953564
3.54,1.96,97.054094,0.130046436,0,0.869953564
4.72,1.96,97.054094,0.130046436,0,0.869953564
5.9,1.96,97.054094,0.130046436,0,0.869953564
7.08,1.96,97.054094,0.130046436,0,0.869953564
8.26,1.96,97.054094,0.130046436,0,0.869953564
9.44,1.96,97.054094,0.130046436,0,0.869953564
10.62,1.96,97.054094,0.130046436,0,0.869953564
0,3.14,97.054094,0.124135234,0,0.875864766
1.18,3.14,97.054094,0.124135234,0,0.875864766
2.36,3.14,97.054094,0.124135234,0,0.875864766
3.54,3.14,97.054094,0.124135234,0,0.875864766
4.72,3.14,97.054094,0.124135234,0,0.875864766
5.9,3.14,97.054094,0.124135234,0,0.875864766
7.08,3.14,97.054094,0.124135234,0,0.875864766
8.26,3.14,97.054094,0.124135234,0,0.875864766
9.44,3.14,97.054094,0.124135234,0,0.875864766
10.62,3.14,97.054094,0.124135234,0,0.875864766
0,4.32,97.054094,0.118224033,0,0.881775967
1.18,4.32,97.054094,0.118224033,0,0.881775967
2.36,4.32,97.054094,0.118224033,0,0.881775967
3.54,4.32,97.054094,0.118224033,0,0.881775967
4.72,4.32,97.054094,0.118224033,0,0.881775967
5.9,4.32,97.054094,0.118224033,0,0.881775967
7.08,4.32,97.054094,0.118224033,0,0.881775967
8.26,4.32,97.054094,0.118224033,0,0.881775967
9.44,4.32,97.054094,0.118224033,0,0.881775967
10.62,4.32,97.054094,0.118224033,0,0.881775967
0,5.5,97.054094,0.112312831,0,0.887687169
1.18,5.5,97.054094,0.112312831,0,0.887687169
2.36,5.5,97.054094,0.112312831,0,0.887687169
3.54,5.5,97.054094,0.112312831,0,0.887687169
4.72,5.5,97.054094,0.112312831,0,0.887687169
5.9,5.5,97.054094,0.112312831,0,0.887687169
7.08,5.5,97.054094,0.112312831,0,0.887687169
8.26,5.5,97.054094,0.112312831,0,0.887687169
9.44,5.5,97.054094,0.112312831,0,0.887687169
10.62,5.5,97.054094,0.112312831,0,0.887687169
0,6.68,97.054094,0.100490428,0,0.899509572
1.18,6.68,97.054094,0.100490428,0,0.899509572
2.36,6.68,97.054094,0.100490428,0,0.899509572
3.54,6.68,97.054094,0.100490428,0,0.899509572
4.72,6.68,97.054094,0.100490428,0,0.899509572
5.9,6.68,97.054094,0.100490428,0,0.899509572
7.08,6.68,97.054094,0.100490428,0,0.899509572
8.26,6.68,97.054094,0.100490428,0,0.899509572
9.44,6.68,97.054094,0.100490428,0,0.899509572
10.62,6.68,97.054094,0.100490428,0,0.899509572
0,7.86,97.054094,0.094579226,0,0.905420774
1.18,7.86,97.054094,0.094579226,0,0.905420774
2.36,7.86,97.054094,0.094579226,0,0.905420774
3.54,7.86,97.054094,0.094579226,0,0.905420774
4.72,7.86,97.054094,0.094579226,0,0.905420774
5.9,7.86,97.054094,0.094579226,0,0.905420774
7.08,7.86,97.054094,0.094579226,0,0.905420774
8.26,7.86,97.054094,0.094579226,0,0.905420774
9.44,7.86,97.054094,0.094579226,0,0.905420774
10.62,7.86,97.054094,0.094579226,0,0.905420774
0,9.04,97.054094,0.088668025,0,0.911331975
1.18,9.04,97.054094,0.088668025,0,0.911331975
2.36,9.04,97.054094,0.088668025,0,0.911331975
3.54,9.04,97.054094,0.088668025,0,0.911331975
4.72,9.04,97.054094,0.088668025,0,0.911331975
5.9,9.04,97.054094,0.088668025,0,0.911331975
7.08,9.04,97.054094,0.088668025,0,0.911331975
8.26,9.04,97.054094,0.088668025,0,0.911331975
9.44,9.04,97.054094,0.088668025,0,0.911331975
10.62,9.04,97.054094,0.088668025,0,0.911331975
0,10.22,97.054094,0.082756823,0,0.917243177
1.18,10.22,97.054094,0.082756823,0,0.917243177
2.36,10.22,97.054094,0.082756823,0,0.917243177
3.54,10.22,97.054094,0.082756823,0,0.917243177
4.72,10.22,97.054094,0.082756823,0,0.917243177
5.9,10.22,97.054094,0.082756823,0,0.917243177
7.08,10.22,97.054094,0.082756823,0,0.917243177
8.26,10.22,97.054094,0.082756823,0,0.917243177
9.44,10.22,97.054094,0.082756823,0,0.917243177
10.62,10.22,97.054094,0.082756823,0,0.917243177
0,11.4,97.054094,0.076845621,0,0.923154379
1.18,11.4,97.054094,0.076845621,0,0.923154379
2.36,11.4,97.054094,0.076845621,0,0.923154379
3.54,11.4,97.054094,0.076845621,0,0.923154379
4.72,11.4,97.054094,0.076845621,0,0.923154379
5.9,11.4,97.054094,0.076845621,0,0.923154379
7.08,11.4,97.054094,0.076845621,0,0.923154379
8.26,11.4,97.054094,0.076845621,0,0.923154379
9.44,11.4,97.054094,0.076845621,0,0.923154379
10.62,11.4,97.054094,0.076845621,0,0.923154379
0,12.58,97.054094,0,1,0
1.18,12.58,97.054094,0,1,0
2.36,12.58,97.054094,0,1,0
3.54,12.58,97.054094,0,1,0
4.72,12.58,97.054094,0,1,0
5.9,12.58,97.054094,0,1,0
7.08,12.58,97.054094,0,1,0
8.26,12.58,97.054094,0,1,0
9.44,12.58,97.054094,0,1,0
10.62,12.58,97.054094,0,1,0
0,-12.2,97.674094,0,1,0
1.18,-12.2,97.674094,0,1,0
2.36,-12.2,97.674094,0,1,0
3.54,-12.2,97.674094,0,1,0
4.72,-12.2,97.674094,0,1,0
5.9,-12.2,97.674094,0,1,0
7.08,-12.2,97.674094,0,1,0
8.26,-12.2,97.674094,0,1,0
9.44,-12.2,97.674094,0,1,0
10.62,-12.2,97.674094,0,1,0
0,-11.02,97.674094,0.062744187,0,0.937255813
1.18,-11.02,97.674094,0.062744187,0,0.937255813
2.36,-11.02,97.674094,0.062744187,0,0.937255813
3.54,-11.02,97.674094,0.062744187,0,0.937255813
4.72,-11.02,97.674094,0.062744187,0,0.937255813
5.9,-11.02,97.674094,0.062744187,0,0.937255813
7.08,-11.02,97.674094,0.062744187,0,0.937255813
8.26,-11.02,97.674094,0.062744187,0,0.937255813
9.44,-11.02,97.674094,0.062744187,0,0.937255813
10.62,-11.02,97.674094,0.062744187,0,0.937255813
0,-9.84,97.674094,0.067570663,0,0.932429337
1.18,-9.84,97.674094,0.067570663,0,0.932429337
2.36,-9.84,97.674094,0.067570663,0,0.932429337
3.54,-9.84,97.674094,0.067570663,0,0.932429337
4.72,-9.84,97.674094,0.067570663,0,0.932429337
5.9,-9.84,97.674094,0.067570663,0,0.932429337
7.08,-9.84,97.674094,0.067570663,0,0.932429337
8.26,-9.84,97.674094,0.067570663,0,0.932429337
9.44,-9.84,97.674094,0.067570663,0,0.932429337
10.62,-9.84,97.674094,0.067570663,0,0.932429337
0,-8.66,97.674094,0.072397139,0,0.927602861
1.18,-8.66,97.674094,0.072397139,0,0.927602861
2.36,-8.66,97.674094,0.072397139,0,0.927602861
3.54,-8.66,97.674094,0.072397139,0,0.927602861
4.72,-8.66,97.674094,0.072397139,0,0.927602861
5.9,-8.66,97.674094,0.072397139,0,0.927602861
7.08,-8.66,97.674094,0.072397139,0,0.927602861
8.26,-8.66,97.674094,0.072397139,0,0.927602861
9.44,-8.66,97.674094,0.072397139,0,0.927602861
10.62,-8.66,97.674094,0.072397139,0,0.927602861
0,-7.48,97.674094,0.082050091,0,0.917949909
1.18,-7.48,97.674094,0.082050091,0,0.917949909
2.36,-7.48,97.674094,0.082050091,0,0.917949909
3.54,-7.48,97.674094,0.082050091,0,0.917949909
4.72,-7.48,97.674094,0.082050091,0,0.917949909
5.9,-7.48,97.674094,0.082050091,0,0.917949909
7.08,-7.48,97.674094,0.082050091,0,0.917949909
8.26,-7.48,97.674094,0.082050091,0,0.917949909
9.44,-7.48,97.674094,0.082050091,0,0.917949909
10.62,-7.48,97.674094,0.082050091,0,0.917949909
0,-6.3,97.674094,0.086876567,0,0.913123433
1.18,-6.3,97.674094,0.086876567,0,0.913123433
2.36,-6.3,97.674094,0.086876567,0,0.913123433
3.54,-6.3,97.674094,0.086876567,0,0.913123433
4.72,-6.3,97.674094,0.086876567,0,0.913123433
5.9,-6.3,97.674094,0.086876567,0,0.913123433
7.08,-6.3,97.674094,0.086876567,0,0.913123433
8.26,-6.3,97.674094,0.086876567,0,0.913123433
9.44,-6.3,97.674094,0.086876567,0,0.913123433
10.62,-6.3,97.674094,0.086876567,0,0.913123433
0,-5.12,97.674094,0.091703043,0,0.908296957
1.18,-5.12,97.674094,0.091703043,0,0.908296957
2.36,-5.12,97.674094,0.091703043,0,0.908296957
3.54,-5.12,97.674094,0.091703043,0,0.908296957
4.72,-5.12,97.674094,0.091703043,0,0.908296957
5.9,-5.12,97.674094,0.091703043,0,0.908296957
7.08,-5.12,97.674094,0.091703043,0,0.908296957
8.26,-5.12,97.674094,0.091703043,0,0.908296957
9.44,-5.12,97.674094,0.091703043,0,0.908296957
10.62,-5.12,97.674094,0.091703043,0,0.908296957
0,-3.94,97.674094,0.096529519,0,0.903470481
1.18,-3.94,97.674094,0.096529519,0,0.903470481
2.36,-3.94,97.674094,0.096529519,0,0.903470481
3.54,-3.94,97.674094,0.096529519,0,0.903470481
4.72,-3.94,97.674094,0.096529519,0,0.903470481
5.9,-3.94,97.674094,0.096529519,0,0.903470481
7.08,-3.94,97.674094,0.096529519,0,0.903470481
8.26,-3.94,97.674094,0.096529519,0,0.903470481
9.44,-3.94,97.674094,0.096529519,0,0.903470481
10.62,-3.94,97.674094,0.096529519,0,0.903470481
0,-2.76,97.674094,0.101355994,0,0.898644006
1.18,-2.76,97.674094,0.101355994,0,0.898644006
2.36,-2.76,97.674094,0.101355994,0,0.898644006
3.54,-2.76,97.674094,0.101355994,0,0.898644006
4.72,-2.76,97.674094,0.101355994,0,0.898644006
5.9,-2.76,97.674094,0.101355994,0,0.898644006
7.08,-2.76,97.674094,0.101355994,0,0.898644006
8.26,-2.76,97.674094,0.101355994,0,0.898644006
9.44,-2.76,97.674094,0.101355994,0,0.898644006
10.62,-2.76,97.674094,0.101355994,0,0.898644006
0,-1.58,97.674094,0.10618247,0,0.89381753
1.18,-1.58,97.674094,0.10618247,0,0.89381753
2.36,-1.58,97.674094,0.10618247,0,0.89381753
3.54,-1.58,97.674094,0.10618247,0,0.89381753
4.72,-1.58,97.674094,0.10618247,0,0.89381753
5.9,-1.58,97.674094,0.10618247,0,0.89381753
7.08,-1.58,97.674094,0.10618247,0,0.89381753
8.26,-1.58,97.674094,0.10618247,0,0.89381753
9.44,-1.58,97.674094,0.10618247,0,0.89381753
10.62,-1.58,97.674094,0.10618247,0,0.89381753
0,-0.400000000000002,97.674094,0.114338713,0,0.885661287
1.18,-0.400000000000002,97.674094,0.114338713,0,0.885661287
2.36,-0.400000000000002,97.674094,0.114338713,0,0.885661287
3.54,-0.400000000000002,97.674094,0.114338713,0,0.885661287
4.72,-0.400000000000002,97.674094,0.114338713,0,0.885661287
5.9,-0.400000000000002,97.674094,0.114338713,0,0.885661287
7.08,-0.400000000000002,97.674094,0.114338713,0,0.885661287
8.26,-0.400000000000002,97.674094,0.114338713,0,0.885661287
9.44,-0.400000000000002,97.674094,0.114338713,0,0.885661287
10.62,-0.400000000000002,97.674094,0.114338713,0,0.885661287
0,0.779999999999998,97.674094,0.111008946,0,0.888991054
1.18,0.779999999999998,97.674094,0.111008946,0,0.888991054
2.36,0.779999999999998,97.674094,0.111008946,0,0.888991054
3.54,0.779999999999998,97.674094,0.111008946,0,0.888991054
4.72,0.779999999999998,97.674094,0.111008946,0,0.888991054
5.9,0.779999999999998,97.674094,0.111008946,0,0.888991054
7.08,0.779999999999998,97.674094,0.111008946,0,0.888991054
8.26,0.779999999999998,97.674094,0.111008946,0,0.888991054
9.44,0.779999999999998,97.674094,0.111008946,0,0.888991054
10.62,0.779999999999998,97.674094,0.111008946,0,0.888991054
0,1.96,97.674094,0.10618247,0,0.89381753
1.18,1.96,97.674094,0.10618247,0,0.89381753
2.36,1.96,97.674094,0.10618247,0,0.89381753
3.54,1.96,97.674094,0.10618247,0,0.89381753
4.72,1.96,97.674094,0.10618247,0,0.89381753
5.9,1.96,97.674094,0.10618247,0,0.89381753
7.08,1.96,97.674094,0.10618247,0,0.89381753
8.26,1.96,97.674094,0.10618247,0,0.89381753
9.44,1.96,97.674094,0.10618247,0,0.89381753
10.62,1.96,97.674094,0.10618247,0,0.89381753
0,3.14,97.674094,0.101355994,0,0.898644006
1.18,3.14,97.674094,0.101355994,0,0.898644006
2.36,3.14,97.674094,0.101355994,0,0.898644006
3.54,3.14,97.674094,0.101355994,0,0.898644006
4.72,3.14,97.674094,0.101355994,0,0.898644006
5.9,3.14,97.674094,0.101355994,0,0.898644006
7.08,3.14,97.674094,0.101355994,0,0.898644006
8.26,3.14,97.674094,0.101355994,0,0.898644006
9.44,3.14,97.674094,0.101355994,0,0.898644006
10.62,3.14,97.674094,0.101355994,0,0.898644006
0,4.32,97.674094,0.096529519,0,0.903470481
1.18,4.32,97.674094,0.096529519,0,0.903470481
2.36,4.32,97.674094,0.096529519,0,0.903470481
3.54,4.32,97.674094,0.096529519,0,0.903470481
4.72,4.32,97.674094,0.096529519,0,0.903470481
5.9,4.32,97.674094,0.096529519,0,0.903470481
7.08,4.32,97.674094,0.096529519,0,0.903470481
8.26,4.32,97.674094,0.096529519,0,0.903470481
9.44,4.32,97.674094,0.096529519,0,0.903470481
10.62,4.32,97.674094,0.096529519,0,0.903470481
0,5.5,97.674094,0.091703043,0,0.908296957
1.18,5.5,97.674094,0.091703043,0,0.908296957
2.36,5.5,97.674094,0.091703043,0,0.908296957
3.54,5.5,97.674094,0.091703043,0,0.908296957
4.72,5.5,97.674094,0.091703043,0,0.908296957
5.9,5.5,97.674094,0.091703043,0,0.908296957
7.08,5.5,97.674094,0.091703043,0,0.908296957
8.26,5.5,97.674094,0.091703043,0,0.908296957
9.44,5.5,97.674094,0.091703043,0,0.908296957
10.62,5.5,97.674094,0.091703043,0,0.908296957
0,6.68,97.674094,0.082050091,0,0.917949909
1.18,6.68,97.674094,0.082050091,0,0.917949909
2.36,6.68,97.674094,0.082050091,0,0.917949909
3.54,6.68,97.674094,0.082050091,0,0.917949909
4.72,6.68,97.674094,0.082050091,0,0.917949909
5.9,6.68,97.674094,0.082050091,0,0.917949909
7.08,6.68,97.674094,0.082050091,0,0.917949909
8.26,6.68,97.674094,0.082050091,0,0.917949909
9.44,6.68,97.674094,0.082050091,0,0.917949909
10.62,6.68,97.674094,0.082050091,0,0.917949909
0,7.86,97.674094,0.077223615,0,0.922776385
1.18,7.86,97.674094,0.077223615,0,0.922776385
2.36,7.86,97.674094,0.077223615,0,0.922776385
3.54,7.86,97.674094,0.077223615,0,0.922776385
4.72,7.86,97.674094,0.077223615,0,0.922776385
5.9,7.86,97.674094,0.077223615,0,0.922776385
7.08,7.86,97.674094,0.077223615,0,0.922776385
8.26,7.86,97.674094,0.077223615,0,0.922776385
9.44,7.86,97.674094,0.077223615,0,0.922776385
10.62,7.86,97.674094,0.077223615,0,0.922776385
0,9.04,97.674094,0.072397139,0,0.927602861
1.18,9.04,97.674094,0.072397139,0,0.927602861
2.36,9.04,97.674094,0.072397139,0,0.927602861
3.54,9.04,97.674094,0.072397139,0,0.927602861
4.72,9.04,97.674094,0.072397139,0,0.927602861
5.9,9.04,97.674094,0.072397139,0,0.927602861
7.08,9.04,97.674094,0.072397139,0,0.927602861
8.26,9.04,97.674094,0.072397139,0,0.927602861
9.44,9.04,97.674094,0.072397139,0,0.927602861
10.62,9.04,97.674094,0.072397139,0,0.927602861
0,10.22,97.674094,0.067570663,0,0.932429337
1.18,10.22,97.674094,0.067570663,0,0.932429337
2.36,10.22,97.674094,0.067570663,0,0.932429337
3.54,10.22,97.674094,0.067570663,0,0.932429337
4.72,10.22,97.674094,0.067570663,0,0.932429337
5.9,10.22,97.674094,0.067570663,0,0.932429337
7.08,10.22,97.674094,0.067570663,0,0.932429337
8.26,10.22,97.674094,0.067570663,0,0.932429337
9.44,10.22,97.674094,0.067570663,0,0.932429337
10.62,10.22,97.674094,0.067570663,0,0.932429337
0,11.4,97.674094,0.062744187,0,0.937255813
1.18,11.4,97.674094,0.062744187,0,0.937255813
2.36,11.4,97.674094,0.062744187,0,0.937255813
3.54,11.4,97.674094,0.062744187,0,0.937255813
4.72,11.4,97.674094,0.062744187,0,0.937255813
5.9,11.4,97.674094,0.062744187,0,0.937255813
7.08,11.4,97.674094,0.062744187,0,0.937255813
8.26,11.4,97.674094,0.062744187,0,0.937255813
9.44,11.4,97.674094,0.062744187,0,0.937255813
10.62,11.4,97.674094,0.062744187,0,0.937255813
0,12.58,97.674094,0,1,0
1.18,12.58,97.674094,0,1,0
2.36,12.58,97.674094,0,1,0
3.54,12.58,97.674094,0,1,0
4.72,12.58,97.674094,0,1,0
5.9,12.58,97.674094,0,1,0
7.08,12.58,97.674094,0,1,0
8.26,12.58,97.674094,0,1,0
9.44,12.58,97.674094,0,1,0
10.62,12.58,97.674094,0,1,0
0,-12.2,98.294094,0,1,0
1.18,-12.2,98.294094,0,1,0
2.36,-12.2,98.294094,0,1,0
3.54,-12.2,98.294094,0,1,0
4.72,-12.2,98.294094,0,1,0
5.9,-12.2,98.294094,0,1,0
7.08,-12.2,98.294094,0,1,0
8.26,-12.2,98.294094,0,1,0
9.44,-12.2,98.294094,0,1,0
10.62,-12.2,98.294094,0,1,0
0,-11.02,98.294094,0,1,0
1.18,-11.02,98.294094,0,1,0
2.36,-11.02,98.294094,0,1,0
3.54,-11.02,98.294094,0,1,0
4.72,-11.02,98.294094,0,1,0
5.9,-11.02,98.294094,0,1,0
7.08,-11.02,98.294094,0,1,0
8.26,-11.02,98.294094,0,1,0
9.44,-11.02,98.294094,0,1,0
10.62,-11.02,98.294094,0,1,0
0,-9.84,98.294094,0,1,0
1.18,-9.84,98.294094,0,1,0
2.36,-9.84,98.294094,0,1,0
3.54,-9.84,98.294094,0,1,0
4.72,-9.84,98.294094,0,1,0
5.9,-9.84,98.294094,0,1,0
7.08,-9.84,98.294094,0,1,0
8.26,-9.84,98.294094,0,1,0
9.44,-9.84,98.294094,0,1,0
10.62,-9.84,98.294094,0,1,0
0,-8.66,98.294094,0,1,0
1.18,-8.66,98.294094,0,1,0
2.36,-8.66,98.294094,0,1,0
3.54,-8.66,98.294094,0,1,0
4.72,-8.66,98.294094,0,1,0
5.9,-8.66,98.294094,0,1,0
7.08,-8.66,98.294094,0,1,0
8.26,-8.66,98.294094,0,1,0
9.44,-8.66,98.294094,0,1,0
10.62,-8.66,98.294094,0,1,0
0,-7.48,98.294094,0,1,0
1.18,-7.48,98.294094,0,1,0
2.36,-7.48,98.294094,0,1,0
3.54,-7.48,98.294094,0,1,0
4.72,-7.48,98.294094,0,1,0
5.9,-7.48,98.294094,0,1,0
7.08,-7.48,98.294094,0,1,0
8.26,-7.48,98.294094,0,1,0
9.44,-7.48,98.294094,0,1,0
10.62,-7.48,98.294094,0,1,0
0,-6.3,98.294094,0,1,0
1.18,-6.3,98.294094,0,1,0
2.36,-6.3,98.294094,0,1,0
3.54,-6.3,98.294094,0,1,0
4.72,-6.3,98.294094,0,1,0
5.9,-6.3,98.294094,0,1,0
7.08,-6.3,98.294094,0,1,0
8.26,-6.3,98.294094,0,1,0
9.44,-6.3,98.294094,0,1,0
10.62,-6.3,98.294094,0,1,0
0,-5.12,98.294094,0,1,0
1.18,-5.12,98.294094,0,1,0
2.36,-5.12,98.294094,0,1,0
3.54,-5.12,98.294094,0,1,0
4.72,-5.12,98.294094,0,1,0
5.9,-5.12,98.294094,0,1,0
7.08,-5.12,98.294094,0,1,0
8.26,-5.12,98.294094,0,1,0
9.44,-5.12,98.294094,0,1,0
10.62,-5.12,98.294094,0,1,0
0,-3.94,98.294094,0,1,0
1.18,-3.94,98.294094,0,1,0
2.36,-3.94,98.294094,0,1,0
3.54,-3.94,98.294094,0,1,0
4.72,-3.94,98.294094,0,1,0
5.9,-3.94,98.294094,0,1,0
7.08,-3.94,98.294094,0,1,0
8.26,-3.94,98.294094,0,1,0
9.44,-3.94,98.294094,0,1,0
10.62,-3.94,98.294094,0,1,0
0,-2.76,98.294094,0,1,0
1.18,-2.76,98.294094,0,1,0
2.36,-2.76,98.294094,0,1,0
3.54,-2.76,98.294094,0,1,0
4.72,-2.76,98.294094,0,1,0
5.9,-2.76,98.294094,0,1,0
7.08,-2.76,98.294094,0,1,0
8.26,-2.76,98.294094,0,1,0
9.44,-2.76,98.294094,0,1,0
10.62,-2.76,98.294094,0,1,0
0,-1.58,98.294094,0,1,0
1.18,-1.58,98.294094,0,1,0
2.36,-1.58,98.294094,0,1,0
3.54,-1.58,98.294094,0,1,0
4.72,-1.58,98.294094,0,1,0
5.9,-1.58,98.294094,0,1,0
7.08,-1.58,98.294094,0,1,0
8.26,-1.58,98.294094,0,1,0
9.44,-1.58,98.294094,0,1,0
10.62,-1.58,98.294094,0,1,0
0,-0.400000000000002,98.294094,0,1,0
1.18,-0.400000000000002,98.294094,0,1,0
2.36,-0.400000000000002,98.294094,0,1,0
3.54,-0.400000000000002,98.294094,0,1,0
4.72,-0.400000000000002,98.294094,0,1,0
5.9,-0.400000000000002,98.294094,0,1,0
7.08,-0.400000000000002,98.294094,0,1,0
8.26,-0.400000000000002,98.294094,0,1,0
9.44,-0.400000000000002,98.294094,0,1,0
10.62,-0.400000000000002,98.294094,0,1,0
0,0.779999999999998,98.294094,0,1,0
1.18,0.779999999999998,98.294094,0,1,0
2.36,0.779999999999998,98.294094,0,1,0
3.54,0.779999999999998,98.294094,0,1,0
4.72,0.779999999999998,98.294094,0,1,0
5.9,0.779999999999998,98.294094,0,1,0
7.08,0.779999999999998,98.294094,0,1,0
8.26,0.779999999999998,98.294094,0,1,0
9.44,0.779999999999998,98.294094,0,1,0
10.62,0.779999999999998,98.294094,0,1,0
0,1.96,98.294094,0,1,0
1.18,1.96,98.294094,0,1,0
2.36,1.96,98.294094,0,1,0
3.54,1.96,98.294094,0,1,0
4.72,1.96,98.294094,0,1,0
5.9,1.96,98.294094,0,1,0
7.08,1.96,98.294094,0,1,0
8.26,1.96,98.294094,0,1,0
9.44,1.96,98.294094,0,1,0
10.62,1.96,98.294094,0,1,0
0,3.14,98.294094,0,1,0
1.18,3.14,98.294094,0,1,0
2.36,3.14,98.294094,0,1,0
3.54,3.14,98.294094,0,1,0
4.72,3.14,98.294094,0,1,0
5.9,3.14,98.294094,0,1,0
7.08,3.14,98.294094,0,1,0
8.26,3.14,98.294094,0,1,0
9.44,3.14,98.294094,0,1,0
10.62,3.14,98.294094,0,1,0
0,4.32,98.294094,0,1,0
1.18,4.32,98.294094,0,1,0
2.36,4.32,98.294094,0,1,0
3.54,4.32,98.294094,0,1,0
4.72,4.32,98.294094,0,1,0
5.9,4.32,98.294094,0,1,0
7.08,4.32,98.294094,0,1,0
8.26,4.32,98.294094,0,1,0
9.44,4.32,98.294094,0,1,0
10.62,4.32,98.294094,0,1,0
0,5.5,98.294094,0,1,0
1.18,5.5,98.294094,0,1,0
2.36,5.5,98.294094,0,1,0
3.54,5.5,98.294094,0,1,0
4.72,5.5,98.294094,0,1,0
5.9,5.5,98.294094,0,1,0
7.08,5.5,98.294094,0,1,0
8.26,5.5,98.294094,0,1,0
9.44,5.5,98.294094,0,1,0
10.62,5.5,98.294094,0,1,0
0,6.68,98.294094,0,1,0
1.18,6.68,98.294094,0,1,0
2.36,6.68,98.294094,0,1,0
3.54,6.68,98.294094,0,1,0
4.72,6.68,98.294094,0,1,0
5.9,6.68,98.294094,0,1,0
7.08,6.68,98.294094,0,1,0
8.26,6.68,98.294094,0,1,0
9.44,6.68,98.294094,0,1,0
10.62,6.68,98.294094,0,1,0
0,7.86,98.294094,0,1,0
1.18,7.86,98.294094,0,1,0
2.36,7.86,98.294094,0,1,0
3.54,7.86,98.294094,0,1,0
4.72,7.86,98.294094,0,1,0
5.9,7.86,98.294094,0,1,0
7.08,7.86,98.294094,0,1,0
8.26,7.86,98.294094,0,1,0
9.44,7.86,98.294094,0,1,0
10.62,7.86,98.294094,0,1,0
0,9.04,98.294094,0,1,0
1.18,9.04,98.294094,0,1,0
2.36,9.04,98.294094,0,1,0
3.54,9.04,98.294094,0,1,0
4.72,9.04,98.294094,0,1,0
5.9,9.04,98.294094,0,1,0
7.08,9.04,98.294094,0,1,0
8.26,9.04,98.294094,0,1,0
9.44,9.04,98.294094,0,1,0
10.62,9.04,98.294094,0,1,0
0,10.22,98.294094,0,1,0
1.18,10.22,98.294094,0,1,0
2.36,10.22,98.294094,0,1,0
3.54,10.22,98.294094,0,1,0
4.72,10.22,98.294094,0,1,0
5.9,10.22,98.294094,0,1,0
7.08,10.22,98.294094,0,1,0
8.26,10.22,98.294094,0,1,0
9.44,10.22,98.294094,0,1,0
10.62,10.22,98.294094,0,1,0
0,11.4,98.294094,0,1,0
1.18,11.4,98.294094,0,1,0
2.36,11.4,98.294094,0,1,0
3.54,11.4,98.294094,0,1,0
4.72,11.4,98.294094,0,1,0
5.9,11.4,98.294094,0,1,0
7.08,11.4,98.294094,0,1,0
8.26,11.4,98.294094,0,1,0
9.44,11.4,98.294094,0,1,0
10.62,11.4,98.294094,0,1,0
0,12.58,98.294094,0,1,0
1.18,12.58,98.294094,0,1,0
2.36,12.58,98.294094,0,1,0
3.54,12.58,98.294094,0,1,0
4.72,12.58,98.294094,0,1,0
5.9,12.58,98.294094,0,1,0
7.08,12.58,98.294094,0,1,0
8.26,12.58,98.294094,0,1,0
9.44,12.58,98.294094,0,1,0
10.62,12.58,98.294094,0,1,0
0,-12.2,98.914094,0,1,0
1.18,-12.2,98.914094,0,1,0
2.36,-12.2,98.914094,0,1,0
3.54,-12.2,98.914094,0,1,0
4.72,-12.2,98.914094,0,1,0
5.9,-12.2,98.914094,0,1,0
7.08,-12.2,98.914094,0,1,0
8.26,-12.2,98.914094,0,1,0
9.44,-12.2,98.914094,0,1,0
10.62,-12.2,98.914094,0,1,0
0,-11.02,98.914094,0,1,0
1.18,-11.02,98.914094,0,1,0
2.36,-11.02,98.914094,0,1,0
3.54,-11.02,98.914094,0,1,0
4.72,-11.02,98.914094,0,1,0
5.9,-11.02,98.914094,0,1,0
7.08,-11.02,98.914094,0,1,0
8.26,-11.02,98.914094,0,1,0
9.44,-11.02,98.914094,0,1,0
10.62,-11.02,98.914094,0,1,0
0,-9.84,98.914094,0,1,0
1.18,-9.84,98.914094,0,1,0
2.36,-9.84,98.914094,0,1,0
3.54,-9.84,98.914094,0,1,0
4.72,-9.84,98.914094,0,1,0
5.9,-9.84,98.914094,0,1,0
7.08,-9.84,98.914094,0,1,0
8.26,-9.84,98.914094,0,1,0
9.44,-9.84,98.914094,0,1,0
10.62,-9.84,98.914094,0,1,0
0,-8.66,98.914094,0,1,0
1.18,-8.66,98.914094,0,1,0
2.36,-8.66,98.914094,0,1,0
3.54,-8.66,98.914094,0,1,0
4.72,-8.66,98.914094,0,1,0
5.9,-8.66,98.914094,0,1,0
7.08,-8.66,98.914094,0,1,0
8.26,-8.66,98.914094,0,1,0
9.44,-8.66,98.914094,0,1,0
10.62,-8.66,98.914094,0,1,0
0,-7.48,98.914094,0,1,0
1.18,-7.48,98.914094,0,1,0
2.36,-7.48,98.914094,0,1,0
3.54,-7.48,98.914094,0,1,0
4.72,-7.48,98.914094,0,1,0
5.9,-7.48,98.914094,0,1,0
7.08,-7.48,98.914094,0,1,0
8.26,-7.48,98.914094,0,1,0
9.44,-7.48,98.914094,0,1,0
10.62,-7.48,98.914094,0,1,0
0,-6.3,98.914094,0,1,0
1.18,-6.3,98.914094,0,1,0
2.36,-6.3,98.914094,0,1,0
3.54,-6.3,98.914094,0,1,0
4.72,-6.3,98.914094,0,1,0
5.9,-6.3,98.914094,0,1,0
7.08,-6.3,98.914094,0,1,0
8.26,-6.3,98.914094,0,1,0
9.44,-6.3,98.914094,0,1,0
10.62,-6.3,98.914094,0,1,0
0,-5.12,98.914094,0,1,0
1.18,-5.12,98.914094,0,1,0
2.36,-5.12,98.914094,0,1,0
3.54,-5.12,98.914094,0,1,0
4.72,-5.12,98.914094,0,1,0
5.9,-5.12,98.914094,0,1,0
7.08,-5.12,98.914094,0,1,0
8.26,-5.12,98.914094,0,1,0
9.44,-5.12,98.914094,0,1,0
10.62,-5.12,98.914094,0,1,0
0,-3.94,98.914094,0,1,0
1.18,-3.94,98.914094,0,1,0
2.36,-3.94,98.914094,0,1,0
3.54,-3.94,98.914094,0,1,0
4.72,-3.94,98.914094,0,1,0
5.9,-3.94,98.914094,0,1,0
7.08,-3.94,98.914094,0,1,0
8.26,-3.94,98.914094,0,1,0
9.44,-3.94,98.914094,0,1,0
10.62,-3.94,98.914094,0,1,0
0,-2.76,98.914094,0,1,0
1.18,-2.76,98.914094,0,1,0
2.36,-2.76,98.914094,0,1,0
3.54,-2.76,98.914094,0,1,0
4.72,-2.76,98.914094,0,1,0
5.9,-2.76,98.914094,0,1,0
7.08,-2.76,98.914094,0,1,0
8.26,-2.76,98.914094,0,1,0
9.44,-2.76,98.914094,0,1,0
10.62,-2.76,98.914094,0,1,0
0,-1.58,98.914094,0,1,0
1.18,-1.58,98.914094,0,1,0
2.36,-1.58,98.914094,0,1,0
3.54,-1.58,98.914094,0,1,0
4.72,-1.58,98.914094,0,1,0
5.9,-1.58,98.914094,0,1,0
7.08,-1.58,98.914094,0,1,0
8.26,-1.58,98.914094,0,1,0
9.44,-1.58,98.914094,0,1,0
10.62,-1.58,98.914094,0,1,0
0,-0.400000000000002,98.914094,0,1,0
1.18,-0.400000000000002,98.914094,0,1,0
2.36,-0.400000000000002,98.914094,0,1,0
3.54,-0.400000000000002,98.914094,0,1,0
4.72,-0.400000000000002,98.914094,0,1,0
5.9,-0.400000000000002,98.914094,0,1,0
7.08,-0.400000000000002,98.914094,0,1,0
8.26,-0.400000000000002,98.914094,0,1,0
9.44,-0.400000000000002,98.914094,0,1,0
10.62,-0.400000000000002,98.914094,0,1,0
0,0.779999999999998,98.914094,0,1,0
1.18,0.779999999999998,98.914094,0,1,0
2.36,0.779999999999998,98.914094,0,1,0
3.54,0.779999999999998,98.914094,0,1,0
4.72,0.779999999999998,98.914094,0,1,0
5.9,0.779999999999998,98.914094,0,1,0
7.08,0.779999999999998,98.914094,0,1,0
8.26,0.779999999999998,98.914094,0,1,0
9.44,0.779999999999998,98.914094,0,1,0
10.62,0.779999999999998,98.914094,0,1,0
0,1.96,98.914094,0,1,0
1.18,1.96,98.914094,0,1,0
2.36,1.96,98.914094,0,1,0
3.54,1.96,98.914094,0,1,0
4.72,1.96,98.914094,0,1,0
5.9,1.96,98.914094,0,1,0
7.08,1.96,98.914094,0,1,0
8.26,1.96,98.914094,0,1,0
9.44,1.96,98.914094,0,1,0
10.62,1.96,98.914094,0,1,0
0,3.14,98.914094,0,1,0
1.18,3.14,98.914094,0,1,0
2.36,3.14,98.914094,0,1,0
3.54,3.14,98.914094,0,1,0
4.72,3.14,98.914094,0,1,0
5.9,3.14,98.914094,0,1,0
7.08,3.14,98.914094,0,1,0
8.26,3.14,98.914094,0,1,0
9.44,3.14,98.914094,0,1,0
10.62,3.14,98.914094,0,1,0
0,4.32,98.914094,0,1,0
1.18,4.32,98.914094,0,1,0
2.36,4.32,98.914094,0,1,0
3.54,4.32,98.914094,0,1,0
4.72,4.32,98.914094,0,1,0
5.9,4.32,98.914094,0,1,0
7.08,4.32,98.914094,0,1,0
8.26,4.32,98.914094,0,1,0
9.44,4.32,98.914094,0,1,0
10.62,4.32,98.914094,0,1,0
0,5.5,98.914094,0,1,0
1.18,5.5,98.914094,0,1,0
2.36,5.5,98.914094,0,1,0
3.54,5.5,98.914094,0,1,0
4.72,5.5,98.914094,0,1,0
5.9,5.5,98.914094,0,1,0
7.08,5.5,98.914094,0,1,0
8.26,5.5,98.914094,0,1,0
9.44,5.5,98.914094,0,1,0
10.62,5.5,98.914094,0,1,0
0,6.68,98.914094,0,1,0
1.18,6.68,98.914094,0,1,0
2.36,6.68,98.914094,0,1,0
3.54,6.68,98.914094,0,1,0
4.72,6.68,98.914094,0,1,0
5.9,6.68,98.914094,0,1,0
7.08,6.68,98.914094,0,1,0
8.26,6.68,98.914094,0,1,0
9.44,6.68,98.914094,0,1,0
10.62,6.68,98.914094,0,1,0
0,7.86,98.914094,0,1,0
1.18,7.86,98.914094,0,1,0
2.36,7.86,98.914094,0,1,0
3.54,7.86,98.914094,0,1,0
4.72,7.86,98.914094,0,1,0
5.9,7.86,98.914094,0,1,0
7.08,7.86,98.914094,0,1,0
8.26,7.86,98.914094,0,1,0
9.44,7.86,98.914094,0,1,0
10.62,7.86,98.914094,0,1,0
0,9.04,98.914094,0,1,0
1.18,9.04,98.914094,0,1,0
2.36,9.04,98.914094,0,1,0
3.54,9.04,98.914094,0,1,0
4.72,9.04,98.914094,0,1,0
5.9,9.04,98.914094,0,1,0
7.08,9.04,98.914094,0,1,0
8.26,9.04,98.914094,0,1,0
9.44,9.04,98.914094,0,1,0
10.62,9.04,98.914094,0,1,0
0,10.22,98.914094,0,1,0
1.18,10.22,98.914094,0,1,0
2.36,10.22,98.914094,0,1,0
3.54,10.22,98.914094,0,1,0
4.72,10.22,98.914094,0,1,0
5.9,10.22,98.914094,0,1,0
7.08,10.22,98.914094,0,1,0
8.26,10.22,98.914094,0,1,0
9.44,10.22,98.914094,0,1,0
10.62,10.22,98.914094,0,1,0
0,11.4,98.914094,0,1,0
1.18,11.4,98.914094,0,1,0
2.36,11.4,98.914094,0,1,0
3.54,11.4,98.914094,0,1,0
4.72,11.4,98.914094,0,1,0
5.9,11.4,98.914094,0,1,0
7.08,11.4,98.914094,0,1,0
8.26,11.4,98.914094,0,1,0
9.44,11.4,98.914094,0,1,0
10.62,11.4,98.914094,0,1,0
0,12.58,98.914094,0,1,0
1.18,12.58,98.914094,0,1,0
2.36,12.58,98.914094,0,1,0
3.54,12.58,98.914094,0,1,0
4.72,12.58,98.914094,0,1,0
5.9,12.58,98.914094,0,1,0
7.08,12.58,98.914094,0,1,0
8.26,12.58,98.914094,0,1,0
9.44,12.58,98.914094,0,1,0
10.62,12.58,98.914094,0,1,0
