X,Y,Z
0,-24,23.274094
1.18,-24,23.274094
2.36,-24,23.274094
3.54,-24,23.274094
4.72,-24,23.274094
5.9,-24,23.274094
7.08,-24,23.274094
8.26,-24,23.274094
9.44,-24,23.274094
10.62,-24,23.274094
0,-22.82,23.274094
1.18,-22.82,23.274094
2.36,-22.82,23.274094
3.54,-22.82,23.274094
4.72,-22.82,23.274094
5.9,-22.82,23.274094
7.08,-22.82,23.274094
8.26,-22.82,23.274094
9.44,-22.82,23.274094
10.62,-22.82,23.274094
0,-21.64,23.274094
1.18,-21.64,23.274094
2.36,-21.64,23.274094
3.54,-21.64,23.274094
4.72,-21.64,23.274094
5.9,-21.64,23.274094
7.08,-21.64,23.274094
8.26,-21.64,23.274094
9.44,-21.64,23.274094
10.62,-21.64,23.274094
0,-20.46,23.274094
1.18,-20.46,23.274094
2.36,-20.46,23.274094
3.54,-20.46,23.274094
4.72,-20.46,23.274094
5.9,-20.46,23.274094
7.08,-20.46,23.274094
8.26,-20.46,23.274094
9.44,-20.46,23.274094
10.62,-20.46,23.274094
0,-19.28,23.274094
1.18,-19.28,23.274094
2.36,-19.28,23.274094
3.54,-19.28,23.274094
4.72,-19.28,23.274094
5.9,-19.28,23.274094
7.08,-19.28,23.274094
8.26,-19.28,23.274094
9.44,-19.28,23.274094
10.62,-19.28,23.274094
0,-18.1,23.274094
1.18,-18.1,23.274094
2.36,-18.1,23.274094
3.54,-18.1,23.274094
4.72,-18.1,23.274094
5.9,-18.1,23.274094
7.08,-18.1,23.274094
8.26,-18.1,23.274094
9.44,-18.1,23.274094
10.62,-18.1,23.274094
0,-16.92,23.274094
1.18,-16.92,23.274094
2.36,-16.92,23.274094
3.54,-16.92,23.274094
4.72,-16.92,23.274094
5.9,-16.92,23.274094
7.08,-16.92,23.274094
8.26,-16.92,23.274094
9.44,-16.92,23.274094
10.62,-16.92,23.274094
0,-15.74,23.274094
1.18,-15.74,23.274094
2.36,-15.74,23.274094
3.54,-15.74,23.274094
4.72,-15.74,23.274094
5.9,-15.74,23.274094
7.08,-15.74,23.274094
8.26,-15.74,23.274094
9.44,-15.74,23.274094
10.62,-15.74,23.274094
0,-14.56,23.274094
1.18,-14.56,23.274094
2.36,-14.56,23.274094
3.54,-14.56,23.274094
4.72,-14.56,23.274094
5.9,-14.56,23.274094
7.08,-14.56,23.274094
8.26,-14.56,23.274094
9.44,-14.56,23.274094
10.62,-14.56,23.274094
0,-13.38,23.274094
1.18,-13.38,23.274094
2.36,-13.38,23.274094
3.54,-13.38,23.274094
4.72,-13.38,23.274094
5.9,-13.38,23.274094
7.08,-13.38,23.274094
8.26,-13.38,23.274094
9.44,-13.38,23.274094
10.62,-13.38,23.274094
0,-12.2,23.274094
1.18,-12.2,23.274094
2.36,-12.2,23.274094
3.54,-12.2,23.274094
4.72,-12.2,23.274094
5.9,-12.2,23.274094
7.08,-12.2,23.274094
8.26,-12.2,23.274094
9.44,-12.2,23.274094
10.62,-12.2,23.274094
0,-11.02,23.274094
1.18,-11.02,23.274094
2.36,-11.02,23.274094
3.54,-11.02,23.274094
4.72,-11.02,23.274094
5.9,-11.02,23.274094
7.08,-11.02,23.274094
8.26,-11.02,23.274094
9.44,-11.02,23.274094
10.62,-11.02,23.274094
0,-9.84,23.274094
1.18,-9.84,23.274094
2.36,-9.84,23.274094
3.54,-9.84,23.274094
4.72,-9.84,23.274094
5.9,-9.84,23.274094
7.08,-9.84,23.274094
8.26,-9.84,23.274094
9.44,-9.84,23.274094
10.62,-9.84,23.274094
0,-8.66,23.274094
1.18,-8.66,23.274094
2.36,-8.66,23.274094
3.54,-8.66,23.274094
4.72,-8.66,23.274094
5.9,-8.66,23.274094
7.08,-8.66,23.274094
8.26,-8.66,23.274094
9.44,-8.66,23.274094
10.62,-8.66,23.274094
0,-7.48,23.274094
1.18,-7.48,23.274094
2.36,-7.48,23.274094
3.54,-7.48,23.274094
4.72,-7.48,23.274094
5.9,-7.48,23.274094
7.08,-7.48,23.274094
8.26,-7.48,23.274094
9.44,-7.48,23.274094
10.62,-7.48,23.274094
0,-6.3,23.274094
1.18,-6.3,23.274094
2.36,-6.3,23.274094
3.54,-6.3,23.274094
4.72,-6.3,23.274094
5.9,-6.3,23.274094
7.08,-6.3,23.274094
8.26,-6.3,23.274094
9.44,-6.3,23.274094
10.62,-6.3,23.274094
0,-5.12,23.274094
1.18,-5.12,23.274094
2.36,-5.12,23.274094
3.54,-5.12,23.274094
4.72,-5.12,23.274094
5.9,-5.12,23.274094
7.08,-5.12,23.274094
8.26,-5.12,23.274094
9.44,-5.12,23.274094
10.62,-5.12,23.274094
0,-3.94,23.274094
1.18,-3.94,23.274094
2.36,-3.94,23.274094
3.54,-3.94,23.274094
4.72,-3.94,23.274094
5.9,-3.94,23.274094
7.08,-3.94,23.274094
8.26,-3.94,23.274094
9.44,-3.94,23.274094
10.62,-3.94,23.274094
0,-2.76,23.274094
1.18,-2.76,23.274094
2.36,-2.76,23.274094
3.54,-2.76,23.274094
4.72,-2.76,23.274094
5.9,-2.76,23.274094
7.08,-2.76,23.274094
8.26,-2.76,23.274094
9.44,-2.76,23.274094
10.62,-2.76,23.274094
0,-1.58,23.274094
1.18,-1.58,23.274094
2.36,-1.58,23.274094
3.54,-1.58,23.274094
4.72,-1.58,23.274094
5.9,-1.58,23.274094
7.08,-1.58,23.274094
8.26,-1.58,23.274094
9.44,-1.58,23.274094
10.62,-1.58,23.274094
0,-0.400000000000002,23.274094
1.18,-0.400000000000002,23.274094
2.36,-0.400000000000002,23.274094
3.54,-0.400000000000002,23.274094
4.72,-0.400000000000002,23.274094
5.9,-0.400000000000002,23.274094
7.08,-0.400000000000002,23.274094
8.26,-0.400000000000002,23.274094
9.44,-0.400000000000002,23.274094
10.62,-0.400000000000002,23.274094
0,0.779999999999998,23.274094
1.18,0.779999999999998,23.274094
2.36,0.779999999999998,23.274094
3.54,0.779999999999998,23.274094
4.72,0.779999999999998,23.274094
5.9,0.779999999999998,23.274094
7.08,0.779999999999998,23.274094
8.26,0.779999999999998,23.274094
9.44,0.779999999999998,23.274094
10.62,0.779999999999998,23.274094
0,1.96,23.274094
1.18,1.96,23.274094
2.36,1.96,23.274094
3.54,1.96,23.274094
4.72,1.96,23.274094
5.9,1.96,23.274094
7.08,1.96,23.274094
8.26,1.96,23.274094
9.44,1.96,23.274094
10.62,1.96,23.274094
0,3.14,23.274094
1.18,3.14,23.274094
2.36,3.14,23.274094
3.54,3.14,23.274094
4.72,3.14,23.274094
5.9,3.14,23.274094
7.08,3.14,23.274094
8.26,3.14,23.274094
9.44,3.14,23.274094
10.62,3.14,23.274094
0,4.32,23.274094
1.18,4.32,23.274094
2.36,4.32,23.274094
3.54,4.32,23.274094
4.72,4.32,23.274094
5.9,4.32,23.274094
7.08,4.32,23.274094
8.26,4.32,23.274094
9.44,4.32,23.274094
10.62,4.32,23.274094
0,5.5,23.274094
1.18,5.5,23.274094
2.36,5.5,23.274094
3.54,5.5,23.274094
4.72,5.5,23.274094
5.9,5.5,23.274094
7.08,5.5,23.274094
8.26,5.5,23.274094
9.44,5.5,23.274094
10.62,5.5,23.274094
0,6.68,23.274094
1.18,6.68,23.274094
2.36,6.68,23.274094
3.54,6.68,23.274094
4.72,6.68,23.274094
5.9,6.68,23.274094
7.08,6.68,23.274094
8.26,6.68,23.274094
9.44,6.68,23.274094
10.62,6.68,23.274094
0,7.86,23.274094
1.18,7.86,23.274094
2.36,7.86,23.274094
3.54,7.86,23.274094
4.72,7.86,23.274094
5.9,7.86,23.274094
7.08,7.86,23.274094
8.26,7.86,23.274094
9.44,7.86,23.274094
10.62,7.86,23.274094
0,9.04,23.274094
1.18,9.04,23.274094
2.36,9.04,23.274094
3.54,9.04,23.274094
4.72,9.04,23.274094
5.9,9.04,23.274094
7.08,9.04,23.274094
8.26,9.04,23.274094
9.44,9.04,23.274094
10.62,9.04,23.274094
0,10.22,23.274094
1.18,10.22,23.274094
2.36,10.22,23.274094
3.54,10.22,23.274094
4.72,10.22,23.274094
5.9,10.22,23.274094
7.08,10.22,23.274094
8.26,10.22,23.274094
9.44,10.22,23.274094
10.62,10.22,23.274094
0,11.4,23.274094
1.18,11.4,23.274094
2.36,11.4,23.274094
3.54,11.4,23.274094
4.72,11.4,23.274094
5.9,11.4,23.274094
7.08,11.4,23.274094
8.26,11.4,23.274094
9.44,11.4,23.274094
10.62,11.4,23.274094
0,12.58,23.274094
1.18,12.58,23.274094
2.36,12.58,23.274094
3.54,12.58,23.274094
4.72,12.58,23.274094
5.9,12.58,23.274094
7.08,12.58,23.274094
8.26,12.58,23.274094
9.44,12.58,23.274094
10.62,12.58,23.274094
0,13.76,23.274094
1.18,13.76,23.274094
2.36,13.76,23.274094
3.54,13.76,23.274094
4.72,13.76,23.274094
5.9,13.76,23.274094
7.08,13.76,23.274094
8.26,13.76,23.274094
9.44,13.76,23.274094
10.62,13.76,23.274094
0,14.94,23.274094
1.18,14.94,23.274094
2.36,14.94,23.274094
3.54,14.94,23.274094
4.72,14.94,23.274094
5.9,14.94,23.274094
7.08,14.94,23.274094
8.26,14.94,23.274094
9.44,14.94,23.274094
10.62,14.94,23.274094
0,16.12,23.274094
1.18,16.12,23.274094
2.36,16.12,23.274094
3.54,16.12,23.274094
4.72,16.12,23.274094
5.9,16.12,23.274094
7.08,16.12,23.274094
8.26,16.12,23.274094
9.44,16.12,23.274094
10.62,16.12,23.274094
0,17.3,23.274094
1.18,17.3,23.274094
2.36,17.3,23.274094
3.54,17.3,23.274094
4.72,17.3,23.274094
5.9,17.3,23.274094
7.08,17.3,23.274094
8.26,17.3,23.274094
9.44,17.3,23.274094
10.62,17.3,23.274094
0,18.48,23.274094
1.18,18.48,23.274094
2.36,18.48,23.274094
3.54,18.48,23.274094
4.72,18.48,23.274094
5.9,18.48,23.274094
7.08,18.48,23.274094
8.26,18.48,23.274094
9.44,18.48,23.274094
10.62,18.48,23.274094
0,19.66,23.274094
1.18,19.66,23.274094
2.36,19.66,23.274094
3.54,19.66,23.274094
4.72,19.66,23.274094
5.9,19.66,23.274094
7.08,19.66,23.274094
8.26,19.66,23.274094
9.44,19.66,23.274094
10.62,19.66,23.274094
0,20.84,23.274094
1.18,20.84,23.274094
2.36,20.84,23.274094
3.54,20.84,23.274094
4.72,20.84,23.274094
5.9,20.84,23.274094
7.08,20.84,23.274094
8.26,20.84,23.274094
9.44,20.84,23.274094
10.62,20.84,23.274094
0,22.02,23.274094
1.18,22.02,23.274094
2.36,22.02,23.274094
3.54,22.02,23.274094
4.72,22.02,23.274094
5.9,22.02,23.274094
7.08,22.02,23.274094
8.26,22.02,23.274094
9.44,22.02,23.274094
10.62,22.02,23.274094
0,23.2,23.274094
1.18,23.2,23.274094
2.36,23.2,23.274094
3.54,23.2,23.274094
4.72,23.2,23.274094
5.9,23.2,23.274094
7.08,23.2,23.274094
8.26,23.2,23.274094
9.44,23.2,23.274094
10.62,23.2,23.274094
0,24.38,23.274094
1.18,24.38,23.274094
2.36,24.38,23.274094
3.54,24.38,23.274094
4.72,24.38,23.274094
5.9,24.38,23.274094
7.08,24.38,23.274094
8.26,24.38,23.274094
9.44,24.38,23.274094
10.62,24.38,23.274094
0,-24,23.894094
0,-22.82,23.894094
0,-21.64,23.894094
0,-20.46,23.894094
0,-19.28,23.894094
0,-18.1,23.894094
0,-16.92,23.894094
0,-15.74,23.894094
0,-14.56,23.894094
0,-13.38,23.894094
0,-12.2,23.894094
0,-11.02,23.894094
0,-9.84,23.894094
0,-8.66,23.894094
0,-7.48,23.894094
0,-6.3,23.894094
0,-5.12,23.894094
0,-3.94,23.894094
0,-2.76,23.894094
0,-1.58,23.894094
0,-0.400000000000002,23.894094
0,0.779999999999998,23.894094
0,1.96,23.894094
0,3.14,23.894094
0,4.32,23.894094
0,5.5,23.894094
0,6.68,23.894094
0,7.86,23.894094
0,9.04,23.894094
0,10.22,23.894094
0,11.4,23.894094
0,12.58,23.894094
0,13.76,23.894094
0,14.94,23.894094
0,16.12,23.894094
0,17.3,23.894094
0,18.48,23.894094
0,19.66,23.894094
0,20.84,23.894094
0,22.02,23.894094
0,23.2,23.894094
0,24.38,23.894094
1.18,-24,23.894094
1.18,-22.82,23.894094
1.18,-21.64,23.894094
1.18,-20.46,23.894094
1.18,-19.28,23.894094
1.18,-18.1,23.894094
1.18,-16.92,23.894094
1.18,-15.74,23.894094
1.18,-14.56,23.894094
1.18,-13.38,23.894094
1.18,-12.2,23.894094
1.18,-11.02,23.894094
1.18,-9.84,23.894094
1.18,-8.66,23.894094
1.18,-7.48,23.894094
1.18,-6.3,23.894094
1.18,-5.12,23.894094
1.18,-3.94,23.894094
1.18,-2.76,23.894094
1.18,-1.58,23.894094
1.18,-0.400000000000002,23.894094
1.18,0.779999999999998,23.894094
1.18,1.96,23.894094
1.18,3.14,23.894094
1.18,4.32,23.894094
1.18,5.5,23.894094
1.18,6.68,23.894094
1.18,7.86,23.894094
1.18,9.04,23.894094
1.18,10.22,23.894094
1.18,11.4,23.894094
1.18,12.58,23.894094
1.18,13.76,23.894094
1.18,14.94,23.894094
1.18,16.12,23.894094
1.18,17.3,23.894094
1.18,18.48,23.894094
1.18,19.66,23.894094
1.18,20.84,23.894094
1.18,22.02,23.894094
1.18,23.2,23.894094
1.18,24.38,23.894094
2.36,-24,23.894094
2.36,-22.82,23.894094
2.36,-21.64,23.894094
2.36,-20.46,23.894094
2.36,-19.28,23.894094
2.36,-18.1,23.894094
2.36,-16.92,23.894094
2.36,-15.74,23.894094
2.36,-14.56,23.894094
2.36,-13.38,23.894094
2.36,-12.2,23.894094
2.36,-11.02,23.894094
2.36,-9.84,23.894094
2.36,-8.66,23.894094
2.36,-7.48,23.894094
2.36,-6.3,23.894094
2.36,-5.12,23.894094
2.36,-3.94,23.894094
2.36,-2.76,23.894094
2.36,-1.58,23.894094
2.36,-0.400000000000002,23.894094
2.36,0.779999999999998,23.894094
2.36,1.96,23.894094
2.36,3.14,23.894094
2.36,4.32,23.894094
2.36,5.5,23.894094
2.36,6.68,23.894094
2.36,7.86,23.894094
2.36,9.04,23.894094
2.36,10.22,23.894094
2.36,11.4,23.894094
2.36,12.58,23.894094
2.36,13.76,23.894094
2.36,14.94,23.894094
2.36,16.12,23.894094
2.36,17.3,23.894094
2.36,18.48,23.894094
2.36,19.66,23.894094
2.36,20.84,23.894094
2.36,22.02,23.894094
2.36,23.2,23.894094
2.36,24.38,23.894094
3.54,-24,23.894094
3.54,-22.82,23.894094
3.54,-21.64,23.894094
3.54,-20.46,23.894094
3.54,-19.28,23.894094
3.54,-18.1,23.894094
3.54,-16.92,23.894094
3.54,-15.74,23.894094
3.54,-14.56,23.894094
3.54,-13.38,23.894094
3.54,-12.2,23.894094
3.54,-11.02,23.894094
3.54,-9.84,23.894094
3.54,-8.66,23.894094
3.54,-7.48,23.894094
3.54,-6.3,23.894094
3.54,-5.12,23.894094
3.54,-3.94,23.894094
3.54,-2.76,23.894094
3.54,-1.58,23.894094
3.54,-0.400000000000002,23.894094
3.54,0.779999999999998,23.894094
3.54,1.96,23.894094
3.54,3.14,23.894094
3.54,4.32,23.894094
3.54,5.5,23.894094
3.54,6.68,23.894094
3.54,7.86,23.894094
3.54,9.04,23.894094
3.54,10.22,23.894094
3.54,11.4,23.894094
3.54,12.58,23.894094
3.54,13.76,23.894094
3.54,14.94,23.894094
3.54,16.12,23.894094
3.54,17.3,23.894094
3.54,18.48,23.894094
3.54,19.66,23.894094
3.54,20.84,23.894094
3.54,22.02,23.894094
3.54,23.2,23.894094
3.54,24.38,23.894094
4.72,-24,23.894094
4.72,-22.82,23.894094
4.72,-21.64,23.894094
4.72,-20.46,23.894094
4.72,-19.28,23.894094
4.72,-18.1,23.894094
4.72,-16.92,23.894094
4.72,-15.74,23.894094
4.72,-14.56,23.894094
4.72,-13.38,23.894094
4.72,-12.2,23.894094
4.72,-11.02,23.894094
4.72,-9.84,23.894094
4.72,-8.66,23.894094
4.72,-7.48,23.894094
4.72,-6.3,23.894094
4.72,-5.12,23.894094
4.72,-3.94,23.894094
4.72,-2.76,23.894094
4.72,-1.58,23.894094
4.72,-0.400000000000002,23.894094
4.72,0.779999999999998,23.894094
4.72,1.96,23.894094
4.72,3.14,23.894094
4.72,4.32,23.894094
4.72,5.5,23.894094
4.72,6.68,23.894094
4.72,7.86,23.894094
4.72,9.04,23.894094
4.72,10.22,23.894094
4.72,11.4,23.894094
4.72,12.58,23.894094
4.72,13.76,23.894094
4.72,14.94,23.894094
4.72,16.12,23.894094
4.72,17.3,23.894094
4.72,18.48,23.894094
4.72,19.66,23.894094
4.72,20.84,23.894094
4.72,22.02,23.894094
4.72,23.2,23.894094
4.72,24.38,23.894094
5.9,-24,23.894094
5.9,-22.82,23.894094
5.9,-21.64,23.894094
5.9,-20.46,23.894094
5.9,-19.28,23.894094
5.9,-18.1,23.894094
5.9,-16.92,23.894094
5.9,-15.74,23.894094
5.9,-14.56,23.894094
5.9,-13.38,23.894094
5.9,-12.2,23.894094
5.9,-11.02,23.894094
5.9,-9.84,23.894094
5.9,-8.66,23.894094
5.9,-7.48,23.894094
5.9,-6.3,23.894094
5.9,-5.12,23.894094
5.9,-3.94,23.894094
5.9,-2.76,23.894094
5.9,-1.58,23.894094
5.9,-0.400000000000002,23.894094
5.9,0.779999999999998,23.894094
5.9,1.96,23.894094
5.9,3.14,23.894094
5.9,4.32,23.894094
5.9,5.5,23.894094
5.9,6.68,23.894094
5.9,7.86,23.894094
5.9,9.04,23.894094
5.9,10.22,23.894094
5.9,11.4,23.894094
5.9,12.58,23.894094
5.9,13.76,23.894094
5.9,14.94,23.894094
5.9,16.12,23.894094
5.9,17.3,23.894094
5.9,18.48,23.894094
5.9,19.66,23.894094
5.9,20.84,23.894094
5.9,22.02,23.894094
5.9,23.2,23.894094
5.9,24.38,23.894094
7.08,-24,23.894094
7.08,-22.82,23.894094
7.08,-21.64,23.894094
7.08,-20.46,23.894094
7.08,-19.28,23.894094
7.08,-18.1,23.894094
7.08,-16.92,23.894094
7.08,-15.74,23.894094
7.08,-14.56,23.894094
7.08,-13.38,23.894094
7.08,-12.2,23.894094
7.08,-11.02,23.894094
7.08,-9.84,23.894094
7.08,-8.66,23.894094
7.08,-7.48,23.894094
7.08,-6.3,23.894094
7.08,-5.12,23.894094
7.08,-3.94,23.894094
7.08,-2.76,23.894094
7.08,-1.58,23.894094
7.08,-0.400000000000002,23.894094
7.08,0.779999999999998,23.894094
7.08,1.96,23.894094
7.08,3.14,23.894094
7.08,4.32,23.894094
7.08,5.5,23.894094
7.08,6.68,23.894094
7.08,7.86,23.894094
7.08,9.04,23.894094
7.08,10.22,23.894094
7.08,11.4,23.894094
7.08,12.58,23.894094
7.08,13.76,23.894094
7.08,14.94,23.894094
7.08,16.12,23.894094
7.08,17.3,23.894094
7.08,18.48,23.894094
7.08,19.66,23.894094
7.08,20.84,23.894094
7.08,22.02,23.894094
7.08,23.2,23.894094
7.08,24.38,23.894094
8.26,-24,23.894094
8.26,-22.82,23.894094
8.26,-21.64,23.894094
8.26,-20.46,23.894094
8.26,-19.28,23.894094
8.26,-18.1,23.894094
8.26,-16.92,23.894094
8.26,-15.74,23.894094
8.26,-14.56,23.894094
8.26,-13.38,23.894094
8.26,-12.2,23.894094
8.26,-11.02,23.894094
8.26,-9.84,23.894094
8.26,-8.66,23.894094
8.26,-7.48,23.894094
8.26,-6.3,23.894094
8.26,-5.12,23.894094
8.26,-3.94,23.894094
8.26,-2.76,23.894094
8.26,-1.58,23.894094
8.26,-0.400000000000002,23.894094
8.26,0.779999999999998,23.894094
8.26,1.96,23.894094
8.26,3.14,23.894094
8.26,4.32,23.894094
8.26,5.5,23.894094
8.26,6.68,23.894094
8.26,7.86,23.894094
8.26,9.04,23.894094
8.26,10.22,23.894094
8.26,11.4,23.894094
8.26,12.58,23.894094
8.26,13.76,23.894094
8.26,14.94,23.894094
8.26,16.12,23.894094
8.26,17.3,23.894094
8.26,18.48,23.894094
8.26,19.66,23.894094
8.26,20.84,23.894094
8.26,22.02,23.894094
8.26,23.2,23.894094
8.26,24.38,23.894094
9.44,-24,23.894094
9.44,-22.82,23.894094
9.44,-21.64,23.894094
9.44,-20.46,23.894094
9.44,-19.28,23.894094
9.44,-18.1,23.894094
9.44,-16.92,23.894094
9.44,-15.74,23.894094
9.44,-14.56,23.894094
9.44,-13.38,23.894094
9.44,-12.2,23.894094
9.44,-11.02,23.894094
9.44,-9.84,23.894094
9.44,-8.66,23.894094
9.44,-7.48,23.894094
9.44,-6.3,23.894094
9.44,-5.12,23.894094
9.44,-3.94,23.894094
9.44,-2.76,23.894094
9.44,-1.58,23.894094
9.44,-0.400000000000002,23.894094
9.44,0.779999999999998,23.894094
9.44,1.96,23.894094
9.44,3.14,23.894094
9.44,4.32,23.894094
9.44,5.5,23.894094
9.44,6.68,23.894094
9.44,7.86,23.894094
9.44,9.04,23.894094
9.44,10.22,23.894094
9.44,11.4,23.894094
9.44,12.58,23.894094
9.44,13.76,23.894094
9.44,14.94,23.894094
9.44,16.12,23.894094
9.44,17.3,23.894094
9.44,18.48,23.894094
9.44,19.66,23.894094
9.44,20.84,23.894094
9.44,22.02,23.894094
9.44,23.2,23.894094
9.44,24.38,23.894094
10.62,-24,23.894094
10.62,-22.82,23.894094
10.62,-21.64,23.894094
10.62,-20.46,23.894094
10.62,-19.28,23.894094
10.62,-18.1,23.894094
10.62,-16.92,23.894094
10.62,-15.74,23.894094
10.62,-14.56,23.894094
10.62,-13.38,23.894094
10.62,-12.2,23.894094
10.62,-11.02,23.894094
10.62,-9.84,23.894094
10.62,-8.66,23.894094
10.62,-7.48,23.894094
10.62,-6.3,23.894094
10.62,-5.12,23.894094
10.62,-3.94,23.894094
10.62,-2.76,23.894094
10.62,-1.58,23.894094
10.62,-0.400000000000002,23.894094
10.62,0.779999999999998,23.894094
10.62,1.96,23.894094
10.62,3.14,23.894094
10.62,4.32,23.894094
10.62,5.5,23.894094
10.62,6.68,23.894094
10.62,7.86,23.894094
10.62,9.04,23.894094
10.62,10.22,23.894094
10.62,11.4,23.894094
10.62,12.58,23.894094
10.62,13.76,23.894094
10.62,14.94,23.894094
10.62,16.12,23.894094
10.62,17.3,23.894094
10.62,18.48,23.894094
10.62,19.66,23.894094
10.62,20.84,23.894094
10.62,22.02,23.894094
10.62,23.2,23.894094
10.62,24.38,23.894094
0,-24,24.514094
1.18,-24,24.514094
2.36,-24,24.514094
3.54,-24,24.514094
4.72,-24,24.514094
5.9,-24,24.514094
7.08,-24,24.514094
8.26,-24,24.514094
9.44,-24,24.514094
10.62,-24,24.514094
0,-22.82,24.514094
1.18,-22.82,24.514094
2.36,-22.82,24.514094
3.54,-22.82,24.514094
4.72,-22.82,24.514094
5.9,-22.82,24.514094
7.08,-22.82,24.514094
8.26,-22.82,24.514094
9.44,-22.82,24.514094
10.62,-22.82,24.514094
0,-21.64,24.514094
1.18,-21.64,24.514094
2.36,-21.64,24.514094
3.54,-21.64,24.514094
4.72,-21.64,24.514094
5.9,-21.64,24.514094
7.08,-21.64,24.514094
8.26,-21.64,24.514094
9.44,-21.64,24.514094
10.62,-21.64,24.514094
0,-20.46,24.514094
1.18,-20.46,24.514094
2.36,-20.46,24.514094
3.54,-20.46,24.514094
4.72,-20.46,24.514094
5.9,-20.46,24.514094
7.08,-20.46,24.514094
8.26,-20.46,24.514094
9.44,-20.46,24.514094
10.62,-20.46,24.514094
0,-19.28,24.514094
1.18,-19.28,24.514094
2.36,-19.28,24.514094
3.54,-19.28,24.514094
4.72,-19.28,24.514094
5.9,-19.28,24.514094
7.08,-19.28,24.514094
8.26,-19.28,24.514094
9.44,-19.28,24.514094
10.62,-19.28,24.514094
0,-18.1,24.514094
1.18,-18.1,24.514094
2.36,-18.1,24.514094
3.54,-18.1,24.514094
4.72,-18.1,24.514094
5.9,-18.1,24.514094
7.08,-18.1,24.514094
8.26,-18.1,24.514094
9.44,-18.1,24.514094
10.62,-18.1,24.514094
0,-16.92,24.514094
1.18,-16.92,24.514094
2.36,-16.92,24.514094
3.54,-16.92,24.514094
4.72,-16.92,24.514094
5.9,-16.92,24.514094
7.08,-16.92,24.514094
8.26,-16.92,24.514094
9.44,-16.92,24.514094
10.62,-16.92,24.514094
0,-15.74,24.514094
1.18,-15.74,24.514094
2.36,-15.74,24.514094
3.54,-15.74,24.514094
4.72,-15.74,24.514094
5.9,-15.74,24.514094
7.08,-15.74,24.514094
8.26,-15.74,24.514094
9.44,-15.74,24.514094
10.62,-15.74,24.514094
0,-14.56,24.514094
1.18,-14.56,24.514094
2.36,-14.56,24.514094
3.54,-14.56,24.514094
4.72,-14.56,24.514094
5.9,-14.56,24.514094
7.08,-14.56,24.514094
8.26,-14.56,24.514094
9.44,-14.56,24.514094
10.62,-14.56,24.514094
0,-13.38,24.514094
1.18,-13.38,24.514094
2.36,-13.38,24.514094
3.54,-13.38,24.514094
4.72,-13.38,24.514094
5.9,-13.38,24.514094
7.08,-13.38,24.514094
8.26,-13.38,24.514094
9.44,-13.38,24.514094
10.62,-13.38,24.514094
0,-12.2,24.514094
1.18,-12.2,24.514094
2.36,-12.2,24.514094
3.54,-12.2,24.514094
4.72,-12.2,24.514094
5.9,-12.2,24.514094
7.08,-12.2,24.514094
8.26,-12.2,24.514094
9.44,-12.2,24.514094
10.62,-12.2,24.514094
0,-11.02,24.514094
1.18,-11.02,24.514094
2.36,-11.02,24.514094
3.54,-11.02,24.514094
4.72,-11.02,24.514094
5.9,-11.02,24.514094
7.08,-11.02,24.514094
8.26,-11.02,24.514094
9.44,-11.02,24.514094
10.62,-11.02,24.514094
0,-9.84,24.514094
1.18,-9.84,24.514094
2.36,-9.84,24.514094
3.54,-9.84,24.514094
4.72,-9.84,24.514094
5.9,-9.84,24.514094
7.08,-9.84,24.514094
8.26,-9.84,24.514094
9.44,-9.84,24.514094
10.62,-9.84,24.514094
0,-8.66,24.514094
1.18,-8.66,24.514094
2.36,-8.66,24.514094
3.54,-8.66,24.514094
4.72,-8.66,24.514094
5.9,-8.66,24.514094
7.08,-8.66,24.514094
8.26,-8.66,24.514094
9.44,-8.66,24.514094
10.62,-8.66,24.514094
0,-7.48,24.514094
1.18,-7.48,24.514094
2.36,-7.48,24.514094
3.54,-7.48,24.514094
4.72,-7.48,24.514094
5.9,-7.48,24.514094
7.08,-7.48,24.514094
8.26,-7.48,24.514094
9.44,-7.48,24.514094
10.62,-7.48,24.514094
0,-6.3,24.514094
1.18,-6.3,24.514094
2.36,-6.3,24.514094
3.54,-6.3,24.514094
4.72,-6.3,24.514094
5.9,-6.3,24.514094
7.08,-6.3,24.514094
8.26,-6.3,24.514094
9.44,-6.3,24.514094
10.62,-6.3,24.514094
0,-5.12,24.514094
1.18,-5.12,24.514094
2.36,-5.12,24.514094
3.54,-5.12,24.514094
4.72,-5.12,24.514094
5.9,-5.12,24.514094
7.08,-5.12,24.514094
8.26,-5.12,24.514094
9.44,-5.12,24.514094
10.62,-5.12,24.514094
0,-3.94,24.514094
1.18,-3.94,24.514094
2.36,-3.94,24.514094
3.54,-3.94,24.514094
4.72,-3.94,24.514094
5.9,-3.94,24.514094
7.08,-3.94,24.514094
8.26,-3.94,24.514094
9.44,-3.94,24.514094
10.62,-3.94,24.514094
0,-2.76,24.514094
1.18,-2.76,24.514094
2.36,-2.76,24.514094
3.54,-2.76,24.514094
4.72,-2.76,24.514094
5.9,-2.76,24.514094
7.08,-2.76,24.514094
8.26,-2.76,24.514094
9.44,-2.76,24.514094
10.62,-2.76,24.514094
0,-1.58,24.514094
1.18,-1.58,24.514094
2.36,-1.58,24.514094
3.54,-1.58,24.514094
4.72,-1.58,24.514094
5.9,-1.58,24.514094
7.08,-1.58,24.514094
8.26,-1.58,24.514094
9.44,-1.58,24.514094
10.62,-1.58,24.514094
0,-0.400000000000002,24.514094
1.18,-0.400000000000002,24.514094
2.36,-0.400000000000002,24.514094
3.54,-0.400000000000002,24.514094
4.72,-0.400000000000002,24.514094
5.9,-0.400000000000002,24.514094
7.08,-0.400000000000002,24.514094
8.26,-0.400000000000002,24.514094
9.44,-0.400000000000002,24.514094
10.62,-0.400000000000002,24.514094
0,0.779999999999998,24.514094
1.18,0.779999999999998,24.514094
2.36,0.779999999999998,24.514094
3.54,0.779999999999998,24.514094
4.72,0.779999999999998,24.514094
5.9,0.779999999999998,24.514094
7.08,0.779999999999998,24.514094
8.26,0.779999999999998,24.514094
9.44,0.779999999999998,24.514094
10.62,0.779999999999998,24.514094
0,1.96,24.514094
1.18,1.96,24.514094
2.36,1.96,24.514094
3.54,1.96,24.514094
4.72,1.96,24.514094
5.9,1.96,24.514094
7.08,1.96,24.514094
8.26,1.96,24.514094
9.44,1.96,24.514094
10.62,1.96,24.514094
0,3.14,24.514094
1.18,3.14,24.514094
2.36,3.14,24.514094
3.54,3.14,24.514094
4.72,3.14,24.514094
5.9,3.14,24.514094
7.08,3.14,24.514094
8.26,3.14,24.514094
9.44,3.14,24.514094
10.62,3.14,24.514094
0,4.32,24.514094
1.18,4.32,24.514094
2.36,4.32,24.514094
3.54,4.32,24.514094
4.72,4.32,24.514094
5.9,4.32,24.514094
7.08,4.32,24.514094
8.26,4.32,24.514094
9.44,4.32,24.514094
10.62,4.32,24.514094
0,5.5,24.514094
1.18,5.5,24.514094
2.36,5.5,24.514094
3.54,5.5,24.514094
4.72,5.5,24.514094
5.9,5.5,24.514094
7.08,5.5,24.514094
8.26,5.5,24.514094
9.44,5.5,24.514094
10.62,5.5,24.514094
0,6.68,24.514094
1.18,6.68,24.514094
2.36,6.68,24.514094
3.54,6.68,24.514094
4.72,6.68,24.514094
5.9,6.68,24.514094
7.08,6.68,24.514094
8.26,6.68,24.514094
9.44,6.68,24.514094
10.62,6.68,24.514094
0,7.86,24.514094
1.18,7.86,24.514094
2.36,7.86,24.514094
3.54,7.86,24.514094
4.72,7.86,24.514094
5.9,7.86,24.514094
7.08,7.86,24.514094
8.26,7.86,24.514094
9.44,7.86,24.514094
10.62,7.86,24.514094
0,9.04,24.514094
1.18,9.04,24.514094
2.36,9.04,24.514094
3.54,9.04,24.514094
4.72,9.04,24.514094
5.9,9.04,24.514094
7.08,9.04,24.514094
8.26,9.04,24.514094
9.44,9.04,24.514094
10.62,9.04,24.514094
0,10.22,24.514094
1.18,10.22,24.514094
2.36,10.22,24.514094
3.54,10.22,24.514094
4.72,10.22,24.514094
5.9,10.22,24.514094
7.08,10.22,24.514094
8.26,10.22,24.514094
9.44,10.22,24.514094
10.62,10.22,24.514094
0,11.4,24.514094
1.18,11.4,24.514094
2.36,11.4,24.514094
3.54,11.4,24.514094
4.72,11.4,24.514094
5.9,11.4,24.514094
7.08,11.4,24.514094
8.26,11.4,24.514094
9.44,11.4,24.514094
10.62,11.4,24.514094
0,12.58,24.514094
1.18,12.58,24.514094
2.36,12.58,24.514094
3.54,12.58,24.514094
4.72,12.58,24.514094
5.9,12.58,24.514094
7.08,12.58,24.514094
8.26,12.58,24.514094
9.44,12.58,24.514094
10.62,12.58,24.514094
0,13.76,24.514094
1.18,13.76,24.514094
2.36,13.76,24.514094
3.54,13.76,24.514094
4.72,13.76,24.514094
5.9,13.76,24.514094
7.08,13.76,24.514094
8.26,13.76,24.514094
9.44,13.76,24.514094
10.62,13.76,24.514094
0,14.94,24.514094
1.18,14.94,24.514094
2.36,14.94,24.514094
3.54,14.94,24.514094
4.72,14.94,24.514094
5.9,14.94,24.514094
7.08,14.94,24.514094
8.26,14.94,24.514094
9.44,14.94,24.514094
10.62,14.94,24.514094
0,16.12,24.514094
1.18,16.12,24.514094
2.36,16.12,24.514094
3.54,16.12,24.514094
4.72,16.12,24.514094
5.9,16.12,24.514094
7.08,16.12,24.514094
8.26,16.12,24.514094
9.44,16.12,24.514094
10.62,16.12,24.514094
0,17.3,24.514094
1.18,17.3,24.514094
2.36,17.3,24.514094
3.54,17.3,24.514094
4.72,17.3,24.514094
5.9,17.3,24.514094
7.08,17.3,24.514094
8.26,17.3,24.514094
9.44,17.3,24.514094
10.62,17.3,24.514094
0,18.48,24.514094
1.18,18.48,24.514094
2.36,18.48,24.514094
3.54,18.48,24.514094
4.72,18.48,24.514094
5.9,18.48,24.514094
7.08,18.48,24.514094
8.26,18.48,24.514094
9.44,18.48,24.514094
10.62,18.48,24.514094
0,19.66,24.514094
1.18,19.66,24.514094
2.36,19.66,24.514094
3.54,19.66,24.514094
4.72,19.66,24.514094
5.9,19.66,24.514094
7.08,19.66,24.514094
8.26,19.66,24.514094
9.44,19.66,24.514094
10.62,19.66,24.514094
0,20.84,24.514094
1.18,20.84,24.514094
2.36,20.84,24.514094
3.54,20.84,24.514094
4.72,20.84,24.514094
5.9,20.84,24.514094
7.08,20.84,24.514094
8.26,20.84,24.514094
9.44,20.84,24.514094
10.62,20.84,24.514094
0,22.02,24.514094
1.18,22.02,24.514094
2.36,22.02,24.514094
3.54,22.02,24.514094
4.72,22.02,24.514094
5.9,22.02,24.514094
7.08,22.02,24.514094
8.26,22.02,24.514094
9.44,22.02,24.514094
10.62,22.02,24.514094
0,23.2,24.514094
1.18,23.2,24.514094
2.36,23.2,24.514094
3.54,23.2,24.514094
4.72,23.2,24.514094
5.9,23.2,24.514094
7.08,23.2,24.514094
8.26,23.2,24.514094
9.44,23.2,24.514094
10.62,23.2,24.514094
0,24.38,24.514094
1.18,24.38,24.514094
2.36,24.38,24.514094
3.54,24.38,24.514094
4.72,24.38,24.514094
5.9,24.38,24.514094
7.08,24.38,24.514094
8.26,24.38,24.514094
9.44,24.38,24.514094
10.62,24.38,24.514094
0,-24,25.134094
0,-22.82,25.134094
0,-21.64,25.134094
0,-20.46,25.134094
0,-19.28,25.134094
0,-18.1,25.134094
0,-16.92,25.134094
0,-15.74,25.134094
0,-14.56,25.134094
0,-13.38,25.134094
0,-12.2,25.134094
0,-11.02,25.134094
0,-9.84,25.134094
0,-8.66,25.134094
0,-7.48,25.134094
0,-6.3,25.134094
0,-5.12,25.134094
0,-3.94,25.134094
0,-2.76,25.134094
0,-1.58,25.134094
0,-0.400000000000002,25.134094
0,0.779999999999998,25.134094
0,1.96,25.134094
0,3.14,25.134094
0,4.32,25.134094
0,5.5,25.134094
0,6.68,25.134094
0,7.86,25.134094
0,9.04,25.134094
0,10.22,25.134094
0,11.4,25.134094
0,12.58,25.134094
0,13.76,25.134094
0,14.94,25.134094
0,16.12,25.134094
0,17.3,25.134094
0,18.48,25.134094
0,19.66,25.134094
0,20.84,25.134094
0,22.02,25.134094
0,23.2,25.134094
0,24.38,25.134094
1.18,-24,25.134094
1.18,-22.82,25.134094
1.18,-21.64,25.134094
1.18,-20.46,25.134094
1.18,-19.28,25.134094
1.18,-18.1,25.134094
1.18,-16.92,25.134094
1.18,-15.74,25.134094
1.18,-14.56,25.134094
1.18,-13.38,25.134094
1.18,-12.2,25.134094
1.18,-11.02,25.134094
1.18,-9.84,25.134094
1.18,-8.66,25.134094
1.18,-7.48,25.134094
1.18,-6.3,25.134094
1.18,-5.12,25.134094
1.18,-3.94,25.134094
1.18,-2.76,25.134094
1.18,-1.58,25.134094
1.18,-0.400000000000002,25.134094
1.18,0.779999999999998,25.134094
1.18,1.96,25.134094
1.18,3.14,25.134094
1.18,4.32,25.134094
1.18,5.5,25.134094
1.18,6.68,25.134094
1.18,7.86,25.134094
1.18,9.04,25.134094
1.18,10.22,25.134094
1.18,11.4,25.134094
1.18,12.58,25.134094
1.18,13.76,25.134094
1.18,14.94,25.134094
1.18,16.12,25.134094
1.18,17.3,25.134094
1.18,18.48,25.134094
1.18,19.66,25.134094
1.18,20.84,25.134094
1.18,22.02,25.134094
1.18,23.2,25.134094
1.18,24.38,25.134094
2.36,-24,25.134094
2.36,-22.82,25.134094
2.36,-21.64,25.134094
2.36,-20.46,25.134094
2.36,-19.28,25.134094
2.36,-18.1,25.134094
2.36,-16.92,25.134094
2.36,-15.74,25.134094
2.36,-14.56,25.134094
2.36,-13.38,25.134094
2.36,-12.2,25.134094
2.36,-11.02,25.134094
2.36,-9.84,25.134094
2.36,-8.66,25.134094
2.36,-7.48,25.134094
2.36,-6.3,25.134094
2.36,-5.12,25.134094
2.36,-3.94,25.134094
2.36,-2.76,25.134094
2.36,-1.58,25.134094
2.36,-0.400000000000002,25.134094
2.36,0.779999999999998,25.134094
2.36,1.96,25.134094
2.36,3.14,25.134094
2.36,4.32,25.134094
2.36,5.5,25.134094
2.36,6.68,25.134094
2.36,7.86,25.134094
2.36,9.04,25.134094
2.36,10.22,25.134094
2.36,11.4,25.134094
2.36,12.58,25.134094
2.36,13.76,25.134094
2.36,14.94,25.134094
2.36,16.12,25.134094
2.36,17.3,25.134094
2.36,18.48,25.134094
2.36,19.66,25.134094
2.36,20.84,25.134094
2.36,22.02,25.134094
2.36,23.2,25.134094
2.36,24.38,25.134094
3.54,-24,25.134094
3.54,-22.82,25.134094
3.54,-21.64,25.134094
3.54,-20.46,25.134094
3.54,-19.28,25.134094
3.54,-18.1,25.134094
3.54,-16.92,25.134094
3.54,-15.74,25.134094
3.54,-14.56,25.134094
3.54,-13.38,25.134094
3.54,-12.2,25.134094
3.54,-11.02,25.134094
3.54,-9.84,25.134094
3.54,-8.66,25.134094
3.54,-7.48,25.134094
3.54,-6.3,25.134094
3.54,-5.12,25.134094
3.54,-3.94,25.134094
3.54,-2.76,25.134094
3.54,-1.58,25.134094
3.54,-0.400000000000002,25.134094
3.54,0.779999999999998,25.134094
3.54,1.96,25.134094
3.54,3.14,25.134094
3.54,4.32,25.134094
3.54,5.5,25.134094
3.54,6.68,25.134094
3.54,7.86,25.134094
3.54,9.04,25.134094
3.54,10.22,25.134094
3.54,11.4,25.134094
3.54,12.58,25.134094
3.54,13.76,25.134094
3.54,14.94,25.134094
3.54,16.12,25.134094
3.54,17.3,25.134094
3.54,18.48,25.134094
3.54,19.66,25.134094
3.54,20.84,25.134094
3.54,22.02,25.134094
3.54,23.2,25.134094
3.54,24.38,25.134094
4.72,-24,25.134094
4.72,-22.82,25.134094
4.72,-21.64,25.134094
4.72,-20.46,25.134094
4.72,-19.28,25.134094
4.72,-18.1,25.134094
4.72,-16.92,25.134094
4.72,-15.74,25.134094
4.72,-14.56,25.134094
4.72,-13.38,25.134094
4.72,-12.2,25.134094
4.72,-11.02,25.134094
4.72,-9.84,25.134094
4.72,-8.66,25.134094
4.72,-7.48,25.134094
4.72,-6.3,25.134094
4.72,-5.12,25.134094
4.72,-3.94,25.134094
4.72,-2.76,25.134094
4.72,-1.58,25.134094
4.72,-0.400000000000002,25.134094
4.72,0.779999999999998,25.134094
4.72,1.96,25.134094
4.72,3.14,25.134094
4.72,4.32,25.134094
4.72,5.5,25.134094
4.72,6.68,25.134094
4.72,7.86,25.134094
4.72,9.04,25.134094
4.72,10.22,25.134094
4.72,11.4,25.134094
4.72,12.58,25.134094
4.72,13.76,25.134094
4.72,14.94,25.134094
4.72,16.12,25.134094
4.72,17.3,25.134094
4.72,18.48,25.134094
4.72,19.66,25.134094
4.72,20.84,25.134094
4.72,22.02,25.134094
4.72,23.2,25.134094
4.72,24.38,25.134094
5.9,-24,25.134094
5.9,-22.82,25.134094
5.9,-21.64,25.134094
5.9,-20.46,25.134094
5.9,-19.28,25.134094
5.9,-18.1,25.134094
5.9,-16.92,25.134094
5.9,-15.74,25.134094
5.9,-14.56,25.134094
5.9,-13.38,25.134094
5.9,-12.2,25.134094
5.9,-11.02,25.134094
5.9,-9.84,25.134094
5.9,-8.66,25.134094
5.9,-7.48,25.134094
5.9,-6.3,25.134094
5.9,-5.12,25.134094
5.9,-3.94,25.134094
5.9,-2.76,25.134094
5.9,-1.58,25.134094
5.9,-0.400000000000002,25.134094
5.9,0.779999999999998,25.134094
5.9,1.96,25.134094
5.9,3.14,25.134094
5.9,4.32,25.134094
5.9,5.5,25.134094
5.9,6.68,25.134094
5.9,7.86,25.134094
5.9,9.04,25.134094
5.9,10.22,25.134094
5.9,11.4,25.134094
5.9,12.58,25.134094
5.9,13.76,25.134094
5.9,14.94,25.134094
5.9,16.12,25.134094
5.9,17.3,25.134094
5.9,18.48,25.134094
5.9,19.66,25.134094
5.9,20.84,25.134094
5.9,22.02,25.134094
5.9,23.2,25.134094
5.9,24.38,25.134094
7.08,-24,25.134094
7.08,-22.82,25.134094
7.08,-21.64,25.134094
7.08,-20.46,25.134094
7.08,-19.28,25.134094
7.08,-18.1,25.134094
7.08,-16.92,25.134094
7.08,-15.74,25.134094
7.08,-14.56,25.134094
7.08,-13.38,25.134094
7.08,-12.2,25.134094
7.08,-11.02,25.134094
7.08,-9.84,25.134094
7.08,-8.66,25.134094
7.08,-7.48,25.134094
7.08,-6.3,25.134094
7.08,-5.12,25.134094
7.08,-3.94,25.134094
7.08,-2.76,25.134094
7.08,-1.58,25.134094
7.08,-0.400000000000002,25.134094
7.08,0.779999999999998,25.134094
7.08,1.96,25.134094
7.08,3.14,25.134094
7.08,4.32,25.134094
7.08,5.5,25.134094
7.08,6.68,25.134094
7.08,7.86,25.134094
7.08,9.04,25.134094
7.08,10.22,25.134094
7.08,11.4,25.134094
7.08,12.58,25.134094
7.08,13.76,25.134094
7.08,14.94,25.134094
7.08,16.12,25.134094
7.08,17.3,25.134094
7.08,18.48,25.134094
7.08,19.66,25.134094
7.08,20.84,25.134094
7.08,22.02,25.134094
7.08,23.2,25.134094
7.08,24.38,25.134094
8.26,-24,25.134094
8.26,-22.82,25.134094
8.26,-21.64,25.134094
8.26,-20.46,25.134094
8.26,-19.28,25.134094
8.26,-18.1,25.134094
8.26,-16.92,25.134094
8.26,-15.74,25.134094
8.26,-14.56,25.134094
8.26,-13.38,25.134094
8.26,-12.2,25.134094
8.26,-11.02,25.134094
8.26,-9.84,25.134094
8.26,-8.66,25.134094
8.26,-7.48,25.134094
8.26,-6.3,25.134094
8.26,-5.12,25.134094
8.26,-3.94,25.134094
8.26,-2.76,25.134094
8.26,-1.58,25.134094
8.26,-0.400000000000002,25.134094
8.26,0.779999999999998,25.134094
8.26,1.96,25.134094
8.26,3.14,25.134094
8.26,4.32,25.134094
8.26,5.5,25.134094
8.26,6.68,25.134094
8.26,7.86,25.134094
8.26,9.04,25.134094
8.26,10.22,25.134094
8.26,11.4,25.134094
8.26,12.58,25.134094
8.26,13.76,25.134094
8.26,14.94,25.134094
8.26,16.12,25.134094
8.26,17.3,25.134094
8.26,18.48,25.134094
8.26,19.66,25.134094
8.26,20.84,25.134094
8.26,22.02,25.134094
8.26,23.2,25.134094
8.26,24.38,25.134094
9.44,-24,25.134094
9.44,-22.82,25.134094
9.44,-21.64,25.134094
9.44,-20.46,25.134094
9.44,-19.28,25.134094
9.44,-18.1,25.134094
9.44,-16.92,25.134094
9.44,-15.74,25.134094
9.44,-14.56,25.134094
9.44,-13.38,25.134094
9.44,-12.2,25.134094
9.44,-11.02,25.134094
9.44,-9.84,25.134094
9.44,-8.66,25.134094
9.44,-7.48,25.134094
9.44,-6.3,25.134094
9.44,-5.12,25.134094
9.44,-3.94,25.134094
9.44,-2.76,25.134094
9.44,-1.58,25.134094
9.44,-0.400000000000002,25.134094
9.44,0.779999999999998,25.134094
9.44,1.96,25.134094
9.44,3.14,25.134094
9.44,4.32,25.134094
9.44,5.5,25.134094
9.44,6.68,25.134094
9.44,7.86,25.134094
9.44,9.04,25.134094
9.44,10.22,25.134094
9.44,11.4,25.134094
9.44,12.58,25.134094
9.44,13.76,25.134094
9.44,14.94,25.134094
9.44,16.12,25.134094
9.44,17.3,25.134094
9.44,18.48,25.134094
9.44,19.66,25.134094
9.44,20.84,25.134094
9.44,22.02,25.134094
9.44,23.2,25.134094
9.44,24.38,25.134094
10.62,-24,25.134094
10.62,-22.82,25.134094
10.62,-21.64,25.134094
10.62,-20.46,25.134094
10.62,-19.28,25.134094
10.62,-18.1,25.134094
10.62,-16.92,25.134094
10.62,-15.74,25.134094
10.62,-14.56,25.134094
10.62,-13.38,25.134094
10.62,-12.2,25.134094
10.62,-11.02,25.134094
10.62,-9.84,25.134094
10.62,-8.66,25.134094
10.62,-7.48,25.134094
10.62,-6.3,25.134094
10.62,-5.12,25.134094
10.62,-3.94,25.134094
10.62,-2.76,25.134094
10.62,-1.58,25.134094
10.62,-0.400000000000002,25.134094
10.62,0.779999999999998,25.134094
10.62,1.96,25.134094
10.62,3.14,25.134094
10.62,4.32,25.134094
10.62,5.5,25.134094
10.62,6.68,25.134094
10.62,7.86,25.134094
10.62,9.04,25.134094
10.62,10.22,25.134094
10.62,11.4,25.134094
10.62,12.58,25.134094
10.62,13.76,25.134094
10.62,14.94,25.134094
10.62,16.12,25.134094
10.62,17.3,25.134094
10.62,18.48,25.134094
10.62,19.66,25.134094
10.62,20.84,25.134094
10.62,22.02,25.134094
10.62,23.2,25.134094
10.62,24.38,25.134094
0,-24,25.754094
1.18,-24,25.754094
2.36,-24,25.754094
3.54,-24,25.754094
4.72,-24,25.754094
5.9,-24,25.754094
7.08,-24,25.754094
8.26,-24,25.754094
9.44,-24,25.754094
10.62,-24,25.754094
0,-22.82,25.754094
1.18,-22.82,25.754094
2.36,-22.82,25.754094
3.54,-22.82,25.754094
4.72,-22.82,25.754094
5.9,-22.82,25.754094
7.08,-22.82,25.754094
8.26,-22.82,25.754094
9.44,-22.82,25.754094
10.62,-22.82,25.754094
0,-21.64,25.754094
1.18,-21.64,25.754094
2.36,-21.64,25.754094
3.54,-21.64,25.754094
4.72,-21.64,25.754094
5.9,-21.64,25.754094
7.08,-21.64,25.754094
8.26,-21.64,25.754094
9.44,-21.64,25.754094
10.62,-21.64,25.754094
0,-20.46,25.754094
1.18,-20.46,25.754094
2.36,-20.46,25.754094
3.54,-20.46,25.754094
4.72,-20.46,25.754094
5.9,-20.46,25.754094
7.08,-20.46,25.754094
8.26,-20.46,25.754094
9.44,-20.46,25.754094
10.62,-20.46,25.754094
0,-19.28,25.754094
1.18,-19.28,25.754094
2.36,-19.28,25.754094
3.54,-19.28,25.754094
4.72,-19.28,25.754094
5.9,-19.28,25.754094
7.08,-19.28,25.754094
8.26,-19.28,25.754094
9.44,-19.28,25.754094
10.62,-19.28,25.754094
0,-18.1,25.754094
1.18,-18.1,25.754094
2.36,-18.1,25.754094
3.54,-18.1,25.754094
4.72,-18.1,25.754094
5.9,-18.1,25.754094
7.08,-18.1,25.754094
8.26,-18.1,25.754094
9.44,-18.1,25.754094
10.62,-18.1,25.754094
0,-16.92,25.754094
1.18,-16.92,25.754094
2.36,-16.92,25.754094
3.54,-16.92,25.754094
4.72,-16.92,25.754094
5.9,-16.92,25.754094
7.08,-16.92,25.754094
8.26,-16.92,25.754094
9.44,-16.92,25.754094
10.62,-16.92,25.754094
0,-15.74,25.754094
1.18,-15.74,25.754094
2.36,-15.74,25.754094
3.54,-15.74,25.754094
4.72,-15.74,25.754094
5.9,-15.74,25.754094
7.08,-15.74,25.754094
8.26,-15.74,25.754094
9.44,-15.74,25.754094
10.62,-15.74,25.754094
0,-14.56,25.754094
1.18,-14.56,25.754094
2.36,-14.56,25.754094
3.54,-14.56,25.754094
4.72,-14.56,25.754094
5.9,-14.56,25.754094
7.08,-14.56,25.754094
8.26,-14.56,25.754094
9.44,-14.56,25.754094
10.62,-14.56,25.754094
0,-13.38,25.754094
1.18,-13.38,25.754094
2.36,-13.38,25.754094
3.54,-13.38,25.754094
4.72,-13.38,25.754094
5.9,-13.38,25.754094
7.08,-13.38,25.754094
8.26,-13.38,25.754094
9.44,-13.38,25.754094
10.62,-13.38,25.754094
0,-12.2,25.754094
1.18,-12.2,25.754094
2.36,-12.2,25.754094
3.54,-12.2,25.754094
4.72,-12.2,25.754094
5.9,-12.2,25.754094
7.08,-12.2,25.754094
8.26,-12.2,25.754094
9.44,-12.2,25.754094
10.62,-12.2,25.754094
0,-11.02,25.754094
1.18,-11.02,25.754094
2.36,-11.02,25.754094
3.54,-11.02,25.754094
4.72,-11.02,25.754094
5.9,-11.02,25.754094
7.08,-11.02,25.754094
8.26,-11.02,25.754094
9.44,-11.02,25.754094
10.62,-11.02,25.754094
0,-9.84,25.754094
1.18,-9.84,25.754094
2.36,-9.84,25.754094
3.54,-9.84,25.754094
4.72,-9.84,25.754094
5.9,-9.84,25.754094
7.08,-9.84,25.754094
8.26,-9.84,25.754094
9.44,-9.84,25.754094
10.62,-9.84,25.754094
0,-8.66,25.754094
1.18,-8.66,25.754094
2.36,-8.66,25.754094
3.54,-8.66,25.754094
4.72,-8.66,25.754094
5.9,-8.66,25.754094
7.08,-8.66,25.754094
8.26,-8.66,25.754094
9.44,-8.66,25.754094
10.62,-8.66,25.754094
0,-7.48,25.754094
1.18,-7.48,25.754094
2.36,-7.48,25.754094
3.54,-7.48,25.754094
4.72,-7.48,25.754094
5.9,-7.48,25.754094
7.08,-7.48,25.754094
8.26,-7.48,25.754094
9.44,-7.48,25.754094
10.62,-7.48,25.754094
0,-6.3,25.754094
1.18,-6.3,25.754094
2.36,-6.3,25.754094
3.54,-6.3,25.754094
4.72,-6.3,25.754094
5.9,-6.3,25.754094
7.08,-6.3,25.754094
8.26,-6.3,25.754094
9.44,-6.3,25.754094
10.62,-6.3,25.754094
0,-5.12,25.754094
1.18,-5.12,25.754094
2.36,-5.12,25.754094
3.54,-5.12,25.754094
4.72,-5.12,25.754094
5.9,-5.12,25.754094
7.08,-5.12,25.754094
8.26,-5.12,25.754094
9.44,-5.12,25.754094
10.62,-5.12,25.754094
0,-3.94,25.754094
1.18,-3.94,25.754094
2.36,-3.94,25.754094
3.54,-3.94,25.754094
4.72,-3.94,25.754094
5.9,-3.94,25.754094
7.08,-3.94,25.754094
8.26,-3.94,25.754094
9.44,-3.94,25.754094
10.62,-3.94,25.754094
0,-2.76,25.754094
1.18,-2.76,25.754094
2.36,-2.76,25.754094
3.54,-2.76,25.754094
4.72,-2.76,25.754094
5.9,-2.76,25.754094
7.08,-2.76,25.754094
8.26,-2.76,25.754094
9.44,-2.76,25.754094
10.62,-2.76,25.754094
0,-1.58,25.754094
1.18,-1.58,25.754094
2.36,-1.58,25.754094
3.54,-1.58,25.754094
4.72,-1.58,25.754094
5.9,-1.58,25.754094
7.08,-1.58,25.754094
8.26,-1.58,25.754094
9.44,-1.58,25.754094
10.62,-1.58,25.754094
0,-0.400000000000002,25.754094
1.18,-0.400000000000002,25.754094
2.36,-0.400000000000002,25.754094
3.54,-0.400000000000002,25.754094
4.72,-0.400000000000002,25.754094
5.9,-0.400000000000002,25.754094
7.08,-0.400000000000002,25.754094
8.26,-0.400000000000002,25.754094
9.44,-0.400000000000002,25.754094
10.62,-0.400000000000002,25.754094
0,0.779999999999998,25.754094
1.18,0.779999999999998,25.754094
2.36,0.779999999999998,25.754094
3.54,0.779999999999998,25.754094
4.72,0.779999999999998,25.754094
5.9,0.779999999999998,25.754094
7.08,0.779999999999998,25.754094
8.26,0.779999999999998,25.754094
9.44,0.779999999999998,25.754094
10.62,0.779999999999998,25.754094
0,1.96,25.754094
1.18,1.96,25.754094
2.36,1.96,25.754094
3.54,1.96,25.754094
4.72,1.96,25.754094
5.9,1.96,25.754094
7.08,1.96,25.754094
8.26,1.96,25.754094
9.44,1.96,25.754094
10.62,1.96,25.754094
0,3.14,25.754094
1.18,3.14,25.754094
2.36,3.14,25.754094
3.54,3.14,25.754094
4.72,3.14,25.754094
5.9,3.14,25.754094
7.08,3.14,25.754094
8.26,3.14,25.754094
9.44,3.14,25.754094
10.62,3.14,25.754094
0,4.32,25.754094
1.18,4.32,25.754094
2.36,4.32,25.754094
3.54,4.32,25.754094
4.72,4.32,25.754094
5.9,4.32,25.754094
7.08,4.32,25.754094
8.26,4.32,25.754094
9.44,4.32,25.754094
10.62,4.32,25.754094
0,5.5,25.754094
1.18,5.5,25.754094
2.36,5.5,25.754094
3.54,5.5,25.754094
4.72,5.5,25.754094
5.9,5.5,25.754094
7.08,5.5,25.754094
8.26,5.5,25.754094
9.44,5.5,25.754094
10.62,5.5,25.754094
0,6.68,25.754094
1.18,6.68,25.754094
2.36,6.68,25.754094
3.54,6.68,25.754094
4.72,6.68,25.754094
5.9,6.68,25.754094
7.08,6.68,25.754094
8.26,6.68,25.754094
9.44,6.68,25.754094
10.62,6.68,25.754094
0,7.86,25.754094
1.18,7.86,25.754094
2.36,7.86,25.754094
3.54,7.86,25.754094
4.72,7.86,25.754094
5.9,7.86,25.754094
7.08,7.86,25.754094
8.26,7.86,25.754094
9.44,7.86,25.754094
10.62,7.86,25.754094
0,9.04,25.754094
1.18,9.04,25.754094
2.36,9.04,25.754094
3.54,9.04,25.754094
4.72,9.04,25.754094
5.9,9.04,25.754094
7.08,9.04,25.754094
8.26,9.04,25.754094
9.44,9.04,25.754094
10.62,9.04,25.754094
0,10.22,25.754094
1.18,10.22,25.754094
2.36,10.22,25.754094
3.54,10.22,25.754094
4.72,10.22,25.754094
5.9,10.22,25.754094
7.08,10.22,25.754094
8.26,10.22,25.754094
9.44,10.22,25.754094
10.62,10.22,25.754094
0,11.4,25.754094
1.18,11.4,25.754094
2.36,11.4,25.754094
3.54,11.4,25.754094
4.72,11.4,25.754094
5.9,11.4,25.754094
7.08,11.4,25.754094
8.26,11.4,25.754094
9.44,11.4,25.754094
10.62,11.4,25.754094
0,12.58,25.754094
1.18,12.58,25.754094
2.36,12.58,25.754094
3.54,12.58,25.754094
4.72,12.58,25.754094
5.9,12.58,25.754094
7.08,12.58,25.754094
8.26,12.58,25.754094
9.44,12.58,25.754094
10.62,12.58,25.754094
0,13.76,25.754094
1.18,13.76,25.754094
2.36,13.76,25.754094
3.54,13.76,25.754094
4.72,13.76,25.754094
5.9,13.76,25.754094
7.08,13.76,25.754094
8.26,13.76,25.754094
9.44,13.76,25.754094
10.62,13.76,25.754094
0,14.94,25.754094
1.18,14.94,25.754094
2.36,14.94,25.754094
3.54,14.94,25.754094
4.72,14.94,25.754094
5.9,14.94,25.754094
7.08,14.94,25.754094
8.26,14.94,25.754094
9.44,14.94,25.754094
10.62,14.94,25.754094
0,16.12,25.754094
1.18,16.12,25.754094
2.36,16.12,25.754094
3.54,16.12,25.754094
4.72,16.12,25.754094
5.9,16.12,25.754094
7.08,16.12,25.754094
8.26,16.12,25.754094
9.44,16.12,25.754094
10.62,16.12,25.754094
0,17.3,25.754094
1.18,17.3,25.754094
2.36,17.3,25.754094
3.54,17.3,25.754094
4.72,17.3,25.754094
5.9,17.3,25.754094
7.08,17.3,25.754094
8.26,17.3,25.754094
9.44,17.3,25.754094
10.62,17.3,25.754094
0,18.48,25.754094
1.18,18.48,25.754094
2.36,18.48,25.754094
3.54,18.48,25.754094
4.72,18.48,25.754094
5.9,18.48,25.754094
7.08,18.48,25.754094
8.26,18.48,25.754094
9.44,18.48,25.754094
10.62,18.48,25.754094
0,19.66,25.754094
1.18,19.66,25.754094
2.36,19.66,25.754094
3.54,19.66,25.754094
4.72,19.66,25.754094
5.9,19.66,25.754094
7.08,19.66,25.754094
8.26,19.66,25.754094
9.44,19.66,25.754094
10.62,19.66,25.754094
0,20.84,25.754094
1.18,20.84,25.754094
2.36,20.84,25.754094
3.54,20.84,25.754094
4.72,20.84,25.754094
5.9,20.84,25.754094
7.08,20.84,25.754094
8.26,20.84,25.754094
9.44,20.84,25.754094
10.62,20.84,25.754094
0,22.02,25.754094
1.18,22.02,25.754094
2.36,22.02,25.754094
3.54,22.02,25.754094
4.72,22.02,25.754094
5.9,22.02,25.754094
7.08,22.02,25.754094
8.26,22.02,25.754094
9.44,22.02,25.754094
10.62,22.02,25.754094
0,23.2,25.754094
1.18,23.2,25.754094
2.36,23.2,25.754094
3.54,23.2,25.754094
4.72,23.2,25.754094
5.9,23.2,25.754094
7.08,23.2,25.754094
8.26,23.2,25.754094
9.44,23.2,25.754094
10.62,23.2,25.754094
0,24.38,25.754094
1.18,24.38,25.754094
2.36,24.38,25.754094
3.54,24.38,25.754094
4.72,24.38,25.754094
5.9,24.38,25.754094
7.08,24.38,25.754094
8.26,24.38,25.754094
9.44,24.38,25.754094
10.62,24.38,25.754094
0,-24,26.374094
0,-22.82,26.374094
0,-21.64,26.374094
0,-20.46,26.374094
0,-19.28,26.374094
0,-18.1,26.374094
0,-16.92,26.374094
0,-15.74,26.374094
0,-14.56,26.374094
0,-13.38,26.374094
0,-12.2,26.374094
0,-11.02,26.374094
0,-9.84,26.374094
0,-8.66,26.374094
0,-7.48,26.374094
0,-6.3,26.374094
0,-5.12,26.374094
0,-3.94,26.374094
0,-2.76,26.374094
0,-1.58,26.374094
0,-0.400000000000002,26.374094
0,0.779999999999998,26.374094
0,1.96,26.374094
0,3.14,26.374094
0,4.32,26.374094
0,5.5,26.374094
0,6.68,26.374094
0,7.86,26.374094
0,9.04,26.374094
0,10.22,26.374094
0,11.4,26.374094
0,12.58,26.374094
0,13.76,26.374094
0,14.94,26.374094
0,16.12,26.374094
0,17.3,26.374094
0,18.48,26.374094
0,19.66,26.374094
0,20.84,26.374094
0,22.02,26.374094
0,23.2,26.374094
0,24.38,26.374094
1.18,-24,26.374094
1.18,-22.82,26.374094
1.18,-21.64,26.374094
1.18,-20.46,26.374094
1.18,-19.28,26.374094
1.18,-18.1,26.374094
1.18,-16.92,26.374094
1.18,-15.74,26.374094
1.18,-14.56,26.374094
1.18,-13.38,26.374094
1.18,-12.2,26.374094
1.18,-11.02,26.374094
1.18,-9.84,26.374094
1.18,-8.66,26.374094
1.18,-7.48,26.374094
1.18,-6.3,26.374094
1.18,-5.12,26.374094
1.18,-3.94,26.374094
1.18,-2.76,26.374094
1.18,-1.58,26.374094
1.18,-0.400000000000002,26.374094
1.18,0.779999999999998,26.374094
1.18,1.96,26.374094
1.18,3.14,26.374094
1.18,4.32,26.374094
1.18,5.5,26.374094
1.18,6.68,26.374094
1.18,7.86,26.374094
1.18,9.04,26.374094
1.18,10.22,26.374094
1.18,11.4,26.374094
1.18,12.58,26.374094
1.18,13.76,26.374094
1.18,14.94,26.374094
1.18,16.12,26.374094
1.18,17.3,26.374094
1.18,18.48,26.374094
1.18,19.66,26.374094
1.18,20.84,26.374094
1.18,22.02,26.374094
1.18,23.2,26.374094
1.18,24.38,26.374094
2.36,-24,26.374094
2.36,-22.82,26.374094
2.36,-21.64,26.374094
2.36,-20.46,26.374094
2.36,-19.28,26.374094
2.36,-18.1,26.374094
2.36,-16.92,26.374094
2.36,-15.74,26.374094
2.36,-14.56,26.374094
2.36,-13.38,26.374094
2.36,-12.2,26.374094
2.36,-11.02,26.374094
2.36,-9.84,26.374094
2.36,-8.66,26.374094
2.36,-7.48,26.374094
2.36,-6.3,26.374094
2.36,-5.12,26.374094
2.36,-3.94,26.374094
2.36,-2.76,26.374094
2.36,-1.58,26.374094
2.36,-0.400000000000002,26.374094
2.36,0.779999999999998,26.374094
2.36,1.96,26.374094
2.36,3.14,26.374094
2.36,4.32,26.374094
2.36,5.5,26.374094
2.36,6.68,26.374094
2.36,7.86,26.374094
2.36,9.04,26.374094
2.36,10.22,26.374094
2.36,11.4,26.374094
2.36,12.58,26.374094
2.36,13.76,26.374094
2.36,14.94,26.374094
2.36,16.12,26.374094
2.36,17.3,26.374094
2.36,18.48,26.374094
2.36,19.66,26.374094
2.36,20.84,26.374094
2.36,22.02,26.374094
2.36,23.2,26.374094
2.36,24.38,26.374094
3.54,-24,26.374094
3.54,-22.82,26.374094
3.54,-21.64,26.374094
3.54,-20.46,26.374094
3.54,-19.28,26.374094
3.54,-18.1,26.374094
3.54,-16.92,26.374094
3.54,-15.74,26.374094
3.54,-14.56,26.374094
3.54,-13.38,26.374094
3.54,-12.2,26.374094
3.54,-11.02,26.374094
3.54,-9.84,26.374094
3.54,-8.66,26.374094
3.54,-7.48,26.374094
3.54,-6.3,26.374094
3.54,-5.12,26.374094
3.54,-3.94,26.374094
3.54,-2.76,26.374094
3.54,-1.58,26.374094
3.54,-0.400000000000002,26.374094
3.54,0.779999999999998,26.374094
3.54,1.96,26.374094
3.54,3.14,26.374094
3.54,4.32,26.374094
3.54,5.5,26.374094
3.54,6.68,26.374094
3.54,7.86,26.374094
3.54,9.04,26.374094
3.54,10.22,26.374094
3.54,11.4,26.374094
3.54,12.58,26.374094
3.54,13.76,26.374094
3.54,14.94,26.374094
3.54,16.12,26.374094
3.54,17.3,26.374094
3.54,18.48,26.374094
3.54,19.66,26.374094
3.54,20.84,26.374094
3.54,22.02,26.374094
3.54,23.2,26.374094
3.54,24.38,26.374094
4.72,-24,26.374094
4.72,-22.82,26.374094
4.72,-21.64,26.374094
4.72,-20.46,26.374094
4.72,-19.28,26.374094
4.72,-18.1,26.374094
4.72,-16.92,26.374094
4.72,-15.74,26.374094
4.72,-14.56,26.374094
4.72,-13.38,26.374094
4.72,-12.2,26.374094
4.72,-11.02,26.374094
4.72,-9.84,26.374094
4.72,-8.66,26.374094
4.72,-7.48,26.374094
4.72,-6.3,26.374094
4.72,-5.12,26.374094
4.72,-3.94,26.374094
4.72,-2.76,26.374094
4.72,-1.58,26.374094
4.72,-0.400000000000002,26.374094
4.72,0.779999999999998,26.374094
4.72,1.96,26.374094
4.72,3.14,26.374094
4.72,4.32,26.374094
4.72,5.5,26.374094
4.72,6.68,26.374094
4.72,7.86,26.374094
4.72,9.04,26.374094
4.72,10.22,26.374094
4.72,11.4,26.374094
4.72,12.58,26.374094
4.72,13.76,26.374094
4.72,14.94,26.374094
4.72,16.12,26.374094
4.72,17.3,26.374094
4.72,18.48,26.374094
4.72,19.66,26.374094
4.72,20.84,26.374094
4.72,22.02,26.374094
4.72,23.2,26.374094
4.72,24.38,26.374094
5.9,-24,26.374094
5.9,-22.82,26.374094
5.9,-21.64,26.374094
5.9,-20.46,26.374094
5.9,-19.28,26.374094
5.9,-18.1,26.374094
5.9,-16.92,26.374094
5.9,-15.74,26.374094
5.9,-14.56,26.374094
5.9,-13.38,26.374094
5.9,-12.2,26.374094
5.9,-11.02,26.374094
5.9,-9.84,26.374094
5.9,-8.66,26.374094
5.9,-7.48,26.374094
5.9,-6.3,26.374094
5.9,-5.12,26.374094
5.9,-3.94,26.374094
5.9,-2.76,26.374094
5.9,-1.58,26.374094
5.9,-0.400000000000002,26.374094
5.9,0.779999999999998,26.374094
5.9,1.96,26.374094
5.9,3.14,26.374094
5.9,4.32,26.374094
5.9,5.5,26.374094
5.9,6.68,26.374094
5.9,7.86,26.374094
5.9,9.04,26.374094
5.9,10.22,26.374094
5.9,11.4,26.374094
5.9,12.58,26.374094
5.9,13.76,26.374094
5.9,14.94,26.374094
5.9,16.12,26.374094
5.9,17.3,26.374094
5.9,18.48,26.374094
5.9,19.66,26.374094
5.9,20.84,26.374094
5.9,22.02,26.374094
5.9,23.2,26.374094
5.9,24.38,26.374094
7.08,-24,26.374094
7.08,-22.82,26.374094
7.08,-21.64,26.374094
7.08,-20.46,26.374094
7.08,-19.28,26.374094
7.08,-18.1,26.374094
7.08,-16.92,26.374094
7.08,-15.74,26.374094
7.08,-14.56,26.374094
7.08,-13.38,26.374094
7.08,-12.2,26.374094
7.08,-11.02,26.374094
7.08,-9.84,26.374094
7.08,-8.66,26.374094
7.08,-7.48,26.374094
7.08,-6.3,26.374094
7.08,-5.12,26.374094
7.08,-3.94,26.374094
7.08,-2.76,26.374094
7.08,-1.58,26.374094
7.08,-0.400000000000002,26.374094
7.08,0.779999999999998,26.374094
7.08,1.96,26.374094
7.08,3.14,26.374094
7.08,4.32,26.374094
7.08,5.5,26.374094
7.08,6.68,26.374094
7.08,7.86,26.374094
7.08,9.04,26.374094
7.08,10.22,26.374094
7.08,11.4,26.374094
7.08,12.58,26.374094
7.08,13.76,26.374094
7.08,14.94,26.374094
7.08,16.12,26.374094
7.08,17.3,26.374094
7.08,18.48,26.374094
7.08,19.66,26.374094
7.08,20.84,26.374094
7.08,22.02,26.374094
7.08,23.2,26.374094
7.08,24.38,26.374094
8.26,-24,26.374094
8.26,-22.82,26.374094
8.26,-21.64,26.374094
8.26,-20.46,26.374094
8.26,-19.28,26.374094
8.26,-18.1,26.374094
8.26,-16.92,26.374094
8.26,-15.74,26.374094
8.26,-14.56,26.374094
8.26,-13.38,26.374094
8.26,-12.2,26.374094
8.26,-11.02,26.374094
8.26,-9.84,26.374094
8.26,-8.66,26.374094
8.26,-7.48,26.374094
8.26,-6.3,26.374094
8.26,-5.12,26.374094
8.26,-3.94,26.374094
8.26,-2.76,26.374094
8.26,-1.58,26.374094
8.26,-0.400000000000002,26.374094
8.26,0.779999999999998,26.374094
8.26,1.96,26.374094
8.26,3.14,26.374094
8.26,4.32,26.374094
8.26,5.5,26.374094
8.26,6.68,26.374094
8.26,7.86,26.374094
8.26,9.04,26.374094
8.26,10.22,26.374094
8.26,11.4,26.374094
8.26,12.58,26.374094
8.26,13.76,26.374094
8.26,14.94,26.374094
8.26,16.12,26.374094
8.26,17.3,26.374094
8.26,18.48,26.374094
8.26,19.66,26.374094
8.26,20.84,26.374094
8.26,22.02,26.374094
8.26,23.2,26.374094
8.26,24.38,26.374094
9.44,-24,26.374094
9.44,-22.82,26.374094
9.44,-21.64,26.374094
9.44,-20.46,26.374094
9.44,-19.28,26.374094
9.44,-18.1,26.374094
9.44,-16.92,26.374094
9.44,-15.74,26.374094
9.44,-14.56,26.374094
9.44,-13.38,26.374094
9.44,-12.2,26.374094
9.44,-11.02,26.374094
9.44,-9.84,26.374094
9.44,-8.66,26.374094
9.44,-7.48,26.374094
9.44,-6.3,26.374094
9.44,-5.12,26.374094
9.44,-3.94,26.374094
9.44,-2.76,26.374094
9.44,-1.58,26.374094
9.44,-0.400000000000002,26.374094
9.44,0.779999999999998,26.374094
9.44,1.96,26.374094
9.44,3.14,26.374094
9.44,4.32,26.374094
9.44,5.5,26.374094
9.44,6.68,26.374094
9.44,7.86,26.374094
9.44,9.04,26.374094
9.44,10.22,26.374094
9.44,11.4,26.374094
9.44,12.58,26.374094
9.44,13.76,26.374094
9.44,14.94,26.374094
9.44,16.12,26.374094
9.44,17.3,26.374094
9.44,18.48,26.374094
9.44,19.66,26.374094
9.44,20.84,26.374094
9.44,22.02,26.374094
9.44,23.2,26.374094
9.44,24.38,26.374094
10.62,-24,26.374094
10.62,-22.82,26.374094
10.62,-21.64,26.374094
10.62,-20.46,26.374094
10.62,-19.28,26.374094
10.62,-18.1,26.374094
10.62,-16.92,26.374094
10.62,-15.74,26.374094
10.62,-14.56,26.374094
10.62,-13.38,26.374094
10.62,-12.2,26.374094
10.62,-11.02,26.374094
10.62,-9.84,26.374094
10.62,-8.66,26.374094
10.62,-7.48,26.374094
10.62,-6.3,26.374094
10.62,-5.12,26.374094
10.62,-3.94,26.374094
10.62,-2.76,26.374094
10.62,-1.58,26.374094
10.62,-0.400000000000002,26.374094
10.62,0.779999999999998,26.374094
10.62,1.96,26.374094
10.62,3.14,26.374094
10.62,4.32,26.374094
10.62,5.5,26.374094
10.62,6.68,26.374094
10.62,7.86,26.374094
10.62,9.04,26.374094
10.62,10.22,26.374094
10.62,11.4,26.374094
10.62,12.58,26.374094
10.62,13.76,26.374094
10.62,14.94,26.374094
10.62,16.12,26.374094
10.62,17.3,26.374094
10.62,18.48,26.374094
10.62,19.66,26.374094
10.62,20.84,26.374094
10.62,22.02,26.374094
10.62,23.2,26.374094
10.62,24.38,26.374094
0,-24,26.994094
1.18,-24,26.994094
2.36,-24,26.994094
3.54,-24,26.994094
4.72,-24,26.994094
5.9,-24,26.994094
7.08,-24,26.994094
8.26,-24,26.994094
9.44,-24,26.994094
10.62,-24,26.994094
0,-22.82,26.994094
1.18,-22.82,26.994094
2.36,-22.82,26.994094
3.54,-22.82,26.994094
4.72,-22.82,26.994094
5.9,-22.82,26.994094
7.08,-22.82,26.994094
8.26,-22.82,26.994094
9.44,-22.82,26.994094
10.62,-22.82,26.994094
0,-21.64,26.994094
1.18,-21.64,26.994094
2.36,-21.64,26.994094
3.54,-21.64,26.994094
4.72,-21.64,26.994094
5.9,-21.64,26.994094
7.08,-21.64,26.994094
8.26,-21.64,26.994094
9.44,-21.64,26.994094
10.62,-21.64,26.994094
0,-20.46,26.994094
1.18,-20.46,26.994094
2.36,-20.46,26.994094
3.54,-20.46,26.994094
4.72,-20.46,26.994094
5.9,-20.46,26.994094
7.08,-20.46,26.994094
8.26,-20.46,26.994094
9.44,-20.46,26.994094
10.62,-20.46,26.994094
0,-19.28,26.994094
1.18,-19.28,26.994094
2.36,-19.28,26.994094
3.54,-19.28,26.994094
4.72,-19.28,26.994094
5.9,-19.28,26.994094
7.08,-19.28,26.994094
8.26,-19.28,26.994094
9.44,-19.28,26.994094
10.62,-19.28,26.994094
0,-18.1,26.994094
1.18,-18.1,26.994094
2.36,-18.1,26.994094
3.54,-18.1,26.994094
4.72,-18.1,26.994094
5.9,-18.1,26.994094
7.08,-18.1,26.994094
8.26,-18.1,26.994094
9.44,-18.1,26.994094
10.62,-18.1,26.994094
0,-16.92,26.994094
1.18,-16.92,26.994094
2.36,-16.92,26.994094
3.54,-16.92,26.994094
4.72,-16.92,26.994094
5.9,-16.92,26.994094
7.08,-16.92,26.994094
8.26,-16.92,26.994094
9.44,-16.92,26.994094
10.62,-16.92,26.994094
0,-15.74,26.994094
1.18,-15.74,26.994094
2.36,-15.74,26.994094
3.54,-15.74,26.994094
4.72,-15.74,26.994094
5.9,-15.74,26.994094
7.08,-15.74,26.994094
8.26,-15.74,26.994094
9.44,-15.74,26.994094
10.62,-15.74,26.994094
0,-14.56,26.994094
1.18,-14.56,26.994094
2.36,-14.56,26.994094
3.54,-14.56,26.994094
4.72,-14.56,26.994094
5.9,-14.56,26.994094
7.08,-14.56,26.994094
8.26,-14.56,26.994094
9.44,-14.56,26.994094
10.62,-14.56,26.994094
0,-13.38,26.994094
1.18,-13.38,26.994094
2.36,-13.38,26.994094
3.54,-13.38,26.994094
4.72,-13.38,26.994094
5.9,-13.38,26.994094
7.08,-13.38,26.994094
8.26,-13.38,26.994094
9.44,-13.38,26.994094
10.62,-13.38,26.994094
0,-12.2,26.994094
1.18,-12.2,26.994094
2.36,-12.2,26.994094
3.54,-12.2,26.994094
4.72,-12.2,26.994094
5.9,-12.2,26.994094
7.08,-12.2,26.994094
8.26,-12.2,26.994094
9.44,-12.2,26.994094
10.62,-12.2,26.994094
0,-11.02,26.994094
1.18,-11.02,26.994094
2.36,-11.02,26.994094
3.54,-11.02,26.994094
4.72,-11.02,26.994094
5.9,-11.02,26.994094
7.08,-11.02,26.994094
8.26,-11.02,26.994094
9.44,-11.02,26.994094
10.62,-11.02,26.994094
0,-9.84,26.994094
1.18,-9.84,26.994094
2.36,-9.84,26.994094
3.54,-9.84,26.994094
4.72,-9.84,26.994094
5.9,-9.84,26.994094
7.08,-9.84,26.994094
8.26,-9.84,26.994094
9.44,-9.84,26.994094
10.62,-9.84,26.994094
0,-8.66,26.994094
1.18,-8.66,26.994094
2.36,-8.66,26.994094
3.54,-8.66,26.994094
4.72,-8.66,26.994094
5.9,-8.66,26.994094
7.08,-8.66,26.994094
8.26,-8.66,26.994094
9.44,-8.66,26.994094
10.62,-8.66,26.994094
0,-7.48,26.994094
1.18,-7.48,26.994094
2.36,-7.48,26.994094
3.54,-7.48,26.994094
4.72,-7.48,26.994094
5.9,-7.48,26.994094
7.08,-7.48,26.994094
8.26,-7.48,26.994094
9.44,-7.48,26.994094
10.62,-7.48,26.994094
0,-6.3,26.994094
1.18,-6.3,26.994094
2.36,-6.3,26.994094
3.54,-6.3,26.994094
4.72,-6.3,26.994094
5.9,-6.3,26.994094
7.08,-6.3,26.994094
8.26,-6.3,26.994094
9.44,-6.3,26.994094
10.62,-6.3,26.994094
0,-5.12,26.994094
1.18,-5.12,26.994094
2.36,-5.12,26.994094
3.54,-5.12,26.994094
4.72,-5.12,26.994094
5.9,-5.12,26.994094
7.08,-5.12,26.994094
8.26,-5.12,26.994094
9.44,-5.12,26.994094
10.62,-5.12,26.994094
0,-3.94,26.994094
1.18,-3.94,26.994094
2.36,-3.94,26.994094
3.54,-3.94,26.994094
4.72,-3.94,26.994094
5.9,-3.94,26.994094
7.08,-3.94,26.994094
8.26,-3.94,26.994094
9.44,-3.94,26.994094
10.62,-3.94,26.994094
0,-2.76,26.994094
1.18,-2.76,26.994094
2.36,-2.76,26.994094
3.54,-2.76,26.994094
4.72,-2.76,26.994094
5.9,-2.76,26.994094
7.08,-2.76,26.994094
8.26,-2.76,26.994094
9.44,-2.76,26.994094
10.62,-2.76,26.994094
0,-1.58,26.994094
1.18,-1.58,26.994094
2.36,-1.58,26.994094
3.54,-1.58,26.994094
4.72,-1.58,26.994094
5.9,-1.58,26.994094
7.08,-1.58,26.994094
8.26,-1.58,26.994094
9.44,-1.58,26.994094
10.62,-1.58,26.994094
0,-0.400000000000002,26.994094
1.18,-0.400000000000002,26.994094
2.36,-0.400000000000002,26.994094
3.54,-0.400000000000002,26.994094
4.72,-0.400000000000002,26.994094
5.9,-0.400000000000002,26.994094
7.08,-0.400000000000002,26.994094
8.26,-0.400000000000002,26.994094
9.44,-0.400000000000002,26.994094
10.62,-0.400000000000002,26.994094
0,0.779999999999998,26.994094
1.18,0.779999999999998,26.994094
2.36,0.779999999999998,26.994094
3.54,0.779999999999998,26.994094
4.72,0.779999999999998,26.994094
5.9,0.779999999999998,26.994094
7.08,0.779999999999998,26.994094
8.26,0.779999999999998,26.994094
9.44,0.779999999999998,26.994094
10.62,0.779999999999998,26.994094
0,1.96,26.994094
1.18,1.96,26.994094
2.36,1.96,26.994094
3.54,1.96,26.994094
4.72,1.96,26.994094
5.9,1.96,26.994094
7.08,1.96,26.994094
8.26,1.96,26.994094
9.44,1.96,26.994094
10.62,1.96,26.994094
0,3.14,26.994094
1.18,3.14,26.994094
2.36,3.14,26.994094
3.54,3.14,26.994094
4.72,3.14,26.994094
5.9,3.14,26.994094
7.08,3.14,26.994094
8.26,3.14,26.994094
9.44,3.14,26.994094
10.62,3.14,26.994094
0,4.32,26.994094
1.18,4.32,26.994094
2.36,4.32,26.994094
3.54,4.32,26.994094
4.72,4.32,26.994094
5.9,4.32,26.994094
7.08,4.32,26.994094
8.26,4.32,26.994094
9.44,4.32,26.994094
10.62,4.32,26.994094
0,5.5,26.994094
1.18,5.5,26.994094
2.36,5.5,26.994094
3.54,5.5,26.994094
4.72,5.5,26.994094
5.9,5.5,26.994094
7.08,5.5,26.994094
8.26,5.5,26.994094
9.44,5.5,26.994094
10.62,5.5,26.994094
0,6.68,26.994094
1.18,6.68,26.994094
2.36,6.68,26.994094
3.54,6.68,26.994094
4.72,6.68,26.994094
5.9,6.68,26.994094
7.08,6.68,26.994094
8.26,6.68,26.994094
9.44,6.68,26.994094
10.62,6.68,26.994094
0,7.86,26.994094
1.18,7.86,26.994094
2.36,7.86,26.994094
3.54,7.86,26.994094
4.72,7.86,26.994094
5.9,7.86,26.994094
7.08,7.86,26.994094
8.26,7.86,26.994094
9.44,7.86,26.994094
10.62,7.86,26.994094
0,9.04,26.994094
1.18,9.04,26.994094
2.36,9.04,26.994094
3.54,9.04,26.994094
4.72,9.04,26.994094
5.9,9.04,26.994094
7.08,9.04,26.994094
8.26,9.04,26.994094
9.44,9.04,26.994094
10.62,9.04,26.994094
0,10.22,26.994094
1.18,10.22,26.994094
2.36,10.22,26.994094
3.54,10.22,26.994094
4.72,10.22,26.994094
5.9,10.22,26.994094
7.08,10.22,26.994094
8.26,10.22,26.994094
9.44,10.22,26.994094
10.62,10.22,26.994094
0,11.4,26.994094
1.18,11.4,26.994094
2.36,11.4,26.994094
3.54,11.4,26.994094
4.72,11.4,26.994094
5.9,11.4,26.994094
7.08,11.4,26.994094
8.26,11.4,26.994094
9.44,11.4,26.994094
10.62,11.4,26.994094
0,12.58,26.994094
1.18,12.58,26.994094
2.36,12.58,26.994094
3.54,12.58,26.994094
4.72,12.58,26.994094
5.9,12.58,26.994094
7.08,12.58,26.994094
8.26,12.58,26.994094
9.44,12.58,26.994094
10.62,12.58,26.994094
0,13.76,26.994094
1.18,13.76,26.994094
2.36,13.76,26.994094
3.54,13.76,26.994094
4.72,13.76,26.994094
5.9,13.76,26.994094
7.08,13.76,26.994094
8.26,13.76,26.994094
9.44,13.76,26.994094
10.62,13.76,26.994094
0,14.94,26.994094
1.18,14.94,26.994094
2.36,14.94,26.994094
3.54,14.94,26.994094
4.72,14.94,26.994094
5.9,14.94,26.994094
7.08,14.94,26.994094
8.26,14.94,26.994094
9.44,14.94,26.994094
10.62,14.94,26.994094
0,16.12,26.994094
1.18,16.12,26.994094
2.36,16.12,26.994094
3.54,16.12,26.994094
4.72,16.12,26.994094
5.9,16.12,26.994094
7.08,16.12,26.994094
8.26,16.12,26.994094
9.44,16.12,26.994094
10.62,16.12,26.994094
0,17.3,26.994094
1.18,17.3,26.994094
2.36,17.3,26.994094
3.54,17.3,26.994094
4.72,17.3,26.994094
5.9,17.3,26.994094
7.08,17.3,26.994094
8.26,17.3,26.994094
9.44,17.3,26.994094
10.62,17.3,26.994094
0,18.48,26.994094
1.18,18.48,26.994094
2.36,18.48,26.994094
3.54,18.48,26.994094
4.72,18.48,26.994094
5.9,18.48,26.994094
7.08,18.48,26.994094
8.26,18.48,26.994094
9.44,18.48,26.994094
10.62,18.48,26.994094
0,19.66,26.994094
1.18,19.66,26.994094
2.36,19.66,26.994094
3.54,19.66,26.994094
4.72,19.66,26.994094
5.9,19.66,26.994094
7.08,19.66,26.994094
8.26,19.66,26.994094
9.44,19.66,26.994094
10.62,19.66,26.994094
0,20.84,26.994094
1.18,20.84,26.994094
2.36,20.84,26.994094
3.54,20.84,26.994094
4.72,20.84,26.994094
5.9,20.84,26.994094
7.08,20.84,26.994094
8.26,20.84,26.994094
9.44,20.84,26.994094
10.62,20.84,26.994094
0,22.02,26.994094
1.18,22.02,26.994094
2.36,22.02,26.994094
3.54,22.02,26.994094
4.72,22.02,26.994094
5.9,22.02,26.994094
7.08,22.02,26.994094
8.26,22.02,26.994094
9.44,22.02,26.994094
10.62,22.02,26.994094
0,23.2,26.994094
1.18,23.2,26.994094
2.36,23.2,26.994094
3.54,23.2,26.994094
4.72,23.2,26.994094
5.9,23.2,26.994094
7.08,23.2,26.994094
8.26,23.2,26.994094
9.44,23.2,26.994094
10.62,23.2,26.994094
0,24.38,26.994094
1.18,24.38,26.994094
2.36,24.38,26.994094
3.54,24.38,26.994094
4.72,24.38,26.994094
5.9,24.38,26.994094
7.08,24.38,26.994094
8.26,24.38,26.994094
9.44,24.38,26.994094
10.62,24.38,26.994094
0,-24,27.614094
0,-22.82,27.614094
0,-21.64,27.614094
0,-20.46,27.614094
0,-19.28,27.614094
0,-18.1,27.614094
0,-16.92,27.614094
0,-15.74,27.614094
0,-14.56,27.614094
0,-13.38,27.614094
0,-12.2,27.614094
0,-11.02,27.614094
0,-9.84,27.614094
0,-8.66,27.614094
0,-7.48,27.614094
0,-6.3,27.614094
0,-5.12,27.614094
0,-3.94,27.614094
0,-2.76,27.614094
0,-1.58,27.614094
0,-0.400000000000002,27.614094
0,0.779999999999998,27.614094
0,1.96,27.614094
0,3.14,27.614094
0,4.32,27.614094
0,5.5,27.614094
0,6.68,27.614094
0,7.86,27.614094
0,9.04,27.614094
0,10.22,27.614094
0,11.4,27.614094
0,12.58,27.614094
0,13.76,27.614094
0,14.94,27.614094
0,16.12,27.614094
0,17.3,27.614094
0,18.48,27.614094
0,19.66,27.614094
0,20.84,27.614094
0,22.02,27.614094
0,23.2,27.614094
0,24.38,27.614094
1.18,-24,27.614094
1.18,-22.82,27.614094
1.18,-21.64,27.614094
1.18,-20.46,27.614094
1.18,-19.28,27.614094
1.18,-18.1,27.614094
1.18,-16.92,27.614094
1.18,-15.74,27.614094
1.18,-14.56,27.614094
1.18,-13.38,27.614094
1.18,-12.2,27.614094
1.18,-11.02,27.614094
1.18,-9.84,27.614094
1.18,-8.66,27.614094
1.18,-7.48,27.614094
1.18,-6.3,27.614094
1.18,-5.12,27.614094
1.18,-3.94,27.614094
1.18,-2.76,27.614094
1.18,-1.58,27.614094
1.18,-0.400000000000002,27.614094
1.18,0.779999999999998,27.614094
1.18,1.96,27.614094
1.18,3.14,27.614094
1.18,4.32,27.614094
1.18,5.5,27.614094
1.18,6.68,27.614094
1.18,7.86,27.614094
1.18,9.04,27.614094
1.18,10.22,27.614094
1.18,11.4,27.614094
1.18,12.58,27.614094
1.18,13.76,27.614094
1.18,14.94,27.614094
1.18,16.12,27.614094
1.18,17.3,27.614094
1.18,18.48,27.614094
1.18,19.66,27.614094
1.18,20.84,27.614094
1.18,22.02,27.614094
1.18,23.2,27.614094
1.18,24.38,27.614094
2.36,-24,27.614094
2.36,-22.82,27.614094
2.36,-21.64,27.614094
2.36,-20.46,27.614094
2.36,-19.28,27.614094
2.36,-18.1,27.614094
2.36,-16.92,27.614094
2.36,-15.74,27.614094
2.36,-14.56,27.614094
2.36,-13.38,27.614094
2.36,-12.2,27.614094
2.36,-11.02,27.614094
2.36,-9.84,27.614094
2.36,-8.66,27.614094
2.36,-7.48,27.614094
2.36,-6.3,27.614094
2.36,-5.12,27.614094
2.36,-3.94,27.614094
2.36,-2.76,27.614094
2.36,-1.58,27.614094
2.36,-0.400000000000002,27.614094
2.36,0.779999999999998,27.614094
2.36,1.96,27.614094
2.36,3.14,27.614094
2.36,4.32,27.614094
2.36,5.5,27.614094
2.36,6.68,27.614094
2.36,7.86,27.614094
2.36,9.04,27.614094
2.36,10.22,27.614094
2.36,11.4,27.614094
2.36,12.58,27.614094
2.36,13.76,27.614094
2.36,14.94,27.614094
2.36,16.12,27.614094
2.36,17.3,27.614094
2.36,18.48,27.614094
2.36,19.66,27.614094
2.36,20.84,27.614094
2.36,22.02,27.614094
2.36,23.2,27.614094
2.36,24.38,27.614094
3.54,-24,27.614094
3.54,-22.82,27.614094
3.54,-21.64,27.614094
3.54,-20.46,27.614094
3.54,-19.28,27.614094
3.54,-18.1,27.614094
3.54,-16.92,27.614094
3.54,-15.74,27.614094
3.54,-14.56,27.614094
3.54,-13.38,27.614094
3.54,-12.2,27.614094
3.54,-11.02,27.614094
3.54,-9.84,27.614094
3.54,-8.66,27.614094
3.54,-7.48,27.614094
3.54,-6.3,27.614094
3.54,-5.12,27.614094
3.54,-3.94,27.614094
3.54,-2.76,27.614094
3.54,-1.58,27.614094
3.54,-0.400000000000002,27.614094
3.54,0.779999999999998,27.614094
3.54,1.96,27.614094
3.54,3.14,27.614094
3.54,4.32,27.614094
3.54,5.5,27.614094
3.54,6.68,27.614094
3.54,7.86,27.614094
3.54,9.04,27.614094
3.54,10.22,27.614094
3.54,11.4,27.614094
3.54,12.58,27.614094
3.54,13.76,27.614094
3.54,14.94,27.614094
3.54,16.12,27.614094
3.54,17.3,27.614094
3.54,18.48,27.614094
3.54,19.66,27.614094
3.54,20.84,27.614094
3.54,22.02,27.614094
3.54,23.2,27.614094
3.54,24.38,27.614094
4.72,-24,27.614094
4.72,-22.82,27.614094
4.72,-21.64,27.614094
4.72,-20.46,27.614094
4.72,-19.28,27.614094
4.72,-18.1,27.614094
4.72,-16.92,27.614094
4.72,-15.74,27.614094
4.72,-14.56,27.614094
4.72,-13.38,27.614094
4.72,-12.2,27.614094
4.72,-11.02,27.614094
4.72,-9.84,27.614094
4.72,-8.66,27.614094
4.72,-7.48,27.614094
4.72,-6.3,27.614094
4.72,-5.12,27.614094
4.72,-3.94,27.614094
4.72,-2.76,27.614094
4.72,-1.58,27.614094
4.72,-0.400000000000002,27.614094
4.72,0.779999999999998,27.614094
4.72,1.96,27.614094
4.72,3.14,27.614094
4.72,4.32,27.614094
4.72,5.5,27.614094
4.72,6.68,27.614094
4.72,7.86,27.614094
4.72,9.04,27.614094
4.72,10.22,27.614094
4.72,11.4,27.614094
4.72,12.58,27.614094
4.72,13.76,27.614094
4.72,14.94,27.614094
4.72,16.12,27.614094
4.72,17.3,27.614094
4.72,18.48,27.614094
4.72,19.66,27.614094
4.72,20.84,27.614094
4.72,22.02,27.614094
4.72,23.2,27.614094
4.72,24.38,27.614094
5.9,-24,27.614094
5.9,-22.82,27.614094
5.9,-21.64,27.614094
5.9,-20.46,27.614094
5.9,-19.28,27.614094
5.9,-18.1,27.614094
5.9,-16.92,27.614094
5.9,-15.74,27.614094
5.9,-14.56,27.614094
5.9,-13.38,27.614094
5.9,-12.2,27.614094
5.9,-11.02,27.614094
5.9,-9.84,27.614094
5.9,-8.66,27.614094
5.9,-7.48,27.614094
5.9,-6.3,27.614094
5.9,-5.12,27.614094
5.9,-3.94,27.614094
5.9,-2.76,27.614094
5.9,-1.58,27.614094
5.9,-0.400000000000002,27.614094
5.9,0.779999999999998,27.614094
5.9,1.96,27.614094
5.9,3.14,27.614094
5.9,4.32,27.614094
5.9,5.5,27.614094
5.9,6.68,27.614094
5.9,7.86,27.614094
5.9,9.04,27.614094
5.9,10.22,27.614094
5.9,11.4,27.614094
5.9,12.58,27.614094
5.9,13.76,27.614094
5.9,14.94,27.614094
5.9,16.12,27.614094
5.9,17.3,27.614094
5.9,18.48,27.614094
5.9,19.66,27.614094
5.9,20.84,27.614094
5.9,22.02,27.614094
5.9,23.2,27.614094
5.9,24.38,27.614094
7.08,-24,27.614094
7.08,-22.82,27.614094
7.08,-21.64,27.614094
7.08,-20.46,27.614094
7.08,-19.28,27.614094
7.08,-18.1,27.614094
7.08,-16.92,27.614094
7.08,-15.74,27.614094
7.08,-14.56,27.614094
7.08,-13.38,27.614094
7.08,-12.2,27.614094
7.08,-11.02,27.614094
7.08,-9.84,27.614094
7.08,-8.66,27.614094
7.08,-7.48,27.614094
7.08,-6.3,27.614094
7.08,-5.12,27.614094
7.08,-3.94,27.614094
7.08,-2.76,27.614094
7.08,-1.58,27.614094
7.08,-0.400000000000002,27.614094
7.08,0.779999999999998,27.614094
7.08,1.96,27.614094
7.08,3.14,27.614094
7.08,4.32,27.614094
7.08,5.5,27.614094
7.08,6.68,27.614094
7.08,7.86,27.614094
7.08,9.04,27.614094
7.08,10.22,27.614094
7.08,11.4,27.614094
7.08,12.58,27.614094
7.08,13.76,27.614094
7.08,14.94,27.614094
7.08,16.12,27.614094
7.08,17.3,27.614094
7.08,18.48,27.614094
7.08,19.66,27.614094
7.08,20.84,27.614094
7.08,22.02,27.614094
7.08,23.2,27.614094
7.08,24.38,27.614094
8.26,-24,27.614094
8.26,-22.82,27.614094
8.26,-21.64,27.614094
8.26,-20.46,27.614094
8.26,-19.28,27.614094
8.26,-18.1,27.614094
8.26,-16.92,27.614094
8.26,-15.74,27.614094
8.26,-14.56,27.614094
8.26,-13.38,27.614094
8.26,-12.2,27.614094
8.26,-11.02,27.614094
8.26,-9.84,27.614094
8.26,-8.66,27.614094
8.26,-7.48,27.614094
8.26,-6.3,27.614094
8.26,-5.12,27.614094
8.26,-3.94,27.614094
8.26,-2.76,27.614094
8.26,-1.58,27.614094
8.26,-0.400000000000002,27.614094
8.26,0.779999999999998,27.614094
8.26,1.96,27.614094
8.26,3.14,27.614094
8.26,4.32,27.614094
8.26,5.5,27.614094
8.26,6.68,27.614094
8.26,7.86,27.614094
8.26,9.04,27.614094
8.26,10.22,27.614094
8.26,11.4,27.614094
8.26,12.58,27.614094
8.26,13.76,27.614094
8.26,14.94,27.614094
8.26,16.12,27.614094
8.26,17.3,27.614094
8.26,18.48,27.614094
8.26,19.66,27.614094
8.26,20.84,27.614094
8.26,22.02,27.614094
8.26,23.2,27.614094
8.26,24.38,27.614094
9.44,-24,27.614094
9.44,-22.82,27.614094
9.44,-21.64,27.614094
9.44,-20.46,27.614094
9.44,-19.28,27.614094
9.44,-18.1,27.614094
9.44,-16.92,27.614094
9.44,-15.74,27.614094
9.44,-14.56,27.614094
9.44,-13.38,27.614094
9.44,-12.2,27.614094
9.44,-11.02,27.614094
9.44,-9.84,27.614094
9.44,-8.66,27.614094
9.44,-7.48,27.614094
9.44,-6.3,27.614094
9.44,-5.12,27.614094
9.44,-3.94,27.614094
9.44,-2.76,27.614094
9.44,-1.58,27.614094
9.44,-0.400000000000002,27.614094
9.44,0.779999999999998,27.614094
9.44,1.96,27.614094
9.44,3.14,27.614094
9.44,4.32,27.614094
9.44,5.5,27.614094
9.44,6.68,27.614094
9.44,7.86,27.614094
9.44,9.04,27.614094
9.44,10.22,27.614094
9.44,11.4,27.614094
9.44,12.58,27.614094
9.44,13.76,27.614094
9.44,14.94,27.614094
9.44,16.12,27.614094
9.44,17.3,27.614094
9.44,18.48,27.614094
9.44,19.66,27.614094
9.44,20.84,27.614094
9.44,22.02,27.614094
9.44,23.2,27.614094
9.44,24.38,27.614094
10.62,-24,27.614094
10.62,-22.82,27.614094
10.62,-21.64,27.614094
10.62,-20.46,27.614094
10.62,-19.28,27.614094
10.62,-18.1,27.614094
10.62,-16.92,27.614094
10.62,-15.74,27.614094
10.62,-14.56,27.614094
10.62,-13.38,27.614094
10.62,-12.2,27.614094
10.62,-11.02,27.614094
10.62,-9.84,27.614094
10.62,-8.66,27.614094
10.62,-7.48,27.614094
10.62,-6.3,27.614094
10.62,-5.12,27.614094
10.62,-3.94,27.614094
10.62,-2.76,27.614094
10.62,-1.58,27.614094
10.62,-0.400000000000002,27.614094
10.62,0.779999999999998,27.614094
10.62,1.96,27.614094
10.62,3.14,27.614094
10.62,4.32,27.614094
10.62,5.5,27.614094
10.62,6.68,27.614094
10.62,7.86,27.614094
10.62,9.04,27.614094
10.62,10.22,27.614094
10.62,11.4,27.614094
10.62,12.58,27.614094
10.62,13.76,27.614094
10.62,14.94,27.614094
10.62,16.12,27.614094
10.62,17.3,27.614094
10.62,18.48,27.614094
10.62,19.66,27.614094
10.62,20.84,27.614094
10.62,22.02,27.614094
10.62,23.2,27.614094
10.62,24.38,27.614094
0,-24,28.234094
1.18,-24,28.234094
2.36,-24,28.234094
3.54,-24,28.234094
4.72,-24,28.234094
5.9,-24,28.234094
7.08,-24,28.234094
8.26,-24,28.234094
9.44,-24,28.234094
10.62,-24,28.234094
0,-22.82,28.234094
1.18,-22.82,28.234094
2.36,-22.82,28.234094
3.54,-22.82,28.234094
4.72,-22.82,28.234094
5.9,-22.82,28.234094
7.08,-22.82,28.234094
8.26,-22.82,28.234094
9.44,-22.82,28.234094
10.62,-22.82,28.234094
0,-21.64,28.234094
1.18,-21.64,28.234094
2.36,-21.64,28.234094
3.54,-21.64,28.234094
4.72,-21.64,28.234094
5.9,-21.64,28.234094
7.08,-21.64,28.234094
8.26,-21.64,28.234094
9.44,-21.64,28.234094
10.62,-21.64,28.234094
0,-20.46,28.234094
1.18,-20.46,28.234094
2.36,-20.46,28.234094
3.54,-20.46,28.234094
4.72,-20.46,28.234094
5.9,-20.46,28.234094
7.08,-20.46,28.234094
8.26,-20.46,28.234094
9.44,-20.46,28.234094
10.62,-20.46,28.234094
0,-19.28,28.234094
1.18,-19.28,28.234094
2.36,-19.28,28.234094
3.54,-19.28,28.234094
4.72,-19.28,28.234094
5.9,-19.28,28.234094
7.08,-19.28,28.234094
8.26,-19.28,28.234094
9.44,-19.28,28.234094
10.62,-19.28,28.234094
0,-18.1,28.234094
1.18,-18.1,28.234094
2.36,-18.1,28.234094
3.54,-18.1,28.234094
4.72,-18.1,28.234094
5.9,-18.1,28.234094
7.08,-18.1,28.234094
8.26,-18.1,28.234094
9.44,-18.1,28.234094
10.62,-18.1,28.234094
0,-16.92,28.234094
1.18,-16.92,28.234094
2.36,-16.92,28.234094
3.54,-16.92,28.234094
4.72,-16.92,28.234094
5.9,-16.92,28.234094
7.08,-16.92,28.234094
8.26,-16.92,28.234094
9.44,-16.92,28.234094
10.62,-16.92,28.234094
0,-15.74,28.234094
1.18,-15.74,28.234094
2.36,-15.74,28.234094
3.54,-15.74,28.234094
4.72,-15.74,28.234094
5.9,-15.74,28.234094
7.08,-15.74,28.234094
8.26,-15.74,28.234094
9.44,-15.74,28.234094
10.62,-15.74,28.234094
0,-14.56,28.234094
1.18,-14.56,28.234094
2.36,-14.56,28.234094
3.54,-14.56,28.234094
4.72,-14.56,28.234094
5.9,-14.56,28.234094
7.08,-14.56,28.234094
8.26,-14.56,28.234094
9.44,-14.56,28.234094
10.62,-14.56,28.234094
0,-13.38,28.234094
1.18,-13.38,28.234094
2.36,-13.38,28.234094
3.54,-13.38,28.234094
4.72,-13.38,28.234094
5.9,-13.38,28.234094
7.08,-13.38,28.234094
8.26,-13.38,28.234094
9.44,-13.38,28.234094
10.62,-13.38,28.234094
0,-12.2,28.234094
1.18,-12.2,28.234094
2.36,-12.2,28.234094
3.54,-12.2,28.234094
4.72,-12.2,28.234094
5.9,-12.2,28.234094
7.08,-12.2,28.234094
8.26,-12.2,28.234094
9.44,-12.2,28.234094
10.62,-12.2,28.234094
0,-11.02,28.234094
1.18,-11.02,28.234094
2.36,-11.02,28.234094
3.54,-11.02,28.234094
4.72,-11.02,28.234094
5.9,-11.02,28.234094
7.08,-11.02,28.234094
8.26,-11.02,28.234094
9.44,-11.02,28.234094
10.62,-11.02,28.234094
0,-9.84,28.234094
1.18,-9.84,28.234094
2.36,-9.84,28.234094
3.54,-9.84,28.234094
4.72,-9.84,28.234094
5.9,-9.84,28.234094
7.08,-9.84,28.234094
8.26,-9.84,28.234094
9.44,-9.84,28.234094
10.62,-9.84,28.234094
0,-8.66,28.234094
1.18,-8.66,28.234094
2.36,-8.66,28.234094
3.54,-8.66,28.234094
4.72,-8.66,28.234094
5.9,-8.66,28.234094
7.08,-8.66,28.234094
8.26,-8.66,28.234094
9.44,-8.66,28.234094
10.62,-8.66,28.234094
0,-7.48,28.234094
1.18,-7.48,28.234094
2.36,-7.48,28.234094
3.54,-7.48,28.234094
4.72,-7.48,28.234094
5.9,-7.48,28.234094
7.08,-7.48,28.234094
8.26,-7.48,28.234094
9.44,-7.48,28.234094
10.62,-7.48,28.234094
0,-6.3,28.234094
1.18,-6.3,28.234094
2.36,-6.3,28.234094
3.54,-6.3,28.234094
4.72,-6.3,28.234094
5.9,-6.3,28.234094
7.08,-6.3,28.234094
8.26,-6.3,28.234094
9.44,-6.3,28.234094
10.62,-6.3,28.234094
0,-5.12,28.234094
1.18,-5.12,28.234094
2.36,-5.12,28.234094
3.54,-5.12,28.234094
4.72,-5.12,28.234094
5.9,-5.12,28.234094
7.08,-5.12,28.234094
8.26,-5.12,28.234094
9.44,-5.12,28.234094
10.62,-5.12,28.234094
0,-3.94,28.234094
1.18,-3.94,28.234094
2.36,-3.94,28.234094
3.54,-3.94,28.234094
4.72,-3.94,28.234094
5.9,-3.94,28.234094
7.08,-3.94,28.234094
8.26,-3.94,28.234094
9.44,-3.94,28.234094
10.62,-3.94,28.234094
0,-2.76,28.234094
1.18,-2.76,28.234094
2.36,-2.76,28.234094
3.54,-2.76,28.234094
4.72,-2.76,28.234094
5.9,-2.76,28.234094
7.08,-2.76,28.234094
8.26,-2.76,28.234094
9.44,-2.76,28.234094
10.62,-2.76,28.234094
0,-1.58,28.234094
1.18,-1.58,28.234094
2.36,-1.58,28.234094
3.54,-1.58,28.234094
4.72,-1.58,28.234094
5.9,-1.58,28.234094
7.08,-1.58,28.234094
8.26,-1.58,28.234094
9.44,-1.58,28.234094
10.62,-1.58,28.234094
0,-0.400000000000002,28.234094
1.18,-0.400000000000002,28.234094
2.36,-0.400000000000002,28.234094
3.54,-0.400000000000002,28.234094
4.72,-0.400000000000002,28.234094
5.9,-0.400000000000002,28.234094
7.08,-0.400000000000002,28.234094
8.26,-0.400000000000002,28.234094
9.44,-0.400000000000002,28.234094
10.62,-0.400000000000002,28.234094
0,0.779999999999998,28.234094
1.18,0.779999999999998,28.234094
2.36,0.779999999999998,28.234094
3.54,0.779999999999998,28.234094
4.72,0.779999999999998,28.234094
5.9,0.779999999999998,28.234094
7.08,0.779999999999998,28.234094
8.26,0.779999999999998,28.234094
9.44,0.779999999999998,28.234094
10.62,0.779999999999998,28.234094
0,1.96,28.234094
1.18,1.96,28.234094
2.36,1.96,28.234094
3.54,1.96,28.234094
4.72,1.96,28.234094
5.9,1.96,28.234094
7.08,1.96,28.234094
8.26,1.96,28.234094
9.44,1.96,28.234094
10.62,1.96,28.234094
0,3.14,28.234094
1.18,3.14,28.234094
2.36,3.14,28.234094
3.54,3.14,28.234094
4.72,3.14,28.234094
5.9,3.14,28.234094
7.08,3.14,28.234094
8.26,3.14,28.234094
9.44,3.14,28.234094
10.62,3.14,28.234094
0,4.32,28.234094
1.18,4.32,28.234094
2.36,4.32,28.234094
3.54,4.32,28.234094
4.72,4.32,28.234094
5.9,4.32,28.234094
7.08,4.32,28.234094
8.26,4.32,28.234094
9.44,4.32,28.234094
10.62,4.32,28.234094
0,5.5,28.234094
1.18,5.5,28.234094
2.36,5.5,28.234094
3.54,5.5,28.234094
4.72,5.5,28.234094
5.9,5.5,28.234094
7.08,5.5,28.234094
8.26,5.5,28.234094
9.44,5.5,28.234094
10.62,5.5,28.234094
0,6.68,28.234094
1.18,6.68,28.234094
2.36,6.68,28.234094
3.54,6.68,28.234094
4.72,6.68,28.234094
5.9,6.68,28.234094
7.08,6.68,28.234094
8.26,6.68,28.234094
9.44,6.68,28.234094
10.62,6.68,28.234094
0,7.86,28.234094
1.18,7.86,28.234094
2.36,7.86,28.234094
3.54,7.86,28.234094
4.72,7.86,28.234094
5.9,7.86,28.234094
7.08,7.86,28.234094
8.26,7.86,28.234094
9.44,7.86,28.234094
10.62,7.86,28.234094
0,9.04,28.234094
1.18,9.04,28.234094
2.36,9.04,28.234094
3.54,9.04,28.234094
4.72,9.04,28.234094
5.9,9.04,28.234094
7.08,9.04,28.234094
8.26,9.04,28.234094
9.44,9.04,28.234094
10.62,9.04,28.234094
0,10.22,28.234094
1.18,10.22,28.234094
2.36,10.22,28.234094
3.54,10.22,28.234094
4.72,10.22,28.234094
5.9,10.22,28.234094
7.08,10.22,28.234094
8.26,10.22,28.234094
9.44,10.22,28.234094
10.62,10.22,28.234094
0,11.4,28.234094
1.18,11.4,28.234094
2.36,11.4,28.234094
3.54,11.4,28.234094
4.72,11.4,28.234094
5.9,11.4,28.234094
7.08,11.4,28.234094
8.26,11.4,28.234094
9.44,11.4,28.234094
10.62,11.4,28.234094
0,12.58,28.234094
1.18,12.58,28.234094
2.36,12.58,28.234094
3.54,12.58,28.234094
4.72,12.58,28.234094
5.9,12.58,28.234094
7.08,12.58,28.234094
8.26,12.58,28.234094
9.44,12.58,28.234094
10.62,12.58,28.234094
0,13.76,28.234094
1.18,13.76,28.234094
2.36,13.76,28.234094
3.54,13.76,28.234094
4.72,13.76,28.234094
5.9,13.76,28.234094
7.08,13.76,28.234094
8.26,13.76,28.234094
9.44,13.76,28.234094
10.62,13.76,28.234094
0,14.94,28.234094
1.18,14.94,28.234094
2.36,14.94,28.234094
3.54,14.94,28.234094
4.72,14.94,28.234094
5.9,14.94,28.234094
7.08,14.94,28.234094
8.26,14.94,28.234094
9.44,14.94,28.234094
10.62,14.94,28.234094
0,16.12,28.234094
1.18,16.12,28.234094
2.36,16.12,28.234094
3.54,16.12,28.234094
4.72,16.12,28.234094
5.9,16.12,28.234094
7.08,16.12,28.234094
8.26,16.12,28.234094
9.44,16.12,28.234094
10.62,16.12,28.234094
0,17.3,28.234094
1.18,17.3,28.234094
2.36,17.3,28.234094
3.54,17.3,28.234094
4.72,17.3,28.234094
5.9,17.3,28.234094
7.08,17.3,28.234094
8.26,17.3,28.234094
9.44,17.3,28.234094
10.62,17.3,28.234094
0,18.48,28.234094
1.18,18.48,28.234094
2.36,18.48,28.234094
3.54,18.48,28.234094
4.72,18.48,28.234094
5.9,18.48,28.234094
7.08,18.48,28.234094
8.26,18.48,28.234094
9.44,18.48,28.234094
10.62,18.48,28.234094
0,19.66,28.234094
1.18,19.66,28.234094
2.36,19.66,28.234094
3.54,19.66,28.234094
4.72,19.66,28.234094
5.9,19.66,28.234094
7.08,19.66,28.234094
8.26,19.66,28.234094
9.44,19.66,28.234094
10.62,19.66,28.234094
0,20.84,28.234094
1.18,20.84,28.234094
2.36,20.84,28.234094
3.54,20.84,28.234094
4.72,20.84,28.234094
5.9,20.84,28.234094
7.08,20.84,28.234094
8.26,20.84,28.234094
9.44,20.84,28.234094
10.62,20.84,28.234094
0,22.02,28.234094
1.18,22.02,28.234094
2.36,22.02,28.234094
3.54,22.02,28.234094
4.72,22.02,28.234094
5.9,22.02,28.234094
7.08,22.02,28.234094
8.26,22.02,28.234094
9.44,22.02,28.234094
10.62,22.02,28.234094
0,23.2,28.234094
1.18,23.2,28.234094
2.36,23.2,28.234094
3.54,23.2,28.234094
4.72,23.2,28.234094
5.9,23.2,28.234094
7.08,23.2,28.234094
8.26,23.2,28.234094
9.44,23.2,28.234094
10.62,23.2,28.234094
0,24.38,28.234094
1.18,24.38,28.234094
2.36,24.38,28.234094
3.54,24.38,28.234094
4.72,24.38,28.234094
5.9,24.38,28.234094
7.08,24.38,28.234094
8.26,24.38,28.234094
9.44,24.38,28.234094
10.62,24.38,28.234094
0,-24,28.854094
0,-22.82,28.854094
0,-21.64,28.854094
0,-20.46,28.854094
0,-19.28,28.854094
0,-18.1,28.854094
0,-16.92,28.854094
0,-15.74,28.854094
0,-14.56,28.854094
0,-13.38,28.854094
0,-12.2,28.854094
0,-11.02,28.854094
0,-9.84,28.854094
0,-8.66,28.854094
0,-7.48,28.854094
0,-6.3,28.854094
0,-5.12,28.854094
0,-3.94,28.854094
0,-2.76,28.854094
0,-1.58,28.854094
0,-0.400000000000002,28.854094
0,0.779999999999998,28.854094
0,1.96,28.854094
0,3.14,28.854094
0,4.32,28.854094
0,5.5,28.854094
0,6.68,28.854094
0,7.86,28.854094
0,9.04,28.854094
0,10.22,28.854094
0,11.4,28.854094
0,12.58,28.854094
0,13.76,28.854094
0,14.94,28.854094
0,16.12,28.854094
0,17.3,28.854094
0,18.48,28.854094
0,19.66,28.854094
0,20.84,28.854094
0,22.02,28.854094
0,23.2,28.854094
0,24.38,28.854094
1.18,-24,28.854094
1.18,-22.82,28.854094
1.18,-21.64,28.854094
1.18,-20.46,28.854094
1.18,-19.28,28.854094
1.18,-18.1,28.854094
1.18,-16.92,28.854094
1.18,-15.74,28.854094
1.18,-14.56,28.854094
1.18,-13.38,28.854094
1.18,-12.2,28.854094
1.18,-11.02,28.854094
1.18,-9.84,28.854094
1.18,-8.66,28.854094
1.18,-7.48,28.854094
1.18,-6.3,28.854094
1.18,-5.12,28.854094
1.18,-3.94,28.854094
1.18,-2.76,28.854094
1.18,-1.58,28.854094
1.18,-0.400000000000002,28.854094
1.18,0.779999999999998,28.854094
1.18,1.96,28.854094
1.18,3.14,28.854094
1.18,4.32,28.854094
1.18,5.5,28.854094
1.18,6.68,28.854094
1.18,7.86,28.854094
1.18,9.04,28.854094
1.18,10.22,28.854094
1.18,11.4,28.854094
1.18,12.58,28.854094
1.18,13.76,28.854094
1.18,14.94,28.854094
1.18,16.12,28.854094
1.18,17.3,28.854094
1.18,18.48,28.854094
1.18,19.66,28.854094
1.18,20.84,28.854094
1.18,22.02,28.854094
1.18,23.2,28.854094
1.18,24.38,28.854094
2.36,-24,28.854094
2.36,-22.82,28.854094
2.36,-21.64,28.854094
2.36,-20.46,28.854094
2.36,-19.28,28.854094
2.36,-18.1,28.854094
2.36,-16.92,28.854094
2.36,-15.74,28.854094
2.36,-14.56,28.854094
2.36,-13.38,28.854094
2.36,-12.2,28.854094
2.36,-11.02,28.854094
2.36,-9.84,28.854094
2.36,-8.66,28.854094
2.36,-7.48,28.854094
2.36,-6.3,28.854094
2.36,-5.12,28.854094
2.36,-3.94,28.854094
2.36,-2.76,28.854094
2.36,-1.58,28.854094
2.36,-0.400000000000002,28.854094
2.36,0.779999999999998,28.854094
2.36,1.96,28.854094
2.36,3.14,28.854094
2.36,4.32,28.854094
2.36,5.5,28.854094
2.36,6.68,28.854094
2.36,7.86,28.854094
2.36,9.04,28.854094
2.36,10.22,28.854094
2.36,11.4,28.854094
2.36,12.58,28.854094
2.36,13.76,28.854094
2.36,14.94,28.854094
2.36,16.12,28.854094
2.36,17.3,28.854094
2.36,18.48,28.854094
2.36,19.66,28.854094
2.36,20.84,28.854094
2.36,22.02,28.854094
2.36,23.2,28.854094
2.36,24.38,28.854094
3.54,-24,28.854094
3.54,-22.82,28.854094
3.54,-21.64,28.854094
3.54,-20.46,28.854094
3.54,-19.28,28.854094
3.54,-18.1,28.854094
3.54,-16.92,28.854094
3.54,-15.74,28.854094
3.54,-14.56,28.854094
3.54,-13.38,28.854094
3.54,-12.2,28.854094
3.54,-11.02,28.854094
3.54,-9.84,28.854094
3.54,-8.66,28.854094
3.54,-7.48,28.854094
3.54,-6.3,28.854094
3.54,-5.12,28.854094
3.54,-3.94,28.854094
3.54,-2.76,28.854094
3.54,-1.58,28.854094
3.54,-0.400000000000002,28.854094
3.54,0.779999999999998,28.854094
3.54,1.96,28.854094
3.54,3.14,28.854094
3.54,4.32,28.854094
3.54,5.5,28.854094
3.54,6.68,28.854094
3.54,7.86,28.854094
3.54,9.04,28.854094
3.54,10.22,28.854094
3.54,11.4,28.854094
3.54,12.58,28.854094
3.54,13.76,28.854094
3.54,14.94,28.854094
3.54,16.12,28.854094
3.54,17.3,28.854094
3.54,18.48,28.854094
3.54,19.66,28.854094
3.54,20.84,28.854094
3.54,22.02,28.854094
3.54,23.2,28.854094
3.54,24.38,28.854094
4.72,-24,28.854094
4.72,-22.82,28.854094
4.72,-21.64,28.854094
4.72,-20.46,28.854094
4.72,-19.28,28.854094
4.72,-18.1,28.854094
4.72,-16.92,28.854094
4.72,-15.74,28.854094
4.72,-14.56,28.854094
4.72,-13.38,28.854094
4.72,-12.2,28.854094
4.72,-11.02,28.854094
4.72,-9.84,28.854094
4.72,-8.66,28.854094
4.72,-7.48,28.854094
4.72,-6.3,28.854094
4.72,-5.12,28.854094
4.72,-3.94,28.854094
4.72,-2.76,28.854094
4.72,-1.58,28.854094
4.72,-0.400000000000002,28.854094
4.72,0.779999999999998,28.854094
4.72,1.96,28.854094
4.72,3.14,28.854094
4.72,4.32,28.854094
4.72,5.5,28.854094
4.72,6.68,28.854094
4.72,7.86,28.854094
4.72,9.04,28.854094
4.72,10.22,28.854094
4.72,11.4,28.854094
4.72,12.58,28.854094
4.72,13.76,28.854094
4.72,14.94,28.854094
4.72,16.12,28.854094
4.72,17.3,28.854094
4.72,18.48,28.854094
4.72,19.66,28.854094
4.72,20.84,28.854094
4.72,22.02,28.854094
4.72,23.2,28.854094
4.72,24.38,28.854094
5.9,-24,28.854094
5.9,-22.82,28.854094
5.9,-21.64,28.854094
5.9,-20.46,28.854094
5.9,-19.28,28.854094
5.9,-18.1,28.854094
5.9,-16.92,28.854094
5.9,-15.74,28.854094
5.9,-14.56,28.854094
5.9,-13.38,28.854094
5.9,-12.2,28.854094
5.9,-11.02,28.854094
5.9,-9.84,28.854094
5.9,-8.66,28.854094
5.9,-7.48,28.854094
5.9,-6.3,28.854094
5.9,-5.12,28.854094
5.9,-3.94,28.854094
5.9,-2.76,28.854094
5.9,-1.58,28.854094
5.9,-0.400000000000002,28.854094
5.9,0.779999999999998,28.854094
5.9,1.96,28.854094
5.9,3.14,28.854094
5.9,4.32,28.854094
5.9,5.5,28.854094
5.9,6.68,28.854094
5.9,7.86,28.854094
5.9,9.04,28.854094
5.9,10.22,28.854094
5.9,11.4,28.854094
5.9,12.58,28.854094
5.9,13.76,28.854094
5.9,14.94,28.854094
5.9,16.12,28.854094
5.9,17.3,28.854094
5.9,18.48,28.854094
5.9,19.66,28.854094
5.9,20.84,28.854094
5.9,22.02,28.854094
5.9,23.2,28.854094
5.9,24.38,28.854094
7.08,-24,28.854094
7.08,-22.82,28.854094
7.08,-21.64,28.854094
7.08,-20.46,28.854094
7.08,-19.28,28.854094
7.08,-18.1,28.854094
7.08,-16.92,28.854094
7.08,-15.74,28.854094
7.08,-14.56,28.854094
7.08,-13.38,28.854094
7.08,-12.2,28.854094
7.08,-11.02,28.854094
7.08,-9.84,28.854094
7.08,-8.66,28.854094
7.08,-7.48,28.854094
7.08,-6.3,28.854094
7.08,-5.12,28.854094
7.08,-3.94,28.854094
7.08,-2.76,28.854094
7.08,-1.58,28.854094
7.08,-0.400000000000002,28.854094
7.08,0.779999999999998,28.854094
7.08,1.96,28.854094
7.08,3.14,28.854094
7.08,4.32,28.854094
7.08,5.5,28.854094
7.08,6.68,28.854094
7.08,7.86,28.854094
7.08,9.04,28.854094
7.08,10.22,28.854094
7.08,11.4,28.854094
7.08,12.58,28.854094
7.08,13.76,28.854094
7.08,14.94,28.854094
7.08,16.12,28.854094
7.08,17.3,28.854094
7.08,18.48,28.854094
7.08,19.66,28.854094
7.08,20.84,28.854094
7.08,22.02,28.854094
7.08,23.2,28.854094
7.08,24.38,28.854094
8.26,-24,28.854094
8.26,-22.82,28.854094
8.26,-21.64,28.854094
8.26,-20.46,28.854094
8.26,-19.28,28.854094
8.26,-18.1,28.854094
8.26,-16.92,28.854094
8.26,-15.74,28.854094
8.26,-14.56,28.854094
8.26,-13.38,28.854094
8.26,-12.2,28.854094
8.26,-11.02,28.854094
8.26,-9.84,28.854094
8.26,-8.66,28.854094
8.26,-7.48,28.854094
8.26,-6.3,28.854094
8.26,-5.12,28.854094
8.26,-3.94,28.854094
8.26,-2.76,28.854094
8.26,-1.58,28.854094
8.26,-0.400000000000002,28.854094
8.26,0.779999999999998,28.854094
8.26,1.96,28.854094
8.26,3.14,28.854094
8.26,4.32,28.854094
8.26,5.5,28.854094
8.26,6.68,28.854094
8.26,7.86,28.854094
8.26,9.04,28.854094
8.26,10.22,28.854094
8.26,11.4,28.854094
8.26,12.58,28.854094
8.26,13.76,28.854094
8.26,14.94,28.854094
8.26,16.12,28.854094
8.26,17.3,28.854094
8.26,18.48,28.854094
8.26,19.66,28.854094
8.26,20.84,28.854094
8.26,22.02,28.854094
8.26,23.2,28.854094
8.26,24.38,28.854094
9.44,-24,28.854094
9.44,-22.82,28.854094
9.44,-21.64,28.854094
9.44,-20.46,28.854094
9.44,-19.28,28.854094
9.44,-18.1,28.854094
9.44,-16.92,28.854094
9.44,-15.74,28.854094
9.44,-14.56,28.854094
9.44,-13.38,28.854094
9.44,-12.2,28.854094
9.44,-11.02,28.854094
9.44,-9.84,28.854094
9.44,-8.66,28.854094
9.44,-7.48,28.854094
9.44,-6.3,28.854094
9.44,-5.12,28.854094
9.44,-3.94,28.854094
9.44,-2.76,28.854094
9.44,-1.58,28.854094
9.44,-0.400000000000002,28.854094
9.44,0.779999999999998,28.854094
9.44,1.96,28.854094
9.44,3.14,28.854094
9.44,4.32,28.854094
9.44,5.5,28.854094
9.44,6.68,28.854094
9.44,7.86,28.854094
9.44,9.04,28.854094
9.44,10.22,28.854094
9.44,11.4,28.854094
9.44,12.58,28.854094
9.44,13.76,28.854094
9.44,14.94,28.854094
9.44,16.12,28.854094
9.44,17.3,28.854094
9.44,18.48,28.854094
9.44,19.66,28.854094
9.44,20.84,28.854094
9.44,22.02,28.854094
9.44,23.2,28.854094
9.44,24.38,28.854094
10.62,-24,28.854094
10.62,-22.82,28.854094
10.62,-21.64,28.854094
10.62,-20.46,28.854094
10.62,-19.28,28.854094
10.62,-18.1,28.854094
10.62,-16.92,28.854094
10.62,-15.74,28.854094
10.62,-14.56,28.854094
10.62,-13.38,28.854094
10.62,-12.2,28.854094
10.62,-11.02,28.854094
10.62,-9.84,28.854094
10.62,-8.66,28.854094
10.62,-7.48,28.854094
10.62,-6.3,28.854094
10.62,-5.12,28.854094
10.62,-3.94,28.854094
10.62,-2.76,28.854094
10.62,-1.58,28.854094
10.62,-0.400000000000002,28.854094
10.62,0.779999999999998,28.854094
10.62,1.96,28.854094
10.62,3.14,28.854094
10.62,4.32,28.854094
10.62,5.5,28.854094
10.62,6.68,28.854094
10.62,7.86,28.854094
10.62,9.04,28.854094
10.62,10.22,28.854094
10.62,11.4,28.854094
10.62,12.58,28.854094
10.62,13.76,28.854094
10.62,14.94,28.854094
10.62,16.12,28.854094
10.62,17.3,28.854094
10.62,18.48,28.854094
10.62,19.66,28.854094
10.62,20.84,28.854094
10.62,22.02,28.854094
10.62,23.2,28.854094
10.62,24.38,28.854094
0,-24,29.474094
1.18,-24,29.474094
2.36,-24,29.474094
3.54,-24,29.474094
4.72,-24,29.474094
5.9,-24,29.474094
7.08,-24,29.474094
8.26,-24,29.474094
9.44,-24,29.474094
10.62,-24,29.474094
0,-22.82,29.474094
1.18,-22.82,29.474094
2.36,-22.82,29.474094
3.54,-22.82,29.474094
4.72,-22.82,29.474094
5.9,-22.82,29.474094
7.08,-22.82,29.474094
8.26,-22.82,29.474094
9.44,-22.82,29.474094
10.62,-22.82,29.474094
0,-21.64,29.474094
1.18,-21.64,29.474094
2.36,-21.64,29.474094
3.54,-21.64,29.474094
4.72,-21.64,29.474094
5.9,-21.64,29.474094
7.08,-21.64,29.474094
8.26,-21.64,29.474094
9.44,-21.64,29.474094
10.62,-21.64,29.474094
0,-20.46,29.474094
1.18,-20.46,29.474094
2.36,-20.46,29.474094
3.54,-20.46,29.474094
4.72,-20.46,29.474094
5.9,-20.46,29.474094
7.08,-20.46,29.474094
8.26,-20.46,29.474094
9.44,-20.46,29.474094
10.62,-20.46,29.474094
0,-19.28,29.474094
1.18,-19.28,29.474094
2.36,-19.28,29.474094
3.54,-19.28,29.474094
4.72,-19.28,29.474094
5.9,-19.28,29.474094
7.08,-19.28,29.474094
8.26,-19.28,29.474094
9.44,-19.28,29.474094
10.62,-19.28,29.474094
0,-18.1,29.474094
1.18,-18.1,29.474094
2.36,-18.1,29.474094
3.54,-18.1,29.474094
4.72,-18.1,29.474094
5.9,-18.1,29.474094
7.08,-18.1,29.474094
8.26,-18.1,29.474094
9.44,-18.1,29.474094
10.62,-18.1,29.474094
0,-16.92,29.474094
1.18,-16.92,29.474094
2.36,-16.92,29.474094
3.54,-16.92,29.474094
4.72,-16.92,29.474094
5.9,-16.92,29.474094
7.08,-16.92,29.474094
8.26,-16.92,29.474094
9.44,-16.92,29.474094
10.62,-16.92,29.474094
0,-15.74,29.474094
1.18,-15.74,29.474094
2.36,-15.74,29.474094
3.54,-15.74,29.474094
4.72,-15.74,29.474094
5.9,-15.74,29.474094
7.08,-15.74,29.474094
8.26,-15.74,29.474094
9.44,-15.74,29.474094
10.62,-15.74,29.474094
0,-14.56,29.474094
1.18,-14.56,29.474094
2.36,-14.56,29.474094
3.54,-14.56,29.474094
4.72,-14.56,29.474094
5.9,-14.56,29.474094
7.08,-14.56,29.474094
8.26,-14.56,29.474094
9.44,-14.56,29.474094
10.62,-14.56,29.474094
0,-13.38,29.474094
1.18,-13.38,29.474094
2.36,-13.38,29.474094
3.54,-13.38,29.474094
4.72,-13.38,29.474094
5.9,-13.38,29.474094
7.08,-13.38,29.474094
8.26,-13.38,29.474094
9.44,-13.38,29.474094
10.62,-13.38,29.474094
0,-12.2,29.474094
1.18,-12.2,29.474094
2.36,-12.2,29.474094
3.54,-12.2,29.474094
4.72,-12.2,29.474094
5.9,-12.2,29.474094
7.08,-12.2,29.474094
8.26,-12.2,29.474094
9.44,-12.2,29.474094
10.62,-12.2,29.474094
0,-11.02,29.474094
1.18,-11.02,29.474094
2.36,-11.02,29.474094
3.54,-11.02,29.474094
4.72,-11.02,29.474094
5.9,-11.02,29.474094
7.08,-11.02,29.474094
8.26,-11.02,29.474094
9.44,-11.02,29.474094
10.62,-11.02,29.474094
0,-9.84,29.474094
1.18,-9.84,29.474094
2.36,-9.84,29.474094
3.54,-9.84,29.474094
4.72,-9.84,29.474094
5.9,-9.84,29.474094
7.08,-9.84,29.474094
8.26,-9.84,29.474094
9.44,-9.84,29.474094
10.62,-9.84,29.474094
0,-8.66,29.474094
1.18,-8.66,29.474094
2.36,-8.66,29.474094
3.54,-8.66,29.474094
4.72,-8.66,29.474094
5.9,-8.66,29.474094
7.08,-8.66,29.474094
8.26,-8.66,29.474094
9.44,-8.66,29.474094
10.62,-8.66,29.474094
0,-7.48,29.474094
1.18,-7.48,29.474094
2.36,-7.48,29.474094
3.54,-7.48,29.474094
4.72,-7.48,29.474094
5.9,-7.48,29.474094
7.08,-7.48,29.474094
8.26,-7.48,29.474094
9.44,-7.48,29.474094
10.62,-7.48,29.474094
0,-6.3,29.474094
1.18,-6.3,29.474094
2.36,-6.3,29.474094
3.54,-6.3,29.474094
4.72,-6.3,29.474094
5.9,-6.3,29.474094
7.08,-6.3,29.474094
8.26,-6.3,29.474094
9.44,-6.3,29.474094
10.62,-6.3,29.474094
0,-5.12,29.474094
1.18,-5.12,29.474094
2.36,-5.12,29.474094
3.54,-5.12,29.474094
4.72,-5.12,29.474094
5.9,-5.12,29.474094
7.08,-5.12,29.474094
8.26,-5.12,29.474094
9.44,-5.12,29.474094
10.62,-5.12,29.474094
0,-3.94,29.474094
1.18,-3.94,29.474094
2.36,-3.94,29.474094
3.54,-3.94,29.474094
4.72,-3.94,29.474094
5.9,-3.94,29.474094
7.08,-3.94,29.474094
8.26,-3.94,29.474094
9.44,-3.94,29.474094
10.62,-3.94,29.474094
0,-2.76,29.474094
1.18,-2.76,29.474094
2.36,-2.76,29.474094
3.54,-2.76,29.474094
4.72,-2.76,29.474094
5.9,-2.76,29.474094
7.08,-2.76,29.474094
8.26,-2.76,29.474094
9.44,-2.76,29.474094
10.62,-2.76,29.474094
0,-1.58,29.474094
1.18,-1.58,29.474094
2.36,-1.58,29.474094
3.54,-1.58,29.474094
4.72,-1.58,29.474094
5.9,-1.58,29.474094
7.08,-1.58,29.474094
8.26,-1.58,29.474094
9.44,-1.58,29.474094
10.62,-1.58,29.474094
0,-0.400000000000002,29.474094
1.18,-0.400000000000002,29.474094
2.36,-0.400000000000002,29.474094
3.54,-0.400000000000002,29.474094
4.72,-0.400000000000002,29.474094
5.9,-0.400000000000002,29.474094
7.08,-0.400000000000002,29.474094
8.26,-0.400000000000002,29.474094
9.44,-0.400000000000002,29.474094
10.62,-0.400000000000002,29.474094
0,0.779999999999998,29.474094
1.18,0.779999999999998,29.474094
2.36,0.779999999999998,29.474094
3.54,0.779999999999998,29.474094
4.72,0.779999999999998,29.474094
5.9,0.779999999999998,29.474094
7.08,0.779999999999998,29.474094
8.26,0.779999999999998,29.474094
9.44,0.779999999999998,29.474094
10.62,0.779999999999998,29.474094
0,1.96,29.474094
1.18,1.96,29.474094
2.36,1.96,29.474094
3.54,1.96,29.474094
4.72,1.96,29.474094
5.9,1.96,29.474094
7.08,1.96,29.474094
8.26,1.96,29.474094
9.44,1.96,29.474094
10.62,1.96,29.474094
0,3.14,29.474094
1.18,3.14,29.474094
2.36,3.14,29.474094
3.54,3.14,29.474094
4.72,3.14,29.474094
5.9,3.14,29.474094
7.08,3.14,29.474094
8.26,3.14,29.474094
9.44,3.14,29.474094
10.62,3.14,29.474094
0,4.32,29.474094
1.18,4.32,29.474094
2.36,4.32,29.474094
3.54,4.32,29.474094
4.72,4.32,29.474094
5.9,4.32,29.474094
7.08,4.32,29.474094
8.26,4.32,29.474094
9.44,4.32,29.474094
10.62,4.32,29.474094
0,5.5,29.474094
1.18,5.5,29.474094
2.36,5.5,29.474094
3.54,5.5,29.474094
4.72,5.5,29.474094
5.9,5.5,29.474094
7.08,5.5,29.474094
8.26,5.5,29.474094
9.44,5.5,29.474094
10.62,5.5,29.474094
0,6.68,29.474094
1.18,6.68,29.474094
2.36,6.68,29.474094
3.54,6.68,29.474094
4.72,6.68,29.474094
5.9,6.68,29.474094
7.08,6.68,29.474094
8.26,6.68,29.474094
9.44,6.68,29.474094
10.62,6.68,29.474094
0,7.86,29.474094
1.18,7.86,29.474094
2.36,7.86,29.474094
3.54,7.86,29.474094
4.72,7.86,29.474094
5.9,7.86,29.474094
7.08,7.86,29.474094
8.26,7.86,29.474094
9.44,7.86,29.474094
10.62,7.86,29.474094
0,9.04,29.474094
1.18,9.04,29.474094
2.36,9.04,29.474094
3.54,9.04,29.474094
4.72,9.04,29.474094
5.9,9.04,29.474094
7.08,9.04,29.474094
8.26,9.04,29.474094
9.44,9.04,29.474094
10.62,9.04,29.474094
0,10.22,29.474094
1.18,10.22,29.474094
2.36,10.22,29.474094
3.54,10.22,29.474094
4.72,10.22,29.474094
5.9,10.22,29.474094
7.08,10.22,29.474094
8.26,10.22,29.474094
9.44,10.22,29.474094
10.62,10.22,29.474094
0,11.4,29.474094
1.18,11.4,29.474094
2.36,11.4,29.474094
3.54,11.4,29.474094
4.72,11.4,29.474094
5.9,11.4,29.474094
7.08,11.4,29.474094
8.26,11.4,29.474094
9.44,11.4,29.474094
10.62,11.4,29.474094
0,12.58,29.474094
1.18,12.58,29.474094
2.36,12.58,29.474094
3.54,12.58,29.474094
4.72,12.58,29.474094
5.9,12.58,29.474094
7.08,12.58,29.474094
8.26,12.58,29.474094
9.44,12.58,29.474094
10.62,12.58,29.474094
0,13.76,29.474094
1.18,13.76,29.474094
2.36,13.76,29.474094
3.54,13.76,29.474094
4.72,13.76,29.474094
5.9,13.76,29.474094
7.08,13.76,29.474094
8.26,13.76,29.474094
9.44,13.76,29.474094
10.62,13.76,29.474094
0,14.94,29.474094
1.18,14.94,29.474094
2.36,14.94,29.474094
3.54,14.94,29.474094
4.72,14.94,29.474094
5.9,14.94,29.474094
7.08,14.94,29.474094
8.26,14.94,29.474094
9.44,14.94,29.474094
10.62,14.94,29.474094
0,16.12,29.474094
1.18,16.12,29.474094
2.36,16.12,29.474094
3.54,16.12,29.474094
4.72,16.12,29.474094
5.9,16.12,29.474094
7.08,16.12,29.474094
8.26,16.12,29.474094
9.44,16.12,29.474094
10.62,16.12,29.474094
0,17.3,29.474094
1.18,17.3,29.474094
2.36,17.3,29.474094
3.54,17.3,29.474094
4.72,17.3,29.474094
5.9,17.3,29.474094
7.08,17.3,29.474094
8.26,17.3,29.474094
9.44,17.3,29.474094
10.62,17.3,29.474094
0,18.48,29.474094
1.18,18.48,29.474094
2.36,18.48,29.474094
3.54,18.48,29.474094
4.72,18.48,29.474094
5.9,18.48,29.474094
7.08,18.48,29.474094
8.26,18.48,29.474094
9.44,18.48,29.474094
10.62,18.48,29.474094
0,19.66,29.474094
1.18,19.66,29.474094
2.36,19.66,29.474094
3.54,19.66,29.474094
4.72,19.66,29.474094
5.9,19.66,29.474094
7.08,19.66,29.474094
8.26,19.66,29.474094
9.44,19.66,29.474094
10.62,19.66,29.474094
0,20.84,29.474094
1.18,20.84,29.474094
2.36,20.84,29.474094
3.54,20.84,29.474094
4.72,20.84,29.474094
5.9,20.84,29.474094
7.08,20.84,29.474094
8.26,20.84,29.474094
9.44,20.84,29.474094
10.62,20.84,29.474094
0,22.02,29.474094
1.18,22.02,29.474094
2.36,22.02,29.474094
3.54,22.02,29.474094
4.72,22.02,29.474094
5.9,22.02,29.474094
7.08,22.02,29.474094
8.26,22.02,29.474094
9.44,22.02,29.474094
10.62,22.02,29.474094
0,23.2,29.474094
1.18,23.2,29.474094
2.36,23.2,29.474094
3.54,23.2,29.474094
4.72,23.2,29.474094
5.9,23.2,29.474094
7.08,23.2,29.474094
8.26,23.2,29.474094
9.44,23.2,29.474094
10.62,23.2,29.474094
0,24.38,29.474094
1.18,24.38,29.474094
2.36,24.38,29.474094
3.54,24.38,29.474094
4.72,24.38,29.474094
5.9,24.38,29.474094
7.08,24.38,29.474094
8.26,24.38,29.474094
9.44,24.38,29.474094
10.62,24.38,29.474094
0,-22.82,30.094094
0,-21.64,30.094094
0,-20.46,30.094094
0,-19.28,30.094094
0,-18.1,30.094094
0,-16.92,30.094094
0,-15.74,30.094094
0,-14.56,30.094094
0,-13.38,30.094094
0,-12.2,30.094094
0,-11.02,30.094094
0,-9.84,30.094094
0,-8.66,30.094094
0,-7.48,30.094094
0,-6.3,30.094094
0,-5.12,30.094094
0,-3.94,30.094094
0,-2.76,30.094094
0,-1.58,30.094094
0,-0.400000000000002,30.094094
0,0.779999999999998,30.094094
0,1.96,30.094094
0,3.14,30.094094
0,4.32,30.094094
0,5.5,30.094094
0,6.68,30.094094
0,7.86,30.094094
0,9.04,30.094094
0,10.22,30.094094
0,11.4,30.094094
0,12.58,30.094094
0,13.76,30.094094
0,14.94,30.094094
0,16.12,30.094094
0,17.3,30.094094
0,18.48,30.094094
0,19.66,30.094094
0,20.84,30.094094
0,22.02,30.094094
0,23.2,30.094094
1.18,-22.82,30.094094
1.18,-21.64,30.094094
1.18,-20.46,30.094094
1.18,-19.28,30.094094
1.18,-18.1,30.094094
1.18,-16.92,30.094094
1.18,-15.74,30.094094
1.18,-14.56,30.094094
1.18,-13.38,30.094094
1.18,-12.2,30.094094
1.18,-11.02,30.094094
1.18,-9.84,30.094094
1.18,-8.66,30.094094
1.18,-7.48,30.094094
1.18,-6.3,30.094094
1.18,-5.12,30.094094
1.18,-3.94,30.094094
1.18,-2.76,30.094094
1.18,-1.58,30.094094
1.18,-0.400000000000002,30.094094
1.18,0.779999999999998,30.094094
1.18,1.96,30.094094
1.18,3.14,30.094094
1.18,4.32,30.094094
1.18,5.5,30.094094
1.18,6.68,30.094094
1.18,7.86,30.094094
1.18,9.04,30.094094
1.18,10.22,30.094094
1.18,11.4,30.094094
1.18,12.58,30.094094
1.18,13.76,30.094094
1.18,14.94,30.094094
1.18,16.12,30.094094
1.18,17.3,30.094094
1.18,18.48,30.094094
1.18,19.66,30.094094
1.18,20.84,30.094094
1.18,22.02,30.094094
1.18,23.2,30.094094
2.36,-22.82,30.094094
2.36,-21.64,30.094094
2.36,-20.46,30.094094
2.36,-19.28,30.094094
2.36,-18.1,30.094094
2.36,-16.92,30.094094
2.36,-15.74,30.094094
2.36,-14.56,30.094094
2.36,-13.38,30.094094
2.36,-12.2,30.094094
2.36,-11.02,30.094094
2.36,-9.84,30.094094
2.36,-8.66,30.094094
2.36,-7.48,30.094094
2.36,-6.3,30.094094
2.36,-5.12,30.094094
2.36,-3.94,30.094094
2.36,-2.76,30.094094
2.36,-1.58,30.094094
2.36,-0.400000000000002,30.094094
2.36,0.779999999999998,30.094094
2.36,1.96,30.094094
2.36,3.14,30.094094
2.36,4.32,30.094094
2.36,5.5,30.094094
2.36,6.68,30.094094
2.36,7.86,30.094094
2.36,9.04,30.094094
2.36,10.22,30.094094
2.36,11.4,30.094094
2.36,12.58,30.094094
2.36,13.76,30.094094
2.36,14.94,30.094094
2.36,16.12,30.094094
2.36,17.3,30.094094
2.36,18.48,30.094094
2.36,19.66,30.094094
2.36,20.84,30.094094
2.36,22.02,30.094094
2.36,23.2,30.094094
3.54,-22.82,30.094094
3.54,-21.64,30.094094
3.54,-20.46,30.094094
3.54,-19.28,30.094094
3.54,-18.1,30.094094
3.54,-16.92,30.094094
3.54,-15.74,30.094094
3.54,-14.56,30.094094
3.54,-13.38,30.094094
3.54,-12.2,30.094094
3.54,-11.02,30.094094
3.54,-9.84,30.094094
3.54,-8.66,30.094094
3.54,-7.48,30.094094
3.54,-6.3,30.094094
3.54,-5.12,30.094094
3.54,-3.94,30.094094
3.54,-2.76,30.094094
3.54,-1.58,30.094094
3.54,-0.400000000000002,30.094094
3.54,0.779999999999998,30.094094
3.54,1.96,30.094094
3.54,3.14,30.094094
3.54,4.32,30.094094
3.54,5.5,30.094094
3.54,6.68,30.094094
3.54,7.86,30.094094
3.54,9.04,30.094094
3.54,10.22,30.094094
3.54,11.4,30.094094
3.54,12.58,30.094094
3.54,13.76,30.094094
3.54,14.94,30.094094
3.54,16.12,30.094094
3.54,17.3,30.094094
3.54,18.48,30.094094
3.54,19.66,30.094094
3.54,20.84,30.094094
3.54,22.02,30.094094
3.54,23.2,30.094094
4.72,-22.82,30.094094
4.72,-21.64,30.094094
4.72,-20.46,30.094094
4.72,-19.28,30.094094
4.72,-18.1,30.094094
4.72,-16.92,30.094094
4.72,-15.74,30.094094
4.72,-14.56,30.094094
4.72,-13.38,30.094094
4.72,-12.2,30.094094
4.72,-11.02,30.094094
4.72,-9.84,30.094094
4.72,-8.66,30.094094
4.72,-7.48,30.094094
4.72,-6.3,30.094094
4.72,-5.12,30.094094
4.72,-3.94,30.094094
4.72,-2.76,30.094094
4.72,-1.58,30.094094
4.72,-0.400000000000002,30.094094
4.72,0.779999999999998,30.094094
4.72,1.96,30.094094
4.72,3.14,30.094094
4.72,4.32,30.094094
4.72,5.5,30.094094
4.72,6.68,30.094094
4.72,7.86,30.094094
4.72,9.04,30.094094
4.72,10.22,30.094094
4.72,11.4,30.094094
4.72,12.58,30.094094
4.72,13.76,30.094094
4.72,14.94,30.094094
4.72,16.12,30.094094
4.72,17.3,30.094094
4.72,18.48,30.094094
4.72,19.66,30.094094
4.72,20.84,30.094094
4.72,22.02,30.094094
4.72,23.2,30.094094
5.9,-22.82,30.094094
5.9,-21.64,30.094094
5.9,-20.46,30.094094
5.9,-19.28,30.094094
5.9,-18.1,30.094094
5.9,-16.92,30.094094
5.9,-15.74,30.094094
5.9,-14.56,30.094094
5.9,-13.38,30.094094
5.9,-12.2,30.094094
5.9,-11.02,30.094094
5.9,-9.84,30.094094
5.9,-8.66,30.094094
5.9,-7.48,30.094094
5.9,-6.3,30.094094
5.9,-5.12,30.094094
5.9,-3.94,30.094094
5.9,-2.76,30.094094
5.9,-1.58,30.094094
5.9,-0.400000000000002,30.094094
5.9,0.779999999999998,30.094094
5.9,1.96,30.094094
5.9,3.14,30.094094
5.9,4.32,30.094094
5.9,5.5,30.094094
5.9,6.68,30.094094
5.9,7.86,30.094094
5.9,9.04,30.094094
5.9,10.22,30.094094
5.9,11.4,30.094094
5.9,12.58,30.094094
5.9,13.76,30.094094
5.9,14.94,30.094094
5.9,16.12,30.094094
5.9,17.3,30.094094
5.9,18.48,30.094094
5.9,19.66,30.094094
5.9,20.84,30.094094
5.9,22.02,30.094094
5.9,23.2,30.094094
7.08,-22.82,30.094094
7.08,-21.64,30.094094
7.08,-20.46,30.094094
7.08,-19.28,30.094094
7.08,-18.1,30.094094
7.08,-16.92,30.094094
7.08,-15.74,30.094094
7.08,-14.56,30.094094
7.08,-13.38,30.094094
7.08,-12.2,30.094094
7.08,-11.02,30.094094
7.08,-9.84,30.094094
7.08,-8.66,30.094094
7.08,-7.48,30.094094
7.08,-6.3,30.094094
7.08,-5.12,30.094094
7.08,-3.94,30.094094
7.08,-2.76,30.094094
7.08,-1.58,30.094094
7.08,-0.400000000000002,30.094094
7.08,0.779999999999998,30.094094
7.08,1.96,30.094094
7.08,3.14,30.094094
7.08,4.32,30.094094
7.08,5.5,30.094094
7.08,6.68,30.094094
7.08,7.86,30.094094
7.08,9.04,30.094094
7.08,10.22,30.094094
7.08,11.4,30.094094
7.08,12.58,30.094094
7.08,13.76,30.094094
7.08,14.94,30.094094
7.08,16.12,30.094094
7.08,17.3,30.094094
7.08,18.48,30.094094
7.08,19.66,30.094094
7.08,20.84,30.094094
7.08,22.02,30.094094
7.08,23.2,30.094094
8.26,-22.82,30.094094
8.26,-21.64,30.094094
8.26,-20.46,30.094094
8.26,-19.28,30.094094
8.26,-18.1,30.094094
8.26,-16.92,30.094094
8.26,-15.74,30.094094
8.26,-14.56,30.094094
8.26,-13.38,30.094094
8.26,-12.2,30.094094
8.26,-11.02,30.094094
8.26,-9.84,30.094094
8.26,-8.66,30.094094
8.26,-7.48,30.094094
8.26,-6.3,30.094094
8.26,-5.12,30.094094
8.26,-3.94,30.094094
8.26,-2.76,30.094094
8.26,-1.58,30.094094
8.26,-0.400000000000002,30.094094
8.26,0.779999999999998,30.094094
8.26,1.96,30.094094
8.26,3.14,30.094094
8.26,4.32,30.094094
8.26,5.5,30.094094
8.26,6.68,30.094094
8.26,7.86,30.094094
8.26,9.04,30.094094
8.26,10.22,30.094094
8.26,11.4,30.094094
8.26,12.58,30.094094
8.26,13.76,30.094094
8.26,14.94,30.094094
8.26,16.12,30.094094
8.26,17.3,30.094094
8.26,18.48,30.094094
8.26,19.66,30.094094
8.26,20.84,30.094094
8.26,22.02,30.094094
8.26,23.2,30.094094
9.44,-22.82,30.094094
9.44,-21.64,30.094094
9.44,-20.46,30.094094
9.44,-19.28,30.094094
9.44,-18.1,30.094094
9.44,-16.92,30.094094
9.44,-15.74,30.094094
9.44,-14.56,30.094094
9.44,-13.38,30.094094
9.44,-12.2,30.094094
9.44,-11.02,30.094094
9.44,-9.84,30.094094
9.44,-8.66,30.094094
9.44,-7.48,30.094094
9.44,-6.3,30.094094
9.44,-5.12,30.094094
9.44,-3.94,30.094094
9.44,-2.76,30.094094
9.44,-1.58,30.094094
9.44,-0.400000000000002,30.094094
9.44,0.779999999999998,30.094094
9.44,1.96,30.094094
9.44,3.14,30.094094
9.44,4.32,30.094094
9.44,5.5,30.094094
9.44,6.68,30.094094
9.44,7.86,30.094094
9.44,9.04,30.094094
9.44,10.22,30.094094
9.44,11.4,30.094094
9.44,12.58,30.094094
9.44,13.76,30.094094
9.44,14.94,30.094094
9.44,16.12,30.094094
9.44,17.3,30.094094
9.44,18.48,30.094094
9.44,19.66,30.094094
9.44,20.84,30.094094
9.44,22.02,30.094094
9.44,23.2,30.094094
10.62,-22.82,30.094094
10.62,-21.64,30.094094
10.62,-20.46,30.094094
10.62,-19.28,30.094094
10.62,-18.1,30.094094
10.62,-16.92,30.094094
10.62,-15.74,30.094094
10.62,-14.56,30.094094
10.62,-13.38,30.094094
10.62,-12.2,30.094094
10.62,-11.02,30.094094
10.62,-9.84,30.094094
10.62,-8.66,30.094094
10.62,-7.48,30.094094
10.62,-6.3,30.094094
10.62,-5.12,30.094094
10.62,-3.94,30.094094
10.62,-2.76,30.094094
10.62,-1.58,30.094094
10.62,-0.400000000000002,30.094094
10.62,0.779999999999998,30.094094
10.62,1.96,30.094094
10.62,3.14,30.094094
10.62,4.32,30.094094
10.62,5.5,30.094094
10.62,6.68,30.094094
10.62,7.86,30.094094
10.62,9.04,30.094094
10.62,10.22,30.094094
10.62,11.4,30.094094
10.62,12.58,30.094094
10.62,13.76,30.094094
10.62,14.94,30.094094
10.62,16.12,30.094094
10.62,17.3,30.094094
10.62,18.48,30.094094
10.62,19.66,30.094094
10.62,20.84,30.094094
10.62,22.02,30.094094
10.62,23.2,30.094094
0,-22.82,30.714094
1.18,-22.82,30.714094
2.36,-22.82,30.714094
3.54,-22.82,30.714094
4.72,-22.82,30.714094
5.9,-22.82,30.714094
7.08,-22.82,30.714094
8.26,-22.82,30.714094
9.44,-22.82,30.714094
10.62,-22.82,30.714094
0,-21.64,30.714094
1.18,-21.64,30.714094
2.36,-21.64,30.714094
3.54,-21.64,30.714094
4.72,-21.64,30.714094
5.9,-21.64,30.714094
7.08,-21.64,30.714094
8.26,-21.64,30.714094
9.44,-21.64,30.714094
10.62,-21.64,30.714094
0,-20.46,30.714094
1.18,-20.46,30.714094
2.36,-20.46,30.714094
3.54,-20.46,30.714094
4.72,-20.46,30.714094
5.9,-20.46,30.714094
7.08,-20.46,30.714094
8.26,-20.46,30.714094
9.44,-20.46,30.714094
10.62,-20.46,30.714094
0,-19.28,30.714094
1.18,-19.28,30.714094
2.36,-19.28,30.714094
3.54,-19.28,30.714094
4.72,-19.28,30.714094
5.9,-19.28,30.714094
7.08,-19.28,30.714094
8.26,-19.28,30.714094
9.44,-19.28,30.714094
10.62,-19.28,30.714094
0,-18.1,30.714094
1.18,-18.1,30.714094
2.36,-18.1,30.714094
3.54,-18.1,30.714094
4.72,-18.1,30.714094
5.9,-18.1,30.714094
7.08,-18.1,30.714094
8.26,-18.1,30.714094
9.44,-18.1,30.714094
10.62,-18.1,30.714094
0,-16.92,30.714094
1.18,-16.92,30.714094
2.36,-16.92,30.714094
3.54,-16.92,30.714094
4.72,-16.92,30.714094
5.9,-16.92,30.714094
7.08,-16.92,30.714094
8.26,-16.92,30.714094
9.44,-16.92,30.714094
10.62,-16.92,30.714094
0,-15.74,30.714094
1.18,-15.74,30.714094
2.36,-15.74,30.714094
3.54,-15.74,30.714094
4.72,-15.74,30.714094
5.9,-15.74,30.714094
7.08,-15.74,30.714094
8.26,-15.74,30.714094
9.44,-15.74,30.714094
10.62,-15.74,30.714094
0,-14.56,30.714094
1.18,-14.56,30.714094
2.36,-14.56,30.714094
3.54,-14.56,30.714094
4.72,-14.56,30.714094
5.9,-14.56,30.714094
7.08,-14.56,30.714094
8.26,-14.56,30.714094
9.44,-14.56,30.714094
10.62,-14.56,30.714094
0,-13.38,30.714094
1.18,-13.38,30.714094
2.36,-13.38,30.714094
3.54,-13.38,30.714094
4.72,-13.38,30.714094
5.9,-13.38,30.714094
7.08,-13.38,30.714094
8.26,-13.38,30.714094
9.44,-13.38,30.714094
10.62,-13.38,30.714094
0,-12.2,30.714094
1.18,-12.2,30.714094
2.36,-12.2,30.714094
3.54,-12.2,30.714094
4.72,-12.2,30.714094
5.9,-12.2,30.714094
7.08,-12.2,30.714094
8.26,-12.2,30.714094
9.44,-12.2,30.714094
10.62,-12.2,30.714094
0,-11.02,30.714094
1.18,-11.02,30.714094
2.36,-11.02,30.714094
3.54,-11.02,30.714094
4.72,-11.02,30.714094
5.9,-11.02,30.714094
7.08,-11.02,30.714094
8.26,-11.02,30.714094
9.44,-11.02,30.714094
10.62,-11.02,30.714094
0,-9.84,30.714094
1.18,-9.84,30.714094
2.36,-9.84,30.714094
3.54,-9.84,30.714094
4.72,-9.84,30.714094
5.9,-9.84,30.714094
7.08,-9.84,30.714094
8.26,-9.84,30.714094
9.44,-9.84,30.714094
10.62,-9.84,30.714094
0,-8.66,30.714094
1.18,-8.66,30.714094
2.36,-8.66,30.714094
3.54,-8.66,30.714094
4.72,-8.66,30.714094
5.9,-8.66,30.714094
7.08,-8.66,30.714094
8.26,-8.66,30.714094
9.44,-8.66,30.714094
10.62,-8.66,30.714094
0,-7.48,30.714094
1.18,-7.48,30.714094
2.36,-7.48,30.714094
3.54,-7.48,30.714094
4.72,-7.48,30.714094
5.9,-7.48,30.714094
7.08,-7.48,30.714094
8.26,-7.48,30.714094
9.44,-7.48,30.714094
10.62,-7.48,30.714094
0,-6.3,30.714094
1.18,-6.3,30.714094
2.36,-6.3,30.714094
3.54,-6.3,30.714094
4.72,-6.3,30.714094
5.9,-6.3,30.714094
7.08,-6.3,30.714094
8.26,-6.3,30.714094
9.44,-6.3,30.714094
10.62,-6.3,30.714094
0,-5.12,30.714094
1.18,-5.12,30.714094
2.36,-5.12,30.714094
3.54,-5.12,30.714094
4.72,-5.12,30.714094
5.9,-5.12,30.714094
7.08,-5.12,30.714094
8.26,-5.12,30.714094
9.44,-5.12,30.714094
10.62,-5.12,30.714094
0,-3.94,30.714094
1.18,-3.94,30.714094
2.36,-3.94,30.714094
3.54,-3.94,30.714094
4.72,-3.94,30.714094
5.9,-3.94,30.714094
7.08,-3.94,30.714094
8.26,-3.94,30.714094
9.44,-3.94,30.714094
10.62,-3.94,30.714094
0,-2.76,30.714094
1.18,-2.76,30.714094
2.36,-2.76,30.714094
3.54,-2.76,30.714094
4.72,-2.76,30.714094
5.9,-2.76,30.714094
7.08,-2.76,30.714094
8.26,-2.76,30.714094
9.44,-2.76,30.714094
10.62,-2.76,30.714094
0,-1.58,30.714094
1.18,-1.58,30.714094
2.36,-1.58,30.714094
3.54,-1.58,30.714094
4.72,-1.58,30.714094
5.9,-1.58,30.714094
7.08,-1.58,30.714094
8.26,-1.58,30.714094
9.44,-1.58,30.714094
10.62,-1.58,30.714094
0,-0.400000000000002,30.714094
1.18,-0.400000000000002,30.714094
2.36,-0.400000000000002,30.714094
3.54,-0.400000000000002,30.714094
4.72,-0.400000000000002,30.714094
5.9,-0.400000000000002,30.714094
7.08,-0.400000000000002,30.714094
8.26,-0.400000000000002,30.714094
9.44,-0.400000000000002,30.714094
10.62,-0.400000000000002,30.714094
0,0.779999999999998,30.714094
1.18,0.779999999999998,30.714094
2.36,0.779999999999998,30.714094
3.54,0.779999999999998,30.714094
4.72,0.779999999999998,30.714094
5.9,0.779999999999998,30.714094
7.08,0.779999999999998,30.714094
8.26,0.779999999999998,30.714094
9.44,0.779999999999998,30.714094
10.62,0.779999999999998,30.714094
0,1.96,30.714094
1.18,1.96,30.714094
2.36,1.96,30.714094
3.54,1.96,30.714094
4.72,1.96,30.714094
5.9,1.96,30.714094
7.08,1.96,30.714094
8.26,1.96,30.714094
9.44,1.96,30.714094
10.62,1.96,30.714094
0,3.14,30.714094
1.18,3.14,30.714094
2.36,3.14,30.714094
3.54,3.14,30.714094
4.72,3.14,30.714094
5.9,3.14,30.714094
7.08,3.14,30.714094
8.26,3.14,30.714094
9.44,3.14,30.714094
10.62,3.14,30.714094
0,4.32,30.714094
1.18,4.32,30.714094
2.36,4.32,30.714094
3.54,4.32,30.714094
4.72,4.32,30.714094
5.9,4.32,30.714094
7.08,4.32,30.714094
8.26,4.32,30.714094
9.44,4.32,30.714094
10.62,4.32,30.714094
0,5.5,30.714094
1.18,5.5,30.714094
2.36,5.5,30.714094
3.54,5.5,30.714094
4.72,5.5,30.714094
5.9,5.5,30.714094
7.08,5.5,30.714094
8.26,5.5,30.714094
9.44,5.5,30.714094
10.62,5.5,30.714094
0,6.68,30.714094
1.18,6.68,30.714094
2.36,6.68,30.714094
3.54,6.68,30.714094
4.72,6.68,30.714094
5.9,6.68,30.714094
7.08,6.68,30.714094
8.26,6.68,30.714094
9.44,6.68,30.714094
10.62,6.68,30.714094
0,7.86,30.714094
1.18,7.86,30.714094
2.36,7.86,30.714094
3.54,7.86,30.714094
4.72,7.86,30.714094
5.9,7.86,30.714094
7.08,7.86,30.714094
8.26,7.86,30.714094
9.44,7.86,30.714094
10.62,7.86,30.714094
0,9.04,30.714094
1.18,9.04,30.714094
2.36,9.04,30.714094
3.54,9.04,30.714094
4.72,9.04,30.714094
5.9,9.04,30.714094
7.08,9.04,30.714094
8.26,9.04,30.714094
9.44,9.04,30.714094
10.62,9.04,30.714094
0,10.22,30.714094
1.18,10.22,30.714094
2.36,10.22,30.714094
3.54,10.22,30.714094
4.72,10.22,30.714094
5.9,10.22,30.714094
7.08,10.22,30.714094
8.26,10.22,30.714094
9.44,10.22,30.714094
10.62,10.22,30.714094
0,11.4,30.714094
1.18,11.4,30.714094
2.36,11.4,30.714094
3.54,11.4,30.714094
4.72,11.4,30.714094
5.9,11.4,30.714094
7.08,11.4,30.714094
8.26,11.4,30.714094
9.44,11.4,30.714094
10.62,11.4,30.714094
0,12.58,30.714094
1.18,12.58,30.714094
2.36,12.58,30.714094
3.54,12.58,30.714094
4.72,12.58,30.714094
5.9,12.58,30.714094
7.08,12.58,30.714094
8.26,12.58,30.714094
9.44,12.58,30.714094
10.62,12.58,30.714094
0,13.76,30.714094
1.18,13.76,30.714094
2.36,13.76,30.714094
3.54,13.76,30.714094
4.72,13.76,30.714094
5.9,13.76,30.714094
7.08,13.76,30.714094
8.26,13.76,30.714094
9.44,13.76,30.714094
10.62,13.76,30.714094
0,14.94,30.714094
1.18,14.94,30.714094
2.36,14.94,30.714094
3.54,14.94,30.714094
4.72,14.94,30.714094
5.9,14.94,30.714094
7.08,14.94,30.714094
8.26,14.94,30.714094
9.44,14.94,30.714094
10.62,14.94,30.714094
0,16.12,30.714094
1.18,16.12,30.714094
2.36,16.12,30.714094
3.54,16.12,30.714094
4.72,16.12,30.714094
5.9,16.12,30.714094
7.08,16.12,30.714094
8.26,16.12,30.714094
9.44,16.12,30.714094
10.62,16.12,30.714094
0,17.3,30.714094
1.18,17.3,30.714094
2.36,17.3,30.714094
3.54,17.3,30.714094
4.72,17.3,30.714094
5.9,17.3,30.714094
7.08,17.3,30.714094
8.26,17.3,30.714094
9.44,17.3,30.714094
10.62,17.3,30.714094
0,18.48,30.714094
1.18,18.48,30.714094
2.36,18.48,30.714094
3.54,18.48,30.714094
4.72,18.48,30.714094
5.9,18.48,30.714094
7.08,18.48,30.714094
8.26,18.48,30.714094
9.44,18.48,30.714094
10.62,18.48,30.714094
0,19.66,30.714094
1.18,19.66,30.714094
2.36,19.66,30.714094
3.54,19.66,30.714094
4.72,19.66,30.714094
5.9,19.66,30.714094
7.08,19.66,30.714094
8.26,19.66,30.714094
9.44,19.66,30.714094
10.62,19.66,30.714094
0,20.84,30.714094
1.18,20.84,30.714094
2.36,20.84,30.714094
3.54,20.84,30.714094
4.72,20.84,30.714094
5.9,20.84,30.714094
7.08,20.84,30.714094
8.26,20.84,30.714094
9.44,20.84,30.714094
10.62,20.84,30.714094
0,22.02,30.714094
1.18,22.02,30.714094
2.36,22.02,30.714094
3.54,22.02,30.714094
4.72,22.02,30.714094
5.9,22.02,30.714094
7.08,22.02,30.714094
8.26,22.02,30.714094
9.44,22.02,30.714094
10.62,22.02,30.714094
0,-20.46,31.334094
0,-19.28,31.334094
0,-18.1,31.334094
0,-16.92,31.334094
0,-15.74,31.334094
0,-14.56,31.334094
0,-13.38,31.334094
0,-12.2,31.334094
0,-11.02,31.334094
0,-9.84,31.334094
0,-8.66,31.334094
0,-7.48,31.334094
0,-6.3,31.334094
0,-5.12,31.334094
0,-3.94,31.334094
0,-2.76,31.334094
0,-1.58,31.334094
0,-0.400000000000002,31.334094
0,0.779999999999998,31.334094
0,1.96,31.334094
0,3.14,31.334094
0,4.32,31.334094
0,5.5,31.334094
0,6.68,31.334094
0,7.86,31.334094
0,9.04,31.334094
0,10.22,31.334094
0,11.4,31.334094
0,12.58,31.334094
0,13.76,31.334094
0,14.94,31.334094
0,16.12,31.334094
0,17.3,31.334094
0,18.48,31.334094
0,19.66,31.334094
0,20.84,31.334094
1.18,-20.46,31.334094
1.18,-19.28,31.334094
1.18,-18.1,31.334094
1.18,-16.92,31.334094
1.18,-15.74,31.334094
1.18,-14.56,31.334094
1.18,-13.38,31.334094
1.18,-12.2,31.334094
1.18,-11.02,31.334094
1.18,-9.84,31.334094
1.18,-8.66,31.334094
1.18,-7.48,31.334094
1.18,-6.3,31.334094
1.18,-5.12,31.334094
1.18,-3.94,31.334094
1.18,-2.76,31.334094
1.18,-1.58,31.334094
1.18,-0.400000000000002,31.334094
1.18,0.779999999999998,31.334094
1.18,1.96,31.334094
1.18,3.14,31.334094
1.18,4.32,31.334094
1.18,5.5,31.334094
1.18,6.68,31.334094
1.18,7.86,31.334094
1.18,9.04,31.334094
1.18,10.22,31.334094
1.18,11.4,31.334094
1.18,12.58,31.334094
1.18,13.76,31.334094
1.18,14.94,31.334094
1.18,16.12,31.334094
1.18,17.3,31.334094
1.18,18.48,31.334094
1.18,19.66,31.334094
1.18,20.84,31.334094
2.36,-20.46,31.334094
2.36,-19.28,31.334094
2.36,-18.1,31.334094
2.36,-16.92,31.334094
2.36,-15.74,31.334094
2.36,-14.56,31.334094
2.36,-13.38,31.334094
2.36,-12.2,31.334094
2.36,-11.02,31.334094
2.36,-9.84,31.334094
2.36,-8.66,31.334094
2.36,-7.48,31.334094
2.36,-6.3,31.334094
2.36,-5.12,31.334094
2.36,-3.94,31.334094
2.36,-2.76,31.334094
2.36,-1.58,31.334094
2.36,-0.400000000000002,31.334094
2.36,0.779999999999998,31.334094
2.36,1.96,31.334094
2.36,3.14,31.334094
2.36,4.32,31.334094
2.36,5.5,31.334094
2.36,6.68,31.334094
2.36,7.86,31.334094
2.36,9.04,31.334094
2.36,10.22,31.334094
2.36,11.4,31.334094
2.36,12.58,31.334094
2.36,13.76,31.334094
2.36,14.94,31.334094
2.36,16.12,31.334094
2.36,17.3,31.334094
2.36,18.48,31.334094
2.36,19.66,31.334094
2.36,20.84,31.334094
3.54,-20.46,31.334094
3.54,-19.28,31.334094
3.54,-18.1,31.334094
3.54,-16.92,31.334094
3.54,-15.74,31.334094
3.54,-14.56,31.334094
3.54,-13.38,31.334094
3.54,-12.2,31.334094
3.54,-11.02,31.334094
3.54,-9.84,31.334094
3.54,-8.66,31.334094
3.54,-7.48,31.334094
3.54,-6.3,31.334094
3.54,-5.12,31.334094
3.54,-3.94,31.334094
3.54,-2.76,31.334094
3.54,-1.58,31.334094
3.54,-0.400000000000002,31.334094
3.54,0.779999999999998,31.334094
3.54,1.96,31.334094
3.54,3.14,31.334094
3.54,4.32,31.334094
3.54,5.5,31.334094
3.54,6.68,31.334094
3.54,7.86,31.334094
3.54,9.04,31.334094
3.54,10.22,31.334094
3.54,11.4,31.334094
3.54,12.58,31.334094
3.54,13.76,31.334094
3.54,14.94,31.334094
3.54,16.12,31.334094
3.54,17.3,31.334094
3.54,18.48,31.334094
3.54,19.66,31.334094
3.54,20.84,31.334094
4.72,-20.46,31.334094
4.72,-19.28,31.334094
4.72,-18.1,31.334094
4.72,-16.92,31.334094
4.72,-15.74,31.334094
4.72,-14.56,31.334094
4.72,-13.38,31.334094
4.72,-12.2,31.334094
4.72,-11.02,31.334094
4.72,-9.84,31.334094
4.72,-8.66,31.334094
4.72,-7.48,31.334094
4.72,-6.3,31.334094
4.72,-5.12,31.334094
4.72,-3.94,31.334094
4.72,-2.76,31.334094
4.72,-1.58,31.334094
4.72,-0.400000000000002,31.334094
4.72,0.779999999999998,31.334094
4.72,1.96,31.334094
4.72,3.14,31.334094
4.72,4.32,31.334094
4.72,5.5,31.334094
4.72,6.68,31.334094
4.72,7.86,31.334094
4.72,9.04,31.334094
4.72,10.22,31.334094
4.72,11.4,31.334094
4.72,12.58,31.334094
4.72,13.76,31.334094
4.72,14.94,31.334094
4.72,16.12,31.334094
4.72,17.3,31.334094
4.72,18.48,31.334094
4.72,19.66,31.334094
4.72,20.84,31.334094
5.9,-20.46,31.334094
5.9,-19.28,31.334094
5.9,-18.1,31.334094
5.9,-16.92,31.334094
5.9,-15.74,31.334094
5.9,-14.56,31.334094
5.9,-13.38,31.334094
5.9,-12.2,31.334094
5.9,-11.02,31.334094
5.9,-9.84,31.334094
5.9,-8.66,31.334094
5.9,-7.48,31.334094
5.9,-6.3,31.334094
5.9,-5.12,31.334094
5.9,-3.94,31.334094
5.9,-2.76,31.334094
5.9,-1.58,31.334094
5.9,-0.400000000000002,31.334094
5.9,0.779999999999998,31.334094
5.9,1.96,31.334094
5.9,3.14,31.334094
5.9,4.32,31.334094
5.9,5.5,31.334094
5.9,6.68,31.334094
5.9,7.86,31.334094
5.9,9.04,31.334094
5.9,10.22,31.334094
5.9,11.4,31.334094
5.9,12.58,31.334094
5.9,13.76,31.334094
5.9,14.94,31.334094
5.9,16.12,31.334094
5.9,17.3,31.334094
5.9,18.48,31.334094
5.9,19.66,31.334094
5.9,20.84,31.334094
7.08,-20.46,31.334094
7.08,-19.28,31.334094
7.08,-18.1,31.334094
7.08,-16.92,31.334094
7.08,-15.74,31.334094
7.08,-14.56,31.334094
7.08,-13.38,31.334094
7.08,-12.2,31.334094
7.08,-11.02,31.334094
7.08,-9.84,31.334094
7.08,-8.66,31.334094
7.08,-7.48,31.334094
7.08,-6.3,31.334094
7.08,-5.12,31.334094
7.08,-3.94,31.334094
7.08,-2.76,31.334094
7.08,-1.58,31.334094
7.08,-0.400000000000002,31.334094
7.08,0.779999999999998,31.334094
7.08,1.96,31.334094
7.08,3.14,31.334094
7.08,4.32,31.334094
7.08,5.5,31.334094
7.08,6.68,31.334094
7.08,7.86,31.334094
7.08,9.04,31.334094
7.08,10.22,31.334094
7.08,11.4,31.334094
7.08,12.58,31.334094
7.08,13.76,31.334094
7.08,14.94,31.334094
7.08,16.12,31.334094
7.08,17.3,31.334094
7.08,18.48,31.334094
7.08,19.66,31.334094
7.08,20.84,31.334094
8.26,-20.46,31.334094
8.26,-19.28,31.334094
8.26,-18.1,31.334094
8.26,-16.92,31.334094
8.26,-15.74,31.334094
8.26,-14.56,31.334094
8.26,-13.38,31.334094
8.26,-12.2,31.334094
8.26,-11.02,31.334094
8.26,-9.84,31.334094
8.26,-8.66,31.334094
8.26,-7.48,31.334094
8.26,-6.3,31.334094
8.26,-5.12,31.334094
8.26,-3.94,31.334094
8.26,-2.76,31.334094
8.26,-1.58,31.334094
8.26,-0.400000000000002,31.334094
8.26,0.779999999999998,31.334094
8.26,1.96,31.334094
8.26,3.14,31.334094
8.26,4.32,31.334094
8.26,5.5,31.334094
8.26,6.68,31.334094
8.26,7.86,31.334094
8.26,9.04,31.334094
8.26,10.22,31.334094
8.26,11.4,31.334094
8.26,12.58,31.334094
8.26,13.76,31.334094
8.26,14.94,31.334094
8.26,16.12,31.334094
8.26,17.3,31.334094
8.26,18.48,31.334094
8.26,19.66,31.334094
8.26,20.84,31.334094
9.44,-20.46,31.334094
9.44,-19.28,31.334094
9.44,-18.1,31.334094
9.44,-16.92,31.334094
9.44,-15.74,31.334094
9.44,-14.56,31.334094
9.44,-13.38,31.334094
9.44,-12.2,31.334094
9.44,-11.02,31.334094
9.44,-9.84,31.334094
9.44,-8.66,31.334094
9.44,-7.48,31.334094
9.44,-6.3,31.334094
9.44,-5.12,31.334094
9.44,-3.94,31.334094
9.44,-2.76,31.334094
9.44,-1.58,31.334094
9.44,-0.400000000000002,31.334094
9.44,0.779999999999998,31.334094
9.44,1.96,31.334094
9.44,3.14,31.334094
9.44,4.32,31.334094
9.44,5.5,31.334094
9.44,6.68,31.334094
9.44,7.86,31.334094
9.44,9.04,31.334094
9.44,10.22,31.334094
9.44,11.4,31.334094
9.44,12.58,31.334094
9.44,13.76,31.334094
9.44,14.94,31.334094
9.44,16.12,31.334094
9.44,17.3,31.334094
9.44,18.48,31.334094
9.44,19.66,31.334094
9.44,20.84,31.334094
10.62,-20.46,31.334094
10.62,-19.28,31.334094
10.62,-18.1,31.334094
10.62,-16.92,31.334094
10.62,-15.74,31.334094
10.62,-14.56,31.334094
10.62,-13.38,31.334094
10.62,-12.2,31.334094
10.62,-11.02,31.334094
10.62,-9.84,31.334094
10.62,-8.66,31.334094
10.62,-7.48,31.334094
10.62,-6.3,31.334094
10.62,-5.12,31.334094
10.62,-3.94,31.334094
10.62,-2.76,31.334094
10.62,-1.58,31.334094
10.62,-0.400000000000002,31.334094
10.62,0.779999999999998,31.334094
10.62,1.96,31.334094
10.62,3.14,31.334094
10.62,4.32,31.334094
10.62,5.5,31.334094
10.62,6.68,31.334094
10.62,7.86,31.334094
10.62,9.04,31.334094
10.62,10.22,31.334094
10.62,11.4,31.334094
10.62,12.58,31.334094
10.62,13.76,31.334094
10.62,14.94,31.334094
10.62,16.12,31.334094
10.62,17.3,31.334094
10.62,18.48,31.334094
10.62,19.66,31.334094
10.62,20.84,31.334094
0,-19.28,31.954094
1.18,-19.28,31.954094
2.36,-19.28,31.954094
3.54,-19.28,31.954094
4.72,-19.28,31.954094
5.9,-19.28,31.954094
7.08,-19.28,31.954094
8.26,-19.28,31.954094
9.44,-19.28,31.954094
10.62,-19.28,31.954094
0,-18.1,31.954094
1.18,-18.1,31.954094
2.36,-18.1,31.954094
3.54,-18.1,31.954094
4.72,-18.1,31.954094
5.9,-18.1,31.954094
7.08,-18.1,31.954094
8.26,-18.1,31.954094
9.44,-18.1,31.954094
10.62,-18.1,31.954094
0,-16.92,31.954094
1.18,-16.92,31.954094
2.36,-16.92,31.954094
3.54,-16.92,31.954094
4.72,-16.92,31.954094
5.9,-16.92,31.954094
7.08,-16.92,31.954094
8.26,-16.92,31.954094
9.44,-16.92,31.954094
10.62,-16.92,31.954094
0,-15.74,31.954094
1.18,-15.74,31.954094
2.36,-15.74,31.954094
3.54,-15.74,31.954094
4.72,-15.74,31.954094
5.9,-15.74,31.954094
7.08,-15.74,31.954094
8.26,-15.74,31.954094
9.44,-15.74,31.954094
10.62,-15.74,31.954094
0,-14.56,31.954094
1.18,-14.56,31.954094
2.36,-14.56,31.954094
3.54,-14.56,31.954094
4.72,-14.56,31.954094
5.9,-14.56,31.954094
7.08,-14.56,31.954094
8.26,-14.56,31.954094
9.44,-14.56,31.954094
10.62,-14.56,31.954094
0,-13.38,31.954094
1.18,-13.38,31.954094
2.36,-13.38,31.954094
3.54,-13.38,31.954094
4.72,-13.38,31.954094
5.9,-13.38,31.954094
7.08,-13.38,31.954094
8.26,-13.38,31.954094
9.44,-13.38,31.954094
10.62,-13.38,31.954094
0,-12.2,31.954094
1.18,-12.2,31.954094
2.36,-12.2,31.954094
3.54,-12.2,31.954094
4.72,-12.2,31.954094
5.9,-12.2,31.954094
7.08,-12.2,31.954094
8.26,-12.2,31.954094
9.44,-12.2,31.954094
10.62,-12.2,31.954094
0,-11.02,31.954094
1.18,-11.02,31.954094
2.36,-11.02,31.954094
3.54,-11.02,31.954094
4.72,-11.02,31.954094
5.9,-11.02,31.954094
7.08,-11.02,31.954094
8.26,-11.02,31.954094
9.44,-11.02,31.954094
10.62,-11.02,31.954094
0,-9.84,31.954094
1.18,-9.84,31.954094
2.36,-9.84,31.954094
3.54,-9.84,31.954094
4.72,-9.84,31.954094
5.9,-9.84,31.954094
7.08,-9.84,31.954094
8.26,-9.84,31.954094
9.44,-9.84,31.954094
10.62,-9.84,31.954094
0,-8.66,31.954094
1.18,-8.66,31.954094
2.36,-8.66,31.954094
3.54,-8.66,31.954094
4.72,-8.66,31.954094
5.9,-8.66,31.954094
7.08,-8.66,31.954094
8.26,-8.66,31.954094
9.44,-8.66,31.954094
10.62,-8.66,31.954094
0,-7.48,31.954094
1.18,-7.48,31.954094
2.36,-7.48,31.954094
3.54,-7.48,31.954094
4.72,-7.48,31.954094
5.9,-7.48,31.954094
7.08,-7.48,31.954094
8.26,-7.48,31.954094
9.44,-7.48,31.954094
10.62,-7.48,31.954094
0,-6.3,31.954094
1.18,-6.3,31.954094
2.36,-6.3,31.954094
3.54,-6.3,31.954094
4.72,-6.3,31.954094
5.9,-6.3,31.954094
7.08,-6.3,31.954094
8.26,-6.3,31.954094
9.44,-6.3,31.954094
10.62,-6.3,31.954094
0,-5.12,31.954094
1.18,-5.12,31.954094
2.36,-5.12,31.954094
3.54,-5.12,31.954094
4.72,-5.12,31.954094
5.9,-5.12,31.954094
7.08,-5.12,31.954094
8.26,-5.12,31.954094
9.44,-5.12,31.954094
10.62,-5.12,31.954094
0,-3.94,31.954094
1.18,-3.94,31.954094
2.36,-3.94,31.954094
3.54,-3.94,31.954094
4.72,-3.94,31.954094
5.9,-3.94,31.954094
7.08,-3.94,31.954094
8.26,-3.94,31.954094
9.44,-3.94,31.954094
10.62,-3.94,31.954094
0,-2.76,31.954094
1.18,-2.76,31.954094
2.36,-2.76,31.954094
3.54,-2.76,31.954094
4.72,-2.76,31.954094
5.9,-2.76,31.954094
7.08,-2.76,31.954094
8.26,-2.76,31.954094
9.44,-2.76,31.954094
10.62,-2.76,31.954094
0,-1.58,31.954094
1.18,-1.58,31.954094
2.36,-1.58,31.954094
3.54,-1.58,31.954094
4.72,-1.58,31.954094
5.9,-1.58,31.954094
7.08,-1.58,31.954094
8.26,-1.58,31.954094
9.44,-1.58,31.954094
10.62,-1.58,31.954094
0,-0.400000000000002,31.954094
1.18,-0.400000000000002,31.954094
2.36,-0.400000000000002,31.954094
3.54,-0.400000000000002,31.954094
4.72,-0.400000000000002,31.954094
5.9,-0.400000000000002,31.954094
7.08,-0.400000000000002,31.954094
8.26,-0.400000000000002,31.954094
9.44,-0.400000000000002,31.954094
10.62,-0.400000000000002,31.954094
0,0.779999999999998,31.954094
1.18,0.779999999999998,31.954094
2.36,0.779999999999998,31.954094
3.54,0.779999999999998,31.954094
4.72,0.779999999999998,31.954094
5.9,0.779999999999998,31.954094
7.08,0.779999999999998,31.954094
8.26,0.779999999999998,31.954094
9.44,0.779999999999998,31.954094
10.62,0.779999999999998,31.954094
0,1.96,31.954094
1.18,1.96,31.954094
2.36,1.96,31.954094
3.54,1.96,31.954094
4.72,1.96,31.954094
5.9,1.96,31.954094
7.08,1.96,31.954094
8.26,1.96,31.954094
9.44,1.96,31.954094
10.62,1.96,31.954094
0,3.14,31.954094
1.18,3.14,31.954094
2.36,3.14,31.954094
3.54,3.14,31.954094
4.72,3.14,31.954094
5.9,3.14,31.954094
7.08,3.14,31.954094
8.26,3.14,31.954094
9.44,3.14,31.954094
10.62,3.14,31.954094
0,4.32,31.954094
1.18,4.32,31.954094
2.36,4.32,31.954094
3.54,4.32,31.954094
4.72,4.32,31.954094
5.9,4.32,31.954094
7.08,4.32,31.954094
8.26,4.32,31.954094
9.44,4.32,31.954094
10.62,4.32,31.954094
0,5.5,31.954094
1.18,5.5,31.954094
2.36,5.5,31.954094
3.54,5.5,31.954094
4.72,5.5,31.954094
5.9,5.5,31.954094
7.08,5.5,31.954094
8.26,5.5,31.954094
9.44,5.5,31.954094
10.62,5.5,31.954094
0,6.68,31.954094
1.18,6.68,31.954094
2.36,6.68,31.954094
3.54,6.68,31.954094
4.72,6.68,31.954094
5.9,6.68,31.954094
7.08,6.68,31.954094
8.26,6.68,31.954094
9.44,6.68,31.954094
10.62,6.68,31.954094
0,7.86,31.954094
1.18,7.86,31.954094
2.36,7.86,31.954094
3.54,7.86,31.954094
4.72,7.86,31.954094
5.9,7.86,31.954094
7.08,7.86,31.954094
8.26,7.86,31.954094
9.44,7.86,31.954094
10.62,7.86,31.954094
0,9.04,31.954094
1.18,9.04,31.954094
2.36,9.04,31.954094
3.54,9.04,31.954094
4.72,9.04,31.954094
5.9,9.04,31.954094
7.08,9.04,31.954094
8.26,9.04,31.954094
9.44,9.04,31.954094
10.62,9.04,31.954094
0,10.22,31.954094
1.18,10.22,31.954094
2.36,10.22,31.954094
3.54,10.22,31.954094
4.72,10.22,31.954094
5.9,10.22,31.954094
7.08,10.22,31.954094
8.26,10.22,31.954094
9.44,10.22,31.954094
10.62,10.22,31.954094
0,11.4,31.954094
1.18,11.4,31.954094
2.36,11.4,31.954094
3.54,11.4,31.954094
4.72,11.4,31.954094
5.9,11.4,31.954094
7.08,11.4,31.954094
8.26,11.4,31.954094
9.44,11.4,31.954094
10.62,11.4,31.954094
0,12.58,31.954094
1.18,12.58,31.954094
2.36,12.58,31.954094
3.54,12.58,31.954094
4.72,12.58,31.954094
5.9,12.58,31.954094
7.08,12.58,31.954094
8.26,12.58,31.954094
9.44,12.58,31.954094
10.62,12.58,31.954094
0,13.76,31.954094
1.18,13.76,31.954094
2.36,13.76,31.954094
3.54,13.76,31.954094
4.72,13.76,31.954094
5.9,13.76,31.954094
7.08,13.76,31.954094
8.26,13.76,31.954094
9.44,13.76,31.954094
10.62,13.76,31.954094
0,14.94,31.954094
1.18,14.94,31.954094
2.36,14.94,31.954094
3.54,14.94,31.954094
4.72,14.94,31.954094
5.9,14.94,31.954094
7.08,14.94,31.954094
8.26,14.94,31.954094
9.44,14.94,31.954094
10.62,14.94,31.954094
0,16.12,31.954094
1.18,16.12,31.954094
2.36,16.12,31.954094
3.54,16.12,31.954094
4.72,16.12,31.954094
5.9,16.12,31.954094
7.08,16.12,31.954094
8.26,16.12,31.954094
9.44,16.12,31.954094
10.62,16.12,31.954094
0,17.3,31.954094
1.18,17.3,31.954094
2.36,17.3,31.954094
3.54,17.3,31.954094
4.72,17.3,31.954094
5.9,17.3,31.954094
7.08,17.3,31.954094
8.26,17.3,31.954094
9.44,17.3,31.954094
10.62,17.3,31.954094
0,18.48,31.954094
1.18,18.48,31.954094
2.36,18.48,31.954094
3.54,18.48,31.954094
4.72,18.48,31.954094
5.9,18.48,31.954094
7.08,18.48,31.954094
8.26,18.48,31.954094
9.44,18.48,31.954094
10.62,18.48,31.954094
0,19.66,31.954094
1.18,19.66,31.954094
2.36,19.66,31.954094
3.54,19.66,31.954094
4.72,19.66,31.954094
5.9,19.66,31.954094
7.08,19.66,31.954094
8.26,19.66,31.954094
9.44,19.66,31.954094
10.62,19.66,31.954094
0,-18.1,32.574094
0,-16.92,32.574094
0,-15.74,32.574094
0,-14.56,32.574094
0,-13.38,32.574094
0,-12.2,32.574094
0,-11.02,32.574094
0,-9.84,32.574094
0,-8.66,32.574094
0,-7.48,32.574094
0,-6.3,32.574094
0,-5.12,32.574094
0,-3.94,32.574094
0,-2.76,32.574094
0,-1.58,32.574094
0,-0.400000000000002,32.574094
0,0.779999999999998,32.574094
0,1.96,32.574094
0,3.14,32.574094
0,4.32,32.574094
0,5.5,32.574094
0,6.68,32.574094
0,7.86,32.574094
0,9.04,32.574094
0,10.22,32.574094
0,11.4,32.574094
0,12.58,32.574094
0,13.76,32.574094
0,14.94,32.574094
0,16.12,32.574094
0,17.3,32.574094
0,18.48,32.574094
1.18,-18.1,32.574094
1.18,-16.92,32.574094
1.18,-15.74,32.574094
1.18,-14.56,32.574094
1.18,-13.38,32.574094
1.18,-12.2,32.574094
1.18,-11.02,32.574094
1.18,-9.84,32.574094
1.18,-8.66,32.574094
1.18,-7.48,32.574094
1.18,-6.3,32.574094
1.18,-5.12,32.574094
1.18,-3.94,32.574094
1.18,-2.76,32.574094
1.18,-1.58,32.574094
1.18,-0.400000000000002,32.574094
1.18,0.779999999999998,32.574094
1.18,1.96,32.574094
1.18,3.14,32.574094
1.18,4.32,32.574094
1.18,5.5,32.574094
1.18,6.68,32.574094
1.18,7.86,32.574094
1.18,9.04,32.574094
1.18,10.22,32.574094
1.18,11.4,32.574094
1.18,12.58,32.574094
1.18,13.76,32.574094
1.18,14.94,32.574094
1.18,16.12,32.574094
1.18,17.3,32.574094
1.18,18.48,32.574094
2.36,-18.1,32.574094
2.36,-16.92,32.574094
2.36,-15.74,32.574094
2.36,-14.56,32.574094
2.36,-13.38,32.574094
2.36,-12.2,32.574094
2.36,-11.02,32.574094
2.36,-9.84,32.574094
2.36,-8.66,32.574094
2.36,-7.48,32.574094
2.36,-6.3,32.574094
2.36,-5.12,32.574094
2.36,-3.94,32.574094
2.36,-2.76,32.574094
2.36,-1.58,32.574094
2.36,-0.400000000000002,32.574094
2.36,0.779999999999998,32.574094
2.36,1.96,32.574094
2.36,3.14,32.574094
2.36,4.32,32.574094
2.36,5.5,32.574094
2.36,6.68,32.574094
2.36,7.86,32.574094
2.36,9.04,32.574094
2.36,10.22,32.574094
2.36,11.4,32.574094
2.36,12.58,32.574094
2.36,13.76,32.574094
2.36,14.94,32.574094
2.36,16.12,32.574094
2.36,17.3,32.574094
2.36,18.48,32.574094
3.54,-18.1,32.574094
3.54,-16.92,32.574094
3.54,-15.74,32.574094
3.54,-14.56,32.574094
3.54,-13.38,32.574094
3.54,-12.2,32.574094
3.54,-11.02,32.574094
3.54,-9.84,32.574094
3.54,-8.66,32.574094
3.54,-7.48,32.574094
3.54,-6.3,32.574094
3.54,-5.12,32.574094
3.54,-3.94,32.574094
3.54,-2.76,32.574094
3.54,-1.58,32.574094
3.54,-0.400000000000002,32.574094
3.54,0.779999999999998,32.574094
3.54,1.96,32.574094
3.54,3.14,32.574094
3.54,4.32,32.574094
3.54,5.5,32.574094
3.54,6.68,32.574094
3.54,7.86,32.574094
3.54,9.04,32.574094
3.54,10.22,32.574094
3.54,11.4,32.574094
3.54,12.58,32.574094
3.54,13.76,32.574094
3.54,14.94,32.574094
3.54,16.12,32.574094
3.54,17.3,32.574094
3.54,18.48,32.574094
4.72,-18.1,32.574094
4.72,-16.92,32.574094
4.72,-15.74,32.574094
4.72,-14.56,32.574094
4.72,-13.38,32.574094
4.72,-12.2,32.574094
4.72,-11.02,32.574094
4.72,-9.84,32.574094
4.72,-8.66,32.574094
4.72,-7.48,32.574094
4.72,-6.3,32.574094
4.72,-5.12,32.574094
4.72,-3.94,32.574094
4.72,-2.76,32.574094
4.72,-1.58,32.574094
4.72,-0.400000000000002,32.574094
4.72,0.779999999999998,32.574094
4.72,1.96,32.574094
4.72,3.14,32.574094
4.72,4.32,32.574094
4.72,5.5,32.574094
4.72,6.68,32.574094
4.72,7.86,32.574094
4.72,9.04,32.574094
4.72,10.22,32.574094
4.72,11.4,32.574094
4.72,12.58,32.574094
4.72,13.76,32.574094
4.72,14.94,32.574094
4.72,16.12,32.574094
4.72,17.3,32.574094
4.72,18.48,32.574094
5.9,-18.1,32.574094
5.9,-16.92,32.574094
5.9,-15.74,32.574094
5.9,-14.56,32.574094
5.9,-13.38,32.574094
5.9,-12.2,32.574094
5.9,-11.02,32.574094
5.9,-9.84,32.574094
5.9,-8.66,32.574094
5.9,-7.48,32.574094
5.9,-6.3,32.574094
5.9,-5.12,32.574094
5.9,-3.94,32.574094
5.9,-2.76,32.574094
5.9,-1.58,32.574094
5.9,-0.400000000000002,32.574094
5.9,0.779999999999998,32.574094
5.9,1.96,32.574094
5.9,3.14,32.574094
5.9,4.32,32.574094
5.9,5.5,32.574094
5.9,6.68,32.574094
5.9,7.86,32.574094
5.9,9.04,32.574094
5.9,10.22,32.574094
5.9,11.4,32.574094
5.9,12.58,32.574094
5.9,13.76,32.574094
5.9,14.94,32.574094
5.9,16.12,32.574094
5.9,17.3,32.574094
5.9,18.48,32.574094
7.08,-18.1,32.574094
7.08,-16.92,32.574094
7.08,-15.74,32.574094
7.08,-14.56,32.574094
7.08,-13.38,32.574094
7.08,-12.2,32.574094
7.08,-11.02,32.574094
7.08,-9.84,32.574094
7.08,-8.66,32.574094
7.08,-7.48,32.574094
7.08,-6.3,32.574094
7.08,-5.12,32.574094
7.08,-3.94,32.574094
7.08,-2.76,32.574094
7.08,-1.58,32.574094
7.08,-0.400000000000002,32.574094
7.08,0.779999999999998,32.574094
7.08,1.96,32.574094
7.08,3.14,32.574094
7.08,4.32,32.574094
7.08,5.5,32.574094
7.08,6.68,32.574094
7.08,7.86,32.574094
7.08,9.04,32.574094
7.08,10.22,32.574094
7.08,11.4,32.574094
7.08,12.58,32.574094
7.08,13.76,32.574094
7.08,14.94,32.574094
7.08,16.12,32.574094
7.08,17.3,32.574094
7.08,18.48,32.574094
8.26,-18.1,32.574094
8.26,-16.92,32.574094
8.26,-15.74,32.574094
8.26,-14.56,32.574094
8.26,-13.38,32.574094
8.26,-12.2,32.574094
8.26,-11.02,32.574094
8.26,-9.84,32.574094
8.26,-8.66,32.574094
8.26,-7.48,32.574094
8.26,-6.3,32.574094
8.26,-5.12,32.574094
8.26,-3.94,32.574094
8.26,-2.76,32.574094
8.26,-1.58,32.574094
8.26,-0.400000000000002,32.574094
8.26,0.779999999999998,32.574094
8.26,1.96,32.574094
8.26,3.14,32.574094
8.26,4.32,32.574094
8.26,5.5,32.574094
8.26,6.68,32.574094
8.26,7.86,32.574094
8.26,9.04,32.574094
8.26,10.22,32.574094
8.26,11.4,32.574094
8.26,12.58,32.574094
8.26,13.76,32.574094
8.26,14.94,32.574094
8.26,16.12,32.574094
8.26,17.3,32.574094
8.26,18.48,32.574094
9.44,-18.1,32.574094
9.44,-16.92,32.574094
9.44,-15.74,32.574094
9.44,-14.56,32.574094
9.44,-13.38,32.574094
9.44,-12.2,32.574094
9.44,-11.02,32.574094
9.44,-9.84,32.574094
9.44,-8.66,32.574094
9.44,-7.48,32.574094
9.44,-6.3,32.574094
9.44,-5.12,32.574094
9.44,-3.94,32.574094
9.44,-2.76,32.574094
9.44,-1.58,32.574094
9.44,-0.400000000000002,32.574094
9.44,0.779999999999998,32.574094
9.44,1.96,32.574094
9.44,3.14,32.574094
9.44,4.32,32.574094
9.44,5.5,32.574094
9.44,6.68,32.574094
9.44,7.86,32.574094
9.44,9.04,32.574094
9.44,10.22,32.574094
9.44,11.4,32.574094
9.44,12.58,32.574094
9.44,13.76,32.574094
9.44,14.94,32.574094
9.44,16.12,32.574094
9.44,17.3,32.574094
9.44,18.48,32.574094
10.62,-18.1,32.574094
10.62,-16.92,32.574094
10.62,-15.74,32.574094
10.62,-14.56,32.574094
10.62,-13.38,32.574094
10.62,-12.2,32.574094
10.62,-11.02,32.574094
10.62,-9.84,32.574094
10.62,-8.66,32.574094
10.62,-7.48,32.574094
10.62,-6.3,32.574094
10.62,-5.12,32.574094
10.62,-3.94,32.574094
10.62,-2.76,32.574094
10.62,-1.58,32.574094
10.62,-0.400000000000002,32.574094
10.62,0.779999999999998,32.574094
10.62,1.96,32.574094
10.62,3.14,32.574094
10.62,4.32,32.574094
10.62,5.5,32.574094
10.62,6.68,32.574094
10.62,7.86,32.574094
10.62,9.04,32.574094
10.62,10.22,32.574094
10.62,11.4,32.574094
10.62,12.58,32.574094
10.62,13.76,32.574094
10.62,14.94,32.574094
10.62,16.12,32.574094
10.62,17.3,32.574094
10.62,18.48,32.574094
0,-16.92,33.194094
1.18,-16.92,33.194094
2.36,-16.92,33.194094
3.54,-16.92,33.194094
4.72,-16.92,33.194094
5.9,-16.92,33.194094
7.08,-16.92,33.194094
8.26,-16.92,33.194094
9.44,-16.92,33.194094
10.62,-16.92,33.194094
0,-15.74,33.194094
1.18,-15.74,33.194094
2.36,-15.74,33.194094
3.54,-15.74,33.194094
4.72,-15.74,33.194094
5.9,-15.74,33.194094
7.08,-15.74,33.194094
8.26,-15.74,33.194094
9.44,-15.74,33.194094
10.62,-15.74,33.194094
0,-14.56,33.194094
1.18,-14.56,33.194094
2.36,-14.56,33.194094
3.54,-14.56,33.194094
4.72,-14.56,33.194094
5.9,-14.56,33.194094
7.08,-14.56,33.194094
8.26,-14.56,33.194094
9.44,-14.56,33.194094
10.62,-14.56,33.194094
0,-13.38,33.194094
1.18,-13.38,33.194094
2.36,-13.38,33.194094
3.54,-13.38,33.194094
4.72,-13.38,33.194094
5.9,-13.38,33.194094
7.08,-13.38,33.194094
8.26,-13.38,33.194094
9.44,-13.38,33.194094
10.62,-13.38,33.194094
0,-12.2,33.194094
1.18,-12.2,33.194094
2.36,-12.2,33.194094
3.54,-12.2,33.194094
4.72,-12.2,33.194094
5.9,-12.2,33.194094
7.08,-12.2,33.194094
8.26,-12.2,33.194094
9.44,-12.2,33.194094
10.62,-12.2,33.194094
0,-11.02,33.194094
1.18,-11.02,33.194094
2.36,-11.02,33.194094
3.54,-11.02,33.194094
4.72,-11.02,33.194094
5.9,-11.02,33.194094
7.08,-11.02,33.194094
8.26,-11.02,33.194094
9.44,-11.02,33.194094
10.62,-11.02,33.194094
0,-9.84,33.194094
1.18,-9.84,33.194094
2.36,-9.84,33.194094
3.54,-9.84,33.194094
4.72,-9.84,33.194094
5.9,-9.84,33.194094
7.08,-9.84,33.194094
8.26,-9.84,33.194094
9.44,-9.84,33.194094
10.62,-9.84,33.194094
0,-8.66,33.194094
1.18,-8.66,33.194094
2.36,-8.66,33.194094
3.54,-8.66,33.194094
4.72,-8.66,33.194094
5.9,-8.66,33.194094
7.08,-8.66,33.194094
8.26,-8.66,33.194094
9.44,-8.66,33.194094
10.62,-8.66,33.194094
0,-7.48,33.194094
1.18,-7.48,33.194094
2.36,-7.48,33.194094
3.54,-7.48,33.194094
4.72,-7.48,33.194094
5.9,-7.48,33.194094
7.08,-7.48,33.194094
8.26,-7.48,33.194094
9.44,-7.48,33.194094
10.62,-7.48,33.194094
0,-6.3,33.194094
1.18,-6.3,33.194094
2.36,-6.3,33.194094
3.54,-6.3,33.194094
4.72,-6.3,33.194094
5.9,-6.3,33.194094
7.08,-6.3,33.194094
8.26,-6.3,33.194094
9.44,-6.3,33.194094
10.62,-6.3,33.194094
0,-5.12,33.194094
1.18,-5.12,33.194094
2.36,-5.12,33.194094
3.54,-5.12,33.194094
4.72,-5.12,33.194094
5.9,-5.12,33.194094
7.08,-5.12,33.194094
8.26,-5.12,33.194094
9.44,-5.12,33.194094
10.62,-5.12,33.194094
0,-3.94,33.194094
1.18,-3.94,33.194094
2.36,-3.94,33.194094
3.54,-3.94,33.194094
4.72,-3.94,33.194094
5.9,-3.94,33.194094
7.08,-3.94,33.194094
8.26,-3.94,33.194094
9.44,-3.94,33.194094
10.62,-3.94,33.194094
0,-2.76,33.194094
1.18,-2.76,33.194094
2.36,-2.76,33.194094
3.54,-2.76,33.194094
4.72,-2.76,33.194094
5.9,-2.76,33.194094
7.08,-2.76,33.194094
8.26,-2.76,33.194094
9.44,-2.76,33.194094
10.62,-2.76,33.194094
0,-1.58,33.194094
1.18,-1.58,33.194094
2.36,-1.58,33.194094
3.54,-1.58,33.194094
4.72,-1.58,33.194094
5.9,-1.58,33.194094
7.08,-1.58,33.194094
8.26,-1.58,33.194094
9.44,-1.58,33.194094
10.62,-1.58,33.194094
0,-0.400000000000002,33.194094
1.18,-0.400000000000002,33.194094
2.36,-0.400000000000002,33.194094
3.54,-0.400000000000002,33.194094
4.72,-0.400000000000002,33.194094
5.9,-0.400000000000002,33.194094
7.08,-0.400000000000002,33.194094
8.26,-0.400000000000002,33.194094
9.44,-0.400000000000002,33.194094
10.62,-0.400000000000002,33.194094
0,0.779999999999998,33.194094
1.18,0.779999999999998,33.194094
2.36,0.779999999999998,33.194094
3.54,0.779999999999998,33.194094
4.72,0.779999999999998,33.194094
5.9,0.779999999999998,33.194094
7.08,0.779999999999998,33.194094
8.26,0.779999999999998,33.194094
9.44,0.779999999999998,33.194094
10.62,0.779999999999998,33.194094
0,1.96,33.194094
1.18,1.96,33.194094
2.36,1.96,33.194094
3.54,1.96,33.194094
4.72,1.96,33.194094
5.9,1.96,33.194094
7.08,1.96,33.194094
8.26,1.96,33.194094
9.44,1.96,33.194094
10.62,1.96,33.194094
0,3.14,33.194094
1.18,3.14,33.194094
2.36,3.14,33.194094
3.54,3.14,33.194094
4.72,3.14,33.194094
5.9,3.14,33.194094
7.08,3.14,33.194094
8.26,3.14,33.194094
9.44,3.14,33.194094
10.62,3.14,33.194094
0,4.32,33.194094
1.18,4.32,33.194094
2.36,4.32,33.194094
3.54,4.32,33.194094
4.72,4.32,33.194094
5.9,4.32,33.194094
7.08,4.32,33.194094
8.26,4.32,33.194094
9.44,4.32,33.194094
10.62,4.32,33.194094
0,5.5,33.194094
1.18,5.5,33.194094
2.36,5.5,33.194094
3.54,5.5,33.194094
4.72,5.5,33.194094
5.9,5.5,33.194094
7.08,5.5,33.194094
8.26,5.5,33.194094
9.44,5.5,33.194094
10.62,5.5,33.194094
0,6.68,33.194094
1.18,6.68,33.194094
2.36,6.68,33.194094
3.54,6.68,33.194094
4.72,6.68,33.194094
5.9,6.68,33.194094
7.08,6.68,33.194094
8.26,6.68,33.194094
9.44,6.68,33.194094
10.62,6.68,33.194094
0,7.86,33.194094
1.18,7.86,33.194094
2.36,7.86,33.194094
3.54,7.86,33.194094
4.72,7.86,33.194094
5.9,7.86,33.194094
7.08,7.86,33.194094
8.26,7.86,33.194094
9.44,7.86,33.194094
10.62,7.86,33.194094
0,9.04,33.194094
1.18,9.04,33.194094
2.36,9.04,33.194094
3.54,9.04,33.194094
4.72,9.04,33.194094
5.9,9.04,33.194094
7.08,9.04,33.194094
8.26,9.04,33.194094
9.44,9.04,33.194094
10.62,9.04,33.194094
0,10.22,33.194094
1.18,10.22,33.194094
2.36,10.22,33.194094
3.54,10.22,33.194094
4.72,10.22,33.194094
5.9,10.22,33.194094
7.08,10.22,33.194094
8.26,10.22,33.194094
9.44,10.22,33.194094
10.62,10.22,33.194094
0,11.4,33.194094
1.18,11.4,33.194094
2.36,11.4,33.194094
3.54,11.4,33.194094
4.72,11.4,33.194094
5.9,11.4,33.194094
7.08,11.4,33.194094
8.26,11.4,33.194094
9.44,11.4,33.194094
10.62,11.4,33.194094
0,12.58,33.194094
1.18,12.58,33.194094
2.36,12.58,33.194094
3.54,12.58,33.194094
4.72,12.58,33.194094
5.9,12.58,33.194094
7.08,12.58,33.194094
8.26,12.58,33.194094
9.44,12.58,33.194094
10.62,12.58,33.194094
0,13.76,33.194094
1.18,13.76,33.194094
2.36,13.76,33.194094
3.54,13.76,33.194094
4.72,13.76,33.194094
5.9,13.76,33.194094
7.08,13.76,33.194094
8.26,13.76,33.194094
9.44,13.76,33.194094
10.62,13.76,33.194094
0,14.94,33.194094
1.18,14.94,33.194094
2.36,14.94,33.194094
3.54,14.94,33.194094
4.72,14.94,33.194094
5.9,14.94,33.194094
7.08,14.94,33.194094
8.26,14.94,33.194094
9.44,14.94,33.194094
10.62,14.94,33.194094
0,16.12,33.194094
1.18,16.12,33.194094
2.36,16.12,33.194094
3.54,16.12,33.194094
4.72,16.12,33.194094
5.9,16.12,33.194094
7.08,16.12,33.194094
8.26,16.12,33.194094
9.44,16.12,33.194094
10.62,16.12,33.194094
0,17.3,33.194094
1.18,17.3,33.194094
2.36,17.3,33.194094
3.54,17.3,33.194094
4.72,17.3,33.194094
5.9,17.3,33.194094
7.08,17.3,33.194094
8.26,17.3,33.194094
9.44,17.3,33.194094
10.62,17.3,33.194094
0,-15.74,33.814094
0,-14.56,33.814094
0,-13.38,33.814094
0,-12.2,33.814094
0,-11.02,33.814094
0,-9.84,33.814094
0,-8.66,33.814094
0,-7.48,33.814094
0,-6.3,33.814094
0,-5.12,33.814094
0,-3.94,33.814094
0,-2.76,33.814094
0,-1.58,33.814094
0,-0.400000000000002,33.814094
0,0.779999999999998,33.814094
0,1.96,33.814094
0,3.14,33.814094
0,4.32,33.814094
0,5.5,33.814094
0,6.68,33.814094
0,7.86,33.814094
0,9.04,33.814094
0,10.22,33.814094
0,11.4,33.814094
0,12.58,33.814094
0,13.76,33.814094
0,14.94,33.814094
0,16.12,33.814094
1.18,-15.74,33.814094
1.18,-14.56,33.814094
1.18,-13.38,33.814094
1.18,-12.2,33.814094
1.18,-11.02,33.814094
1.18,-9.84,33.814094
1.18,-8.66,33.814094
1.18,-7.48,33.814094
1.18,-6.3,33.814094
1.18,-5.12,33.814094
1.18,-3.94,33.814094
1.18,-2.76,33.814094
1.18,-1.58,33.814094
1.18,-0.400000000000002,33.814094
1.18,0.779999999999998,33.814094
1.18,1.96,33.814094
1.18,3.14,33.814094
1.18,4.32,33.814094
1.18,5.5,33.814094
1.18,6.68,33.814094
1.18,7.86,33.814094
1.18,9.04,33.814094
1.18,10.22,33.814094
1.18,11.4,33.814094
1.18,12.58,33.814094
1.18,13.76,33.814094
1.18,14.94,33.814094
1.18,16.12,33.814094
2.36,-15.74,33.814094
2.36,-14.56,33.814094
2.36,-13.38,33.814094
2.36,-12.2,33.814094
2.36,-11.02,33.814094
2.36,-9.84,33.814094
2.36,-8.66,33.814094
2.36,-7.48,33.814094
2.36,-6.3,33.814094
2.36,-5.12,33.814094
2.36,-3.94,33.814094
2.36,-2.76,33.814094
2.36,-1.58,33.814094
2.36,-0.400000000000002,33.814094
2.36,0.779999999999998,33.814094
2.36,1.96,33.814094
2.36,3.14,33.814094
2.36,4.32,33.814094
2.36,5.5,33.814094
2.36,6.68,33.814094
2.36,7.86,33.814094
2.36,9.04,33.814094
2.36,10.22,33.814094
2.36,11.4,33.814094
2.36,12.58,33.814094
2.36,13.76,33.814094
2.36,14.94,33.814094
2.36,16.12,33.814094
3.54,-15.74,33.814094
3.54,-14.56,33.814094
3.54,-13.38,33.814094
3.54,-12.2,33.814094
3.54,-11.02,33.814094
3.54,-9.84,33.814094
3.54,-8.66,33.814094
3.54,-7.48,33.814094
3.54,-6.3,33.814094
3.54,-5.12,33.814094
3.54,-3.94,33.814094
3.54,-2.76,33.814094
3.54,-1.58,33.814094
3.54,-0.400000000000002,33.814094
3.54,0.779999999999998,33.814094
3.54,1.96,33.814094
3.54,3.14,33.814094
3.54,4.32,33.814094
3.54,5.5,33.814094
3.54,6.68,33.814094
3.54,7.86,33.814094
3.54,9.04,33.814094
3.54,10.22,33.814094
3.54,11.4,33.814094
3.54,12.58,33.814094
3.54,13.76,33.814094
3.54,14.94,33.814094
3.54,16.12,33.814094
4.72,-15.74,33.814094
4.72,-14.56,33.814094
4.72,-13.38,33.814094
4.72,-12.2,33.814094
4.72,-11.02,33.814094
4.72,-9.84,33.814094
4.72,-8.66,33.814094
4.72,-7.48,33.814094
4.72,-6.3,33.814094
4.72,-5.12,33.814094
4.72,-3.94,33.814094
4.72,-2.76,33.814094
4.72,-1.58,33.814094
4.72,-0.400000000000002,33.814094
4.72,0.779999999999998,33.814094
4.72,1.96,33.814094
4.72,3.14,33.814094
4.72,4.32,33.814094
4.72,5.5,33.814094
4.72,6.68,33.814094
4.72,7.86,33.814094
4.72,9.04,33.814094
4.72,10.22,33.814094
4.72,11.4,33.814094
4.72,12.58,33.814094
4.72,13.76,33.814094
4.72,14.94,33.814094
4.72,16.12,33.814094
5.9,-15.74,33.814094
5.9,-14.56,33.814094
5.9,-13.38,33.814094
5.9,-12.2,33.814094
5.9,-11.02,33.814094
5.9,-9.84,33.814094
5.9,-8.66,33.814094
5.9,-7.48,33.814094
5.9,-6.3,33.814094
5.9,-5.12,33.814094
5.9,-3.94,33.814094
5.9,-2.76,33.814094
5.9,-1.58,33.814094
5.9,-0.400000000000002,33.814094
5.9,0.779999999999998,33.814094
5.9,1.96,33.814094
5.9,3.14,33.814094
5.9,4.32,33.814094
5.9,5.5,33.814094
5.9,6.68,33.814094
5.9,7.86,33.814094
5.9,9.04,33.814094
5.9,10.22,33.814094
5.9,11.4,33.814094
5.9,12.58,33.814094
5.9,13.76,33.814094
5.9,14.94,33.814094
5.9,16.12,33.814094
7.08,-15.74,33.814094
7.08,-14.56,33.814094
7.08,-13.38,33.814094
7.08,-12.2,33.814094
7.08,-11.02,33.814094
7.08,-9.84,33.814094
7.08,-8.66,33.814094
7.08,-7.48,33.814094
7.08,-6.3,33.814094
7.08,-5.12,33.814094
7.08,-3.94,33.814094
7.08,-2.76,33.814094
7.08,-1.58,33.814094
7.08,-0.400000000000002,33.814094
7.08,0.779999999999998,33.814094
7.08,1.96,33.814094
7.08,3.14,33.814094
7.08,4.32,33.814094
7.08,5.5,33.814094
7.08,6.68,33.814094
7.08,7.86,33.814094
7.08,9.04,33.814094
7.08,10.22,33.814094
7.08,11.4,33.814094
7.08,12.58,33.814094
7.08,13.76,33.814094
7.08,14.94,33.814094
7.08,16.12,33.814094
8.26,-15.74,33.814094
8.26,-14.56,33.814094
8.26,-13.38,33.814094
8.26,-12.2,33.814094
8.26,-11.02,33.814094
8.26,-9.84,33.814094
8.26,-8.66,33.814094
8.26,-7.48,33.814094
8.26,-6.3,33.814094
8.26,-5.12,33.814094
8.26,-3.94,33.814094
8.26,-2.76,33.814094
8.26,-1.58,33.814094
8.26,-0.400000000000002,33.814094
8.26,0.779999999999998,33.814094
8.26,1.96,33.814094
8.26,3.14,33.814094
8.26,4.32,33.814094
8.26,5.5,33.814094
8.26,6.68,33.814094
8.26,7.86,33.814094
8.26,9.04,33.814094
8.26,10.22,33.814094
8.26,11.4,33.814094
8.26,12.58,33.814094
8.26,13.76,33.814094
8.26,14.94,33.814094
8.26,16.12,33.814094
9.44,-15.74,33.814094
9.44,-14.56,33.814094
9.44,-13.38,33.814094
9.44,-12.2,33.814094
9.44,-11.02,33.814094
9.44,-9.84,33.814094
9.44,-8.66,33.814094
9.44,-7.48,33.814094
9.44,-6.3,33.814094
9.44,-5.12,33.814094
9.44,-3.94,33.814094
9.44,-2.76,33.814094
9.44,-1.58,33.814094
9.44,-0.400000000000002,33.814094
9.44,0.779999999999998,33.814094
9.44,1.96,33.814094
9.44,3.14,33.814094
9.44,4.32,33.814094
9.44,5.5,33.814094
9.44,6.68,33.814094
9.44,7.86,33.814094
9.44,9.04,33.814094
9.44,10.22,33.814094
9.44,11.4,33.814094
9.44,12.58,33.814094
9.44,13.76,33.814094
9.44,14.94,33.814094
9.44,16.12,33.814094
10.62,-15.74,33.814094
10.62,-14.56,33.814094
10.62,-13.38,33.814094
10.62,-12.2,33.814094
10.62,-11.02,33.814094
10.62,-9.84,33.814094
10.62,-8.66,33.814094
10.62,-7.48,33.814094
10.62,-6.3,33.814094
10.62,-5.12,33.814094
10.62,-3.94,33.814094
10.62,-2.76,33.814094
10.62,-1.58,33.814094
10.62,-0.400000000000002,33.814094
10.62,0.779999999999998,33.814094
10.62,1.96,33.814094
10.62,3.14,33.814094
10.62,4.32,33.814094
10.62,5.5,33.814094
10.62,6.68,33.814094
10.62,7.86,33.814094
10.62,9.04,33.814094
10.62,10.22,33.814094
10.62,11.4,33.814094
10.62,12.58,33.814094
10.62,13.76,33.814094
10.62,14.94,33.814094
10.62,16.12,33.814094
0,-15.74,34.434094
1.18,-15.74,34.434094
2.36,-15.74,34.434094
3.54,-15.74,34.434094
4.72,-15.74,34.434094
5.9,-15.74,34.434094
7.08,-15.74,34.434094
8.26,-15.74,34.434094
9.44,-15.74,34.434094
10.62,-15.74,34.434094
0,-14.56,34.434094
1.18,-14.56,34.434094
2.36,-14.56,34.434094
3.54,-14.56,34.434094
4.72,-14.56,34.434094
5.9,-14.56,34.434094
7.08,-14.56,34.434094
8.26,-14.56,34.434094
9.44,-14.56,34.434094
10.62,-14.56,34.434094
0,-13.38,34.434094
1.18,-13.38,34.434094
2.36,-13.38,34.434094
3.54,-13.38,34.434094
4.72,-13.38,34.434094
5.9,-13.38,34.434094
7.08,-13.38,34.434094
8.26,-13.38,34.434094
9.44,-13.38,34.434094
10.62,-13.38,34.434094
0,-12.2,34.434094
1.18,-12.2,34.434094
2.36,-12.2,34.434094
3.54,-12.2,34.434094
4.72,-12.2,34.434094
5.9,-12.2,34.434094
7.08,-12.2,34.434094
8.26,-12.2,34.434094
9.44,-12.2,34.434094
10.62,-12.2,34.434094
0,-11.02,34.434094
1.18,-11.02,34.434094
2.36,-11.02,34.434094
3.54,-11.02,34.434094
4.72,-11.02,34.434094
5.9,-11.02,34.434094
7.08,-11.02,34.434094
8.26,-11.02,34.434094
9.44,-11.02,34.434094
10.62,-11.02,34.434094
0,-9.84,34.434094
1.18,-9.84,34.434094
2.36,-9.84,34.434094
3.54,-9.84,34.434094
4.72,-9.84,34.434094
5.9,-9.84,34.434094
7.08,-9.84,34.434094
8.26,-9.84,34.434094
9.44,-9.84,34.434094
10.62,-9.84,34.434094
0,-8.66,34.434094
1.18,-8.66,34.434094
2.36,-8.66,34.434094
3.54,-8.66,34.434094
4.72,-8.66,34.434094
5.9,-8.66,34.434094
7.08,-8.66,34.434094
8.26,-8.66,34.434094
9.44,-8.66,34.434094
10.62,-8.66,34.434094
0,-7.48,34.434094
1.18,-7.48,34.434094
2.36,-7.48,34.434094
3.54,-7.48,34.434094
4.72,-7.48,34.434094
5.9,-7.48,34.434094
7.08,-7.48,34.434094
8.26,-7.48,34.434094
9.44,-7.48,34.434094
10.62,-7.48,34.434094
0,-6.3,34.434094
1.18,-6.3,34.434094
2.36,-6.3,34.434094
3.54,-6.3,34.434094
4.72,-6.3,34.434094
5.9,-6.3,34.434094
7.08,-6.3,34.434094
8.26,-6.3,34.434094
9.44,-6.3,34.434094
10.62,-6.3,34.434094
0,-5.12,34.434094
1.18,-5.12,34.434094
2.36,-5.12,34.434094
3.54,-5.12,34.434094
4.72,-5.12,34.434094
5.9,-5.12,34.434094
7.08,-5.12,34.434094
8.26,-5.12,34.434094
9.44,-5.12,34.434094
10.62,-5.12,34.434094
0,-3.94,34.434094
1.18,-3.94,34.434094
2.36,-3.94,34.434094
3.54,-3.94,34.434094
4.72,-3.94,34.434094
5.9,-3.94,34.434094
7.08,-3.94,34.434094
8.26,-3.94,34.434094
9.44,-3.94,34.434094
10.62,-3.94,34.434094
0,-2.76,34.434094
1.18,-2.76,34.434094
2.36,-2.76,34.434094
3.54,-2.76,34.434094
4.72,-2.76,34.434094
5.9,-2.76,34.434094
7.08,-2.76,34.434094
8.26,-2.76,34.434094
9.44,-2.76,34.434094
10.62,-2.76,34.434094
0,-1.58,34.434094
1.18,-1.58,34.434094
2.36,-1.58,34.434094
3.54,-1.58,34.434094
4.72,-1.58,34.434094
5.9,-1.58,34.434094
7.08,-1.58,34.434094
8.26,-1.58,34.434094
9.44,-1.58,34.434094
10.62,-1.58,34.434094
0,-0.400000000000002,34.434094
1.18,-0.400000000000002,34.434094
2.36,-0.400000000000002,34.434094
3.54,-0.400000000000002,34.434094
4.72,-0.400000000000002,34.434094
5.9,-0.400000000000002,34.434094
7.08,-0.400000000000002,34.434094
8.26,-0.400000000000002,34.434094
9.44,-0.400000000000002,34.434094
10.62,-0.400000000000002,34.434094
0,0.779999999999998,34.434094
1.18,0.779999999999998,34.434094
2.36,0.779999999999998,34.434094
3.54,0.779999999999998,34.434094
4.72,0.779999999999998,34.434094
5.9,0.779999999999998,34.434094
7.08,0.779999999999998,34.434094
8.26,0.779999999999998,34.434094
9.44,0.779999999999998,34.434094
10.62,0.779999999999998,34.434094
0,1.96,34.434094
1.18,1.96,34.434094
2.36,1.96,34.434094
3.54,1.96,34.434094
4.72,1.96,34.434094
5.9,1.96,34.434094
7.08,1.96,34.434094
8.26,1.96,34.434094
9.44,1.96,34.434094
10.62,1.96,34.434094
0,3.14,34.434094
1.18,3.14,34.434094
2.36,3.14,34.434094
3.54,3.14,34.434094
4.72,3.14,34.434094
5.9,3.14,34.434094
7.08,3.14,34.434094
8.26,3.14,34.434094
9.44,3.14,34.434094
10.62,3.14,34.434094
0,4.32,34.434094
1.18,4.32,34.434094
2.36,4.32,34.434094
3.54,4.32,34.434094
4.72,4.32,34.434094
5.9,4.32,34.434094
7.08,4.32,34.434094
8.26,4.32,34.434094
9.44,4.32,34.434094
10.62,4.32,34.434094
0,5.5,34.434094
1.18,5.5,34.434094
2.36,5.5,34.434094
3.54,5.5,34.434094
4.72,5.5,34.434094
5.9,5.5,34.434094
7.08,5.5,34.434094
8.26,5.5,34.434094
9.44,5.5,34.434094
10.62,5.5,34.434094
0,6.68,34.434094
1.18,6.68,34.434094
2.36,6.68,34.434094
3.54,6.68,34.434094
4.72,6.68,34.434094
5.9,6.68,34.434094
7.08,6.68,34.434094
8.26,6.68,34.434094
9.44,6.68,34.434094
10.62,6.68,34.434094
0,7.86,34.434094
1.18,7.86,34.434094
2.36,7.86,34.434094
3.54,7.86,34.434094
4.72,7.86,34.434094
5.9,7.86,34.434094
7.08,7.86,34.434094
8.26,7.86,34.434094
9.44,7.86,34.434094
10.62,7.86,34.434094
0,9.04,34.434094
1.18,9.04,34.434094
2.36,9.04,34.434094
3.54,9.04,34.434094
4.72,9.04,34.434094
5.9,9.04,34.434094
7.08,9.04,34.434094
8.26,9.04,34.434094
9.44,9.04,34.434094
10.62,9.04,34.434094
0,10.22,34.434094
1.18,10.22,34.434094
2.36,10.22,34.434094
3.54,10.22,34.434094
4.72,10.22,34.434094
5.9,10.22,34.434094
7.08,10.22,34.434094
8.26,10.22,34.434094
9.44,10.22,34.434094
10.62,10.22,34.434094
0,11.4,34.434094
1.18,11.4,34.434094
2.36,11.4,34.434094
3.54,11.4,34.434094
4.72,11.4,34.434094
5.9,11.4,34.434094
7.08,11.4,34.434094
8.26,11.4,34.434094
9.44,11.4,34.434094
10.62,11.4,34.434094
0,12.58,34.434094
1.18,12.58,34.434094
2.36,12.58,34.434094
3.54,12.58,34.434094
4.72,12.58,34.434094
5.9,12.58,34.434094
7.08,12.58,34.434094
8.26,12.58,34.434094
9.44,12.58,34.434094
10.62,12.58,34.434094
0,13.76,34.434094
1.18,13.76,34.434094
2.36,13.76,34.434094
3.54,13.76,34.434094
4.72,13.76,34.434094
5.9,13.76,34.434094
7.08,13.76,34.434094
8.26,13.76,34.434094
9.44,13.76,34.434094
10.62,13.76,34.434094
0,14.94,34.434094
1.18,14.94,34.434094
2.36,14.94,34.434094
3.54,14.94,34.434094
4.72,14.94,34.434094
5.9,14.94,34.434094
7.08,14.94,34.434094
8.26,14.94,34.434094
9.44,14.94,34.434094
10.62,14.94,34.434094
0,-14.56,35.054094
0,-13.38,35.054094
0,-12.2,35.054094
0,-11.02,35.054094
0,-9.84,35.054094
0,-8.66,35.054094
0,-7.48,35.054094
0,-6.3,35.054094
0,-5.12,35.054094
0,-3.94,35.054094
0,-2.76,35.054094
0,-1.58,35.054094
0,-0.400000000000002,35.054094
0,0.779999999999998,35.054094
0,1.96,35.054094
0,3.14,35.054094
0,4.32,35.054094
0,5.5,35.054094
0,6.68,35.054094
0,7.86,35.054094
0,9.04,35.054094
0,10.22,35.054094
0,11.4,35.054094
0,12.58,35.054094
0,13.76,35.054094
1.18,-14.56,35.054094
1.18,-13.38,35.054094
1.18,-12.2,35.054094
1.18,-11.02,35.054094
1.18,-9.84,35.054094
1.18,-8.66,35.054094
1.18,-7.48,35.054094
1.18,-6.3,35.054094
1.18,-5.12,35.054094
1.18,-3.94,35.054094
1.18,-2.76,35.054094
1.18,-1.58,35.054094
1.18,-0.400000000000002,35.054094
1.18,0.779999999999998,35.054094
1.18,1.96,35.054094
1.18,3.14,35.054094
1.18,4.32,35.054094
1.18,5.5,35.054094
1.18,6.68,35.054094
1.18,7.86,35.054094
1.18,9.04,35.054094
1.18,10.22,35.054094
1.18,11.4,35.054094
1.18,12.58,35.054094
1.18,13.76,35.054094
2.36,-14.56,35.054094
2.36,-13.38,35.054094
2.36,-12.2,35.054094
2.36,-11.02,35.054094
2.36,-9.84,35.054094
2.36,-8.66,35.054094
2.36,-7.48,35.054094
2.36,-6.3,35.054094
2.36,-5.12,35.054094
2.36,-3.94,35.054094
2.36,-2.76,35.054094
2.36,-1.58,35.054094
2.36,-0.400000000000002,35.054094
2.36,0.779999999999998,35.054094
2.36,1.96,35.054094
2.36,3.14,35.054094
2.36,4.32,35.054094
2.36,5.5,35.054094
2.36,6.68,35.054094
2.36,7.86,35.054094
2.36,9.04,35.054094
2.36,10.22,35.054094
2.36,11.4,35.054094
2.36,12.58,35.054094
2.36,13.76,35.054094
3.54,-14.56,35.054094
3.54,-13.38,35.054094
3.54,-12.2,35.054094
3.54,-11.02,35.054094
3.54,-9.84,35.054094
3.54,-8.66,35.054094
3.54,-7.48,35.054094
3.54,-6.3,35.054094
3.54,-5.12,35.054094
3.54,-3.94,35.054094
3.54,-2.76,35.054094
3.54,-1.58,35.054094
3.54,-0.400000000000002,35.054094
3.54,0.779999999999998,35.054094
3.54,1.96,35.054094
3.54,3.14,35.054094
3.54,4.32,35.054094
3.54,5.5,35.054094
3.54,6.68,35.054094
3.54,7.86,35.054094
3.54,9.04,35.054094
3.54,10.22,35.054094
3.54,11.4,35.054094
3.54,12.58,35.054094
3.54,13.76,35.054094
4.72,-14.56,35.054094
4.72,-13.38,35.054094
4.72,-12.2,35.054094
4.72,-11.02,35.054094
4.72,-9.84,35.054094
4.72,-8.66,35.054094
4.72,-7.48,35.054094
4.72,-6.3,35.054094
4.72,-5.12,35.054094
4.72,-3.94,35.054094
4.72,-2.76,35.054094
4.72,-1.58,35.054094
4.72,-0.400000000000002,35.054094
4.72,0.779999999999998,35.054094
4.72,1.96,35.054094
4.72,3.14,35.054094
4.72,4.32,35.054094
4.72,5.5,35.054094
4.72,6.68,35.054094
4.72,7.86,35.054094
4.72,9.04,35.054094
4.72,10.22,35.054094
4.72,11.4,35.054094
4.72,12.58,35.054094
4.72,13.76,35.054094
5.9,-14.56,35.054094
5.9,-13.38,35.054094
5.9,-12.2,35.054094
5.9,-11.02,35.054094
5.9,-9.84,35.054094
5.9,-8.66,35.054094
5.9,-7.48,35.054094
5.9,-6.3,35.054094
5.9,-5.12,35.054094
5.9,-3.94,35.054094
5.9,-2.76,35.054094
5.9,-1.58,35.054094
5.9,-0.400000000000002,35.054094
5.9,0.779999999999998,35.054094
5.9,1.96,35.054094
5.9,3.14,35.054094
5.9,4.32,35.054094
5.9,5.5,35.054094
5.9,6.68,35.054094
5.9,7.86,35.054094
5.9,9.04,35.054094
5.9,10.22,35.054094
5.9,11.4,35.054094
5.9,12.58,35.054094
5.9,13.76,35.054094
7.08,-14.56,35.054094
7.08,-13.38,35.054094
7.08,-12.2,35.054094
7.08,-11.02,35.054094
7.08,-9.84,35.054094
7.08,-8.66,35.054094
7.08,-7.48,35.054094
7.08,-6.3,35.054094
7.08,-5.12,35.054094
7.08,-3.94,35.054094
7.08,-2.76,35.054094
7.08,-1.58,35.054094
7.08,-0.400000000000002,35.054094
7.08,0.779999999999998,35.054094
7.08,1.96,35.054094
7.08,3.14,35.054094
7.08,4.32,35.054094
7.08,5.5,35.054094
7.08,6.68,35.054094
7.08,7.86,35.054094
7.08,9.04,35.054094
7.08,10.22,35.054094
7.08,11.4,35.054094
7.08,12.58,35.054094
7.08,13.76,35.054094
8.26,-14.56,35.054094
8.26,-13.38,35.054094
8.26,-12.2,35.054094
8.26,-11.02,35.054094
8.26,-9.84,35.054094
8.26,-8.66,35.054094
8.26,-7.48,35.054094
8.26,-6.3,35.054094
8.26,-5.12,35.054094
8.26,-3.94,35.054094
8.26,-2.76,35.054094
8.26,-1.58,35.054094
8.26,-0.400000000000002,35.054094
8.26,0.779999999999998,35.054094
8.26,1.96,35.054094
8.26,3.14,35.054094
8.26,4.32,35.054094
8.26,5.5,35.054094
8.26,6.68,35.054094
8.26,7.86,35.054094
8.26,9.04,35.054094
8.26,10.22,35.054094
8.26,11.4,35.054094
8.26,12.58,35.054094
8.26,13.76,35.054094
9.44,-14.56,35.054094
9.44,-13.38,35.054094
9.44,-12.2,35.054094
9.44,-11.02,35.054094
9.44,-9.84,35.054094
9.44,-8.66,35.054094
9.44,-7.48,35.054094
9.44,-6.3,35.054094
9.44,-5.12,35.054094
9.44,-3.94,35.054094
9.44,-2.76,35.054094
9.44,-1.58,35.054094
9.44,-0.400000000000002,35.054094
9.44,0.779999999999998,35.054094
9.44,1.96,35.054094
9.44,3.14,35.054094
9.44,4.32,35.054094
9.44,5.5,35.054094
9.44,6.68,35.054094
9.44,7.86,35.054094
9.44,9.04,35.054094
9.44,10.22,35.054094
9.44,11.4,35.054094
9.44,12.58,35.054094
9.44,13.76,35.054094
10.62,-14.56,35.054094
10.62,-13.38,35.054094
10.62,-12.2,35.054094
10.62,-11.02,35.054094
10.62,-9.84,35.054094
10.62,-8.66,35.054094
10.62,-7.48,35.054094
10.62,-6.3,35.054094
10.62,-5.12,35.054094
10.62,-3.94,35.054094
10.62,-2.76,35.054094
10.62,-1.58,35.054094
10.62,-0.400000000000002,35.054094
10.62,0.779999999999998,35.054094
10.62,1.96,35.054094
10.62,3.14,35.054094
10.62,4.32,35.054094
10.62,5.5,35.054094
10.62,6.68,35.054094
10.62,7.86,35.054094
10.62,9.04,35.054094
10.62,10.22,35.054094
10.62,11.4,35.054094
10.62,12.58,35.054094
10.62,13.76,35.054094
0,-13.38,35.674094
1.18,-13.38,35.674094
2.36,-13.38,35.674094
3.54,-13.38,35.674094
4.72,-13.38,35.674094
5.9,-13.38,35.674094
7.08,-13.38,35.674094
8.26,-13.38,35.674094
9.44,-13.38,35.674094
10.62,-13.38,35.674094
0,-12.2,35.674094
1.18,-12.2,35.674094
2.36,-12.2,35.674094
3.54,-12.2,35.674094
4.72,-12.2,35.674094
5.9,-12.2,35.674094
7.08,-12.2,35.674094
8.26,-12.2,35.674094
9.44,-12.2,35.674094
10.62,-12.2,35.674094
0,-11.02,35.674094
1.18,-11.02,35.674094
2.36,-11.02,35.674094
3.54,-11.02,35.674094
4.72,-11.02,35.674094
5.9,-11.02,35.674094
7.08,-11.02,35.674094
8.26,-11.02,35.674094
9.44,-11.02,35.674094
10.62,-11.02,35.674094
0,-9.84,35.674094
1.18,-9.84,35.674094
2.36,-9.84,35.674094
3.54,-9.84,35.674094
4.72,-9.84,35.674094
5.9,-9.84,35.674094
7.08,-9.84,35.674094
8.26,-9.84,35.674094
9.44,-9.84,35.674094
10.62,-9.84,35.674094
0,-8.66,35.674094
1.18,-8.66,35.674094
2.36,-8.66,35.674094
3.54,-8.66,35.674094
4.72,-8.66,35.674094
5.9,-8.66,35.674094
7.08,-8.66,35.674094
8.26,-8.66,35.674094
9.44,-8.66,35.674094
10.62,-8.66,35.674094
0,-7.48,35.674094
1.18,-7.48,35.674094
2.36,-7.48,35.674094
3.54,-7.48,35.674094
4.72,-7.48,35.674094
5.9,-7.48,35.674094
7.08,-7.48,35.674094
8.26,-7.48,35.674094
9.44,-7.48,35.674094
10.62,-7.48,35.674094
0,-6.3,35.674094
1.18,-6.3,35.674094
2.36,-6.3,35.674094
3.54,-6.3,35.674094
4.72,-6.3,35.674094
5.9,-6.3,35.674094
7.08,-6.3,35.674094
8.26,-6.3,35.674094
9.44,-6.3,35.674094
10.62,-6.3,35.674094
0,-5.12,35.674094
1.18,-5.12,35.674094
2.36,-5.12,35.674094
3.54,-5.12,35.674094
4.72,-5.12,35.674094
5.9,-5.12,35.674094
7.08,-5.12,35.674094
8.26,-5.12,35.674094
9.44,-5.12,35.674094
10.62,-5.12,35.674094
0,-3.94,35.674094
1.18,-3.94,35.674094
2.36,-3.94,35.674094
3.54,-3.94,35.674094
4.72,-3.94,35.674094
5.9,-3.94,35.674094
7.08,-3.94,35.674094
8.26,-3.94,35.674094
9.44,-3.94,35.674094
10.62,-3.94,35.674094
0,-2.76,35.674094
1.18,-2.76,35.674094
2.36,-2.76,35.674094
3.54,-2.76,35.674094
4.72,-2.76,35.674094
5.9,-2.76,35.674094
7.08,-2.76,35.674094
8.26,-2.76,35.674094
9.44,-2.76,35.674094
10.62,-2.76,35.674094
0,-1.58,35.674094
1.18,-1.58,35.674094
2.36,-1.58,35.674094
3.54,-1.58,35.674094
4.72,-1.58,35.674094
5.9,-1.58,35.674094
7.08,-1.58,35.674094
8.26,-1.58,35.674094
9.44,-1.58,35.674094
10.62,-1.58,35.674094
0,-0.400000000000002,35.674094
1.18,-0.400000000000002,35.674094
2.36,-0.400000000000002,35.674094
3.54,-0.400000000000002,35.674094
4.72,-0.400000000000002,35.674094
5.9,-0.400000000000002,35.674094
7.08,-0.400000000000002,35.674094
8.26,-0.400000000000002,35.674094
9.44,-0.400000000000002,35.674094
10.62,-0.400000000000002,35.674094
0,0.779999999999998,35.674094
1.18,0.779999999999998,35.674094
2.36,0.779999999999998,35.674094
3.54,0.779999999999998,35.674094
4.72,0.779999999999998,35.674094
5.9,0.779999999999998,35.674094
7.08,0.779999999999998,35.674094
8.26,0.779999999999998,35.674094
9.44,0.779999999999998,35.674094
10.62,0.779999999999998,35.674094
0,1.96,35.674094
1.18,1.96,35.674094
2.36,1.96,35.674094
3.54,1.96,35.674094
4.72,1.96,35.674094
5.9,1.96,35.674094
7.08,1.96,35.674094
8.26,1.96,35.674094
9.44,1.96,35.674094
10.62,1.96,35.674094
0,3.14,35.674094
1.18,3.14,35.674094
2.36,3.14,35.674094
3.54,3.14,35.674094
4.72,3.14,35.674094
5.9,3.14,35.674094
7.08,3.14,35.674094
8.26,3.14,35.674094
9.44,3.14,35.674094
10.62,3.14,35.674094
0,4.32,35.674094
1.18,4.32,35.674094
2.36,4.32,35.674094
3.54,4.32,35.674094
4.72,4.32,35.674094
5.9,4.32,35.674094
7.08,4.32,35.674094
8.26,4.32,35.674094
9.44,4.32,35.674094
10.62,4.32,35.674094
0,5.5,35.674094
1.18,5.5,35.674094
2.36,5.5,35.674094
3.54,5.5,35.674094
4.72,5.5,35.674094
5.9,5.5,35.674094
7.08,5.5,35.674094
8.26,5.5,35.674094
9.44,5.5,35.674094
10.62,5.5,35.674094
0,6.68,35.674094
1.18,6.68,35.674094
2.36,6.68,35.674094
3.54,6.68,35.674094
4.72,6.68,35.674094
5.9,6.68,35.674094
7.08,6.68,35.674094
8.26,6.68,35.674094
9.44,6.68,35.674094
10.62,6.68,35.674094
0,7.86,35.674094
1.18,7.86,35.674094
2.36,7.86,35.674094
3.54,7.86,35.674094
4.72,7.86,35.674094
5.9,7.86,35.674094
7.08,7.86,35.674094
8.26,7.86,35.674094
9.44,7.86,35.674094
10.62,7.86,35.674094
0,9.04,35.674094
1.18,9.04,35.674094
2.36,9.04,35.674094
3.54,9.04,35.674094
4.72,9.04,35.674094
5.9,9.04,35.674094
7.08,9.04,35.674094
8.26,9.04,35.674094
9.44,9.04,35.674094
10.62,9.04,35.674094
0,10.22,35.674094
1.18,10.22,35.674094
2.36,10.22,35.674094
3.54,10.22,35.674094
4.72,10.22,35.674094
5.9,10.22,35.674094
7.08,10.22,35.674094
8.26,10.22,35.674094
9.44,10.22,35.674094
10.62,10.22,35.674094
0,11.4,35.674094
1.18,11.4,35.674094
2.36,11.4,35.674094
3.54,11.4,35.674094
4.72,11.4,35.674094
5.9,11.4,35.674094
7.08,11.4,35.674094
8.26,11.4,35.674094
9.44,11.4,35.674094
10.62,11.4,35.674094
0,12.58,35.674094
1.18,12.58,35.674094
2.36,12.58,35.674094
3.54,12.58,35.674094
4.72,12.58,35.674094
5.9,12.58,35.674094
7.08,12.58,35.674094
8.26,12.58,35.674094
9.44,12.58,35.674094
10.62,12.58,35.674094
0,13.76,35.674094
1.18,13.76,35.674094
2.36,13.76,35.674094
3.54,13.76,35.674094
4.72,13.76,35.674094
5.9,13.76,35.674094
7.08,13.76,35.674094
8.26,13.76,35.674094
9.44,13.76,35.674094
10.62,13.76,35.674094
0,-12.2,36.294094
0,-11.02,36.294094
0,-9.84,36.294094
0,-8.66,36.294094
0,-7.48,36.294094
0,-6.3,36.294094
0,-5.12,36.294094
0,-3.94,36.294094
0,-2.76,36.294094
0,-1.58,36.294094
0,-0.400000000000002,36.294094
0,0.779999999999998,36.294094
0,1.96,36.294094
0,3.14,36.294094
0,4.32,36.294094
0,5.5,36.294094
0,6.68,36.294094
0,7.86,36.294094
0,9.04,36.294094
0,10.22,36.294094
0,11.4,36.294094
0,12.58,36.294094
1.18,-12.2,36.294094
1.18,-11.02,36.294094
1.18,-9.84,36.294094
1.18,-8.66,36.294094
1.18,-7.48,36.294094
1.18,-6.3,36.294094
1.18,-5.12,36.294094
1.18,-3.94,36.294094
1.18,-2.76,36.294094
1.18,-1.58,36.294094
1.18,-0.400000000000002,36.294094
1.18,0.779999999999998,36.294094
1.18,1.96,36.294094
1.18,3.14,36.294094
1.18,4.32,36.294094
1.18,5.5,36.294094
1.18,6.68,36.294094
1.18,7.86,36.294094
1.18,9.04,36.294094
1.18,10.22,36.294094
1.18,11.4,36.294094
1.18,12.58,36.294094
2.36,-12.2,36.294094
2.36,-11.02,36.294094
2.36,-9.84,36.294094
2.36,-8.66,36.294094
2.36,-7.48,36.294094
2.36,-6.3,36.294094
2.36,-5.12,36.294094
2.36,-3.94,36.294094
2.36,-2.76,36.294094
2.36,-1.58,36.294094
2.36,-0.400000000000002,36.294094
2.36,0.779999999999998,36.294094
2.36,1.96,36.294094
2.36,3.14,36.294094
2.36,4.32,36.294094
2.36,5.5,36.294094
2.36,6.68,36.294094
2.36,7.86,36.294094
2.36,9.04,36.294094
2.36,10.22,36.294094
2.36,11.4,36.294094
2.36,12.58,36.294094
3.54,-12.2,36.294094
3.54,-11.02,36.294094
3.54,-9.84,36.294094
3.54,-8.66,36.294094
3.54,-7.48,36.294094
3.54,-6.3,36.294094
3.54,-5.12,36.294094
3.54,-3.94,36.294094
3.54,-2.76,36.294094
3.54,-1.58,36.294094
3.54,-0.400000000000002,36.294094
3.54,0.779999999999998,36.294094
3.54,1.96,36.294094
3.54,3.14,36.294094
3.54,4.32,36.294094
3.54,5.5,36.294094
3.54,6.68,36.294094
3.54,7.86,36.294094
3.54,9.04,36.294094
3.54,10.22,36.294094
3.54,11.4,36.294094
3.54,12.58,36.294094
4.72,-12.2,36.294094
4.72,-11.02,36.294094
4.72,-9.84,36.294094
4.72,-8.66,36.294094
4.72,-7.48,36.294094
4.72,-6.3,36.294094
4.72,-5.12,36.294094
4.72,-3.94,36.294094
4.72,-2.76,36.294094
4.72,-1.58,36.294094
4.72,-0.400000000000002,36.294094
4.72,0.779999999999998,36.294094
4.72,1.96,36.294094
4.72,3.14,36.294094
4.72,4.32,36.294094
4.72,5.5,36.294094
4.72,6.68,36.294094
4.72,7.86,36.294094
4.72,9.04,36.294094
4.72,10.22,36.294094
4.72,11.4,36.294094
4.72,12.58,36.294094
5.9,-12.2,36.294094
5.9,-11.02,36.294094
5.9,-9.84,36.294094
5.9,-8.66,36.294094
5.9,-7.48,36.294094
5.9,-6.3,36.294094
5.9,-5.12,36.294094
5.9,-3.94,36.294094
5.9,-2.76,36.294094
5.9,-1.58,36.294094
5.9,-0.400000000000002,36.294094
5.9,0.779999999999998,36.294094
5.9,1.96,36.294094
5.9,3.14,36.294094
5.9,4.32,36.294094
5.9,5.5,36.294094
5.9,6.68,36.294094
5.9,7.86,36.294094
5.9,9.04,36.294094
5.9,10.22,36.294094
5.9,11.4,36.294094
5.9,12.58,36.294094
7.08,-12.2,36.294094
7.08,-11.02,36.294094
7.08,-9.84,36.294094
7.08,-8.66,36.294094
7.08,-7.48,36.294094
7.08,-6.3,36.294094
7.08,-5.12,36.294094
7.08,-3.94,36.294094
7.08,-2.76,36.294094
7.08,-1.58,36.294094
7.08,-0.400000000000002,36.294094
7.08,0.779999999999998,36.294094
7.08,1.96,36.294094
7.08,3.14,36.294094
7.08,4.32,36.294094
7.08,5.5,36.294094
7.08,6.68,36.294094
7.08,7.86,36.294094
7.08,9.04,36.294094
7.08,10.22,36.294094
7.08,11.4,36.294094
7.08,12.58,36.294094
8.26,-12.2,36.294094
8.26,-11.02,36.294094
8.26,-9.84,36.294094
8.26,-8.66,36.294094
8.26,-7.48,36.294094
8.26,-6.3,36.294094
8.26,-5.12,36.294094
8.26,-3.94,36.294094
8.26,-2.76,36.294094
8.26,-1.58,36.294094
8.26,-0.400000000000002,36.294094
8.26,0.779999999999998,36.294094
8.26,1.96,36.294094
8.26,3.14,36.294094
8.26,4.32,36.294094
8.26,5.5,36.294094
8.26,6.68,36.294094
8.26,7.86,36.294094
8.26,9.04,36.294094
8.26,10.22,36.294094
8.26,11.4,36.294094
8.26,12.58,36.294094
9.44,-12.2,36.294094
9.44,-11.02,36.294094
9.44,-9.84,36.294094
9.44,-8.66,36.294094
9.44,-7.48,36.294094
9.44,-6.3,36.294094
9.44,-5.12,36.294094
9.44,-3.94,36.294094
9.44,-2.76,36.294094
9.44,-1.58,36.294094
9.44,-0.400000000000002,36.294094
9.44,0.779999999999998,36.294094
9.44,1.96,36.294094
9.44,3.14,36.294094
9.44,4.32,36.294094
9.44,5.5,36.294094
9.44,6.68,36.294094
9.44,7.86,36.294094
9.44,9.04,36.294094
9.44,10.22,36.294094
9.44,11.4,36.294094
9.44,12.58,36.294094
10.62,-12.2,36.294094
10.62,-11.02,36.294094
10.62,-9.84,36.294094
10.62,-8.66,36.294094
10.62,-7.48,36.294094
10.62,-6.3,36.294094
10.62,-5.12,36.294094
10.62,-3.94,36.294094
10.62,-2.76,36.294094
10.62,-1.58,36.294094
10.62,-0.400000000000002,36.294094
10.62,0.779999999999998,36.294094
10.62,1.96,36.294094
10.62,3.14,36.294094
10.62,4.32,36.294094
10.62,5.5,36.294094
10.62,6.68,36.294094
10.62,7.86,36.294094
10.62,9.04,36.294094
10.62,10.22,36.294094
10.62,11.4,36.294094
10.62,12.58,36.294094
0,-12.2,36.914094
1.18,-12.2,36.914094
2.36,-12.2,36.914094
3.54,-12.2,36.914094
4.72,-12.2,36.914094
5.9,-12.2,36.914094
7.08,-12.2,36.914094
8.26,-12.2,36.914094
9.44,-12.2,36.914094
10.62,-12.2,36.914094
0,-11.02,36.914094
1.18,-11.02,36.914094
2.36,-11.02,36.914094
3.54,-11.02,36.914094
4.72,-11.02,36.914094
5.9,-11.02,36.914094
7.08,-11.02,36.914094
8.26,-11.02,36.914094
9.44,-11.02,36.914094
10.62,-11.02,36.914094
0,-9.84,36.914094
1.18,-9.84,36.914094
2.36,-9.84,36.914094
3.54,-9.84,36.914094
4.72,-9.84,36.914094
5.9,-9.84,36.914094
7.08,-9.84,36.914094
8.26,-9.84,36.914094
9.44,-9.84,36.914094
10.62,-9.84,36.914094
0,-8.66,36.914094
1.18,-8.66,36.914094
2.36,-8.66,36.914094
3.54,-8.66,36.914094
4.72,-8.66,36.914094
5.9,-8.66,36.914094
7.08,-8.66,36.914094
8.26,-8.66,36.914094
9.44,-8.66,36.914094
10.62,-8.66,36.914094
0,-7.48,36.914094
1.18,-7.48,36.914094
2.36,-7.48,36.914094
3.54,-7.48,36.914094
4.72,-7.48,36.914094
5.9,-7.48,36.914094
7.08,-7.48,36.914094
8.26,-7.48,36.914094
9.44,-7.48,36.914094
10.62,-7.48,36.914094
0,-6.3,36.914094
1.18,-6.3,36.914094
2.36,-6.3,36.914094
3.54,-6.3,36.914094
4.72,-6.3,36.914094
5.9,-6.3,36.914094
7.08,-6.3,36.914094
8.26,-6.3,36.914094
9.44,-6.3,36.914094
10.62,-6.3,36.914094
0,-5.12,36.914094
1.18,-5.12,36.914094
2.36,-5.12,36.914094
3.54,-5.12,36.914094
4.72,-5.12,36.914094
5.9,-5.12,36.914094
7.08,-5.12,36.914094
8.26,-5.12,36.914094
9.44,-5.12,36.914094
10.62,-5.12,36.914094
0,-3.94,36.914094
1.18,-3.94,36.914094
2.36,-3.94,36.914094
3.54,-3.94,36.914094
4.72,-3.94,36.914094
5.9,-3.94,36.914094
7.08,-3.94,36.914094
8.26,-3.94,36.914094
9.44,-3.94,36.914094
10.62,-3.94,36.914094
0,-2.76,36.914094
1.18,-2.76,36.914094
2.36,-2.76,36.914094
3.54,-2.76,36.914094
4.72,-2.76,36.914094
5.9,-2.76,36.914094
7.08,-2.76,36.914094
8.26,-2.76,36.914094
9.44,-2.76,36.914094
10.62,-2.76,36.914094
0,-1.58,36.914094
1.18,-1.58,36.914094
2.36,-1.58,36.914094
3.54,-1.58,36.914094
4.72,-1.58,36.914094
5.9,-1.58,36.914094
7.08,-1.58,36.914094
8.26,-1.58,36.914094
9.44,-1.58,36.914094
10.62,-1.58,36.914094
0,-0.400000000000002,36.914094
1.18,-0.400000000000002,36.914094
2.36,-0.400000000000002,36.914094
3.54,-0.400000000000002,36.914094
4.72,-0.400000000000002,36.914094
5.9,-0.400000000000002,36.914094
7.08,-0.400000000000002,36.914094
8.26,-0.400000000000002,36.914094
9.44,-0.400000000000002,36.914094
10.62,-0.400000000000002,36.914094
0,0.779999999999998,36.914094
1.18,0.779999999999998,36.914094
2.36,0.779999999999998,36.914094
3.54,0.779999999999998,36.914094
4.72,0.779999999999998,36.914094
5.9,0.779999999999998,36.914094
7.08,0.779999999999998,36.914094
8.26,0.779999999999998,36.914094
9.44,0.779999999999998,36.914094
10.62,0.779999999999998,36.914094
0,1.96,36.914094
1.18,1.96,36.914094
2.36,1.96,36.914094
3.54,1.96,36.914094
4.72,1.96,36.914094
5.9,1.96,36.914094
7.08,1.96,36.914094
8.26,1.96,36.914094
9.44,1.96,36.914094
10.62,1.96,36.914094
0,3.14,36.914094
1.18,3.14,36.914094
2.36,3.14,36.914094
3.54,3.14,36.914094
4.72,3.14,36.914094
5.9,3.14,36.914094
7.08,3.14,36.914094
8.26,3.14,36.914094
9.44,3.14,36.914094
10.62,3.14,36.914094
0,4.32,36.914094
1.18,4.32,36.914094
2.36,4.32,36.914094
3.54,4.32,36.914094
4.72,4.32,36.914094
5.9,4.32,36.914094
7.08,4.32,36.914094
8.26,4.32,36.914094
9.44,4.32,36.914094
10.62,4.32,36.914094
0,5.5,36.914094
1.18,5.5,36.914094
2.36,5.5,36.914094
3.54,5.5,36.914094
4.72,5.5,36.914094
5.9,5.5,36.914094
7.08,5.5,36.914094
8.26,5.5,36.914094
9.44,5.5,36.914094
10.62,5.5,36.914094
0,6.68,36.914094
1.18,6.68,36.914094
2.36,6.68,36.914094
3.54,6.68,36.914094
4.72,6.68,36.914094
5.9,6.68,36.914094
7.08,6.68,36.914094
8.26,6.68,36.914094
9.44,6.68,36.914094
10.62,6.68,36.914094
0,7.86,36.914094
1.18,7.86,36.914094
2.36,7.86,36.914094
3.54,7.86,36.914094
4.72,7.86,36.914094
5.9,7.86,36.914094
7.08,7.86,36.914094
8.26,7.86,36.914094
9.44,7.86,36.914094
10.62,7.86,36.914094
0,9.04,36.914094
1.18,9.04,36.914094
2.36,9.04,36.914094
3.54,9.04,36.914094
4.72,9.04,36.914094
5.9,9.04,36.914094
7.08,9.04,36.914094
8.26,9.04,36.914094
9.44,9.04,36.914094
10.62,9.04,36.914094
0,10.22,36.914094
1.18,10.22,36.914094
2.36,10.22,36.914094
3.54,10.22,36.914094
4.72,10.22,36.914094
5.9,10.22,36.914094
7.08,10.22,36.914094
8.26,10.22,36.914094
9.44,10.22,36.914094
10.62,10.22,36.914094
0,11.4,36.914094
1.18,11.4,36.914094
2.36,11.4,36.914094
3.54,11.4,36.914094
4.72,11.4,36.914094
5.9,11.4,36.914094
7.08,11.4,36.914094
8.26,11.4,36.914094
9.44,11.4,36.914094
10.62,11.4,36.914094
0,12.58,36.914094
1.18,12.58,36.914094
2.36,12.58,36.914094
3.54,12.58,36.914094
4.72,12.58,36.914094
5.9,12.58,36.914094
7.08,12.58,36.914094
8.26,12.58,36.914094
9.44,12.58,36.914094
10.62,12.58,36.914094
0,-11.02,37.534094
0,-9.84,37.534094
0,-8.66,37.534094
0,-7.48,37.534094
0,-6.3,37.534094
0,-5.12,37.534094
0,-3.94,37.534094
0,-2.76,37.534094
0,-1.58,37.534094
0,-0.400000000000002,37.534094
0,0.779999999999998,37.534094
0,1.96,37.534094
0,3.14,37.534094
0,4.32,37.534094
0,5.5,37.534094
0,6.68,37.534094
0,7.86,37.534094
0,9.04,37.534094
0,10.22,37.534094
0,11.4,37.534094
1.18,-11.02,37.534094
1.18,-9.84,37.534094
1.18,-8.66,37.534094
1.18,-7.48,37.534094
1.18,-6.3,37.534094
1.18,-5.12,37.534094
1.18,-3.94,37.534094
1.18,-2.76,37.534094
1.18,-1.58,37.534094
1.18,-0.400000000000002,37.534094
1.18,0.779999999999998,37.534094
1.18,1.96,37.534094
1.18,3.14,37.534094
1.18,4.32,37.534094
1.18,5.5,37.534094
1.18,6.68,37.534094
1.18,7.86,37.534094
1.18,9.04,37.534094
1.18,10.22,37.534094
1.18,11.4,37.534094
2.36,-11.02,37.534094
2.36,-9.84,37.534094
2.36,-8.66,37.534094
2.36,-7.48,37.534094
2.36,-6.3,37.534094
2.36,-5.12,37.534094
2.36,-3.94,37.534094
2.36,-2.76,37.534094
2.36,-1.58,37.534094
2.36,-0.400000000000002,37.534094
2.36,0.779999999999998,37.534094
2.36,1.96,37.534094
2.36,3.14,37.534094
2.36,4.32,37.534094
2.36,5.5,37.534094
2.36,6.68,37.534094
2.36,7.86,37.534094
2.36,9.04,37.534094
2.36,10.22,37.534094
2.36,11.4,37.534094
3.54,-11.02,37.534094
3.54,-9.84,37.534094
3.54,-8.66,37.534094
3.54,-7.48,37.534094
3.54,-6.3,37.534094
3.54,-5.12,37.534094
3.54,-3.94,37.534094
3.54,-2.76,37.534094
3.54,-1.58,37.534094
3.54,-0.400000000000002,37.534094
3.54,0.779999999999998,37.534094
3.54,1.96,37.534094
3.54,3.14,37.534094
3.54,4.32,37.534094
3.54,5.5,37.534094
3.54,6.68,37.534094
3.54,7.86,37.534094
3.54,9.04,37.534094
3.54,10.22,37.534094
3.54,11.4,37.534094
4.72,-11.02,37.534094
4.72,-9.84,37.534094
4.72,-8.66,37.534094
4.72,-7.48,37.534094
4.72,-6.3,37.534094
4.72,-5.12,37.534094
4.72,-3.94,37.534094
4.72,-2.76,37.534094
4.72,-1.58,37.534094
4.72,-0.400000000000002,37.534094
4.72,0.779999999999998,37.534094
4.72,1.96,37.534094
4.72,3.14,37.534094
4.72,4.32,37.534094
4.72,5.5,37.534094
4.72,6.68,37.534094
4.72,7.86,37.534094
4.72,9.04,37.534094
4.72,10.22,37.534094
4.72,11.4,37.534094
5.9,-11.02,37.534094
5.9,-9.84,37.534094
5.9,-8.66,37.534094
5.9,-7.48,37.534094
5.9,-6.3,37.534094
5.9,-5.12,37.534094
5.9,-3.94,37.534094
5.9,-2.76,37.534094
5.9,-1.58,37.534094
5.9,-0.400000000000002,37.534094
5.9,0.779999999999998,37.534094
5.9,1.96,37.534094
5.9,3.14,37.534094
5.9,4.32,37.534094
5.9,5.5,37.534094
5.9,6.68,37.534094
5.9,7.86,37.534094
5.9,9.04,37.534094
5.9,10.22,37.534094
5.9,11.4,37.534094
7.08,-11.02,37.534094
7.08,-9.84,37.534094
7.08,-8.66,37.534094
7.08,-7.48,37.534094
7.08,-6.3,37.534094
7.08,-5.12,37.534094
7.08,-3.94,37.534094
7.08,-2.76,37.534094
7.08,-1.58,37.534094
7.08,-0.400000000000002,37.534094
7.08,0.779999999999998,37.534094
7.08,1.96,37.534094
7.08,3.14,37.534094
7.08,4.32,37.534094
7.08,5.5,37.534094
7.08,6.68,37.534094
7.08,7.86,37.534094
7.08,9.04,37.534094
7.08,10.22,37.534094
7.08,11.4,37.534094
8.26,-11.02,37.534094
8.26,-9.84,37.534094
8.26,-8.66,37.534094
8.26,-7.48,37.534094
8.26,-6.3,37.534094
8.26,-5.12,37.534094
8.26,-3.94,37.534094
8.26,-2.76,37.534094
8.26,-1.58,37.534094
8.26,-0.400000000000002,37.534094
8.26,0.779999999999998,37.534094
8.26,1.96,37.534094
8.26,3.14,37.534094
8.26,4.32,37.534094
8.26,5.5,37.534094
8.26,6.68,37.534094
8.26,7.86,37.534094
8.26,9.04,37.534094
8.26,10.22,37.534094
8.26,11.4,37.534094
9.44,-11.02,37.534094
9.44,-9.84,37.534094
9.44,-8.66,37.534094
9.44,-7.48,37.534094
9.44,-6.3,37.534094
9.44,-5.12,37.534094
9.44,-3.94,37.534094
9.44,-2.76,37.534094
9.44,-1.58,37.534094
9.44,-0.400000000000002,37.534094
9.44,0.779999999999998,37.534094
9.44,1.96,37.534094
9.44,3.14,37.534094
9.44,4.32,37.534094
9.44,5.5,37.534094
9.44,6.68,37.534094
9.44,7.86,37.534094
9.44,9.04,37.534094
9.44,10.22,37.534094
9.44,11.4,37.534094
10.62,-11.02,37.534094
10.62,-9.84,37.534094
10.62,-8.66,37.534094
10.62,-7.48,37.534094
10.62,-6.3,37.534094
10.62,-5.12,37.534094
10.62,-3.94,37.534094
10.62,-2.76,37.534094
10.62,-1.58,37.534094
10.62,-0.400000000000002,37.534094
10.62,0.779999999999998,37.534094
10.62,1.96,37.534094
10.62,3.14,37.534094
10.62,4.32,37.534094
10.62,5.5,37.534094
10.62,6.68,37.534094
10.62,7.86,37.534094
10.62,9.04,37.534094
10.62,10.22,37.534094
10.62,11.4,37.534094
0,-9.84,38.154094
1.18,-9.84,38.154094
2.36,-9.84,38.154094
3.54,-9.84,38.154094
4.72,-9.84,38.154094
5.9,-9.84,38.154094
7.08,-9.84,38.154094
8.26,-9.84,38.154094
9.44,-9.84,38.154094
10.62,-9.84,38.154094
0,-8.66,38.154094
1.18,-8.66,38.154094
2.36,-8.66,38.154094
3.54,-8.66,38.154094
4.72,-8.66,38.154094
5.9,-8.66,38.154094
7.08,-8.66,38.154094
8.26,-8.66,38.154094
9.44,-8.66,38.154094
10.62,-8.66,38.154094
0,-7.48,38.154094
1.18,-7.48,38.154094
2.36,-7.48,38.154094
3.54,-7.48,38.154094
4.72,-7.48,38.154094
5.9,-7.48,38.154094
7.08,-7.48,38.154094
8.26,-7.48,38.154094
9.44,-7.48,38.154094
10.62,-7.48,38.154094
0,-6.3,38.154094
1.18,-6.3,38.154094
2.36,-6.3,38.154094
3.54,-6.3,38.154094
4.72,-6.3,38.154094
5.9,-6.3,38.154094
7.08,-6.3,38.154094
8.26,-6.3,38.154094
9.44,-6.3,38.154094
10.62,-6.3,38.154094
0,-5.12,38.154094
1.18,-5.12,38.154094
2.36,-5.12,38.154094
3.54,-5.12,38.154094
4.72,-5.12,38.154094
5.9,-5.12,38.154094
7.08,-5.12,38.154094
8.26,-5.12,38.154094
9.44,-5.12,38.154094
10.62,-5.12,38.154094
0,-3.94,38.154094
1.18,-3.94,38.154094
2.36,-3.94,38.154094
3.54,-3.94,38.154094
4.72,-3.94,38.154094
5.9,-3.94,38.154094
7.08,-3.94,38.154094
8.26,-3.94,38.154094
9.44,-3.94,38.154094
10.62,-3.94,38.154094
0,-2.76,38.154094
1.18,-2.76,38.154094
2.36,-2.76,38.154094
3.54,-2.76,38.154094
4.72,-2.76,38.154094
5.9,-2.76,38.154094
7.08,-2.76,38.154094
8.26,-2.76,38.154094
9.44,-2.76,38.154094
10.62,-2.76,38.154094
0,-1.58,38.154094
1.18,-1.58,38.154094
2.36,-1.58,38.154094
3.54,-1.58,38.154094
4.72,-1.58,38.154094
5.9,-1.58,38.154094
7.08,-1.58,38.154094
8.26,-1.58,38.154094
9.44,-1.58,38.154094
10.62,-1.58,38.154094
0,-0.400000000000002,38.154094
1.18,-0.400000000000002,38.154094
2.36,-0.400000000000002,38.154094
3.54,-0.400000000000002,38.154094
4.72,-0.400000000000002,38.154094
5.9,-0.400000000000002,38.154094
7.08,-0.400000000000002,38.154094
8.26,-0.400000000000002,38.154094
9.44,-0.400000000000002,38.154094
10.62,-0.400000000000002,38.154094
0,0.779999999999998,38.154094
1.18,0.779999999999998,38.154094
2.36,0.779999999999998,38.154094
3.54,0.779999999999998,38.154094
4.72,0.779999999999998,38.154094
5.9,0.779999999999998,38.154094
7.08,0.779999999999998,38.154094
8.26,0.779999999999998,38.154094
9.44,0.779999999999998,38.154094
10.62,0.779999999999998,38.154094
0,1.96,38.154094
1.18,1.96,38.154094
2.36,1.96,38.154094
3.54,1.96,38.154094
4.72,1.96,38.154094
5.9,1.96,38.154094
7.08,1.96,38.154094
8.26,1.96,38.154094
9.44,1.96,38.154094
10.62,1.96,38.154094
0,3.14,38.154094
1.18,3.14,38.154094
2.36,3.14,38.154094
3.54,3.14,38.154094
4.72,3.14,38.154094
5.9,3.14,38.154094
7.08,3.14,38.154094
8.26,3.14,38.154094
9.44,3.14,38.154094
10.62,3.14,38.154094
0,4.32,38.154094
1.18,4.32,38.154094
2.36,4.32,38.154094
3.54,4.32,38.154094
4.72,4.32,38.154094
5.9,4.32,38.154094
7.08,4.32,38.154094
8.26,4.32,38.154094
9.44,4.32,38.154094
10.62,4.32,38.154094
0,5.5,38.154094
1.18,5.5,38.154094
2.36,5.5,38.154094
3.54,5.5,38.154094
4.72,5.5,38.154094
5.9,5.5,38.154094
7.08,5.5,38.154094
8.26,5.5,38.154094
9.44,5.5,38.154094
10.62,5.5,38.154094
0,6.68,38.154094
1.18,6.68,38.154094
2.36,6.68,38.154094
3.54,6.68,38.154094
4.72,6.68,38.154094
5.9,6.68,38.154094
7.08,6.68,38.154094
8.26,6.68,38.154094
9.44,6.68,38.154094
10.62,6.68,38.154094
0,7.86,38.154094
1.18,7.86,38.154094
2.36,7.86,38.154094
3.54,7.86,38.154094
4.72,7.86,38.154094
5.9,7.86,38.154094
7.08,7.86,38.154094
8.26,7.86,38.154094
9.44,7.86,38.154094
10.62,7.86,38.154094
0,9.04,38.154094
1.18,9.04,38.154094
2.36,9.04,38.154094
3.54,9.04,38.154094
4.72,9.04,38.154094
5.9,9.04,38.154094
7.08,9.04,38.154094
8.26,9.04,38.154094
9.44,9.04,38.154094
10.62,9.04,38.154094
0,10.22,38.154094
1.18,10.22,38.154094
2.36,10.22,38.154094
3.54,10.22,38.154094
4.72,10.22,38.154094
5.9,10.22,38.154094
7.08,10.22,38.154094
8.26,10.22,38.154094
9.44,10.22,38.154094
10.62,10.22,38.154094
0,-9.84,38.774094
0,-8.66,38.774094
0,-7.48,38.774094
0,-6.3,38.774094
0,-5.12,38.774094
0,-3.94,38.774094
0,-2.76,38.774094
0,-1.58,38.774094
0,-0.400000000000002,38.774094
0,0.779999999999998,38.774094
0,1.96,38.774094
0,3.14,38.774094
0,4.32,38.774094
0,5.5,38.774094
0,6.68,38.774094
0,7.86,38.774094
0,9.04,38.774094
0,10.22,38.774094
1.18,-9.84,38.774094
1.18,-8.66,38.774094
1.18,-7.48,38.774094
1.18,-6.3,38.774094
1.18,-5.12,38.774094
1.18,-3.94,38.774094
1.18,-2.76,38.774094
1.18,-1.58,38.774094
1.18,-0.400000000000002,38.774094
1.18,0.779999999999998,38.774094
1.18,1.96,38.774094
1.18,3.14,38.774094
1.18,4.32,38.774094
1.18,5.5,38.774094
1.18,6.68,38.774094
1.18,7.86,38.774094
1.18,9.04,38.774094
1.18,10.22,38.774094
2.36,-9.84,38.774094
2.36,-8.66,38.774094
2.36,-7.48,38.774094
2.36,-6.3,38.774094
2.36,-5.12,38.774094
2.36,-3.94,38.774094
2.36,-2.76,38.774094
2.36,-1.58,38.774094
2.36,-0.400000000000002,38.774094
2.36,0.779999999999998,38.774094
2.36,1.96,38.774094
2.36,3.14,38.774094
2.36,4.32,38.774094
2.36,5.5,38.774094
2.36,6.68,38.774094
2.36,7.86,38.774094
2.36,9.04,38.774094
2.36,10.22,38.774094
3.54,-9.84,38.774094
3.54,-8.66,38.774094
3.54,-7.48,38.774094
3.54,-6.3,38.774094
3.54,-5.12,38.774094
3.54,-3.94,38.774094
3.54,-2.76,38.774094
3.54,-1.58,38.774094
3.54,-0.400000000000002,38.774094
3.54,0.779999999999998,38.774094
3.54,1.96,38.774094
3.54,3.14,38.774094
3.54,4.32,38.774094
3.54,5.5,38.774094
3.54,6.68,38.774094
3.54,7.86,38.774094
3.54,9.04,38.774094
3.54,10.22,38.774094
4.72,-9.84,38.774094
4.72,-8.66,38.774094
4.72,-7.48,38.774094
4.72,-6.3,38.774094
4.72,-5.12,38.774094
4.72,-3.94,38.774094
4.72,-2.76,38.774094
4.72,-1.58,38.774094
4.72,-0.400000000000002,38.774094
4.72,0.779999999999998,38.774094
4.72,1.96,38.774094
4.72,3.14,38.774094
4.72,4.32,38.774094
4.72,5.5,38.774094
4.72,6.68,38.774094
4.72,7.86,38.774094
4.72,9.04,38.774094
4.72,10.22,38.774094
5.9,-9.84,38.774094
5.9,-8.66,38.774094
5.9,-7.48,38.774094
5.9,-6.3,38.774094
5.9,-5.12,38.774094
5.9,-3.94,38.774094
5.9,-2.76,38.774094
5.9,-1.58,38.774094
5.9,-0.400000000000002,38.774094
5.9,0.779999999999998,38.774094
5.9,1.96,38.774094
5.9,3.14,38.774094
5.9,4.32,38.774094
5.9,5.5,38.774094
5.9,6.68,38.774094
5.9,7.86,38.774094
5.9,9.04,38.774094
5.9,10.22,38.774094
7.08,-9.84,38.774094
7.08,-8.66,38.774094
7.08,-7.48,38.774094
7.08,-6.3,38.774094
7.08,-5.12,38.774094
7.08,-3.94,38.774094
7.08,-2.76,38.774094
7.08,-1.58,38.774094
7.08,-0.400000000000002,38.774094
7.08,0.779999999999998,38.774094
7.08,1.96,38.774094
7.08,3.14,38.774094
7.08,4.32,38.774094
7.08,5.5,38.774094
7.08,6.68,38.774094
7.08,7.86,38.774094
7.08,9.04,38.774094
7.08,10.22,38.774094
8.26,-9.84,38.774094
8.26,-8.66,38.774094
8.26,-7.48,38.774094
8.26,-6.3,38.774094
8.26,-5.12,38.774094
8.26,-3.94,38.774094
8.26,-2.76,38.774094
8.26,-1.58,38.774094
8.26,-0.400000000000002,38.774094
8.26,0.779999999999998,38.774094
8.26,1.96,38.774094
8.26,3.14,38.774094
8.26,4.32,38.774094
8.26,5.5,38.774094
8.26,6.68,38.774094
8.26,7.86,38.774094
8.26,9.04,38.774094
8.26,10.22,38.774094
9.44,-9.84,38.774094
9.44,-8.66,38.774094
9.44,-7.48,38.774094
9.44,-6.3,38.774094
9.44,-5.12,38.774094
9.44,-3.94,38.774094
9.44,-2.76,38.774094
9.44,-1.58,38.774094
9.44,-0.400000000000002,38.774094
9.44,0.779999999999998,38.774094
9.44,1.96,38.774094
9.44,3.14,38.774094
9.44,4.32,38.774094
9.44,5.5,38.774094
9.44,6.68,38.774094
9.44,7.86,38.774094
9.44,9.04,38.774094
9.44,10.22,38.774094
10.62,-9.84,38.774094
10.62,-8.66,38.774094
10.62,-7.48,38.774094
10.62,-6.3,38.774094
10.62,-5.12,38.774094
10.62,-3.94,38.774094
10.62,-2.76,38.774094
10.62,-1.58,38.774094
10.62,-0.400000000000002,38.774094
10.62,0.779999999999998,38.774094
10.62,1.96,38.774094
10.62,3.14,38.774094
10.62,4.32,38.774094
10.62,5.5,38.774094
10.62,6.68,38.774094
10.62,7.86,38.774094
10.62,9.04,38.774094
10.62,10.22,38.774094
0,-9.84,39.394094
1.18,-9.84,39.394094
2.36,-9.84,39.394094
3.54,-9.84,39.394094
4.72,-9.84,39.394094
5.9,-9.84,39.394094
7.08,-9.84,39.394094
8.26,-9.84,39.394094
9.44,-9.84,39.394094
10.62,-9.84,39.394094
0,-8.66,39.394094
1.18,-8.66,39.394094
2.36,-8.66,39.394094
3.54,-8.66,39.394094
4.72,-8.66,39.394094
5.9,-8.66,39.394094
7.08,-8.66,39.394094
8.26,-8.66,39.394094
9.44,-8.66,39.394094
10.62,-8.66,39.394094
0,-7.48,39.394094
1.18,-7.48,39.394094
2.36,-7.48,39.394094
3.54,-7.48,39.394094
4.72,-7.48,39.394094
5.9,-7.48,39.394094
7.08,-7.48,39.394094
8.26,-7.48,39.394094
9.44,-7.48,39.394094
10.62,-7.48,39.394094
0,-6.3,39.394094
1.18,-6.3,39.394094
2.36,-6.3,39.394094
3.54,-6.3,39.394094
4.72,-6.3,39.394094
5.9,-6.3,39.394094
7.08,-6.3,39.394094
8.26,-6.3,39.394094
9.44,-6.3,39.394094
10.62,-6.3,39.394094
0,-5.12,39.394094
1.18,-5.12,39.394094
2.36,-5.12,39.394094
3.54,-5.12,39.394094
4.72,-5.12,39.394094
5.9,-5.12,39.394094
7.08,-5.12,39.394094
8.26,-5.12,39.394094
9.44,-5.12,39.394094
10.62,-5.12,39.394094
0,-3.94,39.394094
1.18,-3.94,39.394094
2.36,-3.94,39.394094
3.54,-3.94,39.394094
4.72,-3.94,39.394094
5.9,-3.94,39.394094
7.08,-3.94,39.394094
8.26,-3.94,39.394094
9.44,-3.94,39.394094
10.62,-3.94,39.394094
0,-2.76,39.394094
1.18,-2.76,39.394094
2.36,-2.76,39.394094
3.54,-2.76,39.394094
4.72,-2.76,39.394094
5.9,-2.76,39.394094
7.08,-2.76,39.394094
8.26,-2.76,39.394094
9.44,-2.76,39.394094
10.62,-2.76,39.394094
0,-1.58,39.394094
1.18,-1.58,39.394094
2.36,-1.58,39.394094
3.54,-1.58,39.394094
4.72,-1.58,39.394094
5.9,-1.58,39.394094
7.08,-1.58,39.394094
8.26,-1.58,39.394094
9.44,-1.58,39.394094
10.62,-1.58,39.394094
0,-0.400000000000002,39.394094
1.18,-0.400000000000002,39.394094
2.36,-0.400000000000002,39.394094
3.54,-0.400000000000002,39.394094
4.72,-0.400000000000002,39.394094
5.9,-0.400000000000002,39.394094
7.08,-0.400000000000002,39.394094
8.26,-0.400000000000002,39.394094
9.44,-0.400000000000002,39.394094
10.62,-0.400000000000002,39.394094
0,0.779999999999998,39.394094
1.18,0.779999999999998,39.394094
2.36,0.779999999999998,39.394094
3.54,0.779999999999998,39.394094
4.72,0.779999999999998,39.394094
5.9,0.779999999999998,39.394094
7.08,0.779999999999998,39.394094
8.26,0.779999999999998,39.394094
9.44,0.779999999999998,39.394094
10.62,0.779999999999998,39.394094
0,1.96,39.394094
1.18,1.96,39.394094
2.36,1.96,39.394094
3.54,1.96,39.394094
4.72,1.96,39.394094
5.9,1.96,39.394094
7.08,1.96,39.394094
8.26,1.96,39.394094
9.44,1.96,39.394094
10.62,1.96,39.394094
0,3.14,39.394094
1.18,3.14,39.394094
2.36,3.14,39.394094
3.54,3.14,39.394094
4.72,3.14,39.394094
5.9,3.14,39.394094
7.08,3.14,39.394094
8.26,3.14,39.394094
9.44,3.14,39.394094
10.62,3.14,39.394094
0,4.32,39.394094
1.18,4.32,39.394094
2.36,4.32,39.394094
3.54,4.32,39.394094
4.72,4.32,39.394094
5.9,4.32,39.394094
7.08,4.32,39.394094
8.26,4.32,39.394094
9.44,4.32,39.394094
10.62,4.32,39.394094
0,5.5,39.394094
1.18,5.5,39.394094
2.36,5.5,39.394094
3.54,5.5,39.394094
4.72,5.5,39.394094
5.9,5.5,39.394094
7.08,5.5,39.394094
8.26,5.5,39.394094
9.44,5.5,39.394094
10.62,5.5,39.394094
0,6.68,39.394094
1.18,6.68,39.394094
2.36,6.68,39.394094
3.54,6.68,39.394094
4.72,6.68,39.394094
5.9,6.68,39.394094
7.08,6.68,39.394094
8.26,6.68,39.394094
9.44,6.68,39.394094
10.62,6.68,39.394094
0,7.86,39.394094
1.18,7.86,39.394094
2.36,7.86,39.394094
3.54,7.86,39.394094
4.72,7.86,39.394094
5.9,7.86,39.394094
7.08,7.86,39.394094
8.26,7.86,39.394094
9.44,7.86,39.394094
10.62,7.86,39.394094
0,9.04,39.394094
1.18,9.04,39.394094
2.36,9.04,39.394094
3.54,9.04,39.394094
4.72,9.04,39.394094
5.9,9.04,39.394094
7.08,9.04,39.394094
8.26,9.04,39.394094
9.44,9.04,39.394094
10.62,9.04,39.394094
0,-9.84,40.014094
0,-8.66,40.014094
0,-7.48,40.014094
0,-6.3,40.014094
0,-5.12,40.014094
0,-3.94,40.014094
0,-2.76,40.014094
0,-1.58,40.014094
0,-0.400000000000002,40.014094
0,0.779999999999998,40.014094
0,1.96,40.014094
0,3.14,40.014094
0,4.32,40.014094
0,5.5,40.014094
0,6.68,40.014094
0,7.86,40.014094
0,9.04,40.014094
1.18,-9.84,40.014094
1.18,-8.66,40.014094
1.18,-7.48,40.014094
1.18,-6.3,40.014094
1.18,-5.12,40.014094
1.18,-3.94,40.014094
1.18,-2.76,40.014094
1.18,-1.58,40.014094
1.18,-0.400000000000002,40.014094
1.18,0.779999999999998,40.014094
1.18,1.96,40.014094
1.18,3.14,40.014094
1.18,4.32,40.014094
1.18,5.5,40.014094
1.18,6.68,40.014094
1.18,7.86,40.014094
1.18,9.04,40.014094
2.36,-9.84,40.014094
2.36,-8.66,40.014094
2.36,-7.48,40.014094
2.36,-6.3,40.014094
2.36,-5.12,40.014094
2.36,-3.94,40.014094
2.36,-2.76,40.014094
2.36,-1.58,40.014094
2.36,-0.400000000000002,40.014094
2.36,0.779999999999998,40.014094
2.36,1.96,40.014094
2.36,3.14,40.014094
2.36,4.32,40.014094
2.36,5.5,40.014094
2.36,6.68,40.014094
2.36,7.86,40.014094
2.36,9.04,40.014094
3.54,-9.84,40.014094
3.54,-8.66,40.014094
3.54,-7.48,40.014094
3.54,-6.3,40.014094
3.54,-5.12,40.014094
3.54,-3.94,40.014094
3.54,-2.76,40.014094
3.54,-1.58,40.014094
3.54,-0.400000000000002,40.014094
3.54,0.779999999999998,40.014094
3.54,1.96,40.014094
3.54,3.14,40.014094
3.54,4.32,40.014094
3.54,5.5,40.014094
3.54,6.68,40.014094
3.54,7.86,40.014094
3.54,9.04,40.014094
4.72,-9.84,40.014094
4.72,-8.66,40.014094
4.72,-7.48,40.014094
4.72,-6.3,40.014094
4.72,-5.12,40.014094
4.72,-3.94,40.014094
4.72,-2.76,40.014094
4.72,-1.58,40.014094
4.72,-0.400000000000002,40.014094
4.72,0.779999999999998,40.014094
4.72,1.96,40.014094
4.72,3.14,40.014094
4.72,4.32,40.014094
4.72,5.5,40.014094
4.72,6.68,40.014094
4.72,7.86,40.014094
4.72,9.04,40.014094
5.9,-9.84,40.014094
5.9,-8.66,40.014094
5.9,-7.48,40.014094
5.9,-6.3,40.014094
5.9,-5.12,40.014094
5.9,-3.94,40.014094
5.9,-2.76,40.014094
5.9,-1.58,40.014094
5.9,-0.400000000000002,40.014094
5.9,0.779999999999998,40.014094
5.9,1.96,40.014094
5.9,3.14,40.014094
5.9,4.32,40.014094
5.9,5.5,40.014094
5.9,6.68,40.014094
5.9,7.86,40.014094
5.9,9.04,40.014094
7.08,-9.84,40.014094
7.08,-8.66,40.014094
7.08,-7.48,40.014094
7.08,-6.3,40.014094
7.08,-5.12,40.014094
7.08,-3.94,40.014094
7.08,-2.76,40.014094
7.08,-1.58,40.014094
7.08,-0.400000000000002,40.014094
7.08,0.779999999999998,40.014094
7.08,1.96,40.014094
7.08,3.14,40.014094
7.08,4.32,40.014094
7.08,5.5,40.014094
7.08,6.68,40.014094
7.08,7.86,40.014094
7.08,9.04,40.014094
8.26,-9.84,40.014094
8.26,-8.66,40.014094
8.26,-7.48,40.014094
8.26,-6.3,40.014094
8.26,-5.12,40.014094
8.26,-3.94,40.014094
8.26,-2.76,40.014094
8.26,-1.58,40.014094
8.26,-0.400000000000002,40.014094
8.26,0.779999999999998,40.014094
8.26,1.96,40.014094
8.26,3.14,40.014094
8.26,4.32,40.014094
8.26,5.5,40.014094
8.26,6.68,40.014094
8.26,7.86,40.014094
8.26,9.04,40.014094
9.44,-9.84,40.014094
9.44,-8.66,40.014094
9.44,-7.48,40.014094
9.44,-6.3,40.014094
9.44,-5.12,40.014094
9.44,-3.94,40.014094
9.44,-2.76,40.014094
9.44,-1.58,40.014094
9.44,-0.400000000000002,40.014094
9.44,0.779999999999998,40.014094
9.44,1.96,40.014094
9.44,3.14,40.014094
9.44,4.32,40.014094
9.44,5.5,40.014094
9.44,6.68,40.014094
9.44,7.86,40.014094
9.44,9.04,40.014094
10.62,-9.84,40.014094
10.62,-8.66,40.014094
10.62,-7.48,40.014094
10.62,-6.3,40.014094
10.62,-5.12,40.014094
10.62,-3.94,40.014094
10.62,-2.76,40.014094
10.62,-1.58,40.014094
10.62,-0.400000000000002,40.014094
10.62,0.779999999999998,40.014094
10.62,1.96,40.014094
10.62,3.14,40.014094
10.62,4.32,40.014094
10.62,5.5,40.014094
10.62,6.68,40.014094
10.62,7.86,40.014094
10.62,9.04,40.014094
0,-8.66,40.634094
1.18,-8.66,40.634094
2.36,-8.66,40.634094
3.54,-8.66,40.634094
4.72,-8.66,40.634094
5.9,-8.66,40.634094
7.08,-8.66,40.634094
8.26,-8.66,40.634094
9.44,-8.66,40.634094
10.62,-8.66,40.634094
0,-7.48,40.634094
1.18,-7.48,40.634094
2.36,-7.48,40.634094
3.54,-7.48,40.634094
4.72,-7.48,40.634094
5.9,-7.48,40.634094
7.08,-7.48,40.634094
8.26,-7.48,40.634094
9.44,-7.48,40.634094
10.62,-7.48,40.634094
0,-6.3,40.634094
1.18,-6.3,40.634094
2.36,-6.3,40.634094
3.54,-6.3,40.634094
4.72,-6.3,40.634094
5.9,-6.3,40.634094
7.08,-6.3,40.634094
8.26,-6.3,40.634094
9.44,-6.3,40.634094
10.62,-6.3,40.634094
0,-5.12,40.634094
1.18,-5.12,40.634094
2.36,-5.12,40.634094
3.54,-5.12,40.634094
4.72,-5.12,40.634094
5.9,-5.12,40.634094
7.08,-5.12,40.634094
8.26,-5.12,40.634094
9.44,-5.12,40.634094
10.62,-5.12,40.634094
0,-3.94,40.634094
1.18,-3.94,40.634094
2.36,-3.94,40.634094
3.54,-3.94,40.634094
4.72,-3.94,40.634094
5.9,-3.94,40.634094
7.08,-3.94,40.634094
8.26,-3.94,40.634094
9.44,-3.94,40.634094
10.62,-3.94,40.634094
0,-2.76,40.634094
1.18,-2.76,40.634094
2.36,-2.76,40.634094
3.54,-2.76,40.634094
4.72,-2.76,40.634094
5.9,-2.76,40.634094
7.08,-2.76,40.634094
8.26,-2.76,40.634094
9.44,-2.76,40.634094
10.62,-2.76,40.634094
0,-1.58,40.634094
1.18,-1.58,40.634094
2.36,-1.58,40.634094
3.54,-1.58,40.634094
4.72,-1.58,40.634094
5.9,-1.58,40.634094
7.08,-1.58,40.634094
8.26,-1.58,40.634094
9.44,-1.58,40.634094
10.62,-1.58,40.634094
0,-0.400000000000002,40.634094
1.18,-0.400000000000002,40.634094
2.36,-0.400000000000002,40.634094
3.54,-0.400000000000002,40.634094
4.72,-0.400000000000002,40.634094
5.9,-0.400000000000002,40.634094
7.08,-0.400000000000002,40.634094
8.26,-0.400000000000002,40.634094
9.44,-0.400000000000002,40.634094
10.62,-0.400000000000002,40.634094
0,0.779999999999998,40.634094
1.18,0.779999999999998,40.634094
2.36,0.779999999999998,40.634094
3.54,0.779999999999998,40.634094
4.72,0.779999999999998,40.634094
5.9,0.779999999999998,40.634094
7.08,0.779999999999998,40.634094
8.26,0.779999999999998,40.634094
9.44,0.779999999999998,40.634094
10.62,0.779999999999998,40.634094
0,1.96,40.634094
1.18,1.96,40.634094
2.36,1.96,40.634094
3.54,1.96,40.634094
4.72,1.96,40.634094
5.9,1.96,40.634094
7.08,1.96,40.634094
8.26,1.96,40.634094
9.44,1.96,40.634094
10.62,1.96,40.634094
0,3.14,40.634094
1.18,3.14,40.634094
2.36,3.14,40.634094
3.54,3.14,40.634094
4.72,3.14,40.634094
5.9,3.14,40.634094
7.08,3.14,40.634094
8.26,3.14,40.634094
9.44,3.14,40.634094
10.62,3.14,40.634094
0,4.32,40.634094
1.18,4.32,40.634094
2.36,4.32,40.634094
3.54,4.32,40.634094
4.72,4.32,40.634094
5.9,4.32,40.634094
7.08,4.32,40.634094
8.26,4.32,40.634094
9.44,4.32,40.634094
10.62,4.32,40.634094
0,5.5,40.634094
1.18,5.5,40.634094
2.36,5.5,40.634094
3.54,5.5,40.634094
4.72,5.5,40.634094
5.9,5.5,40.634094
7.08,5.5,40.634094
8.26,5.5,40.634094
9.44,5.5,40.634094
10.62,5.5,40.634094
0,6.68,40.634094
1.18,6.68,40.634094
2.36,6.68,40.634094
3.54,6.68,40.634094
4.72,6.68,40.634094
5.9,6.68,40.634094
7.08,6.68,40.634094
8.26,6.68,40.634094
9.44,6.68,40.634094
10.62,6.68,40.634094
0,7.86,40.634094
1.18,7.86,40.634094
2.36,7.86,40.634094
3.54,7.86,40.634094
4.72,7.86,40.634094
5.9,7.86,40.634094
7.08,7.86,40.634094
8.26,7.86,40.634094
9.44,7.86,40.634094
10.62,7.86,40.634094
0,-8.66,41.254094
0,-7.48,41.254094
0,-6.3,41.254094
0,-5.12,41.254094
0,-3.94,41.254094
0,-2.76,41.254094
0,-1.58,41.254094
0,-0.400000000000002,41.254094
0,0.779999999999998,41.254094
0,1.96,41.254094
0,3.14,41.254094
0,4.32,41.254094
0,5.5,41.254094
0,6.68,41.254094
0,7.86,41.254094
1.18,-8.66,41.254094
1.18,-7.48,41.254094
1.18,-6.3,41.254094
1.18,-5.12,41.254094
1.18,-3.94,41.254094
1.18,-2.76,41.254094
1.18,-1.58,41.254094
1.18,-0.400000000000002,41.254094
1.18,0.779999999999998,41.254094
1.18,1.96,41.254094
1.18,3.14,41.254094
1.18,4.32,41.254094
1.18,5.5,41.254094
1.18,6.68,41.254094
1.18,7.86,41.254094
2.36,-8.66,41.254094
2.36,-7.48,41.254094
2.36,-6.3,41.254094
2.36,-5.12,41.254094
2.36,-3.94,41.254094
2.36,-2.76,41.254094
2.36,-1.58,41.254094
2.36,-0.400000000000002,41.254094
2.36,0.779999999999998,41.254094
2.36,1.96,41.254094
2.36,3.14,41.254094
2.36,4.32,41.254094
2.36,5.5,41.254094
2.36,6.68,41.254094
2.36,7.86,41.254094
3.54,-8.66,41.254094
3.54,-7.48,41.254094
3.54,-6.3,41.254094
3.54,-5.12,41.254094
3.54,-3.94,41.254094
3.54,-2.76,41.254094
3.54,-1.58,41.254094
3.54,-0.400000000000002,41.254094
3.54,0.779999999999998,41.254094
3.54,1.96,41.254094
3.54,3.14,41.254094
3.54,4.32,41.254094
3.54,5.5,41.254094
3.54,6.68,41.254094
3.54,7.86,41.254094
4.72,-8.66,41.254094
4.72,-7.48,41.254094
4.72,-6.3,41.254094
4.72,-5.12,41.254094
4.72,-3.94,41.254094
4.72,-2.76,41.254094
4.72,-1.58,41.254094
4.72,-0.400000000000002,41.254094
4.72,0.779999999999998,41.254094
4.72,1.96,41.254094
4.72,3.14,41.254094
4.72,4.32,41.254094
4.72,5.5,41.254094
4.72,6.68,41.254094
4.72,7.86,41.254094
5.9,-8.66,41.254094
5.9,-7.48,41.254094
5.9,-6.3,41.254094
5.9,-5.12,41.254094
5.9,-3.94,41.254094
5.9,-2.76,41.254094
5.9,-1.58,41.254094
5.9,-0.400000000000002,41.254094
5.9,0.779999999999998,41.254094
5.9,1.96,41.254094
5.9,3.14,41.254094
5.9,4.32,41.254094
5.9,5.5,41.254094
5.9,6.68,41.254094
5.9,7.86,41.254094
7.08,-8.66,41.254094
7.08,-7.48,41.254094
7.08,-6.3,41.254094
7.08,-5.12,41.254094
7.08,-3.94,41.254094
7.08,-2.76,41.254094
7.08,-1.58,41.254094
7.08,-0.400000000000002,41.254094
7.08,0.779999999999998,41.254094
7.08,1.96,41.254094
7.08,3.14,41.254094
7.08,4.32,41.254094
7.08,5.5,41.254094
7.08,6.68,41.254094
7.08,7.86,41.254094
8.26,-8.66,41.254094
8.26,-7.48,41.254094
8.26,-6.3,41.254094
8.26,-5.12,41.254094
8.26,-3.94,41.254094
8.26,-2.76,41.254094
8.26,-1.58,41.254094
8.26,-0.400000000000002,41.254094
8.26,0.779999999999998,41.254094
8.26,1.96,41.254094
8.26,3.14,41.254094
8.26,4.32,41.254094
8.26,5.5,41.254094
8.26,6.68,41.254094
8.26,7.86,41.254094
9.44,-8.66,41.254094
9.44,-7.48,41.254094
9.44,-6.3,41.254094
9.44,-5.12,41.254094
9.44,-3.94,41.254094
9.44,-2.76,41.254094
9.44,-1.58,41.254094
9.44,-0.400000000000002,41.254094
9.44,0.779999999999998,41.254094
9.44,1.96,41.254094
9.44,3.14,41.254094
9.44,4.32,41.254094
9.44,5.5,41.254094
9.44,6.68,41.254094
9.44,7.86,41.254094
10.62,-8.66,41.254094
10.62,-7.48,41.254094
10.62,-6.3,41.254094
10.62,-5.12,41.254094
10.62,-3.94,41.254094
10.62,-2.76,41.254094
10.62,-1.58,41.254094
10.62,-0.400000000000002,41.254094
10.62,0.779999999999998,41.254094
10.62,1.96,41.254094
10.62,3.14,41.254094
10.62,4.32,41.254094
10.62,5.5,41.254094
10.62,6.68,41.254094
10.62,7.86,41.254094
0,-7.48,41.874094
1.18,-7.48,41.874094
2.36,-7.48,41.874094
3.54,-7.48,41.874094
4.72,-7.48,41.874094
5.9,-7.48,41.874094
7.08,-7.48,41.874094
8.26,-7.48,41.874094
9.44,-7.48,41.874094
10.62,-7.48,41.874094
0,-6.3,41.874094
1.18,-6.3,41.874094
2.36,-6.3,41.874094
3.54,-6.3,41.874094
4.72,-6.3,41.874094
5.9,-6.3,41.874094
7.08,-6.3,41.874094
8.26,-6.3,41.874094
9.44,-6.3,41.874094
10.62,-6.3,41.874094
0,-5.12,41.874094
1.18,-5.12,41.874094
2.36,-5.12,41.874094
3.54,-5.12,41.874094
4.72,-5.12,41.874094
5.9,-5.12,41.874094
7.08,-5.12,41.874094
8.26,-5.12,41.874094
9.44,-5.12,41.874094
10.62,-5.12,41.874094
0,-3.94,41.874094
1.18,-3.94,41.874094
2.36,-3.94,41.874094
3.54,-3.94,41.874094
4.72,-3.94,41.874094
5.9,-3.94,41.874094
7.08,-3.94,41.874094
8.26,-3.94,41.874094
9.44,-3.94,41.874094
10.62,-3.94,41.874094
0,-2.76,41.874094
1.18,-2.76,41.874094
2.36,-2.76,41.874094
3.54,-2.76,41.874094
4.72,-2.76,41.874094
5.9,-2.76,41.874094
7.08,-2.76,41.874094
8.26,-2.76,41.874094
9.44,-2.76,41.874094
10.62,-2.76,41.874094
0,-1.58,41.874094
1.18,-1.58,41.874094
2.36,-1.58,41.874094
3.54,-1.58,41.874094
4.72,-1.58,41.874094
5.9,-1.58,41.874094
7.08,-1.58,41.874094
8.26,-1.58,41.874094
9.44,-1.58,41.874094
10.62,-1.58,41.874094
0,-0.400000000000002,41.874094
1.18,-0.400000000000002,41.874094
2.36,-0.400000000000002,41.874094
3.54,-0.400000000000002,41.874094
4.72,-0.400000000000002,41.874094
5.9,-0.400000000000002,41.874094
7.08,-0.400000000000002,41.874094
8.26,-0.400000000000002,41.874094
9.44,-0.400000000000002,41.874094
10.62,-0.400000000000002,41.874094
0,0.779999999999998,41.874094
1.18,0.779999999999998,41.874094
2.36,0.779999999999998,41.874094
3.54,0.779999999999998,41.874094
4.72,0.779999999999998,41.874094
5.9,0.779999999999998,41.874094
7.08,0.779999999999998,41.874094
8.26,0.779999999999998,41.874094
9.44,0.779999999999998,41.874094
10.62,0.779999999999998,41.874094
0,1.96,41.874094
1.18,1.96,41.874094
2.36,1.96,41.874094
3.54,1.96,41.874094
4.72,1.96,41.874094
5.9,1.96,41.874094
7.08,1.96,41.874094
8.26,1.96,41.874094
9.44,1.96,41.874094
10.62,1.96,41.874094
0,3.14,41.874094
1.18,3.14,41.874094
2.36,3.14,41.874094
3.54,3.14,41.874094
4.72,3.14,41.874094
5.9,3.14,41.874094
7.08,3.14,41.874094
8.26,3.14,41.874094
9.44,3.14,41.874094
10.62,3.14,41.874094
0,4.32,41.874094
1.18,4.32,41.874094
2.36,4.32,41.874094
3.54,4.32,41.874094
4.72,4.32,41.874094
5.9,4.32,41.874094
7.08,4.32,41.874094
8.26,4.32,41.874094
9.44,4.32,41.874094
10.62,4.32,41.874094
0,5.5,41.874094
1.18,5.5,41.874094
2.36,5.5,41.874094
3.54,5.5,41.874094
4.72,5.5,41.874094
5.9,5.5,41.874094
7.08,5.5,41.874094
8.26,5.5,41.874094
9.44,5.5,41.874094
10.62,5.5,41.874094
0,6.68,41.874094
1.18,6.68,41.874094
2.36,6.68,41.874094
3.54,6.68,41.874094
4.72,6.68,41.874094
5.9,6.68,41.874094
7.08,6.68,41.874094
8.26,6.68,41.874094
9.44,6.68,41.874094
10.62,6.68,41.874094
0,7.86,41.874094
1.18,7.86,41.874094
2.36,7.86,41.874094
3.54,7.86,41.874094
4.72,7.86,41.874094
5.9,7.86,41.874094
7.08,7.86,41.874094
8.26,7.86,41.874094
9.44,7.86,41.874094
10.62,7.86,41.874094
0,-7.48,42.494094
0,-6.3,42.494094
0,-5.12,42.494094
0,-3.94,42.494094
0,-2.76,42.494094
0,-1.58,42.494094
0,-0.400000000000002,42.494094
0,0.779999999999998,42.494094
0,1.96,42.494094
0,3.14,42.494094
0,4.32,42.494094
0,5.5,42.494094
0,6.68,42.494094
0,7.86,42.494094
1.18,-7.48,42.494094
1.18,-6.3,42.494094
1.18,-5.12,42.494094
1.18,-3.94,42.494094
1.18,-2.76,42.494094
1.18,-1.58,42.494094
1.18,-0.400000000000002,42.494094
1.18,0.779999999999998,42.494094
1.18,1.96,42.494094
1.18,3.14,42.494094
1.18,4.32,42.494094
1.18,5.5,42.494094
1.18,6.68,42.494094
1.18,7.86,42.494094
2.36,-7.48,42.494094
2.36,-6.3,42.494094
2.36,-5.12,42.494094
2.36,-3.94,42.494094
2.36,-2.76,42.494094
2.36,-1.58,42.494094
2.36,-0.400000000000002,42.494094
2.36,0.779999999999998,42.494094
2.36,1.96,42.494094
2.36,3.14,42.494094
2.36,4.32,42.494094
2.36,5.5,42.494094
2.36,6.68,42.494094
2.36,7.86,42.494094
3.54,-7.48,42.494094
3.54,-6.3,42.494094
3.54,-5.12,42.494094
3.54,-3.94,42.494094
3.54,-2.76,42.494094
3.54,-1.58,42.494094
3.54,-0.400000000000002,42.494094
3.54,0.779999999999998,42.494094
3.54,1.96,42.494094
3.54,3.14,42.494094
3.54,4.32,42.494094
3.54,5.5,42.494094
3.54,6.68,42.494094
3.54,7.86,42.494094
4.72,-7.48,42.494094
4.72,-6.3,42.494094
4.72,-5.12,42.494094
4.72,-3.94,42.494094
4.72,-2.76,42.494094
4.72,-1.58,42.494094
4.72,-0.400000000000002,42.494094
4.72,0.779999999999998,42.494094
4.72,1.96,42.494094
4.72,3.14,42.494094
4.72,4.32,42.494094
4.72,5.5,42.494094
4.72,6.68,42.494094
4.72,7.86,42.494094
5.9,-7.48,42.494094
5.9,-6.3,42.494094
5.9,-5.12,42.494094
5.9,-3.94,42.494094
5.9,-2.76,42.494094
5.9,-1.58,42.494094
5.9,-0.400000000000002,42.494094
5.9,0.779999999999998,42.494094
5.9,1.96,42.494094
5.9,3.14,42.494094
5.9,4.32,42.494094
5.9,5.5,42.494094
5.9,6.68,42.494094
5.9,7.86,42.494094
7.08,-7.48,42.494094
7.08,-6.3,42.494094
7.08,-5.12,42.494094
7.08,-3.94,42.494094
7.08,-2.76,42.494094
7.08,-1.58,42.494094
7.08,-0.400000000000002,42.494094
7.08,0.779999999999998,42.494094
7.08,1.96,42.494094
7.08,3.14,42.494094
7.08,4.32,42.494094
7.08,5.5,42.494094
7.08,6.68,42.494094
7.08,7.86,42.494094
8.26,-7.48,42.494094
8.26,-6.3,42.494094
8.26,-5.12,42.494094
8.26,-3.94,42.494094
8.26,-2.76,42.494094
8.26,-1.58,42.494094
8.26,-0.400000000000002,42.494094
8.26,0.779999999999998,42.494094
8.26,1.96,42.494094
8.26,3.14,42.494094
8.26,4.32,42.494094
8.26,5.5,42.494094
8.26,6.68,42.494094
8.26,7.86,42.494094
9.44,-7.48,42.494094
9.44,-6.3,42.494094
9.44,-5.12,42.494094
9.44,-3.94,42.494094
9.44,-2.76,42.494094
9.44,-1.58,42.494094
9.44,-0.400000000000002,42.494094
9.44,0.779999999999998,42.494094
9.44,1.96,42.494094
9.44,3.14,42.494094
9.44,4.32,42.494094
9.44,5.5,42.494094
9.44,6.68,42.494094
9.44,7.86,42.494094
10.62,-7.48,42.494094
10.62,-6.3,42.494094
10.62,-5.12,42.494094
10.62,-3.94,42.494094
10.62,-2.76,42.494094
10.62,-1.58,42.494094
10.62,-0.400000000000002,42.494094
10.62,0.779999999999998,42.494094
10.62,1.96,42.494094
10.62,3.14,42.494094
10.62,4.32,42.494094
10.62,5.5,42.494094
10.62,6.68,42.494094
10.62,7.86,42.494094
0,-7.48,43.114094
1.18,-7.48,43.114094
2.36,-7.48,43.114094
3.54,-7.48,43.114094
4.72,-7.48,43.114094
5.9,-7.48,43.114094
7.08,-7.48,43.114094
8.26,-7.48,43.114094
9.44,-7.48,43.114094
10.62,-7.48,43.114094
0,-6.3,43.114094
1.18,-6.3,43.114094
2.36,-6.3,43.114094
3.54,-6.3,43.114094
4.72,-6.3,43.114094
5.9,-6.3,43.114094
7.08,-6.3,43.114094
8.26,-6.3,43.114094
9.44,-6.3,43.114094
10.62,-6.3,43.114094
0,-5.12,43.114094
1.18,-5.12,43.114094
2.36,-5.12,43.114094
3.54,-5.12,43.114094
4.72,-5.12,43.114094
5.9,-5.12,43.114094
7.08,-5.12,43.114094
8.26,-5.12,43.114094
9.44,-5.12,43.114094
10.62,-5.12,43.114094
0,-3.94,43.114094
1.18,-3.94,43.114094
2.36,-3.94,43.114094
3.54,-3.94,43.114094
4.72,-3.94,43.114094
5.9,-3.94,43.114094
7.08,-3.94,43.114094
8.26,-3.94,43.114094
9.44,-3.94,43.114094
10.62,-3.94,43.114094
0,-2.76,43.114094
1.18,-2.76,43.114094
2.36,-2.76,43.114094
3.54,-2.76,43.114094
4.72,-2.76,43.114094
5.9,-2.76,43.114094
7.08,-2.76,43.114094
8.26,-2.76,43.114094
9.44,-2.76,43.114094
10.62,-2.76,43.114094
0,-1.58,43.114094
1.18,-1.58,43.114094
2.36,-1.58,43.114094
3.54,-1.58,43.114094
4.72,-1.58,43.114094
5.9,-1.58,43.114094
7.08,-1.58,43.114094
8.26,-1.58,43.114094
9.44,-1.58,43.114094
10.62,-1.58,43.114094
0,-0.400000000000002,43.114094
1.18,-0.400000000000002,43.114094
2.36,-0.400000000000002,43.114094
3.54,-0.400000000000002,43.114094
4.72,-0.400000000000002,43.114094
5.9,-0.400000000000002,43.114094
7.08,-0.400000000000002,43.114094
8.26,-0.400000000000002,43.114094
9.44,-0.400000000000002,43.114094
10.62,-0.400000000000002,43.114094
0,0.779999999999998,43.114094
1.18,0.779999999999998,43.114094
2.36,0.779999999999998,43.114094
3.54,0.779999999999998,43.114094
4.72,0.779999999999998,43.114094
5.9,0.779999999999998,43.114094
7.08,0.779999999999998,43.114094
8.26,0.779999999999998,43.114094
9.44,0.779999999999998,43.114094
10.62,0.779999999999998,43.114094
0,1.96,43.114094
1.18,1.96,43.114094
2.36,1.96,43.114094
3.54,1.96,43.114094
4.72,1.96,43.114094
5.9,1.96,43.114094
7.08,1.96,43.114094
8.26,1.96,43.114094
9.44,1.96,43.114094
10.62,1.96,43.114094
0,3.14,43.114094
1.18,3.14,43.114094
2.36,3.14,43.114094
3.54,3.14,43.114094
4.72,3.14,43.114094
5.9,3.14,43.114094
7.08,3.14,43.114094
8.26,3.14,43.114094
9.44,3.14,43.114094
10.62,3.14,43.114094
0,4.32,43.114094
1.18,4.32,43.114094
2.36,4.32,43.114094
3.54,4.32,43.114094
4.72,4.32,43.114094
5.9,4.32,43.114094
7.08,4.32,43.114094
8.26,4.32,43.114094
9.44,4.32,43.114094
10.62,4.32,43.114094
0,5.5,43.114094
1.18,5.5,43.114094
2.36,5.5,43.114094
3.54,5.5,43.114094
4.72,5.5,43.114094
5.9,5.5,43.114094
7.08,5.5,43.114094
8.26,5.5,43.114094
9.44,5.5,43.114094
10.62,5.5,43.114094
0,6.68,43.114094
1.18,6.68,43.114094
2.36,6.68,43.114094
3.54,6.68,43.114094
4.72,6.68,43.114094
5.9,6.68,43.114094
7.08,6.68,43.114094
8.26,6.68,43.114094
9.44,6.68,43.114094
10.62,6.68,43.114094
0,7.86,43.114094
1.18,7.86,43.114094
2.36,7.86,43.114094
3.54,7.86,43.114094
4.72,7.86,43.114094
5.9,7.86,43.114094
7.08,7.86,43.114094
8.26,7.86,43.114094
9.44,7.86,43.114094
10.62,7.86,43.114094
0,-7.48,43.734094
0,-6.3,43.734094
0,-5.12,43.734094
0,-3.94,43.734094
0,-2.76,43.734094
0,-1.58,43.734094
0,-0.400000000000002,43.734094
0,0.779999999999998,43.734094
0,1.96,43.734094
0,3.14,43.734094
0,4.32,43.734094
0,5.5,43.734094
0,6.68,43.734094
0,7.86,43.734094
1.18,-7.48,43.734094
1.18,-6.3,43.734094
1.18,-5.12,43.734094
1.18,-3.94,43.734094
1.18,-2.76,43.734094
1.18,-1.58,43.734094
1.18,-0.400000000000002,43.734094
1.18,0.779999999999998,43.734094
1.18,1.96,43.734094
1.18,3.14,43.734094
1.18,4.32,43.734094
1.18,5.5,43.734094
1.18,6.68,43.734094
1.18,7.86,43.734094
2.36,-7.48,43.734094
2.36,-6.3,43.734094
2.36,-5.12,43.734094
2.36,-3.94,43.734094
2.36,-2.76,43.734094
2.36,-1.58,43.734094
2.36,-0.400000000000002,43.734094
2.36,0.779999999999998,43.734094
2.36,1.96,43.734094
2.36,3.14,43.734094
2.36,4.32,43.734094
2.36,5.5,43.734094
2.36,6.68,43.734094
2.36,7.86,43.734094
3.54,-7.48,43.734094
3.54,-6.3,43.734094
3.54,-5.12,43.734094
3.54,-3.94,43.734094
3.54,-2.76,43.734094
3.54,-1.58,43.734094
3.54,-0.400000000000002,43.734094
3.54,0.779999999999998,43.734094
3.54,1.96,43.734094
3.54,3.14,43.734094
3.54,4.32,43.734094
3.54,5.5,43.734094
3.54,6.68,43.734094
3.54,7.86,43.734094
4.72,-7.48,43.734094
4.72,-6.3,43.734094
4.72,-5.12,43.734094
4.72,-3.94,43.734094
4.72,-2.76,43.734094
4.72,-1.58,43.734094
4.72,-0.400000000000002,43.734094
4.72,0.779999999999998,43.734094
4.72,1.96,43.734094
4.72,3.14,43.734094
4.72,4.32,43.734094
4.72,5.5,43.734094
4.72,6.68,43.734094
4.72,7.86,43.734094
5.9,-7.48,43.734094
5.9,-6.3,43.734094
5.9,-5.12,43.734094
5.9,-3.94,43.734094
5.9,-2.76,43.734094
5.9,-1.58,43.734094
5.9,-0.400000000000002,43.734094
5.9,0.779999999999998,43.734094
5.9,1.96,43.734094
5.9,3.14,43.734094
5.9,4.32,43.734094
5.9,5.5,43.734094
5.9,6.68,43.734094
5.9,7.86,43.734094
7.08,-7.48,43.734094
7.08,-6.3,43.734094
7.08,-5.12,43.734094
7.08,-3.94,43.734094
7.08,-2.76,43.734094
7.08,-1.58,43.734094
7.08,-0.400000000000002,43.734094
7.08,0.779999999999998,43.734094
7.08,1.96,43.734094
7.08,3.14,43.734094
7.08,4.32,43.734094
7.08,5.5,43.734094
7.08,6.68,43.734094
7.08,7.86,43.734094
8.26,-7.48,43.734094
8.26,-6.3,43.734094
8.26,-5.12,43.734094
8.26,-3.94,43.734094
8.26,-2.76,43.734094
8.26,-1.58,43.734094
8.26,-0.400000000000002,43.734094
8.26,0.779999999999998,43.734094
8.26,1.96,43.734094
8.26,3.14,43.734094
8.26,4.32,43.734094
8.26,5.5,43.734094
8.26,6.68,43.734094
8.26,7.86,43.734094
9.44,-7.48,43.734094
9.44,-6.3,43.734094
9.44,-5.12,43.734094
9.44,-3.94,43.734094
9.44,-2.76,43.734094
9.44,-1.58,43.734094
9.44,-0.400000000000002,43.734094
9.44,0.779999999999998,43.734094
9.44,1.96,43.734094
9.44,3.14,43.734094
9.44,4.32,43.734094
9.44,5.5,43.734094
9.44,6.68,43.734094
9.44,7.86,43.734094
10.62,-7.48,43.734094
10.62,-6.3,43.734094
10.62,-5.12,43.734094
10.62,-3.94,43.734094
10.62,-2.76,43.734094
10.62,-1.58,43.734094
10.62,-0.400000000000002,43.734094
10.62,0.779999999999998,43.734094
10.62,1.96,43.734094
10.62,3.14,43.734094
10.62,4.32,43.734094
10.62,5.5,43.734094
10.62,6.68,43.734094
10.62,7.86,43.734094
0,-7.48,44.354094
1.18,-7.48,44.354094
2.36,-7.48,44.354094
3.54,-7.48,44.354094
4.72,-7.48,44.354094
5.9,-7.48,44.354094
7.08,-7.48,44.354094
8.26,-7.48,44.354094
9.44,-7.48,44.354094
10.62,-7.48,44.354094
0,-6.3,44.354094
1.18,-6.3,44.354094
2.36,-6.3,44.354094
3.54,-6.3,44.354094
4.72,-6.3,44.354094
5.9,-6.3,44.354094
7.08,-6.3,44.354094
8.26,-6.3,44.354094
9.44,-6.3,44.354094
10.62,-6.3,44.354094
0,-5.12,44.354094
1.18,-5.12,44.354094
2.36,-5.12,44.354094
3.54,-5.12,44.354094
4.72,-5.12,44.354094
5.9,-5.12,44.354094
7.08,-5.12,44.354094
8.26,-5.12,44.354094
9.44,-5.12,44.354094
10.62,-5.12,44.354094
0,-3.94,44.354094
1.18,-3.94,44.354094
2.36,-3.94,44.354094
3.54,-3.94,44.354094
4.72,-3.94,44.354094
5.9,-3.94,44.354094
7.08,-3.94,44.354094
8.26,-3.94,44.354094
9.44,-3.94,44.354094
10.62,-3.94,44.354094
0,-2.76,44.354094
1.18,-2.76,44.354094
2.36,-2.76,44.354094
3.54,-2.76,44.354094
4.72,-2.76,44.354094
5.9,-2.76,44.354094
7.08,-2.76,44.354094
8.26,-2.76,44.354094
9.44,-2.76,44.354094
10.62,-2.76,44.354094
0,-1.58,44.354094
1.18,-1.58,44.354094
2.36,-1.58,44.354094
3.54,-1.58,44.354094
4.72,-1.58,44.354094
5.9,-1.58,44.354094
7.08,-1.58,44.354094
8.26,-1.58,44.354094
9.44,-1.58,44.354094
10.62,-1.58,44.354094
0,-0.400000000000002,44.354094
1.18,-0.400000000000002,44.354094
2.36,-0.400000000000002,44.354094
3.54,-0.400000000000002,44.354094
4.72,-0.400000000000002,44.354094
5.9,-0.400000000000002,44.354094
7.08,-0.400000000000002,44.354094
8.26,-0.400000000000002,44.354094
9.44,-0.400000000000002,44.354094
10.62,-0.400000000000002,44.354094
0,0.779999999999998,44.354094
1.18,0.779999999999998,44.354094
2.36,0.779999999999998,44.354094
3.54,0.779999999999998,44.354094
4.72,0.779999999999998,44.354094
5.9,0.779999999999998,44.354094
7.08,0.779999999999998,44.354094
8.26,0.779999999999998,44.354094
9.44,0.779999999999998,44.354094
10.62,0.779999999999998,44.354094
0,1.96,44.354094
1.18,1.96,44.354094
2.36,1.96,44.354094
3.54,1.96,44.354094
4.72,1.96,44.354094
5.9,1.96,44.354094
7.08,1.96,44.354094
8.26,1.96,44.354094
9.44,1.96,44.354094
10.62,1.96,44.354094
0,3.14,44.354094
1.18,3.14,44.354094
2.36,3.14,44.354094
3.54,3.14,44.354094
4.72,3.14,44.354094
5.9,3.14,44.354094
7.08,3.14,44.354094
8.26,3.14,44.354094
9.44,3.14,44.354094
10.62,3.14,44.354094
0,4.32,44.354094
1.18,4.32,44.354094
2.36,4.32,44.354094
3.54,4.32,44.354094
4.72,4.32,44.354094
5.9,4.32,44.354094
7.08,4.32,44.354094
8.26,4.32,44.354094
9.44,4.32,44.354094
10.62,4.32,44.354094
0,5.5,44.354094
1.18,5.5,44.354094
2.36,5.5,44.354094
3.54,5.5,44.354094
4.72,5.5,44.354094
5.9,5.5,44.354094
7.08,5.5,44.354094
8.26,5.5,44.354094
9.44,5.5,44.354094
10.62,5.5,44.354094
0,6.68,44.354094
1.18,6.68,44.354094
2.36,6.68,44.354094
3.54,6.68,44.354094
4.72,6.68,44.354094
5.9,6.68,44.354094
7.08,6.68,44.354094
8.26,6.68,44.354094
9.44,6.68,44.354094
10.62,6.68,44.354094
0,7.86,44.354094
1.18,7.86,44.354094
2.36,7.86,44.354094
3.54,7.86,44.354094
4.72,7.86,44.354094
5.9,7.86,44.354094
7.08,7.86,44.354094
8.26,7.86,44.354094
9.44,7.86,44.354094
10.62,7.86,44.354094
0,-7.48,44.974094
0,-6.3,44.974094
0,-5.12,44.974094
0,-3.94,44.974094
0,-2.76,44.974094
0,-1.58,44.974094
0,-0.400000000000002,44.974094
0,0.779999999999998,44.974094
0,1.96,44.974094
0,3.14,44.974094
0,4.32,44.974094
0,5.5,44.974094
0,6.68,44.974094
0,7.86,44.974094
1.18,-7.48,44.974094
1.18,-6.3,44.974094
1.18,-5.12,44.974094
1.18,-3.94,44.974094
1.18,-2.76,44.974094
1.18,-1.58,44.974094
1.18,-0.400000000000002,44.974094
1.18,0.779999999999998,44.974094
1.18,1.96,44.974094
1.18,3.14,44.974094
1.18,4.32,44.974094
1.18,5.5,44.974094
1.18,6.68,44.974094
1.18,7.86,44.974094
2.36,-7.48,44.974094
2.36,-6.3,44.974094
2.36,-5.12,44.974094
2.36,-3.94,44.974094
2.36,-2.76,44.974094
2.36,-1.58,44.974094
2.36,-0.400000000000002,44.974094
2.36,0.779999999999998,44.974094
2.36,1.96,44.974094
2.36,3.14,44.974094
2.36,4.32,44.974094
2.36,5.5,44.974094
2.36,6.68,44.974094
2.36,7.86,44.974094
3.54,-7.48,44.974094
3.54,-6.3,44.974094
3.54,-5.12,44.974094
3.54,-3.94,44.974094
3.54,-2.76,44.974094
3.54,-1.58,44.974094
3.54,-0.400000000000002,44.974094
3.54,0.779999999999998,44.974094
3.54,1.96,44.974094
3.54,3.14,44.974094
3.54,4.32,44.974094
3.54,5.5,44.974094
3.54,6.68,44.974094
3.54,7.86,44.974094
4.72,-7.48,44.974094
4.72,-6.3,44.974094
4.72,-5.12,44.974094
4.72,-3.94,44.974094
4.72,-2.76,44.974094
4.72,-1.58,44.974094
4.72,-0.400000000000002,44.974094
4.72,0.779999999999998,44.974094
4.72,1.96,44.974094
4.72,3.14,44.974094
4.72,4.32,44.974094
4.72,5.5,44.974094
4.72,6.68,44.974094
4.72,7.86,44.974094
5.9,-7.48,44.974094
5.9,-6.3,44.974094
5.9,-5.12,44.974094
5.9,-3.94,44.974094
5.9,-2.76,44.974094
5.9,-1.58,44.974094
5.9,-0.400000000000002,44.974094
5.9,0.779999999999998,44.974094
5.9,1.96,44.974094
5.9,3.14,44.974094
5.9,4.32,44.974094
5.9,5.5,44.974094
5.9,6.68,44.974094
5.9,7.86,44.974094
7.08,-7.48,44.974094
7.08,-6.3,44.974094
7.08,-5.12,44.974094
7.08,-3.94,44.974094
7.08,-2.76,44.974094
7.08,-1.58,44.974094
7.08,-0.400000000000002,44.974094
7.08,0.779999999999998,44.974094
7.08,1.96,44.974094
7.08,3.14,44.974094
7.08,4.32,44.974094
7.08,5.5,44.974094
7.08,6.68,44.974094
7.08,7.86,44.974094
8.26,-7.48,44.974094
8.26,-6.3,44.974094
8.26,-5.12,44.974094
8.26,-3.94,44.974094
8.26,-2.76,44.974094
8.26,-1.58,44.974094
8.26,-0.400000000000002,44.974094
8.26,0.779999999999998,44.974094
8.26,1.96,44.974094
8.26,3.14,44.974094
8.26,4.32,44.974094
8.26,5.5,44.974094
8.26,6.68,44.974094
8.26,7.86,44.974094
9.44,-7.48,44.974094
9.44,-6.3,44.974094
9.44,-5.12,44.974094
9.44,-3.94,44.974094
9.44,-2.76,44.974094
9.44,-1.58,44.974094
9.44,-0.400000000000002,44.974094
9.44,0.779999999999998,44.974094
9.44,1.96,44.974094
9.44,3.14,44.974094
9.44,4.32,44.974094
9.44,5.5,44.974094
9.44,6.68,44.974094
9.44,7.86,44.974094
10.62,-7.48,44.974094
10.62,-6.3,44.974094
10.62,-5.12,44.974094
10.62,-3.94,44.974094
10.62,-2.76,44.974094
10.62,-1.58,44.974094
10.62,-0.400000000000002,44.974094
10.62,0.779999999999998,44.974094
10.62,1.96,44.974094
10.62,3.14,44.974094
10.62,4.32,44.974094
10.62,5.5,44.974094
10.62,6.68,44.974094
10.62,7.86,44.974094
0,-7.48,45.594094
1.18,-7.48,45.594094
2.36,-7.48,45.594094
3.54,-7.48,45.594094
4.72,-7.48,45.594094
5.9,-7.48,45.594094
7.08,-7.48,45.594094
8.26,-7.48,45.594094
9.44,-7.48,45.594094
10.62,-7.48,45.594094
0,-6.3,45.594094
1.18,-6.3,45.594094
2.36,-6.3,45.594094
3.54,-6.3,45.594094
4.72,-6.3,45.594094
5.9,-6.3,45.594094
7.08,-6.3,45.594094
8.26,-6.3,45.594094
9.44,-6.3,45.594094
10.62,-6.3,45.594094
0,-5.12,45.594094
1.18,-5.12,45.594094
2.36,-5.12,45.594094
3.54,-5.12,45.594094
4.72,-5.12,45.594094
5.9,-5.12,45.594094
7.08,-5.12,45.594094
8.26,-5.12,45.594094
9.44,-5.12,45.594094
10.62,-5.12,45.594094
0,-3.94,45.594094
1.18,-3.94,45.594094
2.36,-3.94,45.594094
3.54,-3.94,45.594094
4.72,-3.94,45.594094
5.9,-3.94,45.594094
7.08,-3.94,45.594094
8.26,-3.94,45.594094
9.44,-3.94,45.594094
10.62,-3.94,45.594094
0,-2.76,45.594094
1.18,-2.76,45.594094
2.36,-2.76,45.594094
3.54,-2.76,45.594094
4.72,-2.76,45.594094
5.9,-2.76,45.594094
7.08,-2.76,45.594094
8.26,-2.76,45.594094
9.44,-2.76,45.594094
10.62,-2.76,45.594094
0,-1.58,45.594094
1.18,-1.58,45.594094
2.36,-1.58,45.594094
3.54,-1.58,45.594094
4.72,-1.58,45.594094
5.9,-1.58,45.594094
7.08,-1.58,45.594094
8.26,-1.58,45.594094
9.44,-1.58,45.594094
10.62,-1.58,45.594094
0,-0.400000000000002,45.594094
1.18,-0.400000000000002,45.594094
2.36,-0.400000000000002,45.594094
3.54,-0.400000000000002,45.594094
4.72,-0.400000000000002,45.594094
5.9,-0.400000000000002,45.594094
7.08,-0.400000000000002,45.594094
8.26,-0.400000000000002,45.594094
9.44,-0.400000000000002,45.594094
10.62,-0.400000000000002,45.594094
0,0.779999999999998,45.594094
1.18,0.779999999999998,45.594094
2.36,0.779999999999998,45.594094
3.54,0.779999999999998,45.594094
4.72,0.779999999999998,45.594094
5.9,0.779999999999998,45.594094
7.08,0.779999999999998,45.594094
8.26,0.779999999999998,45.594094
9.44,0.779999999999998,45.594094
10.62,0.779999999999998,45.594094
0,1.96,45.594094
1.18,1.96,45.594094
2.36,1.96,45.594094
3.54,1.96,45.594094
4.72,1.96,45.594094
5.9,1.96,45.594094
7.08,1.96,45.594094
8.26,1.96,45.594094
9.44,1.96,45.594094
10.62,1.96,45.594094
0,3.14,45.594094
1.18,3.14,45.594094
2.36,3.14,45.594094
3.54,3.14,45.594094
4.72,3.14,45.594094
5.9,3.14,45.594094
7.08,3.14,45.594094
8.26,3.14,45.594094
9.44,3.14,45.594094
10.62,3.14,45.594094
0,4.32,45.594094
1.18,4.32,45.594094
2.36,4.32,45.594094
3.54,4.32,45.594094
4.72,4.32,45.594094
5.9,4.32,45.594094
7.08,4.32,45.594094
8.26,4.32,45.594094
9.44,4.32,45.594094
10.62,4.32,45.594094
0,5.5,45.594094
1.18,5.5,45.594094
2.36,5.5,45.594094
3.54,5.5,45.594094
4.72,5.5,45.594094
5.9,5.5,45.594094
7.08,5.5,45.594094
8.26,5.5,45.594094
9.44,5.5,45.594094
10.62,5.5,45.594094
0,6.68,45.594094
1.18,6.68,45.594094
2.36,6.68,45.594094
3.54,6.68,45.594094
4.72,6.68,45.594094
5.9,6.68,45.594094
7.08,6.68,45.594094
8.26,6.68,45.594094
9.44,6.68,45.594094
10.62,6.68,45.594094
0,7.86,45.594094
1.18,7.86,45.594094
2.36,7.86,45.594094
3.54,7.86,45.594094
4.72,7.86,45.594094
5.9,7.86,45.594094
7.08,7.86,45.594094
8.26,7.86,45.594094
9.44,7.86,45.594094
10.62,7.86,45.594094
0,-6.3,46.214094
0,-5.12,46.214094
0,-3.94,46.214094
0,-2.76,46.214094
0,-1.58,46.214094
0,-0.400000000000002,46.214094
0,0.779999999999998,46.214094
0,1.96,46.214094
0,3.14,46.214094
0,4.32,46.214094
0,5.5,46.214094
0,6.68,46.214094
1.18,-6.3,46.214094
1.18,-5.12,46.214094
1.18,-3.94,46.214094
1.18,-2.76,46.214094
1.18,-1.58,46.214094
1.18,-0.400000000000002,46.214094
1.18,0.779999999999998,46.214094
1.18,1.96,46.214094
1.18,3.14,46.214094
1.18,4.32,46.214094
1.18,5.5,46.214094
1.18,6.68,46.214094
2.36,-6.3,46.214094
2.36,-5.12,46.214094
2.36,-3.94,46.214094
2.36,-2.76,46.214094
2.36,-1.58,46.214094
2.36,-0.400000000000002,46.214094
2.36,0.779999999999998,46.214094
2.36,1.96,46.214094
2.36,3.14,46.214094
2.36,4.32,46.214094
2.36,5.5,46.214094
2.36,6.68,46.214094
3.54,-6.3,46.214094
3.54,-5.12,46.214094
3.54,-3.94,46.214094
3.54,-2.76,46.214094
3.54,-1.58,46.214094
3.54,-0.400000000000002,46.214094
3.54,0.779999999999998,46.214094
3.54,1.96,46.214094
3.54,3.14,46.214094
3.54,4.32,46.214094
3.54,5.5,46.214094
3.54,6.68,46.214094
4.72,-6.3,46.214094
4.72,-5.12,46.214094
4.72,-3.94,46.214094
4.72,-2.76,46.214094
4.72,-1.58,46.214094
4.72,-0.400000000000002,46.214094
4.72,0.779999999999998,46.214094
4.72,1.96,46.214094
4.72,3.14,46.214094
4.72,4.32,46.214094
4.72,5.5,46.214094
4.72,6.68,46.214094
5.9,-6.3,46.214094
5.9,-5.12,46.214094
5.9,-3.94,46.214094
5.9,-2.76,46.214094
5.9,-1.58,46.214094
5.9,-0.400000000000002,46.214094
5.9,0.779999999999998,46.214094
5.9,1.96,46.214094
5.9,3.14,46.214094
5.9,4.32,46.214094
5.9,5.5,46.214094
5.9,6.68,46.214094
7.08,-6.3,46.214094
7.08,-5.12,46.214094
7.08,-3.94,46.214094
7.08,-2.76,46.214094
7.08,-1.58,46.214094
7.08,-0.400000000000002,46.214094
7.08,0.779999999999998,46.214094
7.08,1.96,46.214094
7.08,3.14,46.214094
7.08,4.32,46.214094
7.08,5.5,46.214094
7.08,6.68,46.214094
8.26,-6.3,46.214094
8.26,-5.12,46.214094
8.26,-3.94,46.214094
8.26,-2.76,46.214094
8.26,-1.58,46.214094
8.26,-0.400000000000002,46.214094
8.26,0.779999999999998,46.214094
8.26,1.96,46.214094
8.26,3.14,46.214094
8.26,4.32,46.214094
8.26,5.5,46.214094
8.26,6.68,46.214094
9.44,-6.3,46.214094
9.44,-5.12,46.214094
9.44,-3.94,46.214094
9.44,-2.76,46.214094
9.44,-1.58,46.214094
9.44,-0.400000000000002,46.214094
9.44,0.779999999999998,46.214094
9.44,1.96,46.214094
9.44,3.14,46.214094
9.44,4.32,46.214094
9.44,5.5,46.214094
9.44,6.68,46.214094
10.62,-6.3,46.214094
10.62,-5.12,46.214094
10.62,-3.94,46.214094
10.62,-2.76,46.214094
10.62,-1.58,46.214094
10.62,-0.400000000000002,46.214094
10.62,0.779999999999998,46.214094
10.62,1.96,46.214094
10.62,3.14,46.214094
10.62,4.32,46.214094
10.62,5.5,46.214094
10.62,6.68,46.214094
0,-6.3,46.834094
1.18,-6.3,46.834094
2.36,-6.3,46.834094
3.54,-6.3,46.834094
4.72,-6.3,46.834094
5.9,-6.3,46.834094
7.08,-6.3,46.834094
8.26,-6.3,46.834094
9.44,-6.3,46.834094
10.62,-6.3,46.834094
0,-5.12,46.834094
1.18,-5.12,46.834094
2.36,-5.12,46.834094
3.54,-5.12,46.834094
4.72,-5.12,46.834094
5.9,-5.12,46.834094
7.08,-5.12,46.834094
8.26,-5.12,46.834094
9.44,-5.12,46.834094
10.62,-5.12,46.834094
0,-3.94,46.834094
1.18,-3.94,46.834094
2.36,-3.94,46.834094
3.54,-3.94,46.834094
4.72,-3.94,46.834094
5.9,-3.94,46.834094
7.08,-3.94,46.834094
8.26,-3.94,46.834094
9.44,-3.94,46.834094
10.62,-3.94,46.834094
0,-2.76,46.834094
1.18,-2.76,46.834094
2.36,-2.76,46.834094
3.54,-2.76,46.834094
4.72,-2.76,46.834094
5.9,-2.76,46.834094
7.08,-2.76,46.834094
8.26,-2.76,46.834094
9.44,-2.76,46.834094
10.62,-2.76,46.834094
0,-1.58,46.834094
1.18,-1.58,46.834094
2.36,-1.58,46.834094
3.54,-1.58,46.834094
4.72,-1.58,46.834094
5.9,-1.58,46.834094
7.08,-1.58,46.834094
8.26,-1.58,46.834094
9.44,-1.58,46.834094
10.62,-1.58,46.834094
0,-0.400000000000002,46.834094
1.18,-0.400000000000002,46.834094
2.36,-0.400000000000002,46.834094
3.54,-0.400000000000002,46.834094
4.72,-0.400000000000002,46.834094
5.9,-0.400000000000002,46.834094
7.08,-0.400000000000002,46.834094
8.26,-0.400000000000002,46.834094
9.44,-0.400000000000002,46.834094
10.62,-0.400000000000002,46.834094
0,0.779999999999998,46.834094
1.18,0.779999999999998,46.834094
2.36,0.779999999999998,46.834094
3.54,0.779999999999998,46.834094
4.72,0.779999999999998,46.834094
5.9,0.779999999999998,46.834094
7.08,0.779999999999998,46.834094
8.26,0.779999999999998,46.834094
9.44,0.779999999999998,46.834094
10.62,0.779999999999998,46.834094
0,1.96,46.834094
1.18,1.96,46.834094
2.36,1.96,46.834094
3.54,1.96,46.834094
4.72,1.96,46.834094
5.9,1.96,46.834094
7.08,1.96,46.834094
8.26,1.96,46.834094
9.44,1.96,46.834094
10.62,1.96,46.834094
0,3.14,46.834094
1.18,3.14,46.834094
2.36,3.14,46.834094
3.54,3.14,46.834094
4.72,3.14,46.834094
5.9,3.14,46.834094
7.08,3.14,46.834094
8.26,3.14,46.834094
9.44,3.14,46.834094
10.62,3.14,46.834094
0,4.32,46.834094
1.18,4.32,46.834094
2.36,4.32,46.834094
3.54,4.32,46.834094
4.72,4.32,46.834094
5.9,4.32,46.834094
7.08,4.32,46.834094
8.26,4.32,46.834094
9.44,4.32,46.834094
10.62,4.32,46.834094
0,5.5,46.834094
1.18,5.5,46.834094
2.36,5.5,46.834094
3.54,5.5,46.834094
4.72,5.5,46.834094
5.9,5.5,46.834094
7.08,5.5,46.834094
8.26,5.5,46.834094
9.44,5.5,46.834094
10.62,5.5,46.834094
0,6.68,46.834094
1.18,6.68,46.834094
2.36,6.68,46.834094
3.54,6.68,46.834094
4.72,6.68,46.834094
5.9,6.68,46.834094
7.08,6.68,46.834094
8.26,6.68,46.834094
9.44,6.68,46.834094
10.62,6.68,46.834094
0,-6.3,47.454094
0,-5.12,47.454094
0,-3.94,47.454094
0,-2.76,47.454094
0,-1.58,47.454094
0,-0.400000000000002,47.454094
0,0.779999999999998,47.454094
0,1.96,47.454094
0,3.14,47.454094
0,4.32,47.454094
0,5.5,47.454094
0,6.68,47.454094
1.18,-6.3,47.454094
1.18,-5.12,47.454094
1.18,-3.94,47.454094
1.18,-2.76,47.454094
1.18,-1.58,47.454094
1.18,-0.400000000000002,47.454094
1.18,0.779999999999998,47.454094
1.18,1.96,47.454094
1.18,3.14,47.454094
1.18,4.32,47.454094
1.18,5.5,47.454094
1.18,6.68,47.454094
2.36,-6.3,47.454094
2.36,-5.12,47.454094
2.36,-3.94,47.454094
2.36,-2.76,47.454094
2.36,-1.58,47.454094
2.36,-0.400000000000002,47.454094
2.36,0.779999999999998,47.454094
2.36,1.96,47.454094
2.36,3.14,47.454094
2.36,4.32,47.454094
2.36,5.5,47.454094
2.36,6.68,47.454094
3.54,-6.3,47.454094
3.54,-5.12,47.454094
3.54,-3.94,47.454094
3.54,-2.76,47.454094
3.54,-1.58,47.454094
3.54,-0.400000000000002,47.454094
3.54,0.779999999999998,47.454094
3.54,1.96,47.454094
3.54,3.14,47.454094
3.54,4.32,47.454094
3.54,5.5,47.454094
3.54,6.68,47.454094
4.72,-6.3,47.454094
4.72,-5.12,47.454094
4.72,-3.94,47.454094
4.72,-2.76,47.454094
4.72,-1.58,47.454094
4.72,-0.400000000000002,47.454094
4.72,0.779999999999998,47.454094
4.72,1.96,47.454094
4.72,3.14,47.454094
4.72,4.32,47.454094
4.72,5.5,47.454094
4.72,6.68,47.454094
5.9,-6.3,47.454094
5.9,-5.12,47.454094
5.9,-3.94,47.454094
5.9,-2.76,47.454094
5.9,-1.58,47.454094
5.9,-0.400000000000002,47.454094
5.9,0.779999999999998,47.454094
5.9,1.96,47.454094
5.9,3.14,47.454094
5.9,4.32,47.454094
5.9,5.5,47.454094
5.9,6.68,47.454094
7.08,-6.3,47.454094
7.08,-5.12,47.454094
7.08,-3.94,47.454094
7.08,-2.76,47.454094
7.08,-1.58,47.454094
7.08,-0.400000000000002,47.454094
7.08,0.779999999999998,47.454094
7.08,1.96,47.454094
7.08,3.14,47.454094
7.08,4.32,47.454094
7.08,5.5,47.454094
7.08,6.68,47.454094
8.26,-6.3,47.454094
8.26,-5.12,47.454094
8.26,-3.94,47.454094
8.26,-2.76,47.454094
8.26,-1.58,47.454094
8.26,-0.400000000000002,47.454094
8.26,0.779999999999998,47.454094
8.26,1.96,47.454094
8.26,3.14,47.454094
8.26,4.32,47.454094
8.26,5.5,47.454094
8.26,6.68,47.454094
9.44,-6.3,47.454094
9.44,-5.12,47.454094
9.44,-3.94,47.454094
9.44,-2.76,47.454094
9.44,-1.58,47.454094
9.44,-0.400000000000002,47.454094
9.44,0.779999999999998,47.454094
9.44,1.96,47.454094
9.44,3.14,47.454094
9.44,4.32,47.454094
9.44,5.5,47.454094
9.44,6.68,47.454094
10.62,-6.3,47.454094
10.62,-5.12,47.454094
10.62,-3.94,47.454094
10.62,-2.76,47.454094
10.62,-1.58,47.454094
10.62,-0.400000000000002,47.454094
10.62,0.779999999999998,47.454094
10.62,1.96,47.454094
10.62,3.14,47.454094
10.62,4.32,47.454094
10.62,5.5,47.454094
10.62,6.68,47.454094
0,-6.3,48.074094
1.18,-6.3,48.074094
2.36,-6.3,48.074094
3.54,-6.3,48.074094
4.72,-6.3,48.074094
5.9,-6.3,48.074094
7.08,-6.3,48.074094
8.26,-6.3,48.074094
9.44,-6.3,48.074094
10.62,-6.3,48.074094
0,-5.12,48.074094
1.18,-5.12,48.074094
2.36,-5.12,48.074094
3.54,-5.12,48.074094
4.72,-5.12,48.074094
5.9,-5.12,48.074094
7.08,-5.12,48.074094
8.26,-5.12,48.074094
9.44,-5.12,48.074094
10.62,-5.12,48.074094
0,-3.94,48.074094
1.18,-3.94,48.074094
2.36,-3.94,48.074094
3.54,-3.94,48.074094
4.72,-3.94,48.074094
5.9,-3.94,48.074094
7.08,-3.94,48.074094
8.26,-3.94,48.074094
9.44,-3.94,48.074094
10.62,-3.94,48.074094
0,-2.76,48.074094
1.18,-2.76,48.074094
2.36,-2.76,48.074094
3.54,-2.76,48.074094
4.72,-2.76,48.074094
5.9,-2.76,48.074094
7.08,-2.76,48.074094
8.26,-2.76,48.074094
9.44,-2.76,48.074094
10.62,-2.76,48.074094
0,-1.58,48.074094
1.18,-1.58,48.074094
2.36,-1.58,48.074094
3.54,-1.58,48.074094
4.72,-1.58,48.074094
5.9,-1.58,48.074094
7.08,-1.58,48.074094
8.26,-1.58,48.074094
9.44,-1.58,48.074094
10.62,-1.58,48.074094
0,-0.400000000000002,48.074094
1.18,-0.400000000000002,48.074094
2.36,-0.400000000000002,48.074094
3.54,-0.400000000000002,48.074094
4.72,-0.400000000000002,48.074094
5.9,-0.400000000000002,48.074094
7.08,-0.400000000000002,48.074094
8.26,-0.400000000000002,48.074094
9.44,-0.400000000000002,48.074094
10.62,-0.400000000000002,48.074094
0,0.779999999999998,48.074094
1.18,0.779999999999998,48.074094
2.36,0.779999999999998,48.074094
3.54,0.779999999999998,48.074094
4.72,0.779999999999998,48.074094
5.9,0.779999999999998,48.074094
7.08,0.779999999999998,48.074094
8.26,0.779999999999998,48.074094
9.44,0.779999999999998,48.074094
10.62,0.779999999999998,48.074094
0,1.96,48.074094
1.18,1.96,48.074094
2.36,1.96,48.074094
3.54,1.96,48.074094
4.72,1.96,48.074094
5.9,1.96,48.074094
7.08,1.96,48.074094
8.26,1.96,48.074094
9.44,1.96,48.074094
10.62,1.96,48.074094
0,3.14,48.074094
1.18,3.14,48.074094
2.36,3.14,48.074094
3.54,3.14,48.074094
4.72,3.14,48.074094
5.9,3.14,48.074094
7.08,3.14,48.074094
8.26,3.14,48.074094
9.44,3.14,48.074094
10.62,3.14,48.074094
0,4.32,48.074094
1.18,4.32,48.074094
2.36,4.32,48.074094
3.54,4.32,48.074094
4.72,4.32,48.074094
5.9,4.32,48.074094
7.08,4.32,48.074094
8.26,4.32,48.074094
9.44,4.32,48.074094
10.62,4.32,48.074094
0,5.5,48.074094
1.18,5.5,48.074094
2.36,5.5,48.074094
3.54,5.5,48.074094
4.72,5.5,48.074094
5.9,5.5,48.074094
7.08,5.5,48.074094
8.26,5.5,48.074094
9.44,5.5,48.074094
10.62,5.5,48.074094
0,6.68,48.074094
1.18,6.68,48.074094
2.36,6.68,48.074094
3.54,6.68,48.074094
4.72,6.68,48.074094
5.9,6.68,48.074094
7.08,6.68,48.074094
8.26,6.68,48.074094
9.44,6.68,48.074094
10.62,6.68,48.074094
0,-6.3,48.694094
0,-5.12,48.694094
0,-3.94,48.694094
0,-2.76,48.694094
0,-1.58,48.694094
0,-0.400000000000002,48.694094
0,0.779999999999998,48.694094
0,1.96,48.694094
0,3.14,48.694094
0,4.32,48.694094
0,5.5,48.694094
0,6.68,48.694094
1.18,-6.3,48.694094
1.18,-5.12,48.694094
1.18,-3.94,48.694094
1.18,-2.76,48.694094
1.18,-1.58,48.694094
1.18,-0.400000000000002,48.694094
1.18,0.779999999999998,48.694094
1.18,1.96,48.694094
1.18,3.14,48.694094
1.18,4.32,48.694094
1.18,5.5,48.694094
1.18,6.68,48.694094
2.36,-6.3,48.694094
2.36,-5.12,48.694094
2.36,-3.94,48.694094
2.36,-2.76,48.694094
2.36,-1.58,48.694094
2.36,-0.400000000000002,48.694094
2.36,0.779999999999998,48.694094
2.36,1.96,48.694094
2.36,3.14,48.694094
2.36,4.32,48.694094
2.36,5.5,48.694094
2.36,6.68,48.694094
3.54,-6.3,48.694094
3.54,-5.12,48.694094
3.54,-3.94,48.694094
3.54,-2.76,48.694094
3.54,-1.58,48.694094
3.54,-0.400000000000002,48.694094
3.54,0.779999999999998,48.694094
3.54,1.96,48.694094
3.54,3.14,48.694094
3.54,4.32,48.694094
3.54,5.5,48.694094
3.54,6.68,48.694094
4.72,-6.3,48.694094
4.72,-5.12,48.694094
4.72,-3.94,48.694094
4.72,-2.76,48.694094
4.72,-1.58,48.694094
4.72,-0.400000000000002,48.694094
4.72,0.779999999999998,48.694094
4.72,1.96,48.694094
4.72,3.14,48.694094
4.72,4.32,48.694094
4.72,5.5,48.694094
4.72,6.68,48.694094
5.9,-6.3,48.694094
5.9,-5.12,48.694094
5.9,-3.94,48.694094
5.9,-2.76,48.694094
5.9,-1.58,48.694094
5.9,-0.400000000000002,48.694094
5.9,0.779999999999998,48.694094
5.9,1.96,48.694094
5.9,3.14,48.694094
5.9,4.32,48.694094
5.9,5.5,48.694094
5.9,6.68,48.694094
7.08,-6.3,48.694094
7.08,-5.12,48.694094
7.08,-3.94,48.694094
7.08,-2.76,48.694094
7.08,-1.58,48.694094
7.08,-0.400000000000002,48.694094
7.08,0.779999999999998,48.694094
7.08,1.96,48.694094
7.08,3.14,48.694094
7.08,4.32,48.694094
7.08,5.5,48.694094
7.08,6.68,48.694094
8.26,-6.3,48.694094
8.26,-5.12,48.694094
8.26,-3.94,48.694094
8.26,-2.76,48.694094
8.26,-1.58,48.694094
8.26,-0.400000000000002,48.694094
8.26,0.779999999999998,48.694094
8.26,1.96,48.694094
8.26,3.14,48.694094
8.26,4.32,48.694094
8.26,5.5,48.694094
8.26,6.68,48.694094
9.44,-6.3,48.694094
9.44,-5.12,48.694094
9.44,-3.94,48.694094
9.44,-2.76,48.694094
9.44,-1.58,48.694094
9.44,-0.400000000000002,48.694094
9.44,0.779999999999998,48.694094
9.44,1.96,48.694094
9.44,3.14,48.694094
9.44,4.32,48.694094
9.44,5.5,48.694094
9.44,6.68,48.694094
10.62,-6.3,48.694094
10.62,-5.12,48.694094
10.62,-3.94,48.694094
10.62,-2.76,48.694094
10.62,-1.58,48.694094
10.62,-0.400000000000002,48.694094
10.62,0.779999999999998,48.694094
10.62,1.96,48.694094
10.62,3.14,48.694094
10.62,4.32,48.694094
10.62,5.5,48.694094
10.62,6.68,48.694094
0,-6.3,49.314094
1.18,-6.3,49.314094
2.36,-6.3,49.314094
3.54,-6.3,49.314094
4.72,-6.3,49.314094
5.9,-6.3,49.314094
7.08,-6.3,49.314094
8.26,-6.3,49.314094
9.44,-6.3,49.314094
10.62,-6.3,49.314094
0,-5.12,49.314094
1.18,-5.12,49.314094
2.36,-5.12,49.314094
3.54,-5.12,49.314094
4.72,-5.12,49.314094
5.9,-5.12,49.314094
7.08,-5.12,49.314094
8.26,-5.12,49.314094
9.44,-5.12,49.314094
10.62,-5.12,49.314094
0,-3.94,49.314094
1.18,-3.94,49.314094
2.36,-3.94,49.314094
3.54,-3.94,49.314094
4.72,-3.94,49.314094
5.9,-3.94,49.314094
7.08,-3.94,49.314094
8.26,-3.94,49.314094
9.44,-3.94,49.314094
10.62,-3.94,49.314094
0,-2.76,49.314094
1.18,-2.76,49.314094
2.36,-2.76,49.314094
3.54,-2.76,49.314094
4.72,-2.76,49.314094
5.9,-2.76,49.314094
7.08,-2.76,49.314094
8.26,-2.76,49.314094
9.44,-2.76,49.314094
10.62,-2.76,49.314094
0,-1.58,49.314094
1.18,-1.58,49.314094
2.36,-1.58,49.314094
3.54,-1.58,49.314094
4.72,-1.58,49.314094
5.9,-1.58,49.314094
7.08,-1.58,49.314094
8.26,-1.58,49.314094
9.44,-1.58,49.314094
10.62,-1.58,49.314094
0,-0.400000000000002,49.314094
1.18,-0.400000000000002,49.314094
2.36,-0.400000000000002,49.314094
3.54,-0.400000000000002,49.314094
4.72,-0.400000000000002,49.314094
5.9,-0.400000000000002,49.314094
7.08,-0.400000000000002,49.314094
8.26,-0.400000000000002,49.314094
9.44,-0.400000000000002,49.314094
10.62,-0.400000000000002,49.314094
0,0.779999999999998,49.314094
1.18,0.779999999999998,49.314094
2.36,0.779999999999998,49.314094
3.54,0.779999999999998,49.314094
4.72,0.779999999999998,49.314094
5.9,0.779999999999998,49.314094
7.08,0.779999999999998,49.314094
8.26,0.779999999999998,49.314094
9.44,0.779999999999998,49.314094
10.62,0.779999999999998,49.314094
0,1.96,49.314094
1.18,1.96,49.314094
2.36,1.96,49.314094
3.54,1.96,49.314094
4.72,1.96,49.314094
5.9,1.96,49.314094
7.08,1.96,49.314094
8.26,1.96,49.314094
9.44,1.96,49.314094
10.62,1.96,49.314094
0,3.14,49.314094
1.18,3.14,49.314094
2.36,3.14,49.314094
3.54,3.14,49.314094
4.72,3.14,49.314094
5.9,3.14,49.314094
7.08,3.14,49.314094
8.26,3.14,49.314094
9.44,3.14,49.314094
10.62,3.14,49.314094
0,4.32,49.314094
1.18,4.32,49.314094
2.36,4.32,49.314094
3.54,4.32,49.314094
4.72,4.32,49.314094
5.9,4.32,49.314094
7.08,4.32,49.314094
8.26,4.32,49.314094
9.44,4.32,49.314094
10.62,4.32,49.314094
0,5.5,49.314094
1.18,5.5,49.314094
2.36,5.5,49.314094
3.54,5.5,49.314094
4.72,5.5,49.314094
5.9,5.5,49.314094
7.08,5.5,49.314094
8.26,5.5,49.314094
9.44,5.5,49.314094
10.62,5.5,49.314094
0,6.68,49.314094
1.18,6.68,49.314094
2.36,6.68,49.314094
3.54,6.68,49.314094
4.72,6.68,49.314094
5.9,6.68,49.314094
7.08,6.68,49.314094
8.26,6.68,49.314094
9.44,6.68,49.314094
10.62,6.68,49.314094
0,-6.3,49.934094
0,-5.12,49.934094
0,-3.94,49.934094
0,-2.76,49.934094
0,-1.58,49.934094
0,-0.400000000000002,49.934094
0,0.779999999999998,49.934094
0,1.96,49.934094
0,3.14,49.934094
0,4.32,49.934094
0,5.5,49.934094
0,6.68,49.934094
1.18,-6.3,49.934094
1.18,-5.12,49.934094
1.18,-3.94,49.934094
1.18,-2.76,49.934094
1.18,-1.58,49.934094
1.18,-0.400000000000002,49.934094
1.18,0.779999999999998,49.934094
1.18,1.96,49.934094
1.18,3.14,49.934094
1.18,4.32,49.934094
1.18,5.5,49.934094
1.18,6.68,49.934094
2.36,-6.3,49.934094
2.36,-5.12,49.934094
2.36,-3.94,49.934094
2.36,-2.76,49.934094
2.36,-1.58,49.934094
2.36,-0.400000000000002,49.934094
2.36,0.779999999999998,49.934094
2.36,1.96,49.934094
2.36,3.14,49.934094
2.36,4.32,49.934094
2.36,5.5,49.934094
2.36,6.68,49.934094
3.54,-6.3,49.934094
3.54,-5.12,49.934094
3.54,-3.94,49.934094
3.54,-2.76,49.934094
3.54,-1.58,49.934094
3.54,-0.400000000000002,49.934094
3.54,0.779999999999998,49.934094
3.54,1.96,49.934094
3.54,3.14,49.934094
3.54,4.32,49.934094
3.54,5.5,49.934094
3.54,6.68,49.934094
4.72,-6.3,49.934094
4.72,-5.12,49.934094
4.72,-3.94,49.934094
4.72,-2.76,49.934094
4.72,-1.58,49.934094
4.72,-0.400000000000002,49.934094
4.72,0.779999999999998,49.934094
4.72,1.96,49.934094
4.72,3.14,49.934094
4.72,4.32,49.934094
4.72,5.5,49.934094
4.72,6.68,49.934094
5.9,-6.3,49.934094
5.9,-5.12,49.934094
5.9,-3.94,49.934094
5.9,-2.76,49.934094
5.9,-1.58,49.934094
5.9,-0.400000000000002,49.934094
5.9,0.779999999999998,49.934094
5.9,1.96,49.934094
5.9,3.14,49.934094
5.9,4.32,49.934094
5.9,5.5,49.934094
5.9,6.68,49.934094
7.08,-6.3,49.934094
7.08,-5.12,49.934094
7.08,-3.94,49.934094
7.08,-2.76,49.934094
7.08,-1.58,49.934094
7.08,-0.400000000000002,49.934094
7.08,0.779999999999998,49.934094
7.08,1.96,49.934094
7.08,3.14,49.934094
7.08,4.32,49.934094
7.08,5.5,49.934094
7.08,6.68,49.934094
8.26,-6.3,49.934094
8.26,-5.12,49.934094
8.26,-3.94,49.934094
8.26,-2.76,49.934094
8.26,-1.58,49.934094
8.26,-0.400000000000002,49.934094
8.26,0.779999999999998,49.934094
8.26,1.96,49.934094
8.26,3.14,49.934094
8.26,4.32,49.934094
8.26,5.5,49.934094
8.26,6.68,49.934094
9.44,-6.3,49.934094
9.44,-5.12,49.934094
9.44,-3.94,49.934094
9.44,-2.76,49.934094
9.44,-1.58,49.934094
9.44,-0.400000000000002,49.934094
9.44,0.779999999999998,49.934094
9.44,1.96,49.934094
9.44,3.14,49.934094
9.44,4.32,49.934094
9.44,5.5,49.934094
9.44,6.68,49.934094
10.62,-6.3,49.934094
10.62,-5.12,49.934094
10.62,-3.94,49.934094
10.62,-2.76,49.934094
10.62,-1.58,49.934094
10.62,-0.400000000000002,49.934094
10.62,0.779999999999998,49.934094
10.62,1.96,49.934094
10.62,3.14,49.934094
10.62,4.32,49.934094
10.62,5.5,49.934094
10.62,6.68,49.934094
0,-6.3,50.554094
1.18,-6.3,50.554094
2.36,-6.3,50.554094
3.54,-6.3,50.554094
4.72,-6.3,50.554094
5.9,-6.3,50.554094
7.08,-6.3,50.554094
8.26,-6.3,50.554094
9.44,-6.3,50.554094
10.62,-6.3,50.554094
0,-5.12,50.554094
1.18,-5.12,50.554094
2.36,-5.12,50.554094
3.54,-5.12,50.554094
4.72,-5.12,50.554094
5.9,-5.12,50.554094
7.08,-5.12,50.554094
8.26,-5.12,50.554094
9.44,-5.12,50.554094
10.62,-5.12,50.554094
0,-3.94,50.554094
1.18,-3.94,50.554094
2.36,-3.94,50.554094
3.54,-3.94,50.554094
4.72,-3.94,50.554094
5.9,-3.94,50.554094
7.08,-3.94,50.554094
8.26,-3.94,50.554094
9.44,-3.94,50.554094
10.62,-3.94,50.554094
0,-2.76,50.554094
1.18,-2.76,50.554094
2.36,-2.76,50.554094
3.54,-2.76,50.554094
4.72,-2.76,50.554094
5.9,-2.76,50.554094
7.08,-2.76,50.554094
8.26,-2.76,50.554094
9.44,-2.76,50.554094
10.62,-2.76,50.554094
0,-1.58,50.554094
1.18,-1.58,50.554094
2.36,-1.58,50.554094
3.54,-1.58,50.554094
4.72,-1.58,50.554094
5.9,-1.58,50.554094
7.08,-1.58,50.554094
8.26,-1.58,50.554094
9.44,-1.58,50.554094
10.62,-1.58,50.554094
0,-0.400000000000002,50.554094
1.18,-0.400000000000002,50.554094
2.36,-0.400000000000002,50.554094
3.54,-0.400000000000002,50.554094
4.72,-0.400000000000002,50.554094
5.9,-0.400000000000002,50.554094
7.08,-0.400000000000002,50.554094
8.26,-0.400000000000002,50.554094
9.44,-0.400000000000002,50.554094
10.62,-0.400000000000002,50.554094
0,0.779999999999998,50.554094
1.18,0.779999999999998,50.554094
2.36,0.779999999999998,50.554094
3.54,0.779999999999998,50.554094
4.72,0.779999999999998,50.554094
5.9,0.779999999999998,50.554094
7.08,0.779999999999998,50.554094
8.26,0.779999999999998,50.554094
9.44,0.779999999999998,50.554094
10.62,0.779999999999998,50.554094
0,1.96,50.554094
1.18,1.96,50.554094
2.36,1.96,50.554094
3.54,1.96,50.554094
4.72,1.96,50.554094
5.9,1.96,50.554094
7.08,1.96,50.554094
8.26,1.96,50.554094
9.44,1.96,50.554094
10.62,1.96,50.554094
0,3.14,50.554094
1.18,3.14,50.554094
2.36,3.14,50.554094
3.54,3.14,50.554094
4.72,3.14,50.554094
5.9,3.14,50.554094
7.08,3.14,50.554094
8.26,3.14,50.554094
9.44,3.14,50.554094
10.62,3.14,50.554094
0,4.32,50.554094
1.18,4.32,50.554094
2.36,4.32,50.554094
3.54,4.32,50.554094
4.72,4.32,50.554094
5.9,4.32,50.554094
7.08,4.32,50.554094
8.26,4.32,50.554094
9.44,4.32,50.554094
10.62,4.32,50.554094
0,5.5,50.554094
1.18,5.5,50.554094
2.36,5.5,50.554094
3.54,5.5,50.554094
4.72,5.5,50.554094
5.9,5.5,50.554094
7.08,5.5,50.554094
8.26,5.5,50.554094
9.44,5.5,50.554094
10.62,5.5,50.554094
0,6.68,50.554094
1.18,6.68,50.554094
2.36,6.68,50.554094
3.54,6.68,50.554094
4.72,6.68,50.554094
5.9,6.68,50.554094
7.08,6.68,50.554094
8.26,6.68,50.554094
9.44,6.68,50.554094
10.62,6.68,50.554094
0,-6.3,51.174094
0,-5.12,51.174094
0,-3.94,51.174094
0,-2.76,51.174094
0,-1.58,51.174094
0,-0.400000000000002,51.174094
0,0.779999999999998,51.174094
0,1.96,51.174094
0,3.14,51.174094
0,4.32,51.174094
0,5.5,51.174094
0,6.68,51.174094
1.18,-6.3,51.174094
1.18,-5.12,51.174094
1.18,-3.94,51.174094
1.18,-2.76,51.174094
1.18,-1.58,51.174094
1.18,-0.400000000000002,51.174094
1.18,0.779999999999998,51.174094
1.18,1.96,51.174094
1.18,3.14,51.174094
1.18,4.32,51.174094
1.18,5.5,51.174094
1.18,6.68,51.174094
2.36,-6.3,51.174094
2.36,-5.12,51.174094
2.36,-3.94,51.174094
2.36,-2.76,51.174094
2.36,-1.58,51.174094
2.36,-0.400000000000002,51.174094
2.36,0.779999999999998,51.174094
2.36,1.96,51.174094
2.36,3.14,51.174094
2.36,4.32,51.174094
2.36,5.5,51.174094
2.36,6.68,51.174094
3.54,-6.3,51.174094
3.54,-5.12,51.174094
3.54,-3.94,51.174094
3.54,-2.76,51.174094
3.54,-1.58,51.174094
3.54,-0.400000000000002,51.174094
3.54,0.779999999999998,51.174094
3.54,1.96,51.174094
3.54,3.14,51.174094
3.54,4.32,51.174094
3.54,5.5,51.174094
3.54,6.68,51.174094
4.72,-6.3,51.174094
4.72,-5.12,51.174094
4.72,-3.94,51.174094
4.72,-2.76,51.174094
4.72,-1.58,51.174094
4.72,-0.400000000000002,51.174094
4.72,0.779999999999998,51.174094
4.72,1.96,51.174094
4.72,3.14,51.174094
4.72,4.32,51.174094
4.72,5.5,51.174094
4.72,6.68,51.174094
5.9,-6.3,51.174094
5.9,-5.12,51.174094
5.9,-3.94,51.174094
5.9,-2.76,51.174094
5.9,-1.58,51.174094
5.9,-0.400000000000002,51.174094
5.9,0.779999999999998,51.174094
5.9,1.96,51.174094
5.9,3.14,51.174094
5.9,4.32,51.174094
5.9,5.5,51.174094
5.9,6.68,51.174094
7.08,-6.3,51.174094
7.08,-5.12,51.174094
7.08,-3.94,51.174094
7.08,-2.76,51.174094
7.08,-1.58,51.174094
7.08,-0.400000000000002,51.174094
7.08,0.779999999999998,51.174094
7.08,1.96,51.174094
7.08,3.14,51.174094
7.08,4.32,51.174094
7.08,5.5,51.174094
7.08,6.68,51.174094
8.26,-6.3,51.174094
8.26,-5.12,51.174094
8.26,-3.94,51.174094
8.26,-2.76,51.174094
8.26,-1.58,51.174094
8.26,-0.400000000000002,51.174094
8.26,0.779999999999998,51.174094
8.26,1.96,51.174094
8.26,3.14,51.174094
8.26,4.32,51.174094
8.26,5.5,51.174094
8.26,6.68,51.174094
9.44,-6.3,51.174094
9.44,-5.12,51.174094
9.44,-3.94,51.174094
9.44,-2.76,51.174094
9.44,-1.58,51.174094
9.44,-0.400000000000002,51.174094
9.44,0.779999999999998,51.174094
9.44,1.96,51.174094
9.44,3.14,51.174094
9.44,4.32,51.174094
9.44,5.5,51.174094
9.44,6.68,51.174094
10.62,-6.3,51.174094
10.62,-5.12,51.174094
10.62,-3.94,51.174094
10.62,-2.76,51.174094
10.62,-1.58,51.174094
10.62,-0.400000000000002,51.174094
10.62,0.779999999999998,51.174094
10.62,1.96,51.174094
10.62,3.14,51.174094
10.62,4.32,51.174094
10.62,5.5,51.174094
10.62,6.68,51.174094
0,-6.3,51.794094
1.18,-6.3,51.794094
2.36,-6.3,51.794094
3.54,-6.3,51.794094
4.72,-6.3,51.794094
5.9,-6.3,51.794094
7.08,-6.3,51.794094
8.26,-6.3,51.794094
9.44,-6.3,51.794094
10.62,-6.3,51.794094
0,-5.12,51.794094
1.18,-5.12,51.794094
2.36,-5.12,51.794094
3.54,-5.12,51.794094
4.72,-5.12,51.794094
5.9,-5.12,51.794094
7.08,-5.12,51.794094
8.26,-5.12,51.794094
9.44,-5.12,51.794094
10.62,-5.12,51.794094
0,-3.94,51.794094
1.18,-3.94,51.794094
2.36,-3.94,51.794094
3.54,-3.94,51.794094
4.72,-3.94,51.794094
5.9,-3.94,51.794094
7.08,-3.94,51.794094
8.26,-3.94,51.794094
9.44,-3.94,51.794094
10.62,-3.94,51.794094
0,-2.76,51.794094
1.18,-2.76,51.794094
2.36,-2.76,51.794094
3.54,-2.76,51.794094
4.72,-2.76,51.794094
5.9,-2.76,51.794094
7.08,-2.76,51.794094
8.26,-2.76,51.794094
9.44,-2.76,51.794094
10.62,-2.76,51.794094
0,-1.58,51.794094
1.18,-1.58,51.794094
2.36,-1.58,51.794094
3.54,-1.58,51.794094
4.72,-1.58,51.794094
5.9,-1.58,51.794094
7.08,-1.58,51.794094
8.26,-1.58,51.794094
9.44,-1.58,51.794094
10.62,-1.58,51.794094
0,-0.400000000000002,51.794094
1.18,-0.400000000000002,51.794094
2.36,-0.400000000000002,51.794094
3.54,-0.400000000000002,51.794094
4.72,-0.400000000000002,51.794094
5.9,-0.400000000000002,51.794094
7.08,-0.400000000000002,51.794094
8.26,-0.400000000000002,51.794094
9.44,-0.400000000000002,51.794094
10.62,-0.400000000000002,51.794094
0,0.779999999999998,51.794094
1.18,0.779999999999998,51.794094
2.36,0.779999999999998,51.794094
3.54,0.779999999999998,51.794094
4.72,0.779999999999998,51.794094
5.9,0.779999999999998,51.794094
7.08,0.779999999999998,51.794094
8.26,0.779999999999998,51.794094
9.44,0.779999999999998,51.794094
10.62,0.779999999999998,51.794094
0,1.96,51.794094
1.18,1.96,51.794094
2.36,1.96,51.794094
3.54,1.96,51.794094
4.72,1.96,51.794094
5.9,1.96,51.794094
7.08,1.96,51.794094
8.26,1.96,51.794094
9.44,1.96,51.794094
10.62,1.96,51.794094
0,3.14,51.794094
1.18,3.14,51.794094
2.36,3.14,51.794094
3.54,3.14,51.794094
4.72,3.14,51.794094
5.9,3.14,51.794094
7.08,3.14,51.794094
8.26,3.14,51.794094
9.44,3.14,51.794094
10.62,3.14,51.794094
0,4.32,51.794094
1.18,4.32,51.794094
2.36,4.32,51.794094
3.54,4.32,51.794094
4.72,4.32,51.794094
5.9,4.32,51.794094
7.08,4.32,51.794094
8.26,4.32,51.794094
9.44,4.32,51.794094
10.62,4.32,51.794094
0,5.5,51.794094
1.18,5.5,51.794094
2.36,5.5,51.794094
3.54,5.5,51.794094
4.72,5.5,51.794094
5.9,5.5,51.794094
7.08,5.5,51.794094
8.26,5.5,51.794094
9.44,5.5,51.794094
10.62,5.5,51.794094
0,6.68,51.794094
1.18,6.68,51.794094
2.36,6.68,51.794094
3.54,6.68,51.794094
4.72,6.68,51.794094
5.9,6.68,51.794094
7.08,6.68,51.794094
8.26,6.68,51.794094
9.44,6.68,51.794094
10.62,6.68,51.794094
0,-6.3,52.414094
0,-5.12,52.414094
0,-3.94,52.414094
0,-2.76,52.414094
0,-1.58,52.414094
0,-0.400000000000002,52.414094
0,0.779999999999998,52.414094
0,1.96,52.414094
0,3.14,52.414094
0,4.32,52.414094
0,5.5,52.414094
0,6.68,52.414094
1.18,-6.3,52.414094
1.18,-5.12,52.414094
1.18,-3.94,52.414094
1.18,-2.76,52.414094
1.18,-1.58,52.414094
1.18,-0.400000000000002,52.414094
1.18,0.779999999999998,52.414094
1.18,1.96,52.414094
1.18,3.14,52.414094
1.18,4.32,52.414094
1.18,5.5,52.414094
1.18,6.68,52.414094
2.36,-6.3,52.414094
2.36,-5.12,52.414094
2.36,-3.94,52.414094
2.36,-2.76,52.414094
2.36,-1.58,52.414094
2.36,-0.400000000000002,52.414094
2.36,0.779999999999998,52.414094
2.36,1.96,52.414094
2.36,3.14,52.414094
2.36,4.32,52.414094
2.36,5.5,52.414094
2.36,6.68,52.414094
3.54,-6.3,52.414094
3.54,-5.12,52.414094
3.54,-3.94,52.414094
3.54,-2.76,52.414094
3.54,-1.58,52.414094
3.54,-0.400000000000002,52.414094
3.54,0.779999999999998,52.414094
3.54,1.96,52.414094
3.54,3.14,52.414094
3.54,4.32,52.414094
3.54,5.5,52.414094
3.54,6.68,52.414094
4.72,-6.3,52.414094
4.72,-5.12,52.414094
4.72,-3.94,52.414094
4.72,-2.76,52.414094
4.72,-1.58,52.414094
4.72,-0.400000000000002,52.414094
4.72,0.779999999999998,52.414094
4.72,1.96,52.414094
4.72,3.14,52.414094
4.72,4.32,52.414094
4.72,5.5,52.414094
4.72,6.68,52.414094
5.9,-6.3,52.414094
5.9,-5.12,52.414094
5.9,-3.94,52.414094
5.9,-2.76,52.414094
5.9,-1.58,52.414094
5.9,-0.400000000000002,52.414094
5.9,0.779999999999998,52.414094
5.9,1.96,52.414094
5.9,3.14,52.414094
5.9,4.32,52.414094
5.9,5.5,52.414094
5.9,6.68,52.414094
7.08,-6.3,52.414094
7.08,-5.12,52.414094
7.08,-3.94,52.414094
7.08,-2.76,52.414094
7.08,-1.58,52.414094
7.08,-0.400000000000002,52.414094
7.08,0.779999999999998,52.414094
7.08,1.96,52.414094
7.08,3.14,52.414094
7.08,4.32,52.414094
7.08,5.5,52.414094
7.08,6.68,52.414094
8.26,-6.3,52.414094
8.26,-5.12,52.414094
8.26,-3.94,52.414094
8.26,-2.76,52.414094
8.26,-1.58,52.414094
8.26,-0.400000000000002,52.414094
8.26,0.779999999999998,52.414094
8.26,1.96,52.414094
8.26,3.14,52.414094
8.26,4.32,52.414094
8.26,5.5,52.414094
8.26,6.68,52.414094
9.44,-6.3,52.414094
9.44,-5.12,52.414094
9.44,-3.94,52.414094
9.44,-2.76,52.414094
9.44,-1.58,52.414094
9.44,-0.400000000000002,52.414094
9.44,0.779999999999998,52.414094
9.44,1.96,52.414094
9.44,3.14,52.414094
9.44,4.32,52.414094
9.44,5.5,52.414094
9.44,6.68,52.414094
10.62,-6.3,52.414094
10.62,-5.12,52.414094
10.62,-3.94,52.414094
10.62,-2.76,52.414094
10.62,-1.58,52.414094
10.62,-0.400000000000002,52.414094
10.62,0.779999999999998,52.414094
10.62,1.96,52.414094
10.62,3.14,52.414094
10.62,4.32,52.414094
10.62,5.5,52.414094
10.62,6.68,52.414094
0,-6.3,53.034094
1.18,-6.3,53.034094
2.36,-6.3,53.034094
3.54,-6.3,53.034094
4.72,-6.3,53.034094
5.9,-6.3,53.034094
7.08,-6.3,53.034094
8.26,-6.3,53.034094
9.44,-6.3,53.034094
10.62,-6.3,53.034094
0,-5.12,53.034094
1.18,-5.12,53.034094
2.36,-5.12,53.034094
3.54,-5.12,53.034094
4.72,-5.12,53.034094
5.9,-5.12,53.034094
7.08,-5.12,53.034094
8.26,-5.12,53.034094
9.44,-5.12,53.034094
10.62,-5.12,53.034094
0,-3.94,53.034094
1.18,-3.94,53.034094
2.36,-3.94,53.034094
3.54,-3.94,53.034094
4.72,-3.94,53.034094
5.9,-3.94,53.034094
7.08,-3.94,53.034094
8.26,-3.94,53.034094
9.44,-3.94,53.034094
10.62,-3.94,53.034094
0,-2.76,53.034094
1.18,-2.76,53.034094
2.36,-2.76,53.034094
3.54,-2.76,53.034094
4.72,-2.76,53.034094
5.9,-2.76,53.034094
7.08,-2.76,53.034094
8.26,-2.76,53.034094
9.44,-2.76,53.034094
10.62,-2.76,53.034094
0,-1.58,53.034094
1.18,-1.58,53.034094
2.36,-1.58,53.034094
3.54,-1.58,53.034094
4.72,-1.58,53.034094
5.9,-1.58,53.034094
7.08,-1.58,53.034094
8.26,-1.58,53.034094
9.44,-1.58,53.034094
10.62,-1.58,53.034094
0,-0.400000000000002,53.034094
1.18,-0.400000000000002,53.034094
2.36,-0.400000000000002,53.034094
3.54,-0.400000000000002,53.034094
4.72,-0.400000000000002,53.034094
5.9,-0.400000000000002,53.034094
7.08,-0.400000000000002,53.034094
8.26,-0.400000000000002,53.034094
9.44,-0.400000000000002,53.034094
10.62,-0.400000000000002,53.034094
0,0.779999999999998,53.034094
1.18,0.779999999999998,53.034094
2.36,0.779999999999998,53.034094
3.54,0.779999999999998,53.034094
4.72,0.779999999999998,53.034094
5.9,0.779999999999998,53.034094
7.08,0.779999999999998,53.034094
8.26,0.779999999999998,53.034094
9.44,0.779999999999998,53.034094
10.62,0.779999999999998,53.034094
0,1.96,53.034094
1.18,1.96,53.034094
2.36,1.96,53.034094
3.54,1.96,53.034094
4.72,1.96,53.034094
5.9,1.96,53.034094
7.08,1.96,53.034094
8.26,1.96,53.034094
9.44,1.96,53.034094
10.62,1.96,53.034094
0,3.14,53.034094
1.18,3.14,53.034094
2.36,3.14,53.034094
3.54,3.14,53.034094
4.72,3.14,53.034094
5.9,3.14,53.034094
7.08,3.14,53.034094
8.26,3.14,53.034094
9.44,3.14,53.034094
10.62,3.14,53.034094
0,4.32,53.034094
1.18,4.32,53.034094
2.36,4.32,53.034094
3.54,4.32,53.034094
4.72,4.32,53.034094
5.9,4.32,53.034094
7.08,4.32,53.034094
8.26,4.32,53.034094
9.44,4.32,53.034094
10.62,4.32,53.034094
0,5.5,53.034094
1.18,5.5,53.034094
2.36,5.5,53.034094
3.54,5.5,53.034094
4.72,5.5,53.034094
5.9,5.5,53.034094
7.08,5.5,53.034094
8.26,5.5,53.034094
9.44,5.5,53.034094
10.62,5.5,53.034094
0,6.68,53.034094
1.18,6.68,53.034094
2.36,6.68,53.034094
3.54,6.68,53.034094
4.72,6.68,53.034094
5.9,6.68,53.034094
7.08,6.68,53.034094
8.26,6.68,53.034094
9.44,6.68,53.034094
10.62,6.68,53.034094
0,-6.3,53.654094
0,-5.12,53.654094
0,-3.94,53.654094
0,-2.76,53.654094
0,-1.58,53.654094
0,-0.400000000000002,53.654094
0,0.779999999999998,53.654094
0,1.96,53.654094
0,3.14,53.654094
0,4.32,53.654094
0,5.5,53.654094
0,6.68,53.654094
1.18,-6.3,53.654094
1.18,-5.12,53.654094
1.18,-3.94,53.654094
1.18,-2.76,53.654094
1.18,-1.58,53.654094
1.18,-0.400000000000002,53.654094
1.18,0.779999999999998,53.654094
1.18,1.96,53.654094
1.18,3.14,53.654094
1.18,4.32,53.654094
1.18,5.5,53.654094
1.18,6.68,53.654094
2.36,-6.3,53.654094
2.36,-5.12,53.654094
2.36,-3.94,53.654094
2.36,-2.76,53.654094
2.36,-1.58,53.654094
2.36,-0.400000000000002,53.654094
2.36,0.779999999999998,53.654094
2.36,1.96,53.654094
2.36,3.14,53.654094
2.36,4.32,53.654094
2.36,5.5,53.654094
2.36,6.68,53.654094
3.54,-6.3,53.654094
3.54,-5.12,53.654094
3.54,-3.94,53.654094
3.54,-2.76,53.654094
3.54,-1.58,53.654094
3.54,-0.400000000000002,53.654094
3.54,0.779999999999998,53.654094
3.54,1.96,53.654094
3.54,3.14,53.654094
3.54,4.32,53.654094
3.54,5.5,53.654094
3.54,6.68,53.654094
4.72,-6.3,53.654094
4.72,-5.12,53.654094
4.72,-3.94,53.654094
4.72,-2.76,53.654094
4.72,-1.58,53.654094
4.72,-0.400000000000002,53.654094
4.72,0.779999999999998,53.654094
4.72,1.96,53.654094
4.72,3.14,53.654094
4.72,4.32,53.654094
4.72,5.5,53.654094
4.72,6.68,53.654094
5.9,-6.3,53.654094
5.9,-5.12,53.654094
5.9,-3.94,53.654094
5.9,-2.76,53.654094
5.9,-1.58,53.654094
5.9,-0.400000000000002,53.654094
5.9,0.779999999999998,53.654094
5.9,1.96,53.654094
5.9,3.14,53.654094
5.9,4.32,53.654094
5.9,5.5,53.654094
5.9,6.68,53.654094
7.08,-6.3,53.654094
7.08,-5.12,53.654094
7.08,-3.94,53.654094
7.08,-2.76,53.654094
7.08,-1.58,53.654094
7.08,-0.400000000000002,53.654094
7.08,0.779999999999998,53.654094
7.08,1.96,53.654094
7.08,3.14,53.654094
7.08,4.32,53.654094
7.08,5.5,53.654094
7.08,6.68,53.654094
8.26,-6.3,53.654094
8.26,-5.12,53.654094
8.26,-3.94,53.654094
8.26,-2.76,53.654094
8.26,-1.58,53.654094
8.26,-0.400000000000002,53.654094
8.26,0.779999999999998,53.654094
8.26,1.96,53.654094
8.26,3.14,53.654094
8.26,4.32,53.654094
8.26,5.5,53.654094
8.26,6.68,53.654094
9.44,-6.3,53.654094
9.44,-5.12,53.654094
9.44,-3.94,53.654094
9.44,-2.76,53.654094
9.44,-1.58,53.654094
9.44,-0.400000000000002,53.654094
9.44,0.779999999999998,53.654094
9.44,1.96,53.654094
9.44,3.14,53.654094
9.44,4.32,53.654094
9.44,5.5,53.654094
9.44,6.68,53.654094
10.62,-6.3,53.654094
10.62,-5.12,53.654094
10.62,-3.94,53.654094
10.62,-2.76,53.654094
10.62,-1.58,53.654094
10.62,-0.400000000000002,53.654094
10.62,0.779999999999998,53.654094
10.62,1.96,53.654094
10.62,3.14,53.654094
10.62,4.32,53.654094
10.62,5.5,53.654094
10.62,6.68,53.654094
0,-6.3,54.274094
1.18,-6.3,54.274094
2.36,-6.3,54.274094
3.54,-6.3,54.274094
4.72,-6.3,54.274094
5.9,-6.3,54.274094
7.08,-6.3,54.274094
8.26,-6.3,54.274094
9.44,-6.3,54.274094
10.62,-6.3,54.274094
0,-5.12,54.274094
1.18,-5.12,54.274094
2.36,-5.12,54.274094
3.54,-5.12,54.274094
4.72,-5.12,54.274094
5.9,-5.12,54.274094
7.08,-5.12,54.274094
8.26,-5.12,54.274094
9.44,-5.12,54.274094
10.62,-5.12,54.274094
0,-3.94,54.274094
1.18,-3.94,54.274094
2.36,-3.94,54.274094
3.54,-3.94,54.274094
4.72,-3.94,54.274094
5.9,-3.94,54.274094
7.08,-3.94,54.274094
8.26,-3.94,54.274094
9.44,-3.94,54.274094
10.62,-3.94,54.274094
0,-2.76,54.274094
1.18,-2.76,54.274094
2.36,-2.76,54.274094
3.54,-2.76,54.274094
4.72,-2.76,54.274094
5.9,-2.76,54.274094
7.08,-2.76,54.274094
8.26,-2.76,54.274094
9.44,-2.76,54.274094
10.62,-2.76,54.274094
0,-1.58,54.274094
1.18,-1.58,54.274094
2.36,-1.58,54.274094
3.54,-1.58,54.274094
4.72,-1.58,54.274094
5.9,-1.58,54.274094
7.08,-1.58,54.274094
8.26,-1.58,54.274094
9.44,-1.58,54.274094
10.62,-1.58,54.274094
0,-0.400000000000002,54.274094
1.18,-0.400000000000002,54.274094
2.36,-0.400000000000002,54.274094
3.54,-0.400000000000002,54.274094
4.72,-0.400000000000002,54.274094
5.9,-0.400000000000002,54.274094
7.08,-0.400000000000002,54.274094
8.26,-0.400000000000002,54.274094
9.44,-0.400000000000002,54.274094
10.62,-0.400000000000002,54.274094
0,0.779999999999998,54.274094
1.18,0.779999999999998,54.274094
2.36,0.779999999999998,54.274094
3.54,0.779999999999998,54.274094
4.72,0.779999999999998,54.274094
5.9,0.779999999999998,54.274094
7.08,0.779999999999998,54.274094
8.26,0.779999999999998,54.274094
9.44,0.779999999999998,54.274094
10.62,0.779999999999998,54.274094
0,1.96,54.274094
1.18,1.96,54.274094
2.36,1.96,54.274094
3.54,1.96,54.274094
4.72,1.96,54.274094
5.9,1.96,54.274094
7.08,1.96,54.274094
8.26,1.96,54.274094
9.44,1.96,54.274094
10.62,1.96,54.274094
0,3.14,54.274094
1.18,3.14,54.274094
2.36,3.14,54.274094
3.54,3.14,54.274094
4.72,3.14,54.274094
5.9,3.14,54.274094
7.08,3.14,54.274094
8.26,3.14,54.274094
9.44,3.14,54.274094
10.62,3.14,54.274094
0,4.32,54.274094
1.18,4.32,54.274094
2.36,4.32,54.274094
3.54,4.32,54.274094
4.72,4.32,54.274094
5.9,4.32,54.274094
7.08,4.32,54.274094
8.26,4.32,54.274094
9.44,4.32,54.274094
10.62,4.32,54.274094
0,5.5,54.274094
1.18,5.5,54.274094
2.36,5.5,54.274094
3.54,5.5,54.274094
4.72,5.5,54.274094
5.9,5.5,54.274094
7.08,5.5,54.274094
8.26,5.5,54.274094
9.44,5.5,54.274094
10.62,5.5,54.274094
0,6.68,54.274094
1.18,6.68,54.274094
2.36,6.68,54.274094
3.54,6.68,54.274094
4.72,6.68,54.274094
5.9,6.68,54.274094
7.08,6.68,54.274094
8.26,6.68,54.274094
9.44,6.68,54.274094
10.62,6.68,54.274094
0,-6.3,54.894094
0,-5.12,54.894094
0,-3.94,54.894094
0,-2.76,54.894094
0,-1.58,54.894094
0,-0.400000000000002,54.894094
0,0.779999999999998,54.894094
0,1.96,54.894094
0,3.14,54.894094
0,4.32,54.894094
0,5.5,54.894094
0,6.68,54.894094
1.18,-6.3,54.894094
1.18,-5.12,54.894094
1.18,-3.94,54.894094
1.18,-2.76,54.894094
1.18,-1.58,54.894094
1.18,-0.400000000000002,54.894094
1.18,0.779999999999998,54.894094
1.18,1.96,54.894094
1.18,3.14,54.894094
1.18,4.32,54.894094
1.18,5.5,54.894094
1.18,6.68,54.894094
2.36,-6.3,54.894094
2.36,-5.12,54.894094
2.36,-3.94,54.894094
2.36,-2.76,54.894094
2.36,-1.58,54.894094
2.36,-0.400000000000002,54.894094
2.36,0.779999999999998,54.894094
2.36,1.96,54.894094
2.36,3.14,54.894094
2.36,4.32,54.894094
2.36,5.5,54.894094
2.36,6.68,54.894094
3.54,-6.3,54.894094
3.54,-5.12,54.894094
3.54,-3.94,54.894094
3.54,-2.76,54.894094
3.54,-1.58,54.894094
3.54,-0.400000000000002,54.894094
3.54,0.779999999999998,54.894094
3.54,1.96,54.894094
3.54,3.14,54.894094
3.54,4.32,54.894094
3.54,5.5,54.894094
3.54,6.68,54.894094
4.72,-6.3,54.894094
4.72,-5.12,54.894094
4.72,-3.94,54.894094
4.72,-2.76,54.894094
4.72,-1.58,54.894094
4.72,-0.400000000000002,54.894094
4.72,0.779999999999998,54.894094
4.72,1.96,54.894094
4.72,3.14,54.894094
4.72,4.32,54.894094
4.72,5.5,54.894094
4.72,6.68,54.894094
5.9,-6.3,54.894094
5.9,-5.12,54.894094
5.9,-3.94,54.894094
5.9,-2.76,54.894094
5.9,-1.58,54.894094
5.9,-0.400000000000002,54.894094
5.9,0.779999999999998,54.894094
5.9,1.96,54.894094
5.9,3.14,54.894094
5.9,4.32,54.894094
5.9,5.5,54.894094
5.9,6.68,54.894094
7.08,-6.3,54.894094
7.08,-5.12,54.894094
7.08,-3.94,54.894094
7.08,-2.76,54.894094
7.08,-1.58,54.894094
7.08,-0.400000000000002,54.894094
7.08,0.779999999999998,54.894094
7.08,1.96,54.894094
7.08,3.14,54.894094
7.08,4.32,54.894094
7.08,5.5,54.894094
7.08,6.68,54.894094
8.26,-6.3,54.894094
8.26,-5.12,54.894094
8.26,-3.94,54.894094
8.26,-2.76,54.894094
8.26,-1.58,54.894094
8.26,-0.400000000000002,54.894094
8.26,0.779999999999998,54.894094
8.26,1.96,54.894094
8.26,3.14,54.894094
8.26,4.32,54.894094
8.26,5.5,54.894094
8.26,6.68,54.894094
9.44,-6.3,54.894094
9.44,-5.12,54.894094
9.44,-3.94,54.894094
9.44,-2.76,54.894094
9.44,-1.58,54.894094
9.44,-0.400000000000002,54.894094
9.44,0.779999999999998,54.894094
9.44,1.96,54.894094
9.44,3.14,54.894094
9.44,4.32,54.894094
9.44,5.5,54.894094
9.44,6.68,54.894094
10.62,-6.3,54.894094
10.62,-5.12,54.894094
10.62,-3.94,54.894094
10.62,-2.76,54.894094
10.62,-1.58,54.894094
10.62,-0.400000000000002,54.894094
10.62,0.779999999999998,54.894094
10.62,1.96,54.894094
10.62,3.14,54.894094
10.62,4.32,54.894094
10.62,5.5,54.894094
10.62,6.68,54.894094
0,-6.3,55.514094
1.18,-6.3,55.514094
2.36,-6.3,55.514094
3.54,-6.3,55.514094
4.72,-6.3,55.514094
5.9,-6.3,55.514094
7.08,-6.3,55.514094
8.26,-6.3,55.514094
9.44,-6.3,55.514094
10.62,-6.3,55.514094
0,-5.12,55.514094
1.18,-5.12,55.514094
2.36,-5.12,55.514094
3.54,-5.12,55.514094
4.72,-5.12,55.514094
5.9,-5.12,55.514094
7.08,-5.12,55.514094
8.26,-5.12,55.514094
9.44,-5.12,55.514094
10.62,-5.12,55.514094
0,-3.94,55.514094
1.18,-3.94,55.514094
2.36,-3.94,55.514094
3.54,-3.94,55.514094
4.72,-3.94,55.514094
5.9,-3.94,55.514094
7.08,-3.94,55.514094
8.26,-3.94,55.514094
9.44,-3.94,55.514094
10.62,-3.94,55.514094
0,-2.76,55.514094
1.18,-2.76,55.514094
2.36,-2.76,55.514094
3.54,-2.76,55.514094
4.72,-2.76,55.514094
5.9,-2.76,55.514094
7.08,-2.76,55.514094
8.26,-2.76,55.514094
9.44,-2.76,55.514094
10.62,-2.76,55.514094
0,-1.58,55.514094
1.18,-1.58,55.514094
2.36,-1.58,55.514094
3.54,-1.58,55.514094
4.72,-1.58,55.514094
5.9,-1.58,55.514094
7.08,-1.58,55.514094
8.26,-1.58,55.514094
9.44,-1.58,55.514094
10.62,-1.58,55.514094
0,-0.400000000000002,55.514094
1.18,-0.400000000000002,55.514094
2.36,-0.400000000000002,55.514094
3.54,-0.400000000000002,55.514094
4.72,-0.400000000000002,55.514094
5.9,-0.400000000000002,55.514094
7.08,-0.400000000000002,55.514094
8.26,-0.400000000000002,55.514094
9.44,-0.400000000000002,55.514094
10.62,-0.400000000000002,55.514094
0,0.779999999999998,55.514094
1.18,0.779999999999998,55.514094
2.36,0.779999999999998,55.514094
3.54,0.779999999999998,55.514094
4.72,0.779999999999998,55.514094
5.9,0.779999999999998,55.514094
7.08,0.779999999999998,55.514094
8.26,0.779999999999998,55.514094
9.44,0.779999999999998,55.514094
10.62,0.779999999999998,55.514094
0,1.96,55.514094
1.18,1.96,55.514094
2.36,1.96,55.514094
3.54,1.96,55.514094
4.72,1.96,55.514094
5.9,1.96,55.514094
7.08,1.96,55.514094
8.26,1.96,55.514094
9.44,1.96,55.514094
10.62,1.96,55.514094
0,3.14,55.514094
1.18,3.14,55.514094
2.36,3.14,55.514094
3.54,3.14,55.514094
4.72,3.14,55.514094
5.9,3.14,55.514094
7.08,3.14,55.514094
8.26,3.14,55.514094
9.44,3.14,55.514094
10.62,3.14,55.514094
0,4.32,55.514094
1.18,4.32,55.514094
2.36,4.32,55.514094
3.54,4.32,55.514094
4.72,4.32,55.514094
5.9,4.32,55.514094
7.08,4.32,55.514094
8.26,4.32,55.514094
9.44,4.32,55.514094
10.62,4.32,55.514094
0,5.5,55.514094
1.18,5.5,55.514094
2.36,5.5,55.514094
3.54,5.5,55.514094
4.72,5.5,55.514094
5.9,5.5,55.514094
7.08,5.5,55.514094
8.26,5.5,55.514094
9.44,5.5,55.514094
10.62,5.5,55.514094
0,6.68,55.514094
1.18,6.68,55.514094
2.36,6.68,55.514094
3.54,6.68,55.514094
4.72,6.68,55.514094
5.9,6.68,55.514094
7.08,6.68,55.514094
8.26,6.68,55.514094
9.44,6.68,55.514094
10.62,6.68,55.514094
0,-6.3,56.134094
0,-5.12,56.134094
0,-3.94,56.134094
0,-2.76,56.134094
0,-1.58,56.134094
0,-0.400000000000002,56.134094
0,0.779999999999998,56.134094
0,1.96,56.134094
0,3.14,56.134094
0,4.32,56.134094
0,5.5,56.134094
0,6.68,56.134094
1.18,-6.3,56.134094
1.18,-5.12,56.134094
1.18,-3.94,56.134094
1.18,-2.76,56.134094
1.18,-1.58,56.134094
1.18,-0.400000000000002,56.134094
1.18,0.779999999999998,56.134094
1.18,1.96,56.134094
1.18,3.14,56.134094
1.18,4.32,56.134094
1.18,5.5,56.134094
1.18,6.68,56.134094
2.36,-6.3,56.134094
2.36,-5.12,56.134094
2.36,-3.94,56.134094
2.36,-2.76,56.134094
2.36,-1.58,56.134094
2.36,-0.400000000000002,56.134094
2.36,0.779999999999998,56.134094
2.36,1.96,56.134094
2.36,3.14,56.134094
2.36,4.32,56.134094
2.36,5.5,56.134094
2.36,6.68,56.134094
3.54,-6.3,56.134094
3.54,-5.12,56.134094
3.54,-3.94,56.134094
3.54,-2.76,56.134094
3.54,-1.58,56.134094
3.54,-0.400000000000002,56.134094
3.54,0.779999999999998,56.134094
3.54,1.96,56.134094
3.54,3.14,56.134094
3.54,4.32,56.134094
3.54,5.5,56.134094
3.54,6.68,56.134094
4.72,-6.3,56.134094
4.72,-5.12,56.134094
4.72,-3.94,56.134094
4.72,-2.76,56.134094
4.72,-1.58,56.134094
4.72,-0.400000000000002,56.134094
4.72,0.779999999999998,56.134094
4.72,1.96,56.134094
4.72,3.14,56.134094
4.72,4.32,56.134094
4.72,5.5,56.134094
4.72,6.68,56.134094
5.9,-6.3,56.134094
5.9,-5.12,56.134094
5.9,-3.94,56.134094
5.9,-2.76,56.134094
5.9,-1.58,56.134094
5.9,-0.400000000000002,56.134094
5.9,0.779999999999998,56.134094
5.9,1.96,56.134094
5.9,3.14,56.134094
5.9,4.32,56.134094
5.9,5.5,56.134094
5.9,6.68,56.134094
7.08,-6.3,56.134094
7.08,-5.12,56.134094
7.08,-3.94,56.134094
7.08,-2.76,56.134094
7.08,-1.58,56.134094
7.08,-0.400000000000002,56.134094
7.08,0.779999999999998,56.134094
7.08,1.96,56.134094
7.08,3.14,56.134094
7.08,4.32,56.134094
7.08,5.5,56.134094
7.08,6.68,56.134094
8.26,-6.3,56.134094
8.26,-5.12,56.134094
8.26,-3.94,56.134094
8.26,-2.76,56.134094
8.26,-1.58,56.134094
8.26,-0.400000000000002,56.134094
8.26,0.779999999999998,56.134094
8.26,1.96,56.134094
8.26,3.14,56.134094
8.26,4.32,56.134094
8.26,5.5,56.134094
8.26,6.68,56.134094
9.44,-6.3,56.134094
9.44,-5.12,56.134094
9.44,-3.94,56.134094
9.44,-2.76,56.134094
9.44,-1.58,56.134094
9.44,-0.400000000000002,56.134094
9.44,0.779999999999998,56.134094
9.44,1.96,56.134094
9.44,3.14,56.134094
9.44,4.32,56.134094
9.44,5.5,56.134094
9.44,6.68,56.134094
10.62,-6.3,56.134094
10.62,-5.12,56.134094
10.62,-3.94,56.134094
10.62,-2.76,56.134094
10.62,-1.58,56.134094
10.62,-0.400000000000002,56.134094
10.62,0.779999999999998,56.134094
10.62,1.96,56.134094
10.62,3.14,56.134094
10.62,4.32,56.134094
10.62,5.5,56.134094
10.62,6.68,56.134094
0,-6.3,56.754094
1.18,-6.3,56.754094
2.36,-6.3,56.754094
3.54,-6.3,56.754094
4.72,-6.3,56.754094
5.9,-6.3,56.754094
7.08,-6.3,56.754094
8.26,-6.3,56.754094
9.44,-6.3,56.754094
10.62,-6.3,56.754094
0,-5.12,56.754094
1.18,-5.12,56.754094
2.36,-5.12,56.754094
3.54,-5.12,56.754094
4.72,-5.12,56.754094
5.9,-5.12,56.754094
7.08,-5.12,56.754094
8.26,-5.12,56.754094
9.44,-5.12,56.754094
10.62,-5.12,56.754094
0,-3.94,56.754094
1.18,-3.94,56.754094
2.36,-3.94,56.754094
3.54,-3.94,56.754094
4.72,-3.94,56.754094
5.9,-3.94,56.754094
7.08,-3.94,56.754094
8.26,-3.94,56.754094
9.44,-3.94,56.754094
10.62,-3.94,56.754094
0,-2.76,56.754094
1.18,-2.76,56.754094
2.36,-2.76,56.754094
3.54,-2.76,56.754094
4.72,-2.76,56.754094
5.9,-2.76,56.754094
7.08,-2.76,56.754094
8.26,-2.76,56.754094
9.44,-2.76,56.754094
10.62,-2.76,56.754094
0,-1.58,56.754094
1.18,-1.58,56.754094
2.36,-1.58,56.754094
3.54,-1.58,56.754094
4.72,-1.58,56.754094
5.9,-1.58,56.754094
7.08,-1.58,56.754094
8.26,-1.58,56.754094
9.44,-1.58,56.754094
10.62,-1.58,56.754094
0,-0.400000000000002,56.754094
1.18,-0.400000000000002,56.754094
2.36,-0.400000000000002,56.754094
3.54,-0.400000000000002,56.754094
4.72,-0.400000000000002,56.754094
5.9,-0.400000000000002,56.754094
7.08,-0.400000000000002,56.754094
8.26,-0.400000000000002,56.754094
9.44,-0.400000000000002,56.754094
10.62,-0.400000000000002,56.754094
0,0.779999999999998,56.754094
1.18,0.779999999999998,56.754094
2.36,0.779999999999998,56.754094
3.54,0.779999999999998,56.754094
4.72,0.779999999999998,56.754094
5.9,0.779999999999998,56.754094
7.08,0.779999999999998,56.754094
8.26,0.779999999999998,56.754094
9.44,0.779999999999998,56.754094
10.62,0.779999999999998,56.754094
0,1.96,56.754094
1.18,1.96,56.754094
2.36,1.96,56.754094
3.54,1.96,56.754094
4.72,1.96,56.754094
5.9,1.96,56.754094
7.08,1.96,56.754094
8.26,1.96,56.754094
9.44,1.96,56.754094
10.62,1.96,56.754094
0,3.14,56.754094
1.18,3.14,56.754094
2.36,3.14,56.754094
3.54,3.14,56.754094
4.72,3.14,56.754094
5.9,3.14,56.754094
7.08,3.14,56.754094
8.26,3.14,56.754094
9.44,3.14,56.754094
10.62,3.14,56.754094
0,4.32,56.754094
1.18,4.32,56.754094
2.36,4.32,56.754094
3.54,4.32,56.754094
4.72,4.32,56.754094
5.9,4.32,56.754094
7.08,4.32,56.754094
8.26,4.32,56.754094
9.44,4.32,56.754094
10.62,4.32,56.754094
0,5.5,56.754094
1.18,5.5,56.754094
2.36,5.5,56.754094
3.54,5.5,56.754094
4.72,5.5,56.754094
5.9,5.5,56.754094
7.08,5.5,56.754094
8.26,5.5,56.754094
9.44,5.5,56.754094
10.62,5.5,56.754094
0,6.68,56.754094
1.18,6.68,56.754094
2.36,6.68,56.754094
3.54,6.68,56.754094
4.72,6.68,56.754094
5.9,6.68,56.754094
7.08,6.68,56.754094
8.26,6.68,56.754094
9.44,6.68,56.754094
10.62,6.68,56.754094
0,-6.3,57.374094
0,-5.12,57.374094
0,-3.94,57.374094
0,-2.76,57.374094
0,-1.58,57.374094
0,-0.400000000000002,57.374094
0,0.779999999999998,57.374094
0,1.96,57.374094
0,3.14,57.374094
0,4.32,57.374094
0,5.5,57.374094
0,6.68,57.374094
1.18,-6.3,57.374094
1.18,-5.12,57.374094
1.18,-3.94,57.374094
1.18,-2.76,57.374094
1.18,-1.58,57.374094
1.18,-0.400000000000002,57.374094
1.18,0.779999999999998,57.374094
1.18,1.96,57.374094
1.18,3.14,57.374094
1.18,4.32,57.374094
1.18,5.5,57.374094
1.18,6.68,57.374094
2.36,-6.3,57.374094
2.36,-5.12,57.374094
2.36,-3.94,57.374094
2.36,-2.76,57.374094
2.36,-1.58,57.374094
2.36,-0.400000000000002,57.374094
2.36,0.779999999999998,57.374094
2.36,1.96,57.374094
2.36,3.14,57.374094
2.36,4.32,57.374094
2.36,5.5,57.374094
2.36,6.68,57.374094
3.54,-6.3,57.374094
3.54,-5.12,57.374094
3.54,-3.94,57.374094
3.54,-2.76,57.374094
3.54,-1.58,57.374094
3.54,-0.400000000000002,57.374094
3.54,0.779999999999998,57.374094
3.54,1.96,57.374094
3.54,3.14,57.374094
3.54,4.32,57.374094
3.54,5.5,57.374094
3.54,6.68,57.374094
4.72,-6.3,57.374094
4.72,-5.12,57.374094
4.72,-3.94,57.374094
4.72,-2.76,57.374094
4.72,-1.58,57.374094
4.72,-0.400000000000002,57.374094
4.72,0.779999999999998,57.374094
4.72,1.96,57.374094
4.72,3.14,57.374094
4.72,4.32,57.374094
4.72,5.5,57.374094
4.72,6.68,57.374094
5.9,-6.3,57.374094
5.9,-5.12,57.374094
5.9,-3.94,57.374094
5.9,-2.76,57.374094
5.9,-1.58,57.374094
5.9,-0.400000000000002,57.374094
5.9,0.779999999999998,57.374094
5.9,1.96,57.374094
5.9,3.14,57.374094
5.9,4.32,57.374094
5.9,5.5,57.374094
5.9,6.68,57.374094
7.08,-6.3,57.374094
7.08,-5.12,57.374094
7.08,-3.94,57.374094
7.08,-2.76,57.374094
7.08,-1.58,57.374094
7.08,-0.400000000000002,57.374094
7.08,0.779999999999998,57.374094
7.08,1.96,57.374094
7.08,3.14,57.374094
7.08,4.32,57.374094
7.08,5.5,57.374094
7.08,6.68,57.374094
8.26,-6.3,57.374094
8.26,-5.12,57.374094
8.26,-3.94,57.374094
8.26,-2.76,57.374094
8.26,-1.58,57.374094
8.26,-0.400000000000002,57.374094
8.26,0.779999999999998,57.374094
8.26,1.96,57.374094
8.26,3.14,57.374094
8.26,4.32,57.374094
8.26,5.5,57.374094
8.26,6.68,57.374094
9.44,-6.3,57.374094
9.44,-5.12,57.374094
9.44,-3.94,57.374094
9.44,-2.76,57.374094
9.44,-1.58,57.374094
9.44,-0.400000000000002,57.374094
9.44,0.779999999999998,57.374094
9.44,1.96,57.374094
9.44,3.14,57.374094
9.44,4.32,57.374094
9.44,5.5,57.374094
9.44,6.68,57.374094
10.62,-6.3,57.374094
10.62,-5.12,57.374094
10.62,-3.94,57.374094
10.62,-2.76,57.374094
10.62,-1.58,57.374094
10.62,-0.400000000000002,57.374094
10.62,0.779999999999998,57.374094
10.62,1.96,57.374094
10.62,3.14,57.374094
10.62,4.32,57.374094
10.62,5.5,57.374094
10.62,6.68,57.374094
0,-6.3,57.994094
1.18,-6.3,57.994094
2.36,-6.3,57.994094
3.54,-6.3,57.994094
4.72,-6.3,57.994094
5.9,-6.3,57.994094
7.08,-6.3,57.994094
8.26,-6.3,57.994094
9.44,-6.3,57.994094
10.62,-6.3,57.994094
0,-5.12,57.994094
1.18,-5.12,57.994094
2.36,-5.12,57.994094
3.54,-5.12,57.994094
4.72,-5.12,57.994094
5.9,-5.12,57.994094
7.08,-5.12,57.994094
8.26,-5.12,57.994094
9.44,-5.12,57.994094
10.62,-5.12,57.994094
0,-3.94,57.994094
1.18,-3.94,57.994094
2.36,-3.94,57.994094
3.54,-3.94,57.994094
4.72,-3.94,57.994094
5.9,-3.94,57.994094
7.08,-3.94,57.994094
8.26,-3.94,57.994094
9.44,-3.94,57.994094
10.62,-3.94,57.994094
0,-2.76,57.994094
1.18,-2.76,57.994094
2.36,-2.76,57.994094
3.54,-2.76,57.994094
4.72,-2.76,57.994094
5.9,-2.76,57.994094
7.08,-2.76,57.994094
8.26,-2.76,57.994094
9.44,-2.76,57.994094
10.62,-2.76,57.994094
0,-1.58,57.994094
1.18,-1.58,57.994094
2.36,-1.58,57.994094
3.54,-1.58,57.994094
4.72,-1.58,57.994094
5.9,-1.58,57.994094
7.08,-1.58,57.994094
8.26,-1.58,57.994094
9.44,-1.58,57.994094
10.62,-1.58,57.994094
0,-0.400000000000002,57.994094
1.18,-0.400000000000002,57.994094
2.36,-0.400000000000002,57.994094
3.54,-0.400000000000002,57.994094
4.72,-0.400000000000002,57.994094
5.9,-0.400000000000002,57.994094
7.08,-0.400000000000002,57.994094
8.26,-0.400000000000002,57.994094
9.44,-0.400000000000002,57.994094
10.62,-0.400000000000002,57.994094
0,0.779999999999998,57.994094
1.18,0.779999999999998,57.994094
2.36,0.779999999999998,57.994094
3.54,0.779999999999998,57.994094
4.72,0.779999999999998,57.994094
5.9,0.779999999999998,57.994094
7.08,0.779999999999998,57.994094
8.26,0.779999999999998,57.994094
9.44,0.779999999999998,57.994094
10.62,0.779999999999998,57.994094
0,1.96,57.994094
1.18,1.96,57.994094
2.36,1.96,57.994094
3.54,1.96,57.994094
4.72,1.96,57.994094
5.9,1.96,57.994094
7.08,1.96,57.994094
8.26,1.96,57.994094
9.44,1.96,57.994094
10.62,1.96,57.994094
0,3.14,57.994094
1.18,3.14,57.994094
2.36,3.14,57.994094
3.54,3.14,57.994094
4.72,3.14,57.994094
5.9,3.14,57.994094
7.08,3.14,57.994094
8.26,3.14,57.994094
9.44,3.14,57.994094
10.62,3.14,57.994094
0,4.32,57.994094
1.18,4.32,57.994094
2.36,4.32,57.994094
3.54,4.32,57.994094
4.72,4.32,57.994094
5.9,4.32,57.994094
7.08,4.32,57.994094
8.26,4.32,57.994094
9.44,4.32,57.994094
10.62,4.32,57.994094
0,5.5,57.994094
1.18,5.5,57.994094
2.36,5.5,57.994094
3.54,5.5,57.994094
4.72,5.5,57.994094
5.9,5.5,57.994094
7.08,5.5,57.994094
8.26,5.5,57.994094
9.44,5.5,57.994094
10.62,5.5,57.994094
0,6.68,57.994094
1.18,6.68,57.994094
2.36,6.68,57.994094
3.54,6.68,57.994094
4.72,6.68,57.994094
5.9,6.68,57.994094
7.08,6.68,57.994094
8.26,6.68,57.994094
9.44,6.68,57.994094
10.62,6.68,57.994094
0,-5.12,58.614094
0,-3.94,58.614094
0,-2.76,58.614094
0,-1.58,58.614094
0,-0.400000000000002,58.614094
0,0.779999999999998,58.614094
0,1.96,58.614094
0,3.14,58.614094
0,4.32,58.614094
0,5.5,58.614094
1.18,-5.12,58.614094
1.18,-3.94,58.614094
1.18,-2.76,58.614094
1.18,-1.58,58.614094
1.18,-0.400000000000002,58.614094
1.18,0.779999999999998,58.614094
1.18,1.96,58.614094
1.18,3.14,58.614094
1.18,4.32,58.614094
1.18,5.5,58.614094
2.36,-5.12,58.614094
2.36,-3.94,58.614094
2.36,-2.76,58.614094
2.36,-1.58,58.614094
2.36,-0.400000000000002,58.614094
2.36,0.779999999999998,58.614094
2.36,1.96,58.614094
2.36,3.14,58.614094
2.36,4.32,58.614094
2.36,5.5,58.614094
3.54,-5.12,58.614094
3.54,-3.94,58.614094
3.54,-2.76,58.614094
3.54,-1.58,58.614094
3.54,-0.400000000000002,58.614094
3.54,0.779999999999998,58.614094
3.54,1.96,58.614094
3.54,3.14,58.614094
3.54,4.32,58.614094
3.54,5.5,58.614094
4.72,-5.12,58.614094
4.72,-3.94,58.614094
4.72,-2.76,58.614094
4.72,-1.58,58.614094
4.72,-0.400000000000002,58.614094
4.72,0.779999999999998,58.614094
4.72,1.96,58.614094
4.72,3.14,58.614094
4.72,4.32,58.614094
4.72,5.5,58.614094
5.9,-5.12,58.614094
5.9,-3.94,58.614094
5.9,-2.76,58.614094
5.9,-1.58,58.614094
5.9,-0.400000000000002,58.614094
5.9,0.779999999999998,58.614094
5.9,1.96,58.614094
5.9,3.14,58.614094
5.9,4.32,58.614094
5.9,5.5,58.614094
7.08,-5.12,58.614094
7.08,-3.94,58.614094
7.08,-2.76,58.614094
7.08,-1.58,58.614094
7.08,-0.400000000000002,58.614094
7.08,0.779999999999998,58.614094
7.08,1.96,58.614094
7.08,3.14,58.614094
7.08,4.32,58.614094
7.08,5.5,58.614094
8.26,-5.12,58.614094
8.26,-3.94,58.614094
8.26,-2.76,58.614094
8.26,-1.58,58.614094
8.26,-0.400000000000002,58.614094
8.26,0.779999999999998,58.614094
8.26,1.96,58.614094
8.26,3.14,58.614094
8.26,4.32,58.614094
8.26,5.5,58.614094
9.44,-5.12,58.614094
9.44,-3.94,58.614094
9.44,-2.76,58.614094
9.44,-1.58,58.614094
9.44,-0.400000000000002,58.614094
9.44,0.779999999999998,58.614094
9.44,1.96,58.614094
9.44,3.14,58.614094
9.44,4.32,58.614094
9.44,5.5,58.614094
10.62,-5.12,58.614094
10.62,-3.94,58.614094
10.62,-2.76,58.614094
10.62,-1.58,58.614094
10.62,-0.400000000000002,58.614094
10.62,0.779999999999998,58.614094
10.62,1.96,58.614094
10.62,3.14,58.614094
10.62,4.32,58.614094
10.62,5.5,58.614094
0,-5.12,59.234094
1.18,-5.12,59.234094
2.36,-5.12,59.234094
3.54,-5.12,59.234094
4.72,-5.12,59.234094
5.9,-5.12,59.234094
7.08,-5.12,59.234094
8.26,-5.12,59.234094
9.44,-5.12,59.234094
10.62,-5.12,59.234094
0,-3.94,59.234094
1.18,-3.94,59.234094
2.36,-3.94,59.234094
3.54,-3.94,59.234094
4.72,-3.94,59.234094
5.9,-3.94,59.234094
7.08,-3.94,59.234094
8.26,-3.94,59.234094
9.44,-3.94,59.234094
10.62,-3.94,59.234094
0,-2.76,59.234094
1.18,-2.76,59.234094
2.36,-2.76,59.234094
3.54,-2.76,59.234094
4.72,-2.76,59.234094
5.9,-2.76,59.234094
7.08,-2.76,59.234094
8.26,-2.76,59.234094
9.44,-2.76,59.234094
10.62,-2.76,59.234094
0,-1.58,59.234094
1.18,-1.58,59.234094
2.36,-1.58,59.234094
3.54,-1.58,59.234094
4.72,-1.58,59.234094
5.9,-1.58,59.234094
7.08,-1.58,59.234094
8.26,-1.58,59.234094
9.44,-1.58,59.234094
10.62,-1.58,59.234094
0,-0.400000000000002,59.234094
1.18,-0.400000000000002,59.234094
2.36,-0.400000000000002,59.234094
3.54,-0.400000000000002,59.234094
4.72,-0.400000000000002,59.234094
5.9,-0.400000000000002,59.234094
7.08,-0.400000000000002,59.234094
8.26,-0.400000000000002,59.234094
9.44,-0.400000000000002,59.234094
10.62,-0.400000000000002,59.234094
0,0.779999999999998,59.234094
1.18,0.779999999999998,59.234094
2.36,0.779999999999998,59.234094
3.54,0.779999999999998,59.234094
4.72,0.779999999999998,59.234094
5.9,0.779999999999998,59.234094
7.08,0.779999999999998,59.234094
8.26,0.779999999999998,59.234094
9.44,0.779999999999998,59.234094
10.62,0.779999999999998,59.234094
0,1.96,59.234094
1.18,1.96,59.234094
2.36,1.96,59.234094
3.54,1.96,59.234094
4.72,1.96,59.234094
5.9,1.96,59.234094
7.08,1.96,59.234094
8.26,1.96,59.234094
9.44,1.96,59.234094
10.62,1.96,59.234094
0,3.14,59.234094
1.18,3.14,59.234094
2.36,3.14,59.234094
3.54,3.14,59.234094
4.72,3.14,59.234094
5.9,3.14,59.234094
7.08,3.14,59.234094
8.26,3.14,59.234094
9.44,3.14,59.234094
10.62,3.14,59.234094
0,4.32,59.234094
1.18,4.32,59.234094
2.36,4.32,59.234094
3.54,4.32,59.234094
4.72,4.32,59.234094
5.9,4.32,59.234094
7.08,4.32,59.234094
8.26,4.32,59.234094
9.44,4.32,59.234094
10.62,4.32,59.234094
0,5.5,59.234094
1.18,5.5,59.234094
2.36,5.5,59.234094
3.54,5.5,59.234094
4.72,5.5,59.234094
5.9,5.5,59.234094
7.08,5.5,59.234094
8.26,5.5,59.234094
9.44,5.5,59.234094
10.62,5.5,59.234094
0,-5.12,59.854094
0,-3.94,59.854094
0,-2.76,59.854094
0,-1.58,59.854094
0,-0.400000000000002,59.854094
0,0.779999999999998,59.854094
0,1.96,59.854094
0,3.14,59.854094
0,4.32,59.854094
0,5.5,59.854094
1.18,-5.12,59.854094
1.18,-3.94,59.854094
1.18,-2.76,59.854094
1.18,-1.58,59.854094
1.18,-0.400000000000002,59.854094
1.18,0.779999999999998,59.854094
1.18,1.96,59.854094
1.18,3.14,59.854094
1.18,4.32,59.854094
1.18,5.5,59.854094
2.36,-5.12,59.854094
2.36,-3.94,59.854094
2.36,-2.76,59.854094
2.36,-1.58,59.854094
2.36,-0.400000000000002,59.854094
2.36,0.779999999999998,59.854094
2.36,1.96,59.854094
2.36,3.14,59.854094
2.36,4.32,59.854094
2.36,5.5,59.854094
3.54,-5.12,59.854094
3.54,-3.94,59.854094
3.54,-2.76,59.854094
3.54,-1.58,59.854094
3.54,-0.400000000000002,59.854094
3.54,0.779999999999998,59.854094
3.54,1.96,59.854094
3.54,3.14,59.854094
3.54,4.32,59.854094
3.54,5.5,59.854094
4.72,-5.12,59.854094
4.72,-3.94,59.854094
4.72,-2.76,59.854094
4.72,-1.58,59.854094
4.72,-0.400000000000002,59.854094
4.72,0.779999999999998,59.854094
4.72,1.96,59.854094
4.72,3.14,59.854094
4.72,4.32,59.854094
4.72,5.5,59.854094
5.9,-5.12,59.854094
5.9,-3.94,59.854094
5.9,-2.76,59.854094
5.9,-1.58,59.854094
5.9,-0.400000000000002,59.854094
5.9,0.779999999999998,59.854094
5.9,1.96,59.854094
5.9,3.14,59.854094
5.9,4.32,59.854094
5.9,5.5,59.854094
7.08,-5.12,59.854094
7.08,-3.94,59.854094
7.08,-2.76,59.854094
7.08,-1.58,59.854094
7.08,-0.400000000000002,59.854094
7.08,0.779999999999998,59.854094
7.08,1.96,59.854094
7.08,3.14,59.854094
7.08,4.32,59.854094
7.08,5.5,59.854094
8.26,-5.12,59.854094
8.26,-3.94,59.854094
8.26,-2.76,59.854094
8.26,-1.58,59.854094
8.26,-0.400000000000002,59.854094
8.26,0.779999999999998,59.854094
8.26,1.96,59.854094
8.26,3.14,59.854094
8.26,4.32,59.854094
8.26,5.5,59.854094
9.44,-5.12,59.854094
9.44,-3.94,59.854094
9.44,-2.76,59.854094
9.44,-1.58,59.854094
9.44,-0.400000000000002,59.854094
9.44,0.779999999999998,59.854094
9.44,1.96,59.854094
9.44,3.14,59.854094
9.44,4.32,59.854094
9.44,5.5,59.854094
10.62,-5.12,59.854094
10.62,-3.94,59.854094
10.62,-2.76,59.854094
10.62,-1.58,59.854094
10.62,-0.400000000000002,59.854094
10.62,0.779999999999998,59.854094
10.62,1.96,59.854094
10.62,3.14,59.854094
10.62,4.32,59.854094
10.62,5.5,59.854094
0,-5.12,60.474094
1.18,-5.12,60.474094
2.36,-5.12,60.474094
3.54,-5.12,60.474094
4.72,-5.12,60.474094
5.9,-5.12,60.474094
7.08,-5.12,60.474094
8.26,-5.12,60.474094
9.44,-5.12,60.474094
10.62,-5.12,60.474094
0,-3.94,60.474094
1.18,-3.94,60.474094
2.36,-3.94,60.474094
3.54,-3.94,60.474094
4.72,-3.94,60.474094
5.9,-3.94,60.474094
7.08,-3.94,60.474094
8.26,-3.94,60.474094
9.44,-3.94,60.474094
10.62,-3.94,60.474094
0,-2.76,60.474094
1.18,-2.76,60.474094
2.36,-2.76,60.474094
3.54,-2.76,60.474094
4.72,-2.76,60.474094
5.9,-2.76,60.474094
7.08,-2.76,60.474094
8.26,-2.76,60.474094
9.44,-2.76,60.474094
10.62,-2.76,60.474094
0,-1.58,60.474094
1.18,-1.58,60.474094
2.36,-1.58,60.474094
3.54,-1.58,60.474094
4.72,-1.58,60.474094
5.9,-1.58,60.474094
7.08,-1.58,60.474094
8.26,-1.58,60.474094
9.44,-1.58,60.474094
10.62,-1.58,60.474094
0,-0.400000000000002,60.474094
1.18,-0.400000000000002,60.474094
2.36,-0.400000000000002,60.474094
3.54,-0.400000000000002,60.474094
4.72,-0.400000000000002,60.474094
5.9,-0.400000000000002,60.474094
7.08,-0.400000000000002,60.474094
8.26,-0.400000000000002,60.474094
9.44,-0.400000000000002,60.474094
10.62,-0.400000000000002,60.474094
0,0.779999999999998,60.474094
1.18,0.779999999999998,60.474094
2.36,0.779999999999998,60.474094
3.54,0.779999999999998,60.474094
4.72,0.779999999999998,60.474094
5.9,0.779999999999998,60.474094
7.08,0.779999999999998,60.474094
8.26,0.779999999999998,60.474094
9.44,0.779999999999998,60.474094
10.62,0.779999999999998,60.474094
0,1.96,60.474094
1.18,1.96,60.474094
2.36,1.96,60.474094
3.54,1.96,60.474094
4.72,1.96,60.474094
5.9,1.96,60.474094
7.08,1.96,60.474094
8.26,1.96,60.474094
9.44,1.96,60.474094
10.62,1.96,60.474094
0,3.14,60.474094
1.18,3.14,60.474094
2.36,3.14,60.474094
3.54,3.14,60.474094
4.72,3.14,60.474094
5.9,3.14,60.474094
7.08,3.14,60.474094
8.26,3.14,60.474094
9.44,3.14,60.474094
10.62,3.14,60.474094
0,4.32,60.474094
1.18,4.32,60.474094
2.36,4.32,60.474094
3.54,4.32,60.474094
4.72,4.32,60.474094
5.9,4.32,60.474094
7.08,4.32,60.474094
8.26,4.32,60.474094
9.44,4.32,60.474094
10.62,4.32,60.474094
0,5.5,60.474094
1.18,5.5,60.474094
2.36,5.5,60.474094
3.54,5.5,60.474094
4.72,5.5,60.474094
5.9,5.5,60.474094
7.08,5.5,60.474094
8.26,5.5,60.474094
9.44,5.5,60.474094
10.62,5.5,60.474094
0,-5.12,61.094094
0,-3.94,61.094094
0,-2.76,61.094094
0,-1.58,61.094094
0,-0.400000000000002,61.094094
0,0.779999999999998,61.094094
0,1.96,61.094094
0,3.14,61.094094
0,4.32,61.094094
0,5.5,61.094094
1.18,-5.12,61.094094
1.18,-3.94,61.094094
1.18,-2.76,61.094094
1.18,-1.58,61.094094
1.18,-0.400000000000002,61.094094
1.18,0.779999999999998,61.094094
1.18,1.96,61.094094
1.18,3.14,61.094094
1.18,4.32,61.094094
1.18,5.5,61.094094
2.36,-5.12,61.094094
2.36,-3.94,61.094094
2.36,-2.76,61.094094
2.36,-1.58,61.094094
2.36,-0.400000000000002,61.094094
2.36,0.779999999999998,61.094094
2.36,1.96,61.094094
2.36,3.14,61.094094
2.36,4.32,61.094094
2.36,5.5,61.094094
3.54,-5.12,61.094094
3.54,-3.94,61.094094
3.54,-2.76,61.094094
3.54,-1.58,61.094094
3.54,-0.400000000000002,61.094094
3.54,0.779999999999998,61.094094
3.54,1.96,61.094094
3.54,3.14,61.094094
3.54,4.32,61.094094
3.54,5.5,61.094094
4.72,-5.12,61.094094
4.72,-3.94,61.094094
4.72,-2.76,61.094094
4.72,-1.58,61.094094
4.72,-0.400000000000002,61.094094
4.72,0.779999999999998,61.094094
4.72,1.96,61.094094
4.72,3.14,61.094094
4.72,4.32,61.094094
4.72,5.5,61.094094
5.9,-5.12,61.094094
5.9,-3.94,61.094094
5.9,-2.76,61.094094
5.9,-1.58,61.094094
5.9,-0.400000000000002,61.094094
5.9,0.779999999999998,61.094094
5.9,1.96,61.094094
5.9,3.14,61.094094
5.9,4.32,61.094094
5.9,5.5,61.094094
7.08,-5.12,61.094094
7.08,-3.94,61.094094
7.08,-2.76,61.094094
7.08,-1.58,61.094094
7.08,-0.400000000000002,61.094094
7.08,0.779999999999998,61.094094
7.08,1.96,61.094094
7.08,3.14,61.094094
7.08,4.32,61.094094
7.08,5.5,61.094094
8.26,-5.12,61.094094
8.26,-3.94,61.094094
8.26,-2.76,61.094094
8.26,-1.58,61.094094
8.26,-0.400000000000002,61.094094
8.26,0.779999999999998,61.094094
8.26,1.96,61.094094
8.26,3.14,61.094094
8.26,4.32,61.094094
8.26,5.5,61.094094
9.44,-5.12,61.094094
9.44,-3.94,61.094094
9.44,-2.76,61.094094
9.44,-1.58,61.094094
9.44,-0.400000000000002,61.094094
9.44,0.779999999999998,61.094094
9.44,1.96,61.094094
9.44,3.14,61.094094
9.44,4.32,61.094094
9.44,5.5,61.094094
10.62,-5.12,61.094094
10.62,-3.94,61.094094
10.62,-2.76,61.094094
10.62,-1.58,61.094094
10.62,-0.400000000000002,61.094094
10.62,0.779999999999998,61.094094
10.62,1.96,61.094094
10.62,3.14,61.094094
10.62,4.32,61.094094
10.62,5.5,61.094094
0,-5.12,61.714094
1.18,-5.12,61.714094
2.36,-5.12,61.714094
3.54,-5.12,61.714094
4.72,-5.12,61.714094
5.9,-5.12,61.714094
7.08,-5.12,61.714094
8.26,-5.12,61.714094
9.44,-5.12,61.714094
10.62,-5.12,61.714094
0,-3.94,61.714094
1.18,-3.94,61.714094
2.36,-3.94,61.714094
3.54,-3.94,61.714094
4.72,-3.94,61.714094
5.9,-3.94,61.714094
7.08,-3.94,61.714094
8.26,-3.94,61.714094
9.44,-3.94,61.714094
10.62,-3.94,61.714094
0,-2.76,61.714094
1.18,-2.76,61.714094
2.36,-2.76,61.714094
3.54,-2.76,61.714094
4.72,-2.76,61.714094
5.9,-2.76,61.714094
7.08,-2.76,61.714094
8.26,-2.76,61.714094
9.44,-2.76,61.714094
10.62,-2.76,61.714094
0,-1.58,61.714094
1.18,-1.58,61.714094
2.36,-1.58,61.714094
3.54,-1.58,61.714094
4.72,-1.58,61.714094
5.9,-1.58,61.714094
7.08,-1.58,61.714094
8.26,-1.58,61.714094
9.44,-1.58,61.714094
10.62,-1.58,61.714094
0,-0.400000000000002,61.714094
1.18,-0.400000000000002,61.714094
2.36,-0.400000000000002,61.714094
3.54,-0.400000000000002,61.714094
4.72,-0.400000000000002,61.714094
5.9,-0.400000000000002,61.714094
7.08,-0.400000000000002,61.714094
8.26,-0.400000000000002,61.714094
9.44,-0.400000000000002,61.714094
10.62,-0.400000000000002,61.714094
0,0.779999999999998,61.714094
1.18,0.779999999999998,61.714094
2.36,0.779999999999998,61.714094
3.54,0.779999999999998,61.714094
4.72,0.779999999999998,61.714094
5.9,0.779999999999998,61.714094
7.08,0.779999999999998,61.714094
8.26,0.779999999999998,61.714094
9.44,0.779999999999998,61.714094
10.62,0.779999999999998,61.714094
0,1.96,61.714094
1.18,1.96,61.714094
2.36,1.96,61.714094
3.54,1.96,61.714094
4.72,1.96,61.714094
5.9,1.96,61.714094
7.08,1.96,61.714094
8.26,1.96,61.714094
9.44,1.96,61.714094
10.62,1.96,61.714094
0,3.14,61.714094
1.18,3.14,61.714094
2.36,3.14,61.714094
3.54,3.14,61.714094
4.72,3.14,61.714094
5.9,3.14,61.714094
7.08,3.14,61.714094
8.26,3.14,61.714094
9.44,3.14,61.714094
10.62,3.14,61.714094
0,4.32,61.714094
1.18,4.32,61.714094
2.36,4.32,61.714094
3.54,4.32,61.714094
4.72,4.32,61.714094
5.9,4.32,61.714094
7.08,4.32,61.714094
8.26,4.32,61.714094
9.44,4.32,61.714094
10.62,4.32,61.714094
0,5.5,61.714094
1.18,5.5,61.714094
2.36,5.5,61.714094
3.54,5.5,61.714094
4.72,5.5,61.714094
5.9,5.5,61.714094
7.08,5.5,61.714094
8.26,5.5,61.714094
9.44,5.5,61.714094
10.62,5.5,61.714094
0,-5.12,62.334094
0,-3.94,62.334094
0,-2.76,62.334094
0,-1.58,62.334094
0,-0.400000000000002,62.334094
0,0.779999999999998,62.334094
0,1.96,62.334094
0,3.14,62.334094
0,4.32,62.334094
0,5.5,62.334094
1.18,-5.12,62.334094
1.18,-3.94,62.334094
1.18,-2.76,62.334094
1.18,-1.58,62.334094
1.18,-0.400000000000002,62.334094
1.18,0.779999999999998,62.334094
1.18,1.96,62.334094
1.18,3.14,62.334094
1.18,4.32,62.334094
1.18,5.5,62.334094
2.36,-5.12,62.334094
2.36,-3.94,62.334094
2.36,-2.76,62.334094
2.36,-1.58,62.334094
2.36,-0.400000000000002,62.334094
2.36,0.779999999999998,62.334094
2.36,1.96,62.334094
2.36,3.14,62.334094
2.36,4.32,62.334094
2.36,5.5,62.334094
3.54,-5.12,62.334094
3.54,-3.94,62.334094
3.54,-2.76,62.334094
3.54,-1.58,62.334094
3.54,-0.400000000000002,62.334094
3.54,0.779999999999998,62.334094
3.54,1.96,62.334094
3.54,3.14,62.334094
3.54,4.32,62.334094
3.54,5.5,62.334094
4.72,-5.12,62.334094
4.72,-3.94,62.334094
4.72,-2.76,62.334094
4.72,-1.58,62.334094
4.72,-0.400000000000002,62.334094
4.72,0.779999999999998,62.334094
4.72,1.96,62.334094
4.72,3.14,62.334094
4.72,4.32,62.334094
4.72,5.5,62.334094
5.9,-5.12,62.334094
5.9,-3.94,62.334094
5.9,-2.76,62.334094
5.9,-1.58,62.334094
5.9,-0.400000000000002,62.334094
5.9,0.779999999999998,62.334094
5.9,1.96,62.334094
5.9,3.14,62.334094
5.9,4.32,62.334094
5.9,5.5,62.334094
7.08,-5.12,62.334094
7.08,-3.94,62.334094
7.08,-2.76,62.334094
7.08,-1.58,62.334094
7.08,-0.400000000000002,62.334094
7.08,0.779999999999998,62.334094
7.08,1.96,62.334094
7.08,3.14,62.334094
7.08,4.32,62.334094
7.08,5.5,62.334094
8.26,-5.12,62.334094
8.26,-3.94,62.334094
8.26,-2.76,62.334094
8.26,-1.58,62.334094
8.26,-0.400000000000002,62.334094
8.26,0.779999999999998,62.334094
8.26,1.96,62.334094
8.26,3.14,62.334094
8.26,4.32,62.334094
8.26,5.5,62.334094
9.44,-5.12,62.334094
9.44,-3.94,62.334094
9.44,-2.76,62.334094
9.44,-1.58,62.334094
9.44,-0.400000000000002,62.334094
9.44,0.779999999999998,62.334094
9.44,1.96,62.334094
9.44,3.14,62.334094
9.44,4.32,62.334094
9.44,5.5,62.334094
10.62,-5.12,62.334094
10.62,-3.94,62.334094
10.62,-2.76,62.334094
10.62,-1.58,62.334094
10.62,-0.400000000000002,62.334094
10.62,0.779999999999998,62.334094
10.62,1.96,62.334094
10.62,3.14,62.334094
10.62,4.32,62.334094
10.62,5.5,62.334094
0,-5.12,62.954094
1.18,-5.12,62.954094
2.36,-5.12,62.954094
3.54,-5.12,62.954094
4.72,-5.12,62.954094
5.9,-5.12,62.954094
7.08,-5.12,62.954094
8.26,-5.12,62.954094
9.44,-5.12,62.954094
10.62,-5.12,62.954094
0,-3.94,62.954094
1.18,-3.94,62.954094
2.36,-3.94,62.954094
3.54,-3.94,62.954094
4.72,-3.94,62.954094
5.9,-3.94,62.954094
7.08,-3.94,62.954094
8.26,-3.94,62.954094
9.44,-3.94,62.954094
10.62,-3.94,62.954094
0,-2.76,62.954094
1.18,-2.76,62.954094
2.36,-2.76,62.954094
3.54,-2.76,62.954094
4.72,-2.76,62.954094
5.9,-2.76,62.954094
7.08,-2.76,62.954094
8.26,-2.76,62.954094
9.44,-2.76,62.954094
10.62,-2.76,62.954094
0,-1.58,62.954094
1.18,-1.58,62.954094
2.36,-1.58,62.954094
3.54,-1.58,62.954094
4.72,-1.58,62.954094
5.9,-1.58,62.954094
7.08,-1.58,62.954094
8.26,-1.58,62.954094
9.44,-1.58,62.954094
10.62,-1.58,62.954094
0,-0.400000000000002,62.954094
1.18,-0.400000000000002,62.954094
2.36,-0.400000000000002,62.954094
3.54,-0.400000000000002,62.954094
4.72,-0.400000000000002,62.954094
5.9,-0.400000000000002,62.954094
7.08,-0.400000000000002,62.954094
8.26,-0.400000000000002,62.954094
9.44,-0.400000000000002,62.954094
10.62,-0.400000000000002,62.954094
0,0.779999999999998,62.954094
1.18,0.779999999999998,62.954094
2.36,0.779999999999998,62.954094
3.54,0.779999999999998,62.954094
4.72,0.779999999999998,62.954094
5.9,0.779999999999998,62.954094
7.08,0.779999999999998,62.954094
8.26,0.779999999999998,62.954094
9.44,0.779999999999998,62.954094
10.62,0.779999999999998,62.954094
0,1.96,62.954094
1.18,1.96,62.954094
2.36,1.96,62.954094
3.54,1.96,62.954094
4.72,1.96,62.954094
5.9,1.96,62.954094
7.08,1.96,62.954094
8.26,1.96,62.954094
9.44,1.96,62.954094
10.62,1.96,62.954094
0,3.14,62.954094
1.18,3.14,62.954094
2.36,3.14,62.954094
3.54,3.14,62.954094
4.72,3.14,62.954094
5.9,3.14,62.954094
7.08,3.14,62.954094
8.26,3.14,62.954094
9.44,3.14,62.954094
10.62,3.14,62.954094
0,4.32,62.954094
1.18,4.32,62.954094
2.36,4.32,62.954094
3.54,4.32,62.954094
4.72,4.32,62.954094
5.9,4.32,62.954094
7.08,4.32,62.954094
8.26,4.32,62.954094
9.44,4.32,62.954094
10.62,4.32,62.954094
0,5.5,62.954094
1.18,5.5,62.954094
2.36,5.5,62.954094
3.54,5.5,62.954094
4.72,5.5,62.954094
5.9,5.5,62.954094
7.08,5.5,62.954094
8.26,5.5,62.954094
9.44,5.5,62.954094
10.62,5.5,62.954094
0,-5.12,63.574094
0,-3.94,63.574094
0,-2.76,63.574094
0,-1.58,63.574094
0,-0.400000000000002,63.574094
0,0.779999999999998,63.574094
0,1.96,63.574094
0,3.14,63.574094
0,4.32,63.574094
0,5.5,63.574094
1.18,-5.12,63.574094
1.18,-3.94,63.574094
1.18,-2.76,63.574094
1.18,-1.58,63.574094
1.18,-0.400000000000002,63.574094
1.18,0.779999999999998,63.574094
1.18,1.96,63.574094
1.18,3.14,63.574094
1.18,4.32,63.574094
1.18,5.5,63.574094
2.36,-5.12,63.574094
2.36,-3.94,63.574094
2.36,-2.76,63.574094
2.36,-1.58,63.574094
2.36,-0.400000000000002,63.574094
2.36,0.779999999999998,63.574094
2.36,1.96,63.574094
2.36,3.14,63.574094
2.36,4.32,63.574094
2.36,5.5,63.574094
3.54,-5.12,63.574094
3.54,-3.94,63.574094
3.54,-2.76,63.574094
3.54,-1.58,63.574094
3.54,-0.400000000000002,63.574094
3.54,0.779999999999998,63.574094
3.54,1.96,63.574094
3.54,3.14,63.574094
3.54,4.32,63.574094
3.54,5.5,63.574094
4.72,-5.12,63.574094
4.72,-3.94,63.574094
4.72,-2.76,63.574094
4.72,-1.58,63.574094
4.72,-0.400000000000002,63.574094
4.72,0.779999999999998,63.574094
4.72,1.96,63.574094
4.72,3.14,63.574094
4.72,4.32,63.574094
4.72,5.5,63.574094
5.9,-5.12,63.574094
5.9,-3.94,63.574094
5.9,-2.76,63.574094
5.9,-1.58,63.574094
5.9,-0.400000000000002,63.574094
5.9,0.779999999999998,63.574094
5.9,1.96,63.574094
5.9,3.14,63.574094
5.9,4.32,63.574094
5.9,5.5,63.574094
7.08,-5.12,63.574094
7.08,-3.94,63.574094
7.08,-2.76,63.574094
7.08,-1.58,63.574094
7.08,-0.400000000000002,63.574094
7.08,0.779999999999998,63.574094
7.08,1.96,63.574094
7.08,3.14,63.574094
7.08,4.32,63.574094
7.08,5.5,63.574094
8.26,-5.12,63.574094
8.26,-3.94,63.574094
8.26,-2.76,63.574094
8.26,-1.58,63.574094
8.26,-0.400000000000002,63.574094
8.26,0.779999999999998,63.574094
8.26,1.96,63.574094
8.26,3.14,63.574094
8.26,4.32,63.574094
8.26,5.5,63.574094
9.44,-5.12,63.574094
9.44,-3.94,63.574094
9.44,-2.76,63.574094
9.44,-1.58,63.574094
9.44,-0.400000000000002,63.574094
9.44,0.779999999999998,63.574094
9.44,1.96,63.574094
9.44,3.14,63.574094
9.44,4.32,63.574094
9.44,5.5,63.574094
10.62,-5.12,63.574094
10.62,-3.94,63.574094
10.62,-2.76,63.574094
10.62,-1.58,63.574094
10.62,-0.400000000000002,63.574094
10.62,0.779999999999998,63.574094
10.62,1.96,63.574094
10.62,3.14,63.574094
10.62,4.32,63.574094
10.62,5.5,63.574094
0,-5.12,64.194094
1.18,-5.12,64.194094
2.36,-5.12,64.194094
3.54,-5.12,64.194094
4.72,-5.12,64.194094
5.9,-5.12,64.194094
7.08,-5.12,64.194094
8.26,-5.12,64.194094
9.44,-5.12,64.194094
10.62,-5.12,64.194094
0,-3.94,64.194094
1.18,-3.94,64.194094
2.36,-3.94,64.194094
3.54,-3.94,64.194094
4.72,-3.94,64.194094
5.9,-3.94,64.194094
7.08,-3.94,64.194094
8.26,-3.94,64.194094
9.44,-3.94,64.194094
10.62,-3.94,64.194094
0,-2.76,64.194094
1.18,-2.76,64.194094
2.36,-2.76,64.194094
3.54,-2.76,64.194094
4.72,-2.76,64.194094
5.9,-2.76,64.194094
7.08,-2.76,64.194094
8.26,-2.76,64.194094
9.44,-2.76,64.194094
10.62,-2.76,64.194094
0,-1.58,64.194094
1.18,-1.58,64.194094
2.36,-1.58,64.194094
3.54,-1.58,64.194094
4.72,-1.58,64.194094
5.9,-1.58,64.194094
7.08,-1.58,64.194094
8.26,-1.58,64.194094
9.44,-1.58,64.194094
10.62,-1.58,64.194094
0,-0.400000000000002,64.194094
1.18,-0.400000000000002,64.194094
2.36,-0.400000000000002,64.194094
3.54,-0.400000000000002,64.194094
4.72,-0.400000000000002,64.194094
5.9,-0.400000000000002,64.194094
7.08,-0.400000000000002,64.194094
8.26,-0.400000000000002,64.194094
9.44,-0.400000000000002,64.194094
10.62,-0.400000000000002,64.194094
0,0.779999999999998,64.194094
1.18,0.779999999999998,64.194094
2.36,0.779999999999998,64.194094
3.54,0.779999999999998,64.194094
4.72,0.779999999999998,64.194094
5.9,0.779999999999998,64.194094
7.08,0.779999999999998,64.194094
8.26,0.779999999999998,64.194094
9.44,0.779999999999998,64.194094
10.62,0.779999999999998,64.194094
0,1.96,64.194094
1.18,1.96,64.194094
2.36,1.96,64.194094
3.54,1.96,64.194094
4.72,1.96,64.194094
5.9,1.96,64.194094
7.08,1.96,64.194094
8.26,1.96,64.194094
9.44,1.96,64.194094
10.62,1.96,64.194094
0,3.14,64.194094
1.18,3.14,64.194094
2.36,3.14,64.194094
3.54,3.14,64.194094
4.72,3.14,64.194094
5.9,3.14,64.194094
7.08,3.14,64.194094
8.26,3.14,64.194094
9.44,3.14,64.194094
10.62,3.14,64.194094
0,4.32,64.194094
1.18,4.32,64.194094
2.36,4.32,64.194094
3.54,4.32,64.194094
4.72,4.32,64.194094
5.9,4.32,64.194094
7.08,4.32,64.194094
8.26,4.32,64.194094
9.44,4.32,64.194094
10.62,4.32,64.194094
0,5.5,64.194094
1.18,5.5,64.194094
2.36,5.5,64.194094
3.54,5.5,64.194094
4.72,5.5,64.194094
5.9,5.5,64.194094
7.08,5.5,64.194094
8.26,5.5,64.194094
9.44,5.5,64.194094
10.62,5.5,64.194094
0,-5.12,64.814094
0,-3.94,64.814094
0,-2.76,64.814094
0,-1.58,64.814094
0,-0.400000000000002,64.814094
0,0.779999999999998,64.814094
0,1.96,64.814094
0,3.14,64.814094
0,4.32,64.814094
0,5.5,64.814094
1.18,-5.12,64.814094
1.18,-3.94,64.814094
1.18,-2.76,64.814094
1.18,-1.58,64.814094
1.18,-0.400000000000002,64.814094
1.18,0.779999999999998,64.814094
1.18,1.96,64.814094
1.18,3.14,64.814094
1.18,4.32,64.814094
1.18,5.5,64.814094
2.36,-5.12,64.814094
2.36,-3.94,64.814094
2.36,-2.76,64.814094
2.36,-1.58,64.814094
2.36,-0.400000000000002,64.814094
2.36,0.779999999999998,64.814094
2.36,1.96,64.814094
2.36,3.14,64.814094
2.36,4.32,64.814094
2.36,5.5,64.814094
3.54,-5.12,64.814094
3.54,-3.94,64.814094
3.54,-2.76,64.814094
3.54,-1.58,64.814094
3.54,-0.400000000000002,64.814094
3.54,0.779999999999998,64.814094
3.54,1.96,64.814094
3.54,3.14,64.814094
3.54,4.32,64.814094
3.54,5.5,64.814094
4.72,-5.12,64.814094
4.72,-3.94,64.814094
4.72,-2.76,64.814094
4.72,-1.58,64.814094
4.72,-0.400000000000002,64.814094
4.72,0.779999999999998,64.814094
4.72,1.96,64.814094
4.72,3.14,64.814094
4.72,4.32,64.814094
4.72,5.5,64.814094
5.9,-5.12,64.814094
5.9,-3.94,64.814094
5.9,-2.76,64.814094
5.9,-1.58,64.814094
5.9,-0.400000000000002,64.814094
5.9,0.779999999999998,64.814094
5.9,1.96,64.814094
5.9,3.14,64.814094
5.9,4.32,64.814094
5.9,5.5,64.814094
7.08,-5.12,64.814094
7.08,-3.94,64.814094
7.08,-2.76,64.814094
7.08,-1.58,64.814094
7.08,-0.400000000000002,64.814094
7.08,0.779999999999998,64.814094
7.08,1.96,64.814094
7.08,3.14,64.814094
7.08,4.32,64.814094
7.08,5.5,64.814094
8.26,-5.12,64.814094
8.26,-3.94,64.814094
8.26,-2.76,64.814094
8.26,-1.58,64.814094
8.26,-0.400000000000002,64.814094
8.26,0.779999999999998,64.814094
8.26,1.96,64.814094
8.26,3.14,64.814094
8.26,4.32,64.814094
8.26,5.5,64.814094
9.44,-5.12,64.814094
9.44,-3.94,64.814094
9.44,-2.76,64.814094
9.44,-1.58,64.814094
9.44,-0.400000000000002,64.814094
9.44,0.779999999999998,64.814094
9.44,1.96,64.814094
9.44,3.14,64.814094
9.44,4.32,64.814094
9.44,5.5,64.814094
10.62,-5.12,64.814094
10.62,-3.94,64.814094
10.62,-2.76,64.814094
10.62,-1.58,64.814094
10.62,-0.400000000000002,64.814094
10.62,0.779999999999998,64.814094
10.62,1.96,64.814094
10.62,3.14,64.814094
10.62,4.32,64.814094
10.62,5.5,64.814094
0,-5.12,65.434094
1.18,-5.12,65.434094
2.36,-5.12,65.434094
3.54,-5.12,65.434094
4.72,-5.12,65.434094
5.9,-5.12,65.434094
7.08,-5.12,65.434094
8.26,-5.12,65.434094
9.44,-5.12,65.434094
10.62,-5.12,65.434094
0,-3.94,65.434094
1.18,-3.94,65.434094
2.36,-3.94,65.434094
3.54,-3.94,65.434094
4.72,-3.94,65.434094
5.9,-3.94,65.434094
7.08,-3.94,65.434094
8.26,-3.94,65.434094
9.44,-3.94,65.434094
10.62,-3.94,65.434094
0,-2.76,65.434094
1.18,-2.76,65.434094
2.36,-2.76,65.434094
3.54,-2.76,65.434094
4.72,-2.76,65.434094
5.9,-2.76,65.434094
7.08,-2.76,65.434094
8.26,-2.76,65.434094
9.44,-2.76,65.434094
10.62,-2.76,65.434094
0,-1.58,65.434094
1.18,-1.58,65.434094
2.36,-1.58,65.434094
3.54,-1.58,65.434094
4.72,-1.58,65.434094
5.9,-1.58,65.434094
7.08,-1.58,65.434094
8.26,-1.58,65.434094
9.44,-1.58,65.434094
10.62,-1.58,65.434094
0,-0.400000000000002,65.434094
1.18,-0.400000000000002,65.434094
2.36,-0.400000000000002,65.434094
3.54,-0.400000000000002,65.434094
4.72,-0.400000000000002,65.434094
5.9,-0.400000000000002,65.434094
7.08,-0.400000000000002,65.434094
8.26,-0.400000000000002,65.434094
9.44,-0.400000000000002,65.434094
10.62,-0.400000000000002,65.434094
0,0.779999999999998,65.434094
1.18,0.779999999999998,65.434094
2.36,0.779999999999998,65.434094
3.54,0.779999999999998,65.434094
4.72,0.779999999999998,65.434094
5.9,0.779999999999998,65.434094
7.08,0.779999999999998,65.434094
8.26,0.779999999999998,65.434094
9.44,0.779999999999998,65.434094
10.62,0.779999999999998,65.434094
0,1.96,65.434094
1.18,1.96,65.434094
2.36,1.96,65.434094
3.54,1.96,65.434094
4.72,1.96,65.434094
5.9,1.96,65.434094
7.08,1.96,65.434094
8.26,1.96,65.434094
9.44,1.96,65.434094
10.62,1.96,65.434094
0,3.14,65.434094
1.18,3.14,65.434094
2.36,3.14,65.434094
3.54,3.14,65.434094
4.72,3.14,65.434094
5.9,3.14,65.434094
7.08,3.14,65.434094
8.26,3.14,65.434094
9.44,3.14,65.434094
10.62,3.14,65.434094
0,4.32,65.434094
1.18,4.32,65.434094
2.36,4.32,65.434094
3.54,4.32,65.434094
4.72,4.32,65.434094
5.9,4.32,65.434094
7.08,4.32,65.434094
8.26,4.32,65.434094
9.44,4.32,65.434094
10.62,4.32,65.434094
0,5.5,65.434094
1.18,5.5,65.434094
2.36,5.5,65.434094
3.54,5.5,65.434094
4.72,5.5,65.434094
5.9,5.5,65.434094
7.08,5.5,65.434094
8.26,5.5,65.434094
9.44,5.5,65.434094
10.62,5.5,65.434094
0,-5.12,66.054094
0,-3.94,66.054094
0,-2.76,66.054094
0,-1.58,66.054094
0,-0.400000000000002,66.054094
0,0.779999999999998,66.054094
0,1.96,66.054094
0,3.14,66.054094
0,4.32,66.054094
0,5.5,66.054094
1.18,-5.12,66.054094
1.18,-3.94,66.054094
1.18,-2.76,66.054094
1.18,-1.58,66.054094
1.18,-0.400000000000002,66.054094
1.18,0.779999999999998,66.054094
1.18,1.96,66.054094
1.18,3.14,66.054094
1.18,4.32,66.054094
1.18,5.5,66.054094
2.36,-5.12,66.054094
2.36,-3.94,66.054094
2.36,-2.76,66.054094
2.36,-1.58,66.054094
2.36,-0.400000000000002,66.054094
2.36,0.779999999999998,66.054094
2.36,1.96,66.054094
2.36,3.14,66.054094
2.36,4.32,66.054094
2.36,5.5,66.054094
3.54,-5.12,66.054094
3.54,-3.94,66.054094
3.54,-2.76,66.054094
3.54,-1.58,66.054094
3.54,-0.400000000000002,66.054094
3.54,0.779999999999998,66.054094
3.54,1.96,66.054094
3.54,3.14,66.054094
3.54,4.32,66.054094
3.54,5.5,66.054094
4.72,-5.12,66.054094
4.72,-3.94,66.054094
4.72,-2.76,66.054094
4.72,-1.58,66.054094
4.72,-0.400000000000002,66.054094
4.72,0.779999999999998,66.054094
4.72,1.96,66.054094
4.72,3.14,66.054094
4.72,4.32,66.054094
4.72,5.5,66.054094
5.9,-5.12,66.054094
5.9,-3.94,66.054094
5.9,-2.76,66.054094
5.9,-1.58,66.054094
5.9,-0.400000000000002,66.054094
5.9,0.779999999999998,66.054094
5.9,1.96,66.054094
5.9,3.14,66.054094
5.9,4.32,66.054094
5.9,5.5,66.054094
7.08,-5.12,66.054094
7.08,-3.94,66.054094
7.08,-2.76,66.054094
7.08,-1.58,66.054094
7.08,-0.400000000000002,66.054094
7.08,0.779999999999998,66.054094
7.08,1.96,66.054094
7.08,3.14,66.054094
7.08,4.32,66.054094
7.08,5.5,66.054094
8.26,-5.12,66.054094
8.26,-3.94,66.054094
8.26,-2.76,66.054094
8.26,-1.58,66.054094
8.26,-0.400000000000002,66.054094
8.26,0.779999999999998,66.054094
8.26,1.96,66.054094
8.26,3.14,66.054094
8.26,4.32,66.054094
8.26,5.5,66.054094
9.44,-5.12,66.054094
9.44,-3.94,66.054094
9.44,-2.76,66.054094
9.44,-1.58,66.054094
9.44,-0.400000000000002,66.054094
9.44,0.779999999999998,66.054094
9.44,1.96,66.054094
9.44,3.14,66.054094
9.44,4.32,66.054094
9.44,5.5,66.054094
10.62,-5.12,66.054094
10.62,-3.94,66.054094
10.62,-2.76,66.054094
10.62,-1.58,66.054094
10.62,-0.400000000000002,66.054094
10.62,0.779999999999998,66.054094
10.62,1.96,66.054094
10.62,3.14,66.054094
10.62,4.32,66.054094
10.62,5.5,66.054094
0,-5.12,66.674094
1.18,-5.12,66.674094
2.36,-5.12,66.674094
3.54,-5.12,66.674094
4.72,-5.12,66.674094
5.9,-5.12,66.674094
7.08,-5.12,66.674094
8.26,-5.12,66.674094
9.44,-5.12,66.674094
10.62,-5.12,66.674094
0,-3.94,66.674094
1.18,-3.94,66.674094
2.36,-3.94,66.674094
3.54,-3.94,66.674094
4.72,-3.94,66.674094
5.9,-3.94,66.674094
7.08,-3.94,66.674094
8.26,-3.94,66.674094
9.44,-3.94,66.674094
10.62,-3.94,66.674094
0,-2.76,66.674094
1.18,-2.76,66.674094
2.36,-2.76,66.674094
3.54,-2.76,66.674094
4.72,-2.76,66.674094
5.9,-2.76,66.674094
7.08,-2.76,66.674094
8.26,-2.76,66.674094
9.44,-2.76,66.674094
10.62,-2.76,66.674094
0,-1.58,66.674094
1.18,-1.58,66.674094
2.36,-1.58,66.674094
3.54,-1.58,66.674094
4.72,-1.58,66.674094
5.9,-1.58,66.674094
7.08,-1.58,66.674094
8.26,-1.58,66.674094
9.44,-1.58,66.674094
10.62,-1.58,66.674094
0,-0.400000000000002,66.674094
1.18,-0.400000000000002,66.674094
2.36,-0.400000000000002,66.674094
3.54,-0.400000000000002,66.674094
4.72,-0.400000000000002,66.674094
5.9,-0.400000000000002,66.674094
7.08,-0.400000000000002,66.674094
8.26,-0.400000000000002,66.674094
9.44,-0.400000000000002,66.674094
10.62,-0.400000000000002,66.674094
0,0.779999999999998,66.674094
1.18,0.779999999999998,66.674094
2.36,0.779999999999998,66.674094
3.54,0.779999999999998,66.674094
4.72,0.779999999999998,66.674094
5.9,0.779999999999998,66.674094
7.08,0.779999999999998,66.674094
8.26,0.779999999999998,66.674094
9.44,0.779999999999998,66.674094
10.62,0.779999999999998,66.674094
0,1.96,66.674094
1.18,1.96,66.674094
2.36,1.96,66.674094
3.54,1.96,66.674094
4.72,1.96,66.674094
5.9,1.96,66.674094
7.08,1.96,66.674094
8.26,1.96,66.674094
9.44,1.96,66.674094
10.62,1.96,66.674094
0,3.14,66.674094
1.18,3.14,66.674094
2.36,3.14,66.674094
3.54,3.14,66.674094
4.72,3.14,66.674094
5.9,3.14,66.674094
7.08,3.14,66.674094
8.26,3.14,66.674094
9.44,3.14,66.674094
10.62,3.14,66.674094
0,4.32,66.674094
1.18,4.32,66.674094
2.36,4.32,66.674094
3.54,4.32,66.674094
4.72,4.32,66.674094
5.9,4.32,66.674094
7.08,4.32,66.674094
8.26,4.32,66.674094
9.44,4.32,66.674094
10.62,4.32,66.674094
0,5.5,66.674094
1.18,5.5,66.674094
2.36,5.5,66.674094
3.54,5.5,66.674094
4.72,5.5,66.674094
5.9,5.5,66.674094
7.08,5.5,66.674094
8.26,5.5,66.674094
9.44,5.5,66.674094
10.62,5.5,66.674094
0,-5.12,67.294094
0,-3.94,67.294094
0,-2.76,67.294094
0,-1.58,67.294094
0,-0.400000000000002,67.294094
0,0.779999999999998,67.294094
0,1.96,67.294094
0,3.14,67.294094
0,4.32,67.294094
0,5.5,67.294094
1.18,-5.12,67.294094
1.18,-3.94,67.294094
1.18,-2.76,67.294094
1.18,-1.58,67.294094
1.18,-0.400000000000002,67.294094
1.18,0.779999999999998,67.294094
1.18,1.96,67.294094
1.18,3.14,67.294094
1.18,4.32,67.294094
1.18,5.5,67.294094
2.36,-5.12,67.294094
2.36,-3.94,67.294094
2.36,-2.76,67.294094
2.36,-1.58,67.294094
2.36,-0.400000000000002,67.294094
2.36,0.779999999999998,67.294094
2.36,1.96,67.294094
2.36,3.14,67.294094
2.36,4.32,67.294094
2.36,5.5,67.294094
3.54,-5.12,67.294094
3.54,-3.94,67.294094
3.54,-2.76,67.294094
3.54,-1.58,67.294094
3.54,-0.400000000000002,67.294094
3.54,0.779999999999998,67.294094
3.54,1.96,67.294094
3.54,3.14,67.294094
3.54,4.32,67.294094
3.54,5.5,67.294094
4.72,-5.12,67.294094
4.72,-3.94,67.294094
4.72,-2.76,67.294094
4.72,-1.58,67.294094
4.72,-0.400000000000002,67.294094
4.72,0.779999999999998,67.294094
4.72,1.96,67.294094
4.72,3.14,67.294094
4.72,4.32,67.294094
4.72,5.5,67.294094
5.9,-5.12,67.294094
5.9,-3.94,67.294094
5.9,-2.76,67.294094
5.9,-1.58,67.294094
5.9,-0.400000000000002,67.294094
5.9,0.779999999999998,67.294094
5.9,1.96,67.294094
5.9,3.14,67.294094
5.9,4.32,67.294094
5.9,5.5,67.294094
7.08,-5.12,67.294094
7.08,-3.94,67.294094
7.08,-2.76,67.294094
7.08,-1.58,67.294094
7.08,-0.400000000000002,67.294094
7.08,0.779999999999998,67.294094
7.08,1.96,67.294094
7.08,3.14,67.294094
7.08,4.32,67.294094
7.08,5.5,67.294094
8.26,-5.12,67.294094
8.26,-3.94,67.294094
8.26,-2.76,67.294094
8.26,-1.58,67.294094
8.26,-0.400000000000002,67.294094
8.26,0.779999999999998,67.294094
8.26,1.96,67.294094
8.26,3.14,67.294094
8.26,4.32,67.294094
8.26,5.5,67.294094
9.44,-5.12,67.294094
9.44,-3.94,67.294094
9.44,-2.76,67.294094
9.44,-1.58,67.294094
9.44,-0.400000000000002,67.294094
9.44,0.779999999999998,67.294094
9.44,1.96,67.294094
9.44,3.14,67.294094
9.44,4.32,67.294094
9.44,5.5,67.294094
10.62,-5.12,67.294094
10.62,-3.94,67.294094
10.62,-2.76,67.294094
10.62,-1.58,67.294094
10.62,-0.400000000000002,67.294094
10.62,0.779999999999998,67.294094
10.62,1.96,67.294094
10.62,3.14,67.294094
10.62,4.32,67.294094
10.62,5.5,67.294094
0,-5.12,67.914094
1.18,-5.12,67.914094
2.36,-5.12,67.914094
3.54,-5.12,67.914094
4.72,-5.12,67.914094
5.9,-5.12,67.914094
7.08,-5.12,67.914094
8.26,-5.12,67.914094
9.44,-5.12,67.914094
10.62,-5.12,67.914094
0,-3.94,67.914094
1.18,-3.94,67.914094
2.36,-3.94,67.914094
3.54,-3.94,67.914094
4.72,-3.94,67.914094
5.9,-3.94,67.914094
7.08,-3.94,67.914094
8.26,-3.94,67.914094
9.44,-3.94,67.914094
10.62,-3.94,67.914094
0,-2.76,67.914094
1.18,-2.76,67.914094
2.36,-2.76,67.914094
3.54,-2.76,67.914094
4.72,-2.76,67.914094
5.9,-2.76,67.914094
7.08,-2.76,67.914094
8.26,-2.76,67.914094
9.44,-2.76,67.914094
10.62,-2.76,67.914094
0,-1.58,67.914094
1.18,-1.58,67.914094
2.36,-1.58,67.914094
3.54,-1.58,67.914094
4.72,-1.58,67.914094
5.9,-1.58,67.914094
7.08,-1.58,67.914094
8.26,-1.58,67.914094
9.44,-1.58,67.914094
10.62,-1.58,67.914094
0,-0.400000000000002,67.914094
1.18,-0.400000000000002,67.914094
2.36,-0.400000000000002,67.914094
3.54,-0.400000000000002,67.914094
4.72,-0.400000000000002,67.914094
5.9,-0.400000000000002,67.914094
7.08,-0.400000000000002,67.914094
8.26,-0.400000000000002,67.914094
9.44,-0.400000000000002,67.914094
10.62,-0.400000000000002,67.914094
0,0.779999999999998,67.914094
1.18,0.779999999999998,67.914094
2.36,0.779999999999998,67.914094
3.54,0.779999999999998,67.914094
4.72,0.779999999999998,67.914094
5.9,0.779999999999998,67.914094
7.08,0.779999999999998,67.914094
8.26,0.779999999999998,67.914094
9.44,0.779999999999998,67.914094
10.62,0.779999999999998,67.914094
0,1.96,67.914094
1.18,1.96,67.914094
2.36,1.96,67.914094
3.54,1.96,67.914094
4.72,1.96,67.914094
5.9,1.96,67.914094
7.08,1.96,67.914094
8.26,1.96,67.914094
9.44,1.96,67.914094
10.62,1.96,67.914094
0,3.14,67.914094
1.18,3.14,67.914094
2.36,3.14,67.914094
3.54,3.14,67.914094
4.72,3.14,67.914094
5.9,3.14,67.914094
7.08,3.14,67.914094
8.26,3.14,67.914094
9.44,3.14,67.914094
10.62,3.14,67.914094
0,4.32,67.914094
1.18,4.32,67.914094
2.36,4.32,67.914094
3.54,4.32,67.914094
4.72,4.32,67.914094
5.9,4.32,67.914094
7.08,4.32,67.914094
8.26,4.32,67.914094
9.44,4.32,67.914094
10.62,4.32,67.914094
0,5.5,67.914094
1.18,5.5,67.914094
2.36,5.5,67.914094
3.54,5.5,67.914094
4.72,5.5,67.914094
5.9,5.5,67.914094
7.08,5.5,67.914094
8.26,5.5,67.914094
9.44,5.5,67.914094
10.62,5.5,67.914094
0,-5.12,68.534094
0,-3.94,68.534094
0,-2.76,68.534094
0,-1.58,68.534094
0,-0.400000000000002,68.534094
0,0.779999999999998,68.534094
0,1.96,68.534094
0,3.14,68.534094
0,4.32,68.534094
0,5.5,68.534094
1.18,-5.12,68.534094
1.18,-3.94,68.534094
1.18,-2.76,68.534094
1.18,-1.58,68.534094
1.18,-0.400000000000002,68.534094
1.18,0.779999999999998,68.534094
1.18,1.96,68.534094
1.18,3.14,68.534094
1.18,4.32,68.534094
1.18,5.5,68.534094
2.36,-5.12,68.534094
2.36,-3.94,68.534094
2.36,-2.76,68.534094
2.36,-1.58,68.534094
2.36,-0.400000000000002,68.534094
2.36,0.779999999999998,68.534094
2.36,1.96,68.534094
2.36,3.14,68.534094
2.36,4.32,68.534094
2.36,5.5,68.534094
3.54,-5.12,68.534094
3.54,-3.94,68.534094
3.54,-2.76,68.534094
3.54,-1.58,68.534094
3.54,-0.400000000000002,68.534094
3.54,0.779999999999998,68.534094
3.54,1.96,68.534094
3.54,3.14,68.534094
3.54,4.32,68.534094
3.54,5.5,68.534094
4.72,-5.12,68.534094
4.72,-3.94,68.534094
4.72,-2.76,68.534094
4.72,-1.58,68.534094
4.72,-0.400000000000002,68.534094
4.72,0.779999999999998,68.534094
4.72,1.96,68.534094
4.72,3.14,68.534094
4.72,4.32,68.534094
4.72,5.5,68.534094
5.9,-5.12,68.534094
5.9,-3.94,68.534094
5.9,-2.76,68.534094
5.9,-1.58,68.534094
5.9,-0.400000000000002,68.534094
5.9,0.779999999999998,68.534094
5.9,1.96,68.534094
5.9,3.14,68.534094
5.9,4.32,68.534094
5.9,5.5,68.534094
7.08,-5.12,68.534094
7.08,-3.94,68.534094
7.08,-2.76,68.534094
7.08,-1.58,68.534094
7.08,-0.400000000000002,68.534094
7.08,0.779999999999998,68.534094
7.08,1.96,68.534094
7.08,3.14,68.534094
7.08,4.32,68.534094
7.08,5.5,68.534094
8.26,-5.12,68.534094
8.26,-3.94,68.534094
8.26,-2.76,68.534094
8.26,-1.58,68.534094
8.26,-0.400000000000002,68.534094
8.26,0.779999999999998,68.534094
8.26,1.96,68.534094
8.26,3.14,68.534094
8.26,4.32,68.534094
8.26,5.5,68.534094
9.44,-5.12,68.534094
9.44,-3.94,68.534094
9.44,-2.76,68.534094
9.44,-1.58,68.534094
9.44,-0.400000000000002,68.534094
9.44,0.779999999999998,68.534094
9.44,1.96,68.534094
9.44,3.14,68.534094
9.44,4.32,68.534094
9.44,5.5,68.534094
10.62,-5.12,68.534094
10.62,-3.94,68.534094
10.62,-2.76,68.534094
10.62,-1.58,68.534094
10.62,-0.400000000000002,68.534094
10.62,0.779999999999998,68.534094
10.62,1.96,68.534094
10.62,3.14,68.534094
10.62,4.32,68.534094
10.62,5.5,68.534094
0,-5.12,69.154094
1.18,-5.12,69.154094
2.36,-5.12,69.154094
3.54,-5.12,69.154094
4.72,-5.12,69.154094
5.9,-5.12,69.154094
7.08,-5.12,69.154094
8.26,-5.12,69.154094
9.44,-5.12,69.154094
10.62,-5.12,69.154094
0,-3.94,69.154094
1.18,-3.94,69.154094
2.36,-3.94,69.154094
3.54,-3.94,69.154094
4.72,-3.94,69.154094
5.9,-3.94,69.154094
7.08,-3.94,69.154094
8.26,-3.94,69.154094
9.44,-3.94,69.154094
10.62,-3.94,69.154094
0,-2.76,69.154094
1.18,-2.76,69.154094
2.36,-2.76,69.154094
3.54,-2.76,69.154094
4.72,-2.76,69.154094
5.9,-2.76,69.154094
7.08,-2.76,69.154094
8.26,-2.76,69.154094
9.44,-2.76,69.154094
10.62,-2.76,69.154094
0,-1.58,69.154094
1.18,-1.58,69.154094
2.36,-1.58,69.154094
3.54,-1.58,69.154094
4.72,-1.58,69.154094
5.9,-1.58,69.154094
7.08,-1.58,69.154094
8.26,-1.58,69.154094
9.44,-1.58,69.154094
10.62,-1.58,69.154094
0,-0.400000000000002,69.154094
1.18,-0.400000000000002,69.154094
2.36,-0.400000000000002,69.154094
3.54,-0.400000000000002,69.154094
4.72,-0.400000000000002,69.154094
5.9,-0.400000000000002,69.154094
7.08,-0.400000000000002,69.154094
8.26,-0.400000000000002,69.154094
9.44,-0.400000000000002,69.154094
10.62,-0.400000000000002,69.154094
0,0.779999999999998,69.154094
1.18,0.779999999999998,69.154094
2.36,0.779999999999998,69.154094
3.54,0.779999999999998,69.154094
4.72,0.779999999999998,69.154094
5.9,0.779999999999998,69.154094
7.08,0.779999999999998,69.154094
8.26,0.779999999999998,69.154094
9.44,0.779999999999998,69.154094
10.62,0.779999999999998,69.154094
0,1.96,69.154094
1.18,1.96,69.154094
2.36,1.96,69.154094
3.54,1.96,69.154094
4.72,1.96,69.154094
5.9,1.96,69.154094
7.08,1.96,69.154094
8.26,1.96,69.154094
9.44,1.96,69.154094
10.62,1.96,69.154094
0,3.14,69.154094
1.18,3.14,69.154094
2.36,3.14,69.154094
3.54,3.14,69.154094
4.72,3.14,69.154094
5.9,3.14,69.154094
7.08,3.14,69.154094
8.26,3.14,69.154094
9.44,3.14,69.154094
10.62,3.14,69.154094
0,4.32,69.154094
1.18,4.32,69.154094
2.36,4.32,69.154094
3.54,4.32,69.154094
4.72,4.32,69.154094
5.9,4.32,69.154094
7.08,4.32,69.154094
8.26,4.32,69.154094
9.44,4.32,69.154094
10.62,4.32,69.154094
0,5.5,69.154094
1.18,5.5,69.154094
2.36,5.5,69.154094
3.54,5.5,69.154094
4.72,5.5,69.154094
5.9,5.5,69.154094
7.08,5.5,69.154094
8.26,5.5,69.154094
9.44,5.5,69.154094
10.62,5.5,69.154094
0,-5.12,69.774094
0,-3.94,69.774094
0,-2.76,69.774094
0,-1.58,69.774094
0,-0.400000000000002,69.774094
0,0.779999999999998,69.774094
0,1.96,69.774094
0,3.14,69.774094
0,4.32,69.774094
0,5.5,69.774094
1.18,-5.12,69.774094
1.18,-3.94,69.774094
1.18,-2.76,69.774094
1.18,-1.58,69.774094
1.18,-0.400000000000002,69.774094
1.18,0.779999999999998,69.774094
1.18,1.96,69.774094
1.18,3.14,69.774094
1.18,4.32,69.774094
1.18,5.5,69.774094
2.36,-5.12,69.774094
2.36,-3.94,69.774094
2.36,-2.76,69.774094
2.36,-1.58,69.774094
2.36,-0.400000000000002,69.774094
2.36,0.779999999999998,69.774094
2.36,1.96,69.774094
2.36,3.14,69.774094
2.36,4.32,69.774094
2.36,5.5,69.774094
3.54,-5.12,69.774094
3.54,-3.94,69.774094
3.54,-2.76,69.774094
3.54,-1.58,69.774094
3.54,-0.400000000000002,69.774094
3.54,0.779999999999998,69.774094
3.54,1.96,69.774094
3.54,3.14,69.774094
3.54,4.32,69.774094
3.54,5.5,69.774094
4.72,-5.12,69.774094
4.72,-3.94,69.774094
4.72,-2.76,69.774094
4.72,-1.58,69.774094
4.72,-0.400000000000002,69.774094
4.72,0.779999999999998,69.774094
4.72,1.96,69.774094
4.72,3.14,69.774094
4.72,4.32,69.774094
4.72,5.5,69.774094
5.9,-5.12,69.774094
5.9,-3.94,69.774094
5.9,-2.76,69.774094
5.9,-1.58,69.774094
5.9,-0.400000000000002,69.774094
5.9,0.779999999999998,69.774094
5.9,1.96,69.774094
5.9,3.14,69.774094
5.9,4.32,69.774094
5.9,5.5,69.774094
7.08,-5.12,69.774094
7.08,-3.94,69.774094
7.08,-2.76,69.774094
7.08,-1.58,69.774094
7.08,-0.400000000000002,69.774094
7.08,0.779999999999998,69.774094
7.08,1.96,69.774094
7.08,3.14,69.774094
7.08,4.32,69.774094
7.08,5.5,69.774094
8.26,-5.12,69.774094
8.26,-3.94,69.774094
8.26,-2.76,69.774094
8.26,-1.58,69.774094
8.26,-0.400000000000002,69.774094
8.26,0.779999999999998,69.774094
8.26,1.96,69.774094
8.26,3.14,69.774094
8.26,4.32,69.774094
8.26,5.5,69.774094
9.44,-5.12,69.774094
9.44,-3.94,69.774094
9.44,-2.76,69.774094
9.44,-1.58,69.774094
9.44,-0.400000000000002,69.774094
9.44,0.779999999999998,69.774094
9.44,1.96,69.774094
9.44,3.14,69.774094
9.44,4.32,69.774094
9.44,5.5,69.774094
10.62,-5.12,69.774094
10.62,-3.94,69.774094
10.62,-2.76,69.774094
10.62,-1.58,69.774094
10.62,-0.400000000000002,69.774094
10.62,0.779999999999998,69.774094
10.62,1.96,69.774094
10.62,3.14,69.774094
10.62,4.32,69.774094
10.62,5.5,69.774094
0,-5.12,70.394094
1.18,-5.12,70.394094
2.36,-5.12,70.394094
3.54,-5.12,70.394094
4.72,-5.12,70.394094
5.9,-5.12,70.394094
7.08,-5.12,70.394094
8.26,-5.12,70.394094
9.44,-5.12,70.394094
10.62,-5.12,70.394094
0,-3.94,70.394094
1.18,-3.94,70.394094
2.36,-3.94,70.394094
3.54,-3.94,70.394094
4.72,-3.94,70.394094
5.9,-3.94,70.394094
7.08,-3.94,70.394094
8.26,-3.94,70.394094
9.44,-3.94,70.394094
10.62,-3.94,70.394094
0,-2.76,70.394094
1.18,-2.76,70.394094
2.36,-2.76,70.394094
3.54,-2.76,70.394094
4.72,-2.76,70.394094
5.9,-2.76,70.394094
7.08,-2.76,70.394094
8.26,-2.76,70.394094
9.44,-2.76,70.394094
10.62,-2.76,70.394094
0,-1.58,70.394094
1.18,-1.58,70.394094
2.36,-1.58,70.394094
3.54,-1.58,70.394094
4.72,-1.58,70.394094
5.9,-1.58,70.394094
7.08,-1.58,70.394094
8.26,-1.58,70.394094
9.44,-1.58,70.394094
10.62,-1.58,70.394094
0,-0.400000000000002,70.394094
1.18,-0.400000000000002,70.394094
2.36,-0.400000000000002,70.394094
3.54,-0.400000000000002,70.394094
4.72,-0.400000000000002,70.394094
5.9,-0.400000000000002,70.394094
7.08,-0.400000000000002,70.394094
8.26,-0.400000000000002,70.394094
9.44,-0.400000000000002,70.394094
10.62,-0.400000000000002,70.394094
0,0.779999999999998,70.394094
1.18,0.779999999999998,70.394094
2.36,0.779999999999998,70.394094
3.54,0.779999999999998,70.394094
4.72,0.779999999999998,70.394094
5.9,0.779999999999998,70.394094
7.08,0.779999999999998,70.394094
8.26,0.779999999999998,70.394094
9.44,0.779999999999998,70.394094
10.62,0.779999999999998,70.394094
0,1.96,70.394094
1.18,1.96,70.394094
2.36,1.96,70.394094
3.54,1.96,70.394094
4.72,1.96,70.394094
5.9,1.96,70.394094
7.08,1.96,70.394094
8.26,1.96,70.394094
9.44,1.96,70.394094
10.62,1.96,70.394094
0,3.14,70.394094
1.18,3.14,70.394094
2.36,3.14,70.394094
3.54,3.14,70.394094
4.72,3.14,70.394094
5.9,3.14,70.394094
7.08,3.14,70.394094
8.26,3.14,70.394094
9.44,3.14,70.394094
10.62,3.14,70.394094
0,4.32,70.394094
1.18,4.32,70.394094
2.36,4.32,70.394094
3.54,4.32,70.394094
4.72,4.32,70.394094
5.9,4.32,70.394094
7.08,4.32,70.394094
8.26,4.32,70.394094
9.44,4.32,70.394094
10.62,4.32,70.394094
0,5.5,70.394094
1.18,5.5,70.394094
2.36,5.5,70.394094
3.54,5.5,70.394094
4.72,5.5,70.394094
5.9,5.5,70.394094
7.08,5.5,70.394094
8.26,5.5,70.394094
9.44,5.5,70.394094
10.62,5.5,70.394094
0,-3.94,71.014094
0,-2.76,71.014094
0,-1.58,71.014094
0,-0.400000000000002,71.014094
0,0.779999999999998,71.014094
0,1.96,71.014094
0,3.14,71.014094
0,4.32,71.014094
1.18,-3.94,71.014094
1.18,-2.76,71.014094
1.18,-1.58,71.014094
1.18,-0.400000000000002,71.014094
1.18,0.779999999999998,71.014094
1.18,1.96,71.014094
1.18,3.14,71.014094
1.18,4.32,71.014094
2.36,-3.94,71.014094
2.36,-2.76,71.014094
2.36,-1.58,71.014094
2.36,-0.400000000000002,71.014094
2.36,0.779999999999998,71.014094
2.36,1.96,71.014094
2.36,3.14,71.014094
2.36,4.32,71.014094
3.54,-3.94,71.014094
3.54,-2.76,71.014094
3.54,-1.58,71.014094
3.54,-0.400000000000002,71.014094
3.54,0.779999999999998,71.014094
3.54,1.96,71.014094
3.54,3.14,71.014094
3.54,4.32,71.014094
4.72,-3.94,71.014094
4.72,-2.76,71.014094
4.72,-1.58,71.014094
4.72,-0.400000000000002,71.014094
4.72,0.779999999999998,71.014094
4.72,1.96,71.014094
4.72,3.14,71.014094
4.72,4.32,71.014094
5.9,-3.94,71.014094
5.9,-2.76,71.014094
5.9,-1.58,71.014094
5.9,-0.400000000000002,71.014094
5.9,0.779999999999998,71.014094
5.9,1.96,71.014094
5.9,3.14,71.014094
5.9,4.32,71.014094
7.08,-3.94,71.014094
7.08,-2.76,71.014094
7.08,-1.58,71.014094
7.08,-0.400000000000002,71.014094
7.08,0.779999999999998,71.014094
7.08,1.96,71.014094
7.08,3.14,71.014094
7.08,4.32,71.014094
8.26,-3.94,71.014094
8.26,-2.76,71.014094
8.26,-1.58,71.014094
8.26,-0.400000000000002,71.014094
8.26,0.779999999999998,71.014094
8.26,1.96,71.014094
8.26,3.14,71.014094
8.26,4.32,71.014094
9.44,-3.94,71.014094
9.44,-2.76,71.014094
9.44,-1.58,71.014094
9.44,-0.400000000000002,71.014094
9.44,0.779999999999998,71.014094
9.44,1.96,71.014094
9.44,3.14,71.014094
9.44,4.32,71.014094
10.62,-3.94,71.014094
10.62,-2.76,71.014094
10.62,-1.58,71.014094
10.62,-0.400000000000002,71.014094
10.62,0.779999999999998,71.014094
10.62,1.96,71.014094
10.62,3.14,71.014094
10.62,4.32,71.014094
0,-3.94,71.634094
1.18,-3.94,71.634094
2.36,-3.94,71.634094
3.54,-3.94,71.634094
4.72,-3.94,71.634094
5.9,-3.94,71.634094
7.08,-3.94,71.634094
8.26,-3.94,71.634094
9.44,-3.94,71.634094
10.62,-3.94,71.634094
0,-2.76,71.634094
1.18,-2.76,71.634094
2.36,-2.76,71.634094
3.54,-2.76,71.634094
4.72,-2.76,71.634094
5.9,-2.76,71.634094
7.08,-2.76,71.634094
8.26,-2.76,71.634094
9.44,-2.76,71.634094
10.62,-2.76,71.634094
0,-1.58,71.634094
1.18,-1.58,71.634094
2.36,-1.58,71.634094
3.54,-1.58,71.634094
4.72,-1.58,71.634094
5.9,-1.58,71.634094
7.08,-1.58,71.634094
8.26,-1.58,71.634094
9.44,-1.58,71.634094
10.62,-1.58,71.634094
0,-0.400000000000002,71.634094
1.18,-0.400000000000002,71.634094
2.36,-0.400000000000002,71.634094
3.54,-0.400000000000002,71.634094
4.72,-0.400000000000002,71.634094
5.9,-0.400000000000002,71.634094
7.08,-0.400000000000002,71.634094
8.26,-0.400000000000002,71.634094
9.44,-0.400000000000002,71.634094
10.62,-0.400000000000002,71.634094
0,0.779999999999998,71.634094
1.18,0.779999999999998,71.634094
2.36,0.779999999999998,71.634094
3.54,0.779999999999998,71.634094
4.72,0.779999999999998,71.634094
5.9,0.779999999999998,71.634094
7.08,0.779999999999998,71.634094
8.26,0.779999999999998,71.634094
9.44,0.779999999999998,71.634094
10.62,0.779999999999998,71.634094
0,1.96,71.634094
1.18,1.96,71.634094
2.36,1.96,71.634094
3.54,1.96,71.634094
4.72,1.96,71.634094
5.9,1.96,71.634094
7.08,1.96,71.634094
8.26,1.96,71.634094
9.44,1.96,71.634094
10.62,1.96,71.634094
0,3.14,71.634094
1.18,3.14,71.634094
2.36,3.14,71.634094
3.54,3.14,71.634094
4.72,3.14,71.634094
5.9,3.14,71.634094
7.08,3.14,71.634094
8.26,3.14,71.634094
9.44,3.14,71.634094
10.62,3.14,71.634094
0,4.32,71.634094
1.18,4.32,71.634094
2.36,4.32,71.634094
3.54,4.32,71.634094
4.72,4.32,71.634094
5.9,4.32,71.634094
7.08,4.32,71.634094
8.26,4.32,71.634094
9.44,4.32,71.634094
10.62,4.32,71.634094
0,-3.94,72.254094
0,-2.76,72.254094
0,-1.58,72.254094
0,-0.400000000000002,72.254094
0,0.779999999999998,72.254094
0,1.96,72.254094
0,3.14,72.254094
0,4.32,72.254094
1.18,-3.94,72.254094
1.18,-2.76,72.254094
1.18,-1.58,72.254094
1.18,-0.400000000000002,72.254094
1.18,0.779999999999998,72.254094
1.18,1.96,72.254094
1.18,3.14,72.254094
1.18,4.32,72.254094
2.36,-3.94,72.254094
2.36,-2.76,72.254094
2.36,-1.58,72.254094
2.36,-0.400000000000002,72.254094
2.36,0.779999999999998,72.254094
2.36,1.96,72.254094
2.36,3.14,72.254094
2.36,4.32,72.254094
3.54,-3.94,72.254094
3.54,-2.76,72.254094
3.54,-1.58,72.254094
3.54,-0.400000000000002,72.254094
3.54,0.779999999999998,72.254094
3.54,1.96,72.254094
3.54,3.14,72.254094
3.54,4.32,72.254094
4.72,-3.94,72.254094
4.72,-2.76,72.254094
4.72,-1.58,72.254094
4.72,-0.400000000000002,72.254094
4.72,0.779999999999998,72.254094
4.72,1.96,72.254094
4.72,3.14,72.254094
4.72,4.32,72.254094
5.9,-3.94,72.254094
5.9,-2.76,72.254094
5.9,-1.58,72.254094
5.9,-0.400000000000002,72.254094
5.9,0.779999999999998,72.254094
5.9,1.96,72.254094
5.9,3.14,72.254094
5.9,4.32,72.254094
7.08,-3.94,72.254094
7.08,-2.76,72.254094
7.08,-1.58,72.254094
7.08,-0.400000000000002,72.254094
7.08,0.779999999999998,72.254094
7.08,1.96,72.254094
7.08,3.14,72.254094
7.08,4.32,72.254094
8.26,-3.94,72.254094
8.26,-2.76,72.254094
8.26,-1.58,72.254094
8.26,-0.400000000000002,72.254094
8.26,0.779999999999998,72.254094
8.26,1.96,72.254094
8.26,3.14,72.254094
8.26,4.32,72.254094
9.44,-3.94,72.254094
9.44,-2.76,72.254094
9.44,-1.58,72.254094
9.44,-0.400000000000002,72.254094
9.44,0.779999999999998,72.254094
9.44,1.96,72.254094
9.44,3.14,72.254094
9.44,4.32,72.254094
10.62,-3.94,72.254094
10.62,-2.76,72.254094
10.62,-1.58,72.254094
10.62,-0.400000000000002,72.254094
10.62,0.779999999999998,72.254094
10.62,1.96,72.254094
10.62,3.14,72.254094
10.62,4.32,72.254094
0,-3.94,72.874094
1.18,-3.94,72.874094
2.36,-3.94,72.874094
3.54,-3.94,72.874094
4.72,-3.94,72.874094
5.9,-3.94,72.874094
7.08,-3.94,72.874094
8.26,-3.94,72.874094
9.44,-3.94,72.874094
10.62,-3.94,72.874094
0,-2.76,72.874094
1.18,-2.76,72.874094
2.36,-2.76,72.874094
3.54,-2.76,72.874094
4.72,-2.76,72.874094
5.9,-2.76,72.874094
7.08,-2.76,72.874094
8.26,-2.76,72.874094
9.44,-2.76,72.874094
10.62,-2.76,72.874094
0,-1.58,72.874094
1.18,-1.58,72.874094
2.36,-1.58,72.874094
3.54,-1.58,72.874094
4.72,-1.58,72.874094
5.9,-1.58,72.874094
7.08,-1.58,72.874094
8.26,-1.58,72.874094
9.44,-1.58,72.874094
10.62,-1.58,72.874094
0,-0.400000000000002,72.874094
1.18,-0.400000000000002,72.874094
2.36,-0.400000000000002,72.874094
3.54,-0.400000000000002,72.874094
4.72,-0.400000000000002,72.874094
5.9,-0.400000000000002,72.874094
7.08,-0.400000000000002,72.874094
8.26,-0.400000000000002,72.874094
9.44,-0.400000000000002,72.874094
10.62,-0.400000000000002,72.874094
0,0.779999999999998,72.874094
1.18,0.779999999999998,72.874094
2.36,0.779999999999998,72.874094
3.54,0.779999999999998,72.874094
4.72,0.779999999999998,72.874094
5.9,0.779999999999998,72.874094
7.08,0.779999999999998,72.874094
8.26,0.779999999999998,72.874094
9.44,0.779999999999998,72.874094
10.62,0.779999999999998,72.874094
0,1.96,72.874094
1.18,1.96,72.874094
2.36,1.96,72.874094
3.54,1.96,72.874094
4.72,1.96,72.874094
5.9,1.96,72.874094
7.08,1.96,72.874094
8.26,1.96,72.874094
9.44,1.96,72.874094
10.62,1.96,72.874094
0,3.14,72.874094
1.18,3.14,72.874094
2.36,3.14,72.874094
3.54,3.14,72.874094
4.72,3.14,72.874094
5.9,3.14,72.874094
7.08,3.14,72.874094
8.26,3.14,72.874094
9.44,3.14,72.874094
10.62,3.14,72.874094
0,4.32,72.874094
1.18,4.32,72.874094
2.36,4.32,72.874094
3.54,4.32,72.874094
4.72,4.32,72.874094
5.9,4.32,72.874094
7.08,4.32,72.874094
8.26,4.32,72.874094
9.44,4.32,72.874094
10.62,4.32,72.874094
0,-3.94,73.494094
0,-2.76,73.494094
0,-1.58,73.494094
0,-0.400000000000002,73.494094
0,0.779999999999998,73.494094
0,1.96,73.494094
0,3.14,73.494094
0,4.32,73.494094
1.18,-3.94,73.494094
1.18,-2.76,73.494094
1.18,-1.58,73.494094
1.18,-0.400000000000002,73.494094
1.18,0.779999999999998,73.494094
1.18,1.96,73.494094
1.18,3.14,73.494094
1.18,4.32,73.494094
2.36,-3.94,73.494094
2.36,-2.76,73.494094
2.36,-1.58,73.494094
2.36,-0.400000000000002,73.494094
2.36,0.779999999999998,73.494094
2.36,1.96,73.494094
2.36,3.14,73.494094
2.36,4.32,73.494094
3.54,-3.94,73.494094
3.54,-2.76,73.494094
3.54,-1.58,73.494094
3.54,-0.400000000000002,73.494094
3.54,0.779999999999998,73.494094
3.54,1.96,73.494094
3.54,3.14,73.494094
3.54,4.32,73.494094
4.72,-3.94,73.494094
4.72,-2.76,73.494094
4.72,-1.58,73.494094
4.72,-0.400000000000002,73.494094
4.72,0.779999999999998,73.494094
4.72,1.96,73.494094
4.72,3.14,73.494094
4.72,4.32,73.494094
5.9,-3.94,73.494094
5.9,-2.76,73.494094
5.9,-1.58,73.494094
5.9,-0.400000000000002,73.494094
5.9,0.779999999999998,73.494094
5.9,1.96,73.494094
5.9,3.14,73.494094
5.9,4.32,73.494094
7.08,-3.94,73.494094
7.08,-2.76,73.494094
7.08,-1.58,73.494094
7.08,-0.400000000000002,73.494094
7.08,0.779999999999998,73.494094
7.08,1.96,73.494094
7.08,3.14,73.494094
7.08,4.32,73.494094
8.26,-3.94,73.494094
8.26,-2.76,73.494094
8.26,-1.58,73.494094
8.26,-0.400000000000002,73.494094
8.26,0.779999999999998,73.494094
8.26,1.96,73.494094
8.26,3.14,73.494094
8.26,4.32,73.494094
9.44,-3.94,73.494094
9.44,-2.76,73.494094
9.44,-1.58,73.494094
9.44,-0.400000000000002,73.494094
9.44,0.779999999999998,73.494094
9.44,1.96,73.494094
9.44,3.14,73.494094
9.44,4.32,73.494094
10.62,-3.94,73.494094
10.62,-2.76,73.494094
10.62,-1.58,73.494094
10.62,-0.400000000000002,73.494094
10.62,0.779999999999998,73.494094
10.62,1.96,73.494094
10.62,3.14,73.494094
10.62,4.32,73.494094
0,-3.94,74.114094
1.18,-3.94,74.114094
2.36,-3.94,74.114094
3.54,-3.94,74.114094
4.72,-3.94,74.114094
5.9,-3.94,74.114094
7.08,-3.94,74.114094
8.26,-3.94,74.114094
9.44,-3.94,74.114094
10.62,-3.94,74.114094
0,-2.76,74.114094
1.18,-2.76,74.114094
2.36,-2.76,74.114094
3.54,-2.76,74.114094
4.72,-2.76,74.114094
5.9,-2.76,74.114094
7.08,-2.76,74.114094
8.26,-2.76,74.114094
9.44,-2.76,74.114094
10.62,-2.76,74.114094
0,-1.58,74.114094
1.18,-1.58,74.114094
2.36,-1.58,74.114094
3.54,-1.58,74.114094
4.72,-1.58,74.114094
5.9,-1.58,74.114094
7.08,-1.58,74.114094
8.26,-1.58,74.114094
9.44,-1.58,74.114094
10.62,-1.58,74.114094
0,-0.400000000000002,74.114094
1.18,-0.400000000000002,74.114094
2.36,-0.400000000000002,74.114094
3.54,-0.400000000000002,74.114094
4.72,-0.400000000000002,74.114094
5.9,-0.400000000000002,74.114094
7.08,-0.400000000000002,74.114094
8.26,-0.400000000000002,74.114094
9.44,-0.400000000000002,74.114094
10.62,-0.400000000000002,74.114094
0,0.779999999999998,74.114094
1.18,0.779999999999998,74.114094
2.36,0.779999999999998,74.114094
3.54,0.779999999999998,74.114094
4.72,0.779999999999998,74.114094
5.9,0.779999999999998,74.114094
7.08,0.779999999999998,74.114094
8.26,0.779999999999998,74.114094
9.44,0.779999999999998,74.114094
10.62,0.779999999999998,74.114094
0,1.96,74.114094
1.18,1.96,74.114094
2.36,1.96,74.114094
3.54,1.96,74.114094
4.72,1.96,74.114094
5.9,1.96,74.114094
7.08,1.96,74.114094
8.26,1.96,74.114094
9.44,1.96,74.114094
10.62,1.96,74.114094
0,3.14,74.114094
1.18,3.14,74.114094
2.36,3.14,74.114094
3.54,3.14,74.114094
4.72,3.14,74.114094
5.9,3.14,74.114094
7.08,3.14,74.114094
8.26,3.14,74.114094
9.44,3.14,74.114094
10.62,3.14,74.114094
0,4.32,74.114094
1.18,4.32,74.114094
2.36,4.32,74.114094
3.54,4.32,74.114094
4.72,4.32,74.114094
5.9,4.32,74.114094
7.08,4.32,74.114094
8.26,4.32,74.114094
9.44,4.32,74.114094
10.62,4.32,74.114094
0,-3.94,74.734094
0,-2.76,74.734094
0,-1.58,74.734094
0,-0.400000000000002,74.734094
0,0.779999999999998,74.734094
0,1.96,74.734094
0,3.14,74.734094
0,4.32,74.734094
1.18,-3.94,74.734094
1.18,-2.76,74.734094
1.18,-1.58,74.734094
1.18,-0.400000000000002,74.734094
1.18,0.779999999999998,74.734094
1.18,1.96,74.734094
1.18,3.14,74.734094
1.18,4.32,74.734094
2.36,-3.94,74.734094
2.36,-2.76,74.734094
2.36,-1.58,74.734094
2.36,-0.400000000000002,74.734094
2.36,0.779999999999998,74.734094
2.36,1.96,74.734094
2.36,3.14,74.734094
2.36,4.32,74.734094
3.54,-3.94,74.734094
3.54,-2.76,74.734094
3.54,-1.58,74.734094
3.54,-0.400000000000002,74.734094
3.54,0.779999999999998,74.734094
3.54,1.96,74.734094
3.54,3.14,74.734094
3.54,4.32,74.734094
4.72,-3.94,74.734094
4.72,-2.76,74.734094
4.72,-1.58,74.734094
4.72,-0.400000000000002,74.734094
4.72,0.779999999999998,74.734094
4.72,1.96,74.734094
4.72,3.14,74.734094
4.72,4.32,74.734094
5.9,-3.94,74.734094
5.9,-2.76,74.734094
5.9,-1.58,74.734094
5.9,-0.400000000000002,74.734094
5.9,0.779999999999998,74.734094
5.9,1.96,74.734094
5.9,3.14,74.734094
5.9,4.32,74.734094
7.08,-3.94,74.734094
7.08,-2.76,74.734094
7.08,-1.58,74.734094
7.08,-0.400000000000002,74.734094
7.08,0.779999999999998,74.734094
7.08,1.96,74.734094
7.08,3.14,74.734094
7.08,4.32,74.734094
8.26,-3.94,74.734094
8.26,-2.76,74.734094
8.26,-1.58,74.734094
8.26,-0.400000000000002,74.734094
8.26,0.779999999999998,74.734094
8.26,1.96,74.734094
8.26,3.14,74.734094
8.26,4.32,74.734094
9.44,-3.94,74.734094
9.44,-2.76,74.734094
9.44,-1.58,74.734094
9.44,-0.400000000000002,74.734094
9.44,0.779999999999998,74.734094
9.44,1.96,74.734094
9.44,3.14,74.734094
9.44,4.32,74.734094
10.62,-3.94,74.734094
10.62,-2.76,74.734094
10.62,-1.58,74.734094
10.62,-0.400000000000002,74.734094
10.62,0.779999999999998,74.734094
10.62,1.96,74.734094
10.62,3.14,74.734094
10.62,4.32,74.734094
0,-3.94,75.354094
1.18,-3.94,75.354094
2.36,-3.94,75.354094
3.54,-3.94,75.354094
4.72,-3.94,75.354094
5.9,-3.94,75.354094
7.08,-3.94,75.354094
8.26,-3.94,75.354094
9.44,-3.94,75.354094
10.62,-3.94,75.354094
0,-2.76,75.354094
1.18,-2.76,75.354094
2.36,-2.76,75.354094
3.54,-2.76,75.354094
4.72,-2.76,75.354094
5.9,-2.76,75.354094
7.08,-2.76,75.354094
8.26,-2.76,75.354094
9.44,-2.76,75.354094
10.62,-2.76,75.354094
0,-1.58,75.354094
1.18,-1.58,75.354094
2.36,-1.58,75.354094
3.54,-1.58,75.354094
4.72,-1.58,75.354094
5.9,-1.58,75.354094
7.08,-1.58,75.354094
8.26,-1.58,75.354094
9.44,-1.58,75.354094
10.62,-1.58,75.354094
0,-0.400000000000002,75.354094
1.18,-0.400000000000002,75.354094
2.36,-0.400000000000002,75.354094
3.54,-0.400000000000002,75.354094
4.72,-0.400000000000002,75.354094
5.9,-0.400000000000002,75.354094
7.08,-0.400000000000002,75.354094
8.26,-0.400000000000002,75.354094
9.44,-0.400000000000002,75.354094
10.62,-0.400000000000002,75.354094
0,0.779999999999998,75.354094
1.18,0.779999999999998,75.354094
2.36,0.779999999999998,75.354094
3.54,0.779999999999998,75.354094
4.72,0.779999999999998,75.354094
5.9,0.779999999999998,75.354094
7.08,0.779999999999998,75.354094
8.26,0.779999999999998,75.354094
9.44,0.779999999999998,75.354094
10.62,0.779999999999998,75.354094
0,1.96,75.354094
1.18,1.96,75.354094
2.36,1.96,75.354094
3.54,1.96,75.354094
4.72,1.96,75.354094
5.9,1.96,75.354094
7.08,1.96,75.354094
8.26,1.96,75.354094
9.44,1.96,75.354094
10.62,1.96,75.354094
0,3.14,75.354094
1.18,3.14,75.354094
2.36,3.14,75.354094
3.54,3.14,75.354094
4.72,3.14,75.354094
5.9,3.14,75.354094
7.08,3.14,75.354094
8.26,3.14,75.354094
9.44,3.14,75.354094
10.62,3.14,75.354094
0,4.32,75.354094
1.18,4.32,75.354094
2.36,4.32,75.354094
3.54,4.32,75.354094
4.72,4.32,75.354094
5.9,4.32,75.354094
7.08,4.32,75.354094
8.26,4.32,75.354094
9.44,4.32,75.354094
10.62,4.32,75.354094
0,-3.94,75.974094
0,-2.76,75.974094
0,-1.58,75.974094
0,-0.400000000000002,75.974094
0,0.779999999999998,75.974094
0,1.96,75.974094
0,3.14,75.974094
0,4.32,75.974094
1.18,-3.94,75.974094
1.18,-2.76,75.974094
1.18,-1.58,75.974094
1.18,-0.400000000000002,75.974094
1.18,0.779999999999998,75.974094
1.18,1.96,75.974094
1.18,3.14,75.974094
1.18,4.32,75.974094
2.36,-3.94,75.974094
2.36,-2.76,75.974094
2.36,-1.58,75.974094
2.36,-0.400000000000002,75.974094
2.36,0.779999999999998,75.974094
2.36,1.96,75.974094
2.36,3.14,75.974094
2.36,4.32,75.974094
3.54,-3.94,75.974094
3.54,-2.76,75.974094
3.54,-1.58,75.974094
3.54,-0.400000000000002,75.974094
3.54,0.779999999999998,75.974094
3.54,1.96,75.974094
3.54,3.14,75.974094
3.54,4.32,75.974094
4.72,-3.94,75.974094
4.72,-2.76,75.974094
4.72,-1.58,75.974094
4.72,-0.400000000000002,75.974094
4.72,0.779999999999998,75.974094
4.72,1.96,75.974094
4.72,3.14,75.974094
4.72,4.32,75.974094
5.9,-3.94,75.974094
5.9,-2.76,75.974094
5.9,-1.58,75.974094
5.9,-0.400000000000002,75.974094
5.9,0.779999999999998,75.974094
5.9,1.96,75.974094
5.9,3.14,75.974094
5.9,4.32,75.974094
7.08,-3.94,75.974094
7.08,-2.76,75.974094
7.08,-1.58,75.974094
7.08,-0.400000000000002,75.974094
7.08,0.779999999999998,75.974094
7.08,1.96,75.974094
7.08,3.14,75.974094
7.08,4.32,75.974094
8.26,-3.94,75.974094
8.26,-2.76,75.974094
8.26,-1.58,75.974094
8.26,-0.400000000000002,75.974094
8.26,0.779999999999998,75.974094
8.26,1.96,75.974094
8.26,3.14,75.974094
8.26,4.32,75.974094
9.44,-3.94,75.974094
9.44,-2.76,75.974094
9.44,-1.58,75.974094
9.44,-0.400000000000002,75.974094
9.44,0.779999999999998,75.974094
9.44,1.96,75.974094
9.44,3.14,75.974094
9.44,4.32,75.974094
10.62,-3.94,75.974094
10.62,-2.76,75.974094
10.62,-1.58,75.974094
10.62,-0.400000000000002,75.974094
10.62,0.779999999999998,75.974094
10.62,1.96,75.974094
10.62,3.14,75.974094
10.62,4.32,75.974094
0,-3.94,76.594094
1.18,-3.94,76.594094
2.36,-3.94,76.594094
3.54,-3.94,76.594094
4.72,-3.94,76.594094
5.9,-3.94,76.594094
7.08,-3.94,76.594094
8.26,-3.94,76.594094
9.44,-3.94,76.594094
10.62,-3.94,76.594094
0,-2.76,76.594094
1.18,-2.76,76.594094
2.36,-2.76,76.594094
3.54,-2.76,76.594094
4.72,-2.76,76.594094
5.9,-2.76,76.594094
7.08,-2.76,76.594094
8.26,-2.76,76.594094
9.44,-2.76,76.594094
10.62,-2.76,76.594094
0,-1.58,76.594094
1.18,-1.58,76.594094
2.36,-1.58,76.594094
3.54,-1.58,76.594094
4.72,-1.58,76.594094
5.9,-1.58,76.594094
7.08,-1.58,76.594094
8.26,-1.58,76.594094
9.44,-1.58,76.594094
10.62,-1.58,76.594094
0,-0.400000000000002,76.594094
1.18,-0.400000000000002,76.594094
2.36,-0.400000000000002,76.594094
3.54,-0.400000000000002,76.594094
4.72,-0.400000000000002,76.594094
5.9,-0.400000000000002,76.594094
7.08,-0.400000000000002,76.594094
8.26,-0.400000000000002,76.594094
9.44,-0.400000000000002,76.594094
10.62,-0.400000000000002,76.594094
0,0.779999999999998,76.594094
1.18,0.779999999999998,76.594094
2.36,0.779999999999998,76.594094
3.54,0.779999999999998,76.594094
4.72,0.779999999999998,76.594094
5.9,0.779999999999998,76.594094
7.08,0.779999999999998,76.594094
8.26,0.779999999999998,76.594094
9.44,0.779999999999998,76.594094
10.62,0.779999999999998,76.594094
0,1.96,76.594094
1.18,1.96,76.594094
2.36,1.96,76.594094
3.54,1.96,76.594094
4.72,1.96,76.594094
5.9,1.96,76.594094
7.08,1.96,76.594094
8.26,1.96,76.594094
9.44,1.96,76.594094
10.62,1.96,76.594094
0,3.14,76.594094
1.18,3.14,76.594094
2.36,3.14,76.594094
3.54,3.14,76.594094
4.72,3.14,76.594094
5.9,3.14,76.594094
7.08,3.14,76.594094
8.26,3.14,76.594094
9.44,3.14,76.594094
10.62,3.14,76.594094
0,4.32,76.594094
1.18,4.32,76.594094
2.36,4.32,76.594094
3.54,4.32,76.594094
4.72,4.32,76.594094
5.9,4.32,76.594094
7.08,4.32,76.594094
8.26,4.32,76.594094
9.44,4.32,76.594094
10.62,4.32,76.594094
0,-3.94,77.214094
0,-2.76,77.214094
0,-1.58,77.214094
0,-0.400000000000002,77.214094
0,0.779999999999998,77.214094
0,1.96,77.214094
0,3.14,77.214094
0,4.32,77.214094
1.18,-3.94,77.214094
1.18,-2.76,77.214094
1.18,-1.58,77.214094
1.18,-0.400000000000002,77.214094
1.18,0.779999999999998,77.214094
1.18,1.96,77.214094
1.18,3.14,77.214094
1.18,4.32,77.214094
2.36,-3.94,77.214094
2.36,-2.76,77.214094
2.36,-1.58,77.214094
2.36,-0.400000000000002,77.214094
2.36,0.779999999999998,77.214094
2.36,1.96,77.214094
2.36,3.14,77.214094
2.36,4.32,77.214094
3.54,-3.94,77.214094
3.54,-2.76,77.214094
3.54,-1.58,77.214094
3.54,-0.400000000000002,77.214094
3.54,0.779999999999998,77.214094
3.54,1.96,77.214094
3.54,3.14,77.214094
3.54,4.32,77.214094
4.72,-3.94,77.214094
4.72,-2.76,77.214094
4.72,-1.58,77.214094
4.72,-0.400000000000002,77.214094
4.72,0.779999999999998,77.214094
4.72,1.96,77.214094
4.72,3.14,77.214094
4.72,4.32,77.214094
5.9,-3.94,77.214094
5.9,-2.76,77.214094
5.9,-1.58,77.214094
5.9,-0.400000000000002,77.214094
5.9,0.779999999999998,77.214094
5.9,1.96,77.214094
5.9,3.14,77.214094
5.9,4.32,77.214094
7.08,-3.94,77.214094
7.08,-2.76,77.214094
7.08,-1.58,77.214094
7.08,-0.400000000000002,77.214094
7.08,0.779999999999998,77.214094
7.08,1.96,77.214094
7.08,3.14,77.214094
7.08,4.32,77.214094
8.26,-3.94,77.214094
8.26,-2.76,77.214094
8.26,-1.58,77.214094
8.26,-0.400000000000002,77.214094
8.26,0.779999999999998,77.214094
8.26,1.96,77.214094
8.26,3.14,77.214094
8.26,4.32,77.214094
9.44,-3.94,77.214094
9.44,-2.76,77.214094
9.44,-1.58,77.214094
9.44,-0.400000000000002,77.214094
9.44,0.779999999999998,77.214094
9.44,1.96,77.214094
9.44,3.14,77.214094
9.44,4.32,77.214094
10.62,-3.94,77.214094
10.62,-2.76,77.214094
10.62,-1.58,77.214094
10.62,-0.400000000000002,77.214094
10.62,0.779999999999998,77.214094
10.62,1.96,77.214094
10.62,3.14,77.214094
10.62,4.32,77.214094
0,-3.94,77.834094
1.18,-3.94,77.834094
2.36,-3.94,77.834094
3.54,-3.94,77.834094
4.72,-3.94,77.834094
5.9,-3.94,77.834094
7.08,-3.94,77.834094
8.26,-3.94,77.834094
9.44,-3.94,77.834094
10.62,-3.94,77.834094
0,-2.76,77.834094
1.18,-2.76,77.834094
2.36,-2.76,77.834094
3.54,-2.76,77.834094
4.72,-2.76,77.834094
5.9,-2.76,77.834094
7.08,-2.76,77.834094
8.26,-2.76,77.834094
9.44,-2.76,77.834094
10.62,-2.76,77.834094
0,-1.58,77.834094
1.18,-1.58,77.834094
2.36,-1.58,77.834094
3.54,-1.58,77.834094
4.72,-1.58,77.834094
5.9,-1.58,77.834094
7.08,-1.58,77.834094
8.26,-1.58,77.834094
9.44,-1.58,77.834094
10.62,-1.58,77.834094
0,-0.400000000000002,77.834094
1.18,-0.400000000000002,77.834094
2.36,-0.400000000000002,77.834094
3.54,-0.400000000000002,77.834094
4.72,-0.400000000000002,77.834094
5.9,-0.400000000000002,77.834094
7.08,-0.400000000000002,77.834094
8.26,-0.400000000000002,77.834094
9.44,-0.400000000000002,77.834094
10.62,-0.400000000000002,77.834094
0,0.779999999999998,77.834094
1.18,0.779999999999998,77.834094
2.36,0.779999999999998,77.834094
3.54,0.779999999999998,77.834094
4.72,0.779999999999998,77.834094
5.9,0.779999999999998,77.834094
7.08,0.779999999999998,77.834094
8.26,0.779999999999998,77.834094
9.44,0.779999999999998,77.834094
10.62,0.779999999999998,77.834094
0,1.96,77.834094
1.18,1.96,77.834094
2.36,1.96,77.834094
3.54,1.96,77.834094
4.72,1.96,77.834094
5.9,1.96,77.834094
7.08,1.96,77.834094
8.26,1.96,77.834094
9.44,1.96,77.834094
10.62,1.96,77.834094
0,3.14,77.834094
1.18,3.14,77.834094
2.36,3.14,77.834094
3.54,3.14,77.834094
4.72,3.14,77.834094
5.9,3.14,77.834094
7.08,3.14,77.834094
8.26,3.14,77.834094
9.44,3.14,77.834094
10.62,3.14,77.834094
0,4.32,77.834094
1.18,4.32,77.834094
2.36,4.32,77.834094
3.54,4.32,77.834094
4.72,4.32,77.834094
5.9,4.32,77.834094
7.08,4.32,77.834094
8.26,4.32,77.834094
9.44,4.32,77.834094
10.62,4.32,77.834094
0,-3.94,78.454094
0,-2.76,78.454094
0,-1.58,78.454094
0,-0.400000000000002,78.454094
0,0.779999999999998,78.454094
0,1.96,78.454094
0,3.14,78.454094
0,4.32,78.454094
1.18,-3.94,78.454094
1.18,-2.76,78.454094
1.18,-1.58,78.454094
1.18,-0.400000000000002,78.454094
1.18,0.779999999999998,78.454094
1.18,1.96,78.454094
1.18,3.14,78.454094
1.18,4.32,78.454094
2.36,-3.94,78.454094
2.36,-2.76,78.454094
2.36,-1.58,78.454094
2.36,-0.400000000000002,78.454094
2.36,0.779999999999998,78.454094
2.36,1.96,78.454094
2.36,3.14,78.454094
2.36,4.32,78.454094
3.54,-3.94,78.454094
3.54,-2.76,78.454094
3.54,-1.58,78.454094
3.54,-0.400000000000002,78.454094
3.54,0.779999999999998,78.454094
3.54,1.96,78.454094
3.54,3.14,78.454094
3.54,4.32,78.454094
4.72,-3.94,78.454094
4.72,-2.76,78.454094
4.72,-1.58,78.454094
4.72,-0.400000000000002,78.454094
4.72,0.779999999999998,78.454094
4.72,1.96,78.454094
4.72,3.14,78.454094
4.72,4.32,78.454094
5.9,-3.94,78.454094
5.9,-2.76,78.454094
5.9,-1.58,78.454094
5.9,-0.400000000000002,78.454094
5.9,0.779999999999998,78.454094
5.9,1.96,78.454094
5.9,3.14,78.454094
5.9,4.32,78.454094
7.08,-3.94,78.454094
7.08,-2.76,78.454094
7.08,-1.58,78.454094
7.08,-0.400000000000002,78.454094
7.08,0.779999999999998,78.454094
7.08,1.96,78.454094
7.08,3.14,78.454094
7.08,4.32,78.454094
8.26,-3.94,78.454094
8.26,-2.76,78.454094
8.26,-1.58,78.454094
8.26,-0.400000000000002,78.454094
8.26,0.779999999999998,78.454094
8.26,1.96,78.454094
8.26,3.14,78.454094
8.26,4.32,78.454094
9.44,-3.94,78.454094
9.44,-2.76,78.454094
9.44,-1.58,78.454094
9.44,-0.400000000000002,78.454094
9.44,0.779999999999998,78.454094
9.44,1.96,78.454094
9.44,3.14,78.454094
9.44,4.32,78.454094
10.62,-3.94,78.454094
10.62,-2.76,78.454094
10.62,-1.58,78.454094
10.62,-0.400000000000002,78.454094
10.62,0.779999999999998,78.454094
10.62,1.96,78.454094
10.62,3.14,78.454094
10.62,4.32,78.454094
0,-3.94,79.074094
1.18,-3.94,79.074094
2.36,-3.94,79.074094
3.54,-3.94,79.074094
4.72,-3.94,79.074094
5.9,-3.94,79.074094
7.08,-3.94,79.074094
8.26,-3.94,79.074094
9.44,-3.94,79.074094
10.62,-3.94,79.074094
0,-2.76,79.074094
1.18,-2.76,79.074094
2.36,-2.76,79.074094
3.54,-2.76,79.074094
4.72,-2.76,79.074094
5.9,-2.76,79.074094
7.08,-2.76,79.074094
8.26,-2.76,79.074094
9.44,-2.76,79.074094
10.62,-2.76,79.074094
0,-1.58,79.074094
1.18,-1.58,79.074094
2.36,-1.58,79.074094
3.54,-1.58,79.074094
4.72,-1.58,79.074094
5.9,-1.58,79.074094
7.08,-1.58,79.074094
8.26,-1.58,79.074094
9.44,-1.58,79.074094
10.62,-1.58,79.074094
0,-0.400000000000002,79.074094
1.18,-0.400000000000002,79.074094
2.36,-0.400000000000002,79.074094
3.54,-0.400000000000002,79.074094
4.72,-0.400000000000002,79.074094
5.9,-0.400000000000002,79.074094
7.08,-0.400000000000002,79.074094
8.26,-0.400000000000002,79.074094
9.44,-0.400000000000002,79.074094
10.62,-0.400000000000002,79.074094
0,0.779999999999998,79.074094
1.18,0.779999999999998,79.074094
2.36,0.779999999999998,79.074094
3.54,0.779999999999998,79.074094
4.72,0.779999999999998,79.074094
5.9,0.779999999999998,79.074094
7.08,0.779999999999998,79.074094
8.26,0.779999999999998,79.074094
9.44,0.779999999999998,79.074094
10.62,0.779999999999998,79.074094
0,1.96,79.074094
1.18,1.96,79.074094
2.36,1.96,79.074094
3.54,1.96,79.074094
4.72,1.96,79.074094
5.9,1.96,79.074094
7.08,1.96,79.074094
8.26,1.96,79.074094
9.44,1.96,79.074094
10.62,1.96,79.074094
0,3.14,79.074094
1.18,3.14,79.074094
2.36,3.14,79.074094
3.54,3.14,79.074094
4.72,3.14,79.074094
5.9,3.14,79.074094
7.08,3.14,79.074094
8.26,3.14,79.074094
9.44,3.14,79.074094
10.62,3.14,79.074094
0,4.32,79.074094
1.18,4.32,79.074094
2.36,4.32,79.074094
3.54,4.32,79.074094
4.72,4.32,79.074094
5.9,4.32,79.074094
7.08,4.32,79.074094
8.26,4.32,79.074094
9.44,4.32,79.074094
10.62,4.32,79.074094
0,-3.94,79.694094
0,-2.76,79.694094
0,-1.58,79.694094
0,-0.400000000000002,79.694094
0,0.779999999999998,79.694094
0,1.96,79.694094
0,3.14,79.694094
0,4.32,79.694094
1.18,-3.94,79.694094
1.18,-2.76,79.694094
1.18,-1.58,79.694094
1.18,-0.400000000000002,79.694094
1.18,0.779999999999998,79.694094
1.18,1.96,79.694094
1.18,3.14,79.694094
1.18,4.32,79.694094
2.36,-3.94,79.694094
2.36,-2.76,79.694094
2.36,-1.58,79.694094
2.36,-0.400000000000002,79.694094
2.36,0.779999999999998,79.694094
2.36,1.96,79.694094
2.36,3.14,79.694094
2.36,4.32,79.694094
3.54,-3.94,79.694094
3.54,-2.76,79.694094
3.54,-1.58,79.694094
3.54,-0.400000000000002,79.694094
3.54,0.779999999999998,79.694094
3.54,1.96,79.694094
3.54,3.14,79.694094
3.54,4.32,79.694094
4.72,-3.94,79.694094
4.72,-2.76,79.694094
4.72,-1.58,79.694094
4.72,-0.400000000000002,79.694094
4.72,0.779999999999998,79.694094
4.72,1.96,79.694094
4.72,3.14,79.694094
4.72,4.32,79.694094
5.9,-3.94,79.694094
5.9,-2.76,79.694094
5.9,-1.58,79.694094
5.9,-0.400000000000002,79.694094
5.9,0.779999999999998,79.694094
5.9,1.96,79.694094
5.9,3.14,79.694094
5.9,4.32,79.694094
7.08,-3.94,79.694094
7.08,-2.76,79.694094
7.08,-1.58,79.694094
7.08,-0.400000000000002,79.694094
7.08,0.779999999999998,79.694094
7.08,1.96,79.694094
7.08,3.14,79.694094
7.08,4.32,79.694094
8.26,-3.94,79.694094
8.26,-2.76,79.694094
8.26,-1.58,79.694094
8.26,-0.400000000000002,79.694094
8.26,0.779999999999998,79.694094
8.26,1.96,79.694094
8.26,3.14,79.694094
8.26,4.32,79.694094
9.44,-3.94,79.694094
9.44,-2.76,79.694094
9.44,-1.58,79.694094
9.44,-0.400000000000002,79.694094
9.44,0.779999999999998,79.694094
9.44,1.96,79.694094
9.44,3.14,79.694094
9.44,4.32,79.694094
10.62,-3.94,79.694094
10.62,-2.76,79.694094
10.62,-1.58,79.694094
10.62,-0.400000000000002,79.694094
10.62,0.779999999999998,79.694094
10.62,1.96,79.694094
10.62,3.14,79.694094
10.62,4.32,79.694094
0,-3.94,80.314094
1.18,-3.94,80.314094
2.36,-3.94,80.314094
3.54,-3.94,80.314094
4.72,-3.94,80.314094
5.9,-3.94,80.314094
7.08,-3.94,80.314094
8.26,-3.94,80.314094
9.44,-3.94,80.314094
10.62,-3.94,80.314094
0,-2.76,80.314094
1.18,-2.76,80.314094
2.36,-2.76,80.314094
3.54,-2.76,80.314094
4.72,-2.76,80.314094
5.9,-2.76,80.314094
7.08,-2.76,80.314094
8.26,-2.76,80.314094
9.44,-2.76,80.314094
10.62,-2.76,80.314094
0,-1.58,80.314094
1.18,-1.58,80.314094
2.36,-1.58,80.314094
3.54,-1.58,80.314094
4.72,-1.58,80.314094
5.9,-1.58,80.314094
7.08,-1.58,80.314094
8.26,-1.58,80.314094
9.44,-1.58,80.314094
10.62,-1.58,80.314094
0,-0.400000000000002,80.314094
1.18,-0.400000000000002,80.314094
2.36,-0.400000000000002,80.314094
3.54,-0.400000000000002,80.314094
4.72,-0.400000000000002,80.314094
5.9,-0.400000000000002,80.314094
7.08,-0.400000000000002,80.314094
8.26,-0.400000000000002,80.314094
9.44,-0.400000000000002,80.314094
10.62,-0.400000000000002,80.314094
0,0.779999999999998,80.314094
1.18,0.779999999999998,80.314094
2.36,0.779999999999998,80.314094
3.54,0.779999999999998,80.314094
4.72,0.779999999999998,80.314094
5.9,0.779999999999998,80.314094
7.08,0.779999999999998,80.314094
8.26,0.779999999999998,80.314094
9.44,0.779999999999998,80.314094
10.62,0.779999999999998,80.314094
0,1.96,80.314094
1.18,1.96,80.314094
2.36,1.96,80.314094
3.54,1.96,80.314094
4.72,1.96,80.314094
5.9,1.96,80.314094
7.08,1.96,80.314094
8.26,1.96,80.314094
9.44,1.96,80.314094
10.62,1.96,80.314094
0,3.14,80.314094
1.18,3.14,80.314094
2.36,3.14,80.314094
3.54,3.14,80.314094
4.72,3.14,80.314094
5.9,3.14,80.314094
7.08,3.14,80.314094
8.26,3.14,80.314094
9.44,3.14,80.314094
10.62,3.14,80.314094
0,4.32,80.314094
1.18,4.32,80.314094
2.36,4.32,80.314094
3.54,4.32,80.314094
4.72,4.32,80.314094
5.9,4.32,80.314094
7.08,4.32,80.314094
8.26,4.32,80.314094
9.44,4.32,80.314094
10.62,4.32,80.314094
0,-3.94,80.934094
0,-2.76,80.934094
0,-1.58,80.934094
0,-0.400000000000002,80.934094
0,0.779999999999998,80.934094
0,1.96,80.934094
0,3.14,80.934094
0,4.32,80.934094
1.18,-3.94,80.934094
1.18,-2.76,80.934094
1.18,-1.58,80.934094
1.18,-0.400000000000002,80.934094
1.18,0.779999999999998,80.934094
1.18,1.96,80.934094
1.18,3.14,80.934094
1.18,4.32,80.934094
2.36,-3.94,80.934094
2.36,-2.76,80.934094
2.36,-1.58,80.934094
2.36,-0.400000000000002,80.934094
2.36,0.779999999999998,80.934094
2.36,1.96,80.934094
2.36,3.14,80.934094
2.36,4.32,80.934094
3.54,-3.94,80.934094
3.54,-2.76,80.934094
3.54,-1.58,80.934094
3.54,-0.400000000000002,80.934094
3.54,0.779999999999998,80.934094
3.54,1.96,80.934094
3.54,3.14,80.934094
3.54,4.32,80.934094
4.72,-3.94,80.934094
4.72,-2.76,80.934094
4.72,-1.58,80.934094
4.72,-0.400000000000002,80.934094
4.72,0.779999999999998,80.934094
4.72,1.96,80.934094
4.72,3.14,80.934094
4.72,4.32,80.934094
5.9,-3.94,80.934094
5.9,-2.76,80.934094
5.9,-1.58,80.934094
5.9,-0.400000000000002,80.934094
5.9,0.779999999999998,80.934094
5.9,1.96,80.934094
5.9,3.14,80.934094
5.9,4.32,80.934094
7.08,-3.94,80.934094
7.08,-2.76,80.934094
7.08,-1.58,80.934094
7.08,-0.400000000000002,80.934094
7.08,0.779999999999998,80.934094
7.08,1.96,80.934094
7.08,3.14,80.934094
7.08,4.32,80.934094
8.26,-3.94,80.934094
8.26,-2.76,80.934094
8.26,-1.58,80.934094
8.26,-0.400000000000002,80.934094
8.26,0.779999999999998,80.934094
8.26,1.96,80.934094
8.26,3.14,80.934094
8.26,4.32,80.934094
9.44,-3.94,80.934094
9.44,-2.76,80.934094
9.44,-1.58,80.934094
9.44,-0.400000000000002,80.934094
9.44,0.779999999999998,80.934094
9.44,1.96,80.934094
9.44,3.14,80.934094
9.44,4.32,80.934094
10.62,-3.94,80.934094
10.62,-2.76,80.934094
10.62,-1.58,80.934094
10.62,-0.400000000000002,80.934094
10.62,0.779999999999998,80.934094
10.62,1.96,80.934094
10.62,3.14,80.934094
10.62,4.32,80.934094
0,-3.94,81.554094
1.18,-3.94,81.554094
2.36,-3.94,81.554094
3.54,-3.94,81.554094
4.72,-3.94,81.554094
5.9,-3.94,81.554094
7.08,-3.94,81.554094
8.26,-3.94,81.554094
9.44,-3.94,81.554094
10.62,-3.94,81.554094
0,-2.76,81.554094
1.18,-2.76,81.554094
2.36,-2.76,81.554094
3.54,-2.76,81.554094
4.72,-2.76,81.554094
5.9,-2.76,81.554094
7.08,-2.76,81.554094
8.26,-2.76,81.554094
9.44,-2.76,81.554094
10.62,-2.76,81.554094
0,-1.58,81.554094
1.18,-1.58,81.554094
2.36,-1.58,81.554094
3.54,-1.58,81.554094
4.72,-1.58,81.554094
5.9,-1.58,81.554094
7.08,-1.58,81.554094
8.26,-1.58,81.554094
9.44,-1.58,81.554094
10.62,-1.58,81.554094
0,-0.400000000000002,81.554094
1.18,-0.400000000000002,81.554094
2.36,-0.400000000000002,81.554094
3.54,-0.400000000000002,81.554094
4.72,-0.400000000000002,81.554094
5.9,-0.400000000000002,81.554094
7.08,-0.400000000000002,81.554094
8.26,-0.400000000000002,81.554094
9.44,-0.400000000000002,81.554094
10.62,-0.400000000000002,81.554094
0,0.779999999999998,81.554094
1.18,0.779999999999998,81.554094
2.36,0.779999999999998,81.554094
3.54,0.779999999999998,81.554094
4.72,0.779999999999998,81.554094
5.9,0.779999999999998,81.554094
7.08,0.779999999999998,81.554094
8.26,0.779999999999998,81.554094
9.44,0.779999999999998,81.554094
10.62,0.779999999999998,81.554094
0,1.96,81.554094
1.18,1.96,81.554094
2.36,1.96,81.554094
3.54,1.96,81.554094
4.72,1.96,81.554094
5.9,1.96,81.554094
7.08,1.96,81.554094
8.26,1.96,81.554094
9.44,1.96,81.554094
10.62,1.96,81.554094
0,3.14,81.554094
1.18,3.14,81.554094
2.36,3.14,81.554094
3.54,3.14,81.554094
4.72,3.14,81.554094
5.9,3.14,81.554094
7.08,3.14,81.554094
8.26,3.14,81.554094
9.44,3.14,81.554094
10.62,3.14,81.554094
0,4.32,81.554094
1.18,4.32,81.554094
2.36,4.32,81.554094
3.54,4.32,81.554094
4.72,4.32,81.554094
5.9,4.32,81.554094
7.08,4.32,81.554094
8.26,4.32,81.554094
9.44,4.32,81.554094
10.62,4.32,81.554094
0,-3.94,82.174094
0,-2.76,82.174094
0,-1.58,82.174094
0,-0.400000000000002,82.174094
0,0.779999999999998,82.174094
0,1.96,82.174094
0,3.14,82.174094
0,4.32,82.174094
1.18,-3.94,82.174094
1.18,-2.76,82.174094
1.18,-1.58,82.174094
1.18,-0.400000000000002,82.174094
1.18,0.779999999999998,82.174094
1.18,1.96,82.174094
1.18,3.14,82.174094
1.18,4.32,82.174094
2.36,-3.94,82.174094
2.36,-2.76,82.174094
2.36,-1.58,82.174094
2.36,-0.400000000000002,82.174094
2.36,0.779999999999998,82.174094
2.36,1.96,82.174094
2.36,3.14,82.174094
2.36,4.32,82.174094
3.54,-3.94,82.174094
3.54,-2.76,82.174094
3.54,-1.58,82.174094
3.54,-0.400000000000002,82.174094
3.54,0.779999999999998,82.174094
3.54,1.96,82.174094
3.54,3.14,82.174094
3.54,4.32,82.174094
4.72,-3.94,82.174094
4.72,-2.76,82.174094
4.72,-1.58,82.174094
4.72,-0.400000000000002,82.174094
4.72,0.779999999999998,82.174094
4.72,1.96,82.174094
4.72,3.14,82.174094
4.72,4.32,82.174094
5.9,-3.94,82.174094
5.9,-2.76,82.174094
5.9,-1.58,82.174094
5.9,-0.400000000000002,82.174094
5.9,0.779999999999998,82.174094
5.9,1.96,82.174094
5.9,3.14,82.174094
5.9,4.32,82.174094
7.08,-3.94,82.174094
7.08,-2.76,82.174094
7.08,-1.58,82.174094
7.08,-0.400000000000002,82.174094
7.08,0.779999999999998,82.174094
7.08,1.96,82.174094
7.08,3.14,82.174094
7.08,4.32,82.174094
8.26,-3.94,82.174094
8.26,-2.76,82.174094
8.26,-1.58,82.174094
8.26,-0.400000000000002,82.174094
8.26,0.779999999999998,82.174094
8.26,1.96,82.174094
8.26,3.14,82.174094
8.26,4.32,82.174094
9.44,-3.94,82.174094
9.44,-2.76,82.174094
9.44,-1.58,82.174094
9.44,-0.400000000000002,82.174094
9.44,0.779999999999998,82.174094
9.44,1.96,82.174094
9.44,3.14,82.174094
9.44,4.32,82.174094
10.62,-3.94,82.174094
10.62,-2.76,82.174094
10.62,-1.58,82.174094
10.62,-0.400000000000002,82.174094
10.62,0.779999999999998,82.174094
10.62,1.96,82.174094
10.62,3.14,82.174094
10.62,4.32,82.174094
0,-3.94,82.794094
1.18,-3.94,82.794094
2.36,-3.94,82.794094
3.54,-3.94,82.794094
4.72,-3.94,82.794094
5.9,-3.94,82.794094
7.08,-3.94,82.794094
8.26,-3.94,82.794094
9.44,-3.94,82.794094
10.62,-3.94,82.794094
0,-2.76,82.794094
1.18,-2.76,82.794094
2.36,-2.76,82.794094
3.54,-2.76,82.794094
4.72,-2.76,82.794094
5.9,-2.76,82.794094
7.08,-2.76,82.794094
8.26,-2.76,82.794094
9.44,-2.76,82.794094
10.62,-2.76,82.794094
0,-1.58,82.794094
1.18,-1.58,82.794094
2.36,-1.58,82.794094
3.54,-1.58,82.794094
4.72,-1.58,82.794094
5.9,-1.58,82.794094
7.08,-1.58,82.794094
8.26,-1.58,82.794094
9.44,-1.58,82.794094
10.62,-1.58,82.794094
0,-0.400000000000002,82.794094
1.18,-0.400000000000002,82.794094
2.36,-0.400000000000002,82.794094
3.54,-0.400000000000002,82.794094
4.72,-0.400000000000002,82.794094
5.9,-0.400000000000002,82.794094
7.08,-0.400000000000002,82.794094
8.26,-0.400000000000002,82.794094
9.44,-0.400000000000002,82.794094
10.62,-0.400000000000002,82.794094
0,0.779999999999998,82.794094
1.18,0.779999999999998,82.794094
2.36,0.779999999999998,82.794094
3.54,0.779999999999998,82.794094
4.72,0.779999999999998,82.794094
5.9,0.779999999999998,82.794094
7.08,0.779999999999998,82.794094
8.26,0.779999999999998,82.794094
9.44,0.779999999999998,82.794094
10.62,0.779999999999998,82.794094
0,1.96,82.794094
1.18,1.96,82.794094
2.36,1.96,82.794094
3.54,1.96,82.794094
4.72,1.96,82.794094
5.9,1.96,82.794094
7.08,1.96,82.794094
8.26,1.96,82.794094
9.44,1.96,82.794094
10.62,1.96,82.794094
0,3.14,82.794094
1.18,3.14,82.794094
2.36,3.14,82.794094
3.54,3.14,82.794094
4.72,3.14,82.794094
5.9,3.14,82.794094
7.08,3.14,82.794094
8.26,3.14,82.794094
9.44,3.14,82.794094
10.62,3.14,82.794094
0,4.32,82.794094
1.18,4.32,82.794094
2.36,4.32,82.794094
3.54,4.32,82.794094
4.72,4.32,82.794094
5.9,4.32,82.794094
7.08,4.32,82.794094
8.26,4.32,82.794094
9.44,4.32,82.794094
10.62,4.32,82.794094
0,-2.76,83.414094
0,-1.58,83.414094
0,-0.400000000000002,83.414094
0,0.779999999999998,83.414094
0,1.96,83.414094
0,3.14,83.414094
1.18,-2.76,83.414094
1.18,-1.58,83.414094
1.18,-0.400000000000002,83.414094
1.18,0.779999999999998,83.414094
1.18,1.96,83.414094
1.18,3.14,83.414094
2.36,-2.76,83.414094
2.36,-1.58,83.414094
2.36,-0.400000000000002,83.414094
2.36,0.779999999999998,83.414094
2.36,1.96,83.414094
2.36,3.14,83.414094
3.54,-2.76,83.414094
3.54,-1.58,83.414094
3.54,-0.400000000000002,83.414094
3.54,0.779999999999998,83.414094
3.54,1.96,83.414094
3.54,3.14,83.414094
4.72,-2.76,83.414094
4.72,-1.58,83.414094
4.72,-0.400000000000002,83.414094
4.72,0.779999999999998,83.414094
4.72,1.96,83.414094
4.72,3.14,83.414094
5.9,-2.76,83.414094
5.9,-1.58,83.414094
5.9,-0.400000000000002,83.414094
5.9,0.779999999999998,83.414094
5.9,1.96,83.414094
5.9,3.14,83.414094
7.08,-2.76,83.414094
7.08,-1.58,83.414094
7.08,-0.400000000000002,83.414094
7.08,0.779999999999998,83.414094
7.08,1.96,83.414094
7.08,3.14,83.414094
8.26,-2.76,83.414094
8.26,-1.58,83.414094
8.26,-0.400000000000002,83.414094
8.26,0.779999999999998,83.414094
8.26,1.96,83.414094
8.26,3.14,83.414094
9.44,-2.76,83.414094
9.44,-1.58,83.414094
9.44,-0.400000000000002,83.414094
9.44,0.779999999999998,83.414094
9.44,1.96,83.414094
9.44,3.14,83.414094
10.62,-2.76,83.414094
10.62,-1.58,83.414094
10.62,-0.400000000000002,83.414094
10.62,0.779999999999998,83.414094
10.62,1.96,83.414094
10.62,3.14,83.414094
0,-2.76,84.034094
1.18,-2.76,84.034094
2.36,-2.76,84.034094
3.54,-2.76,84.034094
4.72,-2.76,84.034094
5.9,-2.76,84.034094
7.08,-2.76,84.034094
8.26,-2.76,84.034094
9.44,-2.76,84.034094
10.62,-2.76,84.034094
0,-1.58,84.034094
1.18,-1.58,84.034094
2.36,-1.58,84.034094
3.54,-1.58,84.034094
4.72,-1.58,84.034094
5.9,-1.58,84.034094
7.08,-1.58,84.034094
8.26,-1.58,84.034094
9.44,-1.58,84.034094
10.62,-1.58,84.034094
0,-0.400000000000002,84.034094
1.18,-0.400000000000002,84.034094
2.36,-0.400000000000002,84.034094
3.54,-0.400000000000002,84.034094
4.72,-0.400000000000002,84.034094
5.9,-0.400000000000002,84.034094
7.08,-0.400000000000002,84.034094
8.26,-0.400000000000002,84.034094
9.44,-0.400000000000002,84.034094
10.62,-0.400000000000002,84.034094
0,0.779999999999998,84.034094
1.18,0.779999999999998,84.034094
2.36,0.779999999999998,84.034094
3.54,0.779999999999998,84.034094
4.72,0.779999999999998,84.034094
5.9,0.779999999999998,84.034094
7.08,0.779999999999998,84.034094
8.26,0.779999999999998,84.034094
9.44,0.779999999999998,84.034094
10.62,0.779999999999998,84.034094
0,1.96,84.034094
1.18,1.96,84.034094
2.36,1.96,84.034094
3.54,1.96,84.034094
4.72,1.96,84.034094
5.9,1.96,84.034094
7.08,1.96,84.034094
8.26,1.96,84.034094
9.44,1.96,84.034094
10.62,1.96,84.034094
0,3.14,84.034094
1.18,3.14,84.034094
2.36,3.14,84.034094
3.54,3.14,84.034094
4.72,3.14,84.034094
5.9,3.14,84.034094
7.08,3.14,84.034094
8.26,3.14,84.034094
9.44,3.14,84.034094
10.62,3.14,84.034094
0,-2.76,84.654094
0,-1.58,84.654094
0,-0.400000000000002,84.654094
0,0.779999999999998,84.654094
0,1.96,84.654094
0,3.14,84.654094
1.18,-2.76,84.654094
1.18,-1.58,84.654094
1.18,-0.400000000000002,84.654094
1.18,0.779999999999998,84.654094
1.18,1.96,84.654094
1.18,3.14,84.654094
2.36,-2.76,84.654094
2.36,-1.58,84.654094
2.36,-0.400000000000002,84.654094
2.36,0.779999999999998,84.654094
2.36,1.96,84.654094
2.36,3.14,84.654094
3.54,-2.76,84.654094
3.54,-1.58,84.654094
3.54,-0.400000000000002,84.654094
3.54,0.779999999999998,84.654094
3.54,1.96,84.654094
3.54,3.14,84.654094
4.72,-2.76,84.654094
4.72,-1.58,84.654094
4.72,-0.400000000000002,84.654094
4.72,0.779999999999998,84.654094
4.72,1.96,84.654094
4.72,3.14,84.654094
5.9,-2.76,84.654094
5.9,-1.58,84.654094
5.9,-0.400000000000002,84.654094
5.9,0.779999999999998,84.654094
5.9,1.96,84.654094
5.9,3.14,84.654094
7.08,-2.76,84.654094
7.08,-1.58,84.654094
7.08,-0.400000000000002,84.654094
7.08,0.779999999999998,84.654094
7.08,1.96,84.654094
7.08,3.14,84.654094
8.26,-2.76,84.654094
8.26,-1.58,84.654094
8.26,-0.400000000000002,84.654094
8.26,0.779999999999998,84.654094
8.26,1.96,84.654094
8.26,3.14,84.654094
9.44,-2.76,84.654094
9.44,-1.58,84.654094
9.44,-0.400000000000002,84.654094
9.44,0.779999999999998,84.654094
9.44,1.96,84.654094
9.44,3.14,84.654094
10.62,-2.76,84.654094
10.62,-1.58,84.654094
10.62,-0.400000000000002,84.654094
10.62,0.779999999999998,84.654094
10.62,1.96,84.654094
10.62,3.14,84.654094
0,-2.76,85.274094
1.18,-2.76,85.274094
2.36,-2.76,85.274094
3.54,-2.76,85.274094
4.72,-2.76,85.274094
5.9,-2.76,85.274094
7.08,-2.76,85.274094
8.26,-2.76,85.274094
9.44,-2.76,85.274094
10.62,-2.76,85.274094
0,-1.58,85.274094
1.18,-1.58,85.274094
2.36,-1.58,85.274094
3.54,-1.58,85.274094
4.72,-1.58,85.274094
5.9,-1.58,85.274094
7.08,-1.58,85.274094
8.26,-1.58,85.274094
9.44,-1.58,85.274094
10.62,-1.58,85.274094
0,-0.400000000000002,85.274094
1.18,-0.400000000000002,85.274094
2.36,-0.400000000000002,85.274094
3.54,-0.400000000000002,85.274094
4.72,-0.400000000000002,85.274094
5.9,-0.400000000000002,85.274094
7.08,-0.400000000000002,85.274094
8.26,-0.400000000000002,85.274094
9.44,-0.400000000000002,85.274094
10.62,-0.400000000000002,85.274094
0,0.779999999999998,85.274094
1.18,0.779999999999998,85.274094
2.36,0.779999999999998,85.274094
3.54,0.779999999999998,85.274094
4.72,0.779999999999998,85.274094
5.9,0.779999999999998,85.274094
7.08,0.779999999999998,85.274094
8.26,0.779999999999998,85.274094
9.44,0.779999999999998,85.274094
10.62,0.779999999999998,85.274094
0,1.96,85.274094
1.18,1.96,85.274094
2.36,1.96,85.274094
3.54,1.96,85.274094
4.72,1.96,85.274094
5.9,1.96,85.274094
7.08,1.96,85.274094
8.26,1.96,85.274094
9.44,1.96,85.274094
10.62,1.96,85.274094
0,3.14,85.274094
1.18,3.14,85.274094
2.36,3.14,85.274094
3.54,3.14,85.274094
4.72,3.14,85.274094
5.9,3.14,85.274094
7.08,3.14,85.274094
8.26,3.14,85.274094
9.44,3.14,85.274094
10.62,3.14,85.274094
0,-2.76,85.894094
0,-1.58,85.894094
0,-0.400000000000002,85.894094
0,0.779999999999998,85.894094
0,1.96,85.894094
0,3.14,85.894094
1.18,-2.76,85.894094
1.18,-1.58,85.894094
1.18,-0.400000000000002,85.894094
1.18,0.779999999999998,85.894094
1.18,1.96,85.894094
1.18,3.14,85.894094
2.36,-2.76,85.894094
2.36,-1.58,85.894094
2.36,-0.400000000000002,85.894094
2.36,0.779999999999998,85.894094
2.36,1.96,85.894094
2.36,3.14,85.894094
3.54,-2.76,85.894094
3.54,-1.58,85.894094
3.54,-0.400000000000002,85.894094
3.54,0.779999999999998,85.894094
3.54,1.96,85.894094
3.54,3.14,85.894094
4.72,-2.76,85.894094
4.72,-1.58,85.894094
4.72,-0.400000000000002,85.894094
4.72,0.779999999999998,85.894094
4.72,1.96,85.894094
4.72,3.14,85.894094
5.9,-2.76,85.894094
5.9,-1.58,85.894094
5.9,-0.400000000000002,85.894094
5.9,0.779999999999998,85.894094
5.9,1.96,85.894094
5.9,3.14,85.894094
7.08,-2.76,85.894094
7.08,-1.58,85.894094
7.08,-0.400000000000002,85.894094
7.08,0.779999999999998,85.894094
7.08,1.96,85.894094
7.08,3.14,85.894094
8.26,-2.76,85.894094
8.26,-1.58,85.894094
8.26,-0.400000000000002,85.894094
8.26,0.779999999999998,85.894094
8.26,1.96,85.894094
8.26,3.14,85.894094
9.44,-2.76,85.894094
9.44,-1.58,85.894094
9.44,-0.400000000000002,85.894094
9.44,0.779999999999998,85.894094
9.44,1.96,85.894094
9.44,3.14,85.894094
10.62,-2.76,85.894094
10.62,-1.58,85.894094
10.62,-0.400000000000002,85.894094
10.62,0.779999999999998,85.894094
10.62,1.96,85.894094
10.62,3.14,85.894094
0,-2.76,86.514094
1.18,-2.76,86.514094
2.36,-2.76,86.514094
3.54,-2.76,86.514094
4.72,-2.76,86.514094
5.9,-2.76,86.514094
7.08,-2.76,86.514094
8.26,-2.76,86.514094
9.44,-2.76,86.514094
10.62,-2.76,86.514094
0,-1.58,86.514094
1.18,-1.58,86.514094
2.36,-1.58,86.514094
3.54,-1.58,86.514094
4.72,-1.58,86.514094
5.9,-1.58,86.514094
7.08,-1.58,86.514094
8.26,-1.58,86.514094
9.44,-1.58,86.514094
10.62,-1.58,86.514094
0,-0.400000000000002,86.514094
1.18,-0.400000000000002,86.514094
2.36,-0.400000000000002,86.514094
3.54,-0.400000000000002,86.514094
4.72,-0.400000000000002,86.514094
5.9,-0.400000000000002,86.514094
7.08,-0.400000000000002,86.514094
8.26,-0.400000000000002,86.514094
9.44,-0.400000000000002,86.514094
10.62,-0.400000000000002,86.514094
0,0.779999999999998,86.514094
1.18,0.779999999999998,86.514094
2.36,0.779999999999998,86.514094
3.54,0.779999999999998,86.514094
4.72,0.779999999999998,86.514094
5.9,0.779999999999998,86.514094
7.08,0.779999999999998,86.514094
8.26,0.779999999999998,86.514094
9.44,0.779999999999998,86.514094
10.62,0.779999999999998,86.514094
0,1.96,86.514094
1.18,1.96,86.514094
2.36,1.96,86.514094
3.54,1.96,86.514094
4.72,1.96,86.514094
5.9,1.96,86.514094
7.08,1.96,86.514094
8.26,1.96,86.514094
9.44,1.96,86.514094
10.62,1.96,86.514094
0,3.14,86.514094
1.18,3.14,86.514094
2.36,3.14,86.514094
3.54,3.14,86.514094
4.72,3.14,86.514094
5.9,3.14,86.514094
7.08,3.14,86.514094
8.26,3.14,86.514094
9.44,3.14,86.514094
10.62,3.14,86.514094
0,-2.76,87.134094
0,-1.58,87.134094
0,-0.400000000000002,87.134094
0,0.779999999999998,87.134094
0,1.96,87.134094
0,3.14,87.134094
1.18,-2.76,87.134094
1.18,-1.58,87.134094
1.18,-0.400000000000002,87.134094
1.18,0.779999999999998,87.134094
1.18,1.96,87.134094
1.18,3.14,87.134094
2.36,-2.76,87.134094
2.36,-1.58,87.134094
2.36,-0.400000000000002,87.134094
2.36,0.779999999999998,87.134094
2.36,1.96,87.134094
2.36,3.14,87.134094
3.54,-2.76,87.134094
3.54,-1.58,87.134094
3.54,-0.400000000000002,87.134094
3.54,0.779999999999998,87.134094
3.54,1.96,87.134094
3.54,3.14,87.134094
4.72,-2.76,87.134094
4.72,-1.58,87.134094
4.72,-0.400000000000002,87.134094
4.72,0.779999999999998,87.134094
4.72,1.96,87.134094
4.72,3.14,87.134094
5.9,-2.76,87.134094
5.9,-1.58,87.134094
5.9,-0.400000000000002,87.134094
5.9,0.779999999999998,87.134094
5.9,1.96,87.134094
5.9,3.14,87.134094
7.08,-2.76,87.134094
7.08,-1.58,87.134094
7.08,-0.400000000000002,87.134094
7.08,0.779999999999998,87.134094
7.08,1.96,87.134094
7.08,3.14,87.134094
8.26,-2.76,87.134094
8.26,-1.58,87.134094
8.26,-0.400000000000002,87.134094
8.26,0.779999999999998,87.134094
8.26,1.96,87.134094
8.26,3.14,87.134094
9.44,-2.76,87.134094
9.44,-1.58,87.134094
9.44,-0.400000000000002,87.134094
9.44,0.779999999999998,87.134094
9.44,1.96,87.134094
9.44,3.14,87.134094
10.62,-2.76,87.134094
10.62,-1.58,87.134094
10.62,-0.400000000000002,87.134094
10.62,0.779999999999998,87.134094
10.62,1.96,87.134094
10.62,3.14,87.134094
0,-2.76,87.754094
1.18,-2.76,87.754094
2.36,-2.76,87.754094
3.54,-2.76,87.754094
4.72,-2.76,87.754094
5.9,-2.76,87.754094
7.08,-2.76,87.754094
8.26,-2.76,87.754094
9.44,-2.76,87.754094
10.62,-2.76,87.754094
0,-1.58,87.754094
1.18,-1.58,87.754094
2.36,-1.58,87.754094
3.54,-1.58,87.754094
4.72,-1.58,87.754094
5.9,-1.58,87.754094
7.08,-1.58,87.754094
8.26,-1.58,87.754094
9.44,-1.58,87.754094
10.62,-1.58,87.754094
0,-0.400000000000002,87.754094
1.18,-0.400000000000002,87.754094
2.36,-0.400000000000002,87.754094
3.54,-0.400000000000002,87.754094
4.72,-0.400000000000002,87.754094
5.9,-0.400000000000002,87.754094
7.08,-0.400000000000002,87.754094
8.26,-0.400000000000002,87.754094
9.44,-0.400000000000002,87.754094
10.62,-0.400000000000002,87.754094
0,0.779999999999998,87.754094
1.18,0.779999999999998,87.754094
2.36,0.779999999999998,87.754094
3.54,0.779999999999998,87.754094
4.72,0.779999999999998,87.754094
5.9,0.779999999999998,87.754094
7.08,0.779999999999998,87.754094
8.26,0.779999999999998,87.754094
9.44,0.779999999999998,87.754094
10.62,0.779999999999998,87.754094
0,1.96,87.754094
1.18,1.96,87.754094
2.36,1.96,87.754094
3.54,1.96,87.754094
4.72,1.96,87.754094
5.9,1.96,87.754094
7.08,1.96,87.754094
8.26,1.96,87.754094
9.44,1.96,87.754094
10.62,1.96,87.754094
0,3.14,87.754094
1.18,3.14,87.754094
2.36,3.14,87.754094
3.54,3.14,87.754094
4.72,3.14,87.754094
5.9,3.14,87.754094
7.08,3.14,87.754094
8.26,3.14,87.754094
9.44,3.14,87.754094
10.62,3.14,87.754094
0,-3.94,88.374094
0,-2.76,88.374094
0,-1.58,88.374094
0,-0.400000000000002,88.374094
0,0.779999999999998,88.374094
0,1.96,88.374094
0,3.14,88.374094
0,4.32,88.374094
1.18,-3.94,88.374094
1.18,-2.76,88.374094
1.18,-1.58,88.374094
1.18,-0.400000000000002,88.374094
1.18,0.779999999999998,88.374094
1.18,1.96,88.374094
1.18,3.14,88.374094
1.18,4.32,88.374094
2.36,-3.94,88.374094
2.36,-2.76,88.374094
2.36,-1.58,88.374094
2.36,-0.400000000000002,88.374094
2.36,0.779999999999998,88.374094
2.36,1.96,88.374094
2.36,3.14,88.374094
2.36,4.32,88.374094
3.54,-3.94,88.374094
3.54,-2.76,88.374094
3.54,-1.58,88.374094
3.54,-0.400000000000002,88.374094
3.54,0.779999999999998,88.374094
3.54,1.96,88.374094
3.54,3.14,88.374094
3.54,4.32,88.374094
4.72,-3.94,88.374094
4.72,-2.76,88.374094
4.72,-1.58,88.374094
4.72,-0.400000000000002,88.374094
4.72,0.779999999999998,88.374094
4.72,1.96,88.374094
4.72,3.14,88.374094
4.72,4.32,88.374094
5.9,-3.94,88.374094
5.9,-2.76,88.374094
5.9,-1.58,88.374094
5.9,-0.400000000000002,88.374094
5.9,0.779999999999998,88.374094
5.9,1.96,88.374094
5.9,3.14,88.374094
5.9,4.32,88.374094
7.08,-3.94,88.374094
7.08,-2.76,88.374094
7.08,-1.58,88.374094
7.08,-0.400000000000002,88.374094
7.08,0.779999999999998,88.374094
7.08,1.96,88.374094
7.08,3.14,88.374094
7.08,4.32,88.374094
8.26,-3.94,88.374094
8.26,-2.76,88.374094
8.26,-1.58,88.374094
8.26,-0.400000000000002,88.374094
8.26,0.779999999999998,88.374094
8.26,1.96,88.374094
8.26,3.14,88.374094
8.26,4.32,88.374094
9.44,-3.94,88.374094
9.44,-2.76,88.374094
9.44,-1.58,88.374094
9.44,-0.400000000000002,88.374094
9.44,0.779999999999998,88.374094
9.44,1.96,88.374094
9.44,3.14,88.374094
9.44,4.32,88.374094
10.62,-3.94,88.374094
10.62,-2.76,88.374094
10.62,-1.58,88.374094
10.62,-0.400000000000002,88.374094
10.62,0.779999999999998,88.374094
10.62,1.96,88.374094
10.62,3.14,88.374094
10.62,4.32,88.374094
0,-3.94,88.994094
1.18,-3.94,88.994094
2.36,-3.94,88.994094
3.54,-3.94,88.994094
4.72,-3.94,88.994094
5.9,-3.94,88.994094
7.08,-3.94,88.994094
8.26,-3.94,88.994094
9.44,-3.94,88.994094
10.62,-3.94,88.994094
0,-2.76,88.994094
1.18,-2.76,88.994094
2.36,-2.76,88.994094
3.54,-2.76,88.994094
4.72,-2.76,88.994094
5.9,-2.76,88.994094
7.08,-2.76,88.994094
8.26,-2.76,88.994094
9.44,-2.76,88.994094
10.62,-2.76,88.994094
0,-1.58,88.994094
1.18,-1.58,88.994094
2.36,-1.58,88.994094
3.54,-1.58,88.994094
4.72,-1.58,88.994094
5.9,-1.58,88.994094
7.08,-1.58,88.994094
8.26,-1.58,88.994094
9.44,-1.58,88.994094
10.62,-1.58,88.994094
0,-0.400000000000002,88.994094
1.18,-0.400000000000002,88.994094
2.36,-0.400000000000002,88.994094
3.54,-0.400000000000002,88.994094
4.72,-0.400000000000002,88.994094
5.9,-0.400000000000002,88.994094
7.08,-0.400000000000002,88.994094
8.26,-0.400000000000002,88.994094
9.44,-0.400000000000002,88.994094
10.62,-0.400000000000002,88.994094
0,0.779999999999998,88.994094
1.18,0.779999999999998,88.994094
2.36,0.779999999999998,88.994094
3.54,0.779999999999998,88.994094
4.72,0.779999999999998,88.994094
5.9,0.779999999999998,88.994094
7.08,0.779999999999998,88.994094
8.26,0.779999999999998,88.994094
9.44,0.779999999999998,88.994094
10.62,0.779999999999998,88.994094
0,1.96,88.994094
1.18,1.96,88.994094
2.36,1.96,88.994094
3.54,1.96,88.994094
4.72,1.96,88.994094
5.9,1.96,88.994094
7.08,1.96,88.994094
8.26,1.96,88.994094
9.44,1.96,88.994094
10.62,1.96,88.994094
0,3.14,88.994094
1.18,3.14,88.994094
2.36,3.14,88.994094
3.54,3.14,88.994094
4.72,3.14,88.994094
5.9,3.14,88.994094
7.08,3.14,88.994094
8.26,3.14,88.994094
9.44,3.14,88.994094
10.62,3.14,88.994094
0,4.32,88.994094
1.18,4.32,88.994094
2.36,4.32,88.994094
3.54,4.32,88.994094
4.72,4.32,88.994094
5.9,4.32,88.994094
7.08,4.32,88.994094
8.26,4.32,88.994094
9.44,4.32,88.994094
10.62,4.32,88.994094
0,-3.94,89.614094
0,-2.76,89.614094
0,-1.58,89.614094
0,-0.400000000000002,89.614094
0,0.779999999999998,89.614094
0,1.96,89.614094
0,3.14,89.614094
0,4.32,89.614094
1.18,-3.94,89.614094
1.18,-2.76,89.614094
1.18,-1.58,89.614094
1.18,-0.400000000000002,89.614094
1.18,0.779999999999998,89.614094
1.18,1.96,89.614094
1.18,3.14,89.614094
1.18,4.32,89.614094
2.36,-3.94,89.614094
2.36,-2.76,89.614094
2.36,-1.58,89.614094
2.36,-0.400000000000002,89.614094
2.36,0.779999999999998,89.614094
2.36,1.96,89.614094
2.36,3.14,89.614094
2.36,4.32,89.614094
3.54,-3.94,89.614094
3.54,-2.76,89.614094
3.54,-1.58,89.614094
3.54,-0.400000000000002,89.614094
3.54,0.779999999999998,89.614094
3.54,1.96,89.614094
3.54,3.14,89.614094
3.54,4.32,89.614094
4.72,-3.94,89.614094
4.72,-2.76,89.614094
4.72,-1.58,89.614094
4.72,-0.400000000000002,89.614094
4.72,0.779999999999998,89.614094
4.72,1.96,89.614094
4.72,3.14,89.614094
4.72,4.32,89.614094
5.9,-3.94,89.614094
5.9,-2.76,89.614094
5.9,-1.58,89.614094
5.9,-0.400000000000002,89.614094
5.9,0.779999999999998,89.614094
5.9,1.96,89.614094
5.9,3.14,89.614094
5.9,4.32,89.614094
7.08,-3.94,89.614094
7.08,-2.76,89.614094
7.08,-1.58,89.614094
7.08,-0.400000000000002,89.614094
7.08,0.779999999999998,89.614094
7.08,1.96,89.614094
7.08,3.14,89.614094
7.08,4.32,89.614094
8.26,-3.94,89.614094
8.26,-2.76,89.614094
8.26,-1.58,89.614094
8.26,-0.400000000000002,89.614094
8.26,0.779999999999998,89.614094
8.26,1.96,89.614094
8.26,3.14,89.614094
8.26,4.32,89.614094
9.44,-3.94,89.614094
9.44,-2.76,89.614094
9.44,-1.58,89.614094
9.44,-0.400000000000002,89.614094
9.44,0.779999999999998,89.614094
9.44,1.96,89.614094
9.44,3.14,89.614094
9.44,4.32,89.614094
10.62,-3.94,89.614094
10.62,-2.76,89.614094
10.62,-1.58,89.614094
10.62,-0.400000000000002,89.614094
10.62,0.779999999999998,89.614094
10.62,1.96,89.614094
10.62,3.14,89.614094
10.62,4.32,89.614094
0,-5.12,90.234094
1.18,-5.12,90.234094
2.36,-5.12,90.234094
3.54,-5.12,90.234094
4.72,-5.12,90.234094
5.9,-5.12,90.234094
7.08,-5.12,90.234094
8.26,-5.12,90.234094
9.44,-5.12,90.234094
10.62,-5.12,90.234094
0,-3.94,90.234094
1.18,-3.94,90.234094
2.36,-3.94,90.234094
3.54,-3.94,90.234094
4.72,-3.94,90.234094
5.9,-3.94,90.234094
7.08,-3.94,90.234094
8.26,-3.94,90.234094
9.44,-3.94,90.234094
10.62,-3.94,90.234094
0,-2.76,90.234094
1.18,-2.76,90.234094
2.36,-2.76,90.234094
3.54,-2.76,90.234094
4.72,-2.76,90.234094
5.9,-2.76,90.234094
7.08,-2.76,90.234094
8.26,-2.76,90.234094
9.44,-2.76,90.234094
10.62,-2.76,90.234094
0,-1.58,90.234094
1.18,-1.58,90.234094
2.36,-1.58,90.234094
3.54,-1.58,90.234094
4.72,-1.58,90.234094
5.9,-1.58,90.234094
7.08,-1.58,90.234094
8.26,-1.58,90.234094
9.44,-1.58,90.234094
10.62,-1.58,90.234094
0,-0.400000000000002,90.234094
1.18,-0.400000000000002,90.234094
2.36,-0.400000000000002,90.234094
3.54,-0.400000000000002,90.234094
4.72,-0.400000000000002,90.234094
5.9,-0.400000000000002,90.234094
7.08,-0.400000000000002,90.234094
8.26,-0.400000000000002,90.234094
9.44,-0.400000000000002,90.234094
10.62,-0.400000000000002,90.234094
0,0.779999999999998,90.234094
1.18,0.779999999999998,90.234094
2.36,0.779999999999998,90.234094
3.54,0.779999999999998,90.234094
4.72,0.779999999999998,90.234094
5.9,0.779999999999998,90.234094
7.08,0.779999999999998,90.234094
8.26,0.779999999999998,90.234094
9.44,0.779999999999998,90.234094
10.62,0.779999999999998,90.234094
0,1.96,90.234094
1.18,1.96,90.234094
2.36,1.96,90.234094
3.54,1.96,90.234094
4.72,1.96,90.234094
5.9,1.96,90.234094
7.08,1.96,90.234094
8.26,1.96,90.234094
9.44,1.96,90.234094
10.62,1.96,90.234094
0,3.14,90.234094
1.18,3.14,90.234094
2.36,3.14,90.234094
3.54,3.14,90.234094
4.72,3.14,90.234094
5.9,3.14,90.234094
7.08,3.14,90.234094
8.26,3.14,90.234094
9.44,3.14,90.234094
10.62,3.14,90.234094
0,4.32,90.234094
1.18,4.32,90.234094
2.36,4.32,90.234094
3.54,4.32,90.234094
4.72,4.32,90.234094
5.9,4.32,90.234094
7.08,4.32,90.234094
8.26,4.32,90.234094
9.44,4.32,90.234094
10.62,4.32,90.234094
0,5.5,90.234094
1.18,5.5,90.234094
2.36,5.5,90.234094
3.54,5.5,90.234094
4.72,5.5,90.234094
5.9,5.5,90.234094
7.08,5.5,90.234094
8.26,5.5,90.234094
9.44,5.5,90.234094
10.62,5.5,90.234094
0,-5.12,90.854094
0,-3.94,90.854094
0,-2.76,90.854094
0,-1.58,90.854094
0,-0.400000000000002,90.854094
0,0.779999999999998,90.854094
0,1.96,90.854094
0,3.14,90.854094
0,4.32,90.854094
0,5.5,90.854094
1.18,-5.12,90.854094
1.18,-3.94,90.854094
1.18,-2.76,90.854094
1.18,-1.58,90.854094
1.18,-0.400000000000002,90.854094
1.18,0.779999999999998,90.854094
1.18,1.96,90.854094
1.18,3.14,90.854094
1.18,4.32,90.854094
1.18,5.5,90.854094
2.36,-5.12,90.854094
2.36,-3.94,90.854094
2.36,-2.76,90.854094
2.36,-1.58,90.854094
2.36,-0.400000000000002,90.854094
2.36,0.779999999999998,90.854094
2.36,1.96,90.854094
2.36,3.14,90.854094
2.36,4.32,90.854094
2.36,5.5,90.854094
3.54,-5.12,90.854094
3.54,-3.94,90.854094
3.54,-2.76,90.854094
3.54,-1.58,90.854094
3.54,-0.400000000000002,90.854094
3.54,0.779999999999998,90.854094
3.54,1.96,90.854094
3.54,3.14,90.854094
3.54,4.32,90.854094
3.54,5.5,90.854094
4.72,-5.12,90.854094
4.72,-3.94,90.854094
4.72,-2.76,90.854094
4.72,-1.58,90.854094
4.72,-0.400000000000002,90.854094
4.72,0.779999999999998,90.854094
4.72,1.96,90.854094
4.72,3.14,90.854094
4.72,4.32,90.854094
4.72,5.5,90.854094
5.9,-5.12,90.854094
5.9,-3.94,90.854094
5.9,-2.76,90.854094
5.9,-1.58,90.854094
5.9,-0.400000000000002,90.854094
5.9,0.779999999999998,90.854094
5.9,1.96,90.854094
5.9,3.14,90.854094
5.9,4.32,90.854094
5.9,5.5,90.854094
7.08,-5.12,90.854094
7.08,-3.94,90.854094
7.08,-2.76,90.854094
7.08,-1.58,90.854094
7.08,-0.400000000000002,90.854094
7.08,0.779999999999998,90.854094
7.08,1.96,90.854094
7.08,3.14,90.854094
7.08,4.32,90.854094
7.08,5.5,90.854094
8.26,-5.12,90.854094
8.26,-3.94,90.854094
8.26,-2.76,90.854094
8.26,-1.58,90.854094
8.26,-0.400000000000002,90.854094
8.26,0.779999999999998,90.854094
8.26,1.96,90.854094
8.26,3.14,90.854094
8.26,4.32,90.854094
8.26,5.5,90.854094
9.44,-5.12,90.854094
9.44,-3.94,90.854094
9.44,-2.76,90.854094
9.44,-1.58,90.854094
9.44,-0.400000000000002,90.854094
9.44,0.779999999999998,90.854094
9.44,1.96,90.854094
9.44,3.14,90.854094
9.44,4.32,90.854094
9.44,5.5,90.854094
10.62,-5.12,90.854094
10.62,-3.94,90.854094
10.62,-2.76,90.854094
10.62,-1.58,90.854094
10.62,-0.400000000000002,90.854094
10.62,0.779999999999998,90.854094
10.62,1.96,90.854094
10.62,3.14,90.854094
10.62,4.32,90.854094
10.62,5.5,90.854094
0,-6.3,91.474094
1.18,-6.3,91.474094
2.36,-6.3,91.474094
3.54,-6.3,91.474094
4.72,-6.3,91.474094
5.9,-6.3,91.474094
7.08,-6.3,91.474094
8.26,-6.3,91.474094
9.44,-6.3,91.474094
10.62,-6.3,91.474094
0,-5.12,91.474094
1.18,-5.12,91.474094
2.36,-5.12,91.474094
3.54,-5.12,91.474094
4.72,-5.12,91.474094
5.9,-5.12,91.474094
7.08,-5.12,91.474094
8.26,-5.12,91.474094
9.44,-5.12,91.474094
10.62,-5.12,91.474094
0,-3.94,91.474094
1.18,-3.94,91.474094
2.36,-3.94,91.474094
3.54,-3.94,91.474094
4.72,-3.94,91.474094
5.9,-3.94,91.474094
7.08,-3.94,91.474094
8.26,-3.94,91.474094
9.44,-3.94,91.474094
10.62,-3.94,91.474094
0,-2.76,91.474094
1.18,-2.76,91.474094
2.36,-2.76,91.474094
3.54,-2.76,91.474094
4.72,-2.76,91.474094
5.9,-2.76,91.474094
7.08,-2.76,91.474094
8.26,-2.76,91.474094
9.44,-2.76,91.474094
10.62,-2.76,91.474094
0,-1.58,91.474094
1.18,-1.58,91.474094
2.36,-1.58,91.474094
3.54,-1.58,91.474094
4.72,-1.58,91.474094
5.9,-1.58,91.474094
7.08,-1.58,91.474094
8.26,-1.58,91.474094
9.44,-1.58,91.474094
10.62,-1.58,91.474094
0,-0.400000000000002,91.474094
1.18,-0.400000000000002,91.474094
2.36,-0.400000000000002,91.474094
3.54,-0.400000000000002,91.474094
4.72,-0.400000000000002,91.474094
5.9,-0.400000000000002,91.474094
7.08,-0.400000000000002,91.474094
8.26,-0.400000000000002,91.474094
9.44,-0.400000000000002,91.474094
10.62,-0.400000000000002,91.474094
0,0.779999999999998,91.474094
1.18,0.779999999999998,91.474094
2.36,0.779999999999998,91.474094
3.54,0.779999999999998,91.474094
4.72,0.779999999999998,91.474094
5.9,0.779999999999998,91.474094
7.08,0.779999999999998,91.474094
8.26,0.779999999999998,91.474094
9.44,0.779999999999998,91.474094
10.62,0.779999999999998,91.474094
0,1.96,91.474094
1.18,1.96,91.474094
2.36,1.96,91.474094
3.54,1.96,91.474094
4.72,1.96,91.474094
5.9,1.96,91.474094
7.08,1.96,91.474094
8.26,1.96,91.474094
9.44,1.96,91.474094
10.62,1.96,91.474094
0,3.14,91.474094
1.18,3.14,91.474094
2.36,3.14,91.474094
3.54,3.14,91.474094
4.72,3.14,91.474094
5.9,3.14,91.474094
7.08,3.14,91.474094
8.26,3.14,91.474094
9.44,3.14,91.474094
10.62,3.14,91.474094
0,4.32,91.474094
1.18,4.32,91.474094
2.36,4.32,91.474094
3.54,4.32,91.474094
4.72,4.32,91.474094
5.9,4.32,91.474094
7.08,4.32,91.474094
8.26,4.32,91.474094
9.44,4.32,91.474094
10.62,4.32,91.474094
0,5.5,91.474094
1.18,5.5,91.474094
2.36,5.5,91.474094
3.54,5.5,91.474094
4.72,5.5,91.474094
5.9,5.5,91.474094
7.08,5.5,91.474094
8.26,5.5,91.474094
9.44,5.5,91.474094
10.62,5.5,91.474094
0,6.68,91.474094
1.18,6.68,91.474094
2.36,6.68,91.474094
3.54,6.68,91.474094
4.72,6.68,91.474094
5.9,6.68,91.474094
7.08,6.68,91.474094
8.26,6.68,91.474094
9.44,6.68,91.474094
10.62,6.68,91.474094
0,-7.48,92.094094
0,-6.3,92.094094
0,-5.12,92.094094
0,-3.94,92.094094
0,-2.76,92.094094
0,-1.58,92.094094
0,-0.400000000000002,92.094094
0,0.779999999999998,92.094094
0,1.96,92.094094
0,3.14,92.094094
0,4.32,92.094094
0,5.5,92.094094
0,6.68,92.094094
0,7.86,92.094094
1.18,-7.48,92.094094
1.18,-6.3,92.094094
1.18,-5.12,92.094094
1.18,-3.94,92.094094
1.18,-2.76,92.094094
1.18,-1.58,92.094094
1.18,-0.400000000000002,92.094094
1.18,0.779999999999998,92.094094
1.18,1.96,92.094094
1.18,3.14,92.094094
1.18,4.32,92.094094
1.18,5.5,92.094094
1.18,6.68,92.094094
1.18,7.86,92.094094
2.36,-7.48,92.094094
2.36,-6.3,92.094094
2.36,-5.12,92.094094
2.36,-3.94,92.094094
2.36,-2.76,92.094094
2.36,-1.58,92.094094
2.36,-0.400000000000002,92.094094
2.36,0.779999999999998,92.094094
2.36,1.96,92.094094
2.36,3.14,92.094094
2.36,4.32,92.094094
2.36,5.5,92.094094
2.36,6.68,92.094094
2.36,7.86,92.094094
3.54,-7.48,92.094094
3.54,-6.3,92.094094
3.54,-5.12,92.094094
3.54,-3.94,92.094094
3.54,-2.76,92.094094
3.54,-1.58,92.094094
3.54,-0.400000000000002,92.094094
3.54,0.779999999999998,92.094094
3.54,1.96,92.094094
3.54,3.14,92.094094
3.54,4.32,92.094094
3.54,5.5,92.094094
3.54,6.68,92.094094
3.54,7.86,92.094094
4.72,-7.48,92.094094
4.72,-6.3,92.094094
4.72,-5.12,92.094094
4.72,-3.94,92.094094
4.72,-2.76,92.094094
4.72,-1.58,92.094094
4.72,-0.400000000000002,92.094094
4.72,0.779999999999998,92.094094
4.72,1.96,92.094094
4.72,3.14,92.094094
4.72,4.32,92.094094
4.72,5.5,92.094094
4.72,6.68,92.094094
4.72,7.86,92.094094
5.9,-7.48,92.094094
5.9,-6.3,92.094094
5.9,-5.12,92.094094
5.9,-3.94,92.094094
5.9,-2.76,92.094094
5.9,-1.58,92.094094
5.9,-0.400000000000002,92.094094
5.9,0.779999999999998,92.094094
5.9,1.96,92.094094
5.9,3.14,92.094094
5.9,4.32,92.094094
5.9,5.5,92.094094
5.9,6.68,92.094094
5.9,7.86,92.094094
7.08,-7.48,92.094094
7.08,-6.3,92.094094
7.08,-5.12,92.094094
7.08,-3.94,92.094094
7.08,-2.76,92.094094
7.08,-1.58,92.094094
7.08,-0.400000000000002,92.094094
7.08,0.779999999999998,92.094094
7.08,1.96,92.094094
7.08,3.14,92.094094
7.08,4.32,92.094094
7.08,5.5,92.094094
7.08,6.68,92.094094
7.08,7.86,92.094094
8.26,-7.48,92.094094
8.26,-6.3,92.094094
8.26,-5.12,92.094094
8.26,-3.94,92.094094
8.26,-2.76,92.094094
8.26,-1.58,92.094094
8.26,-0.400000000000002,92.094094
8.26,0.779999999999998,92.094094
8.26,1.96,92.094094
8.26,3.14,92.094094
8.26,4.32,92.094094
8.26,5.5,92.094094
8.26,6.68,92.094094
8.26,7.86,92.094094
9.44,-7.48,92.094094
9.44,-6.3,92.094094
9.44,-5.12,92.094094
9.44,-3.94,92.094094
9.44,-2.76,92.094094
9.44,-1.58,92.094094
9.44,-0.400000000000002,92.094094
9.44,0.779999999999998,92.094094
9.44,1.96,92.094094
9.44,3.14,92.094094
9.44,4.32,92.094094
9.44,5.5,92.094094
9.44,6.68,92.094094
9.44,7.86,92.094094
10.62,-7.48,92.094094
10.62,-6.3,92.094094
10.62,-5.12,92.094094
10.62,-3.94,92.094094
10.62,-2.76,92.094094
10.62,-1.58,92.094094
10.62,-0.400000000000002,92.094094
10.62,0.779999999999998,92.094094
10.62,1.96,92.094094
10.62,3.14,92.094094
10.62,4.32,92.094094
10.62,5.5,92.094094
10.62,6.68,92.094094
10.62,7.86,92.094094
0,-7.48,92.714094
1.18,-7.48,92.714094
2.36,-7.48,92.714094
3.54,-7.48,92.714094
4.72,-7.48,92.714094
5.9,-7.48,92.714094
7.08,-7.48,92.714094
8.26,-7.48,92.714094
9.44,-7.48,92.714094
10.62,-7.48,92.714094
0,-6.3,92.714094
1.18,-6.3,92.714094
2.36,-6.3,92.714094
3.54,-6.3,92.714094
4.72,-6.3,92.714094
5.9,-6.3,92.714094
7.08,-6.3,92.714094
8.26,-6.3,92.714094
9.44,-6.3,92.714094
10.62,-6.3,92.714094
0,-5.12,92.714094
1.18,-5.12,92.714094
2.36,-5.12,92.714094
3.54,-5.12,92.714094
4.72,-5.12,92.714094
5.9,-5.12,92.714094
7.08,-5.12,92.714094
8.26,-5.12,92.714094
9.44,-5.12,92.714094
10.62,-5.12,92.714094
0,-3.94,92.714094
1.18,-3.94,92.714094
2.36,-3.94,92.714094
3.54,-3.94,92.714094
4.72,-3.94,92.714094
5.9,-3.94,92.714094
7.08,-3.94,92.714094
8.26,-3.94,92.714094
9.44,-3.94,92.714094
10.62,-3.94,92.714094
0,-2.76,92.714094
1.18,-2.76,92.714094
2.36,-2.76,92.714094
3.54,-2.76,92.714094
4.72,-2.76,92.714094
5.9,-2.76,92.714094
7.08,-2.76,92.714094
8.26,-2.76,92.714094
9.44,-2.76,92.714094
10.62,-2.76,92.714094
0,-1.58,92.714094
1.18,-1.58,92.714094
2.36,-1.58,92.714094
3.54,-1.58,92.714094
4.72,-1.58,92.714094
5.9,-1.58,92.714094
7.08,-1.58,92.714094
8.26,-1.58,92.714094
9.44,-1.58,92.714094
10.62,-1.58,92.714094
0,-0.400000000000002,92.714094
1.18,-0.400000000000002,92.714094
2.36,-0.400000000000002,92.714094
3.54,-0.400000000000002,92.714094
4.72,-0.400000000000002,92.714094
5.9,-0.400000000000002,92.714094
7.08,-0.400000000000002,92.714094
8.26,-0.400000000000002,92.714094
9.44,-0.400000000000002,92.714094
10.62,-0.400000000000002,92.714094
0,0.779999999999998,92.714094
1.18,0.779999999999998,92.714094
2.36,0.779999999999998,92.714094
3.54,0.779999999999998,92.714094
4.72,0.779999999999998,92.714094
5.9,0.779999999999998,92.714094
7.08,0.779999999999998,92.714094
8.26,0.779999999999998,92.714094
9.44,0.779999999999998,92.714094
10.62,0.779999999999998,92.714094
0,1.96,92.714094
1.18,1.96,92.714094
2.36,1.96,92.714094
3.54,1.96,92.714094
4.72,1.96,92.714094
5.9,1.96,92.714094
7.08,1.96,92.714094
8.26,1.96,92.714094
9.44,1.96,92.714094
10.62,1.96,92.714094
0,3.14,92.714094
1.18,3.14,92.714094
2.36,3.14,92.714094
3.54,3.14,92.714094
4.72,3.14,92.714094
5.9,3.14,92.714094
7.08,3.14,92.714094
8.26,3.14,92.714094
9.44,3.14,92.714094
10.62,3.14,92.714094
0,4.32,92.714094
1.18,4.32,92.714094
2.36,4.32,92.714094
3.54,4.32,92.714094
4.72,4.32,92.714094
5.9,4.32,92.714094
7.08,4.32,92.714094
8.26,4.32,92.714094
9.44,4.32,92.714094
10.62,4.32,92.714094
0,5.5,92.714094
1.18,5.5,92.714094
2.36,5.5,92.714094
3.54,5.5,92.714094
4.72,5.5,92.714094
5.9,5.5,92.714094
7.08,5.5,92.714094
8.26,5.5,92.714094
9.44,5.5,92.714094
10.62,5.5,92.714094
0,6.68,92.714094
1.18,6.68,92.714094
2.36,6.68,92.714094
3.54,6.68,92.714094
4.72,6.68,92.714094
5.9,6.68,92.714094
7.08,6.68,92.714094
8.26,6.68,92.714094
9.44,6.68,92.714094
10.62,6.68,92.714094
0,7.86,92.714094
1.18,7.86,92.714094
2.36,7.86,92.714094
3.54,7.86,92.714094
4.72,7.86,92.714094
5.9,7.86,92.714094
7.08,7.86,92.714094
8.26,7.86,92.714094
9.44,7.86,92.714094
10.62,7.86,92.714094
0,-9.84,93.334094
0,-8.66,93.334094
0,-7.48,93.334094
0,-6.3,93.334094
0,-5.12,93.334094
0,-3.94,93.334094
0,-2.76,93.334094
0,-1.58,93.334094
0,-0.400000000000002,93.334094
0,0.779999999999998,93.334094
0,1.96,93.334094
0,3.14,93.334094
0,4.32,93.334094
0,5.5,93.334094
0,6.68,93.334094
0,7.86,93.334094
0,9.04,93.334094
1.18,-9.84,93.334094
1.18,-8.66,93.334094
1.18,-7.48,93.334094
1.18,-6.3,93.334094
1.18,-5.12,93.334094
1.18,-3.94,93.334094
1.18,-2.76,93.334094
1.18,-1.58,93.334094
1.18,-0.400000000000002,93.334094
1.18,0.779999999999998,93.334094
1.18,1.96,93.334094
1.18,3.14,93.334094
1.18,4.32,93.334094
1.18,5.5,93.334094
1.18,6.68,93.334094
1.18,7.86,93.334094
1.18,9.04,93.334094
2.36,-9.84,93.334094
2.36,-8.66,93.334094
2.36,-7.48,93.334094
2.36,-6.3,93.334094
2.36,-5.12,93.334094
2.36,-3.94,93.334094
2.36,-2.76,93.334094
2.36,-1.58,93.334094
2.36,-0.400000000000002,93.334094
2.36,0.779999999999998,93.334094
2.36,1.96,93.334094
2.36,3.14,93.334094
2.36,4.32,93.334094
2.36,5.5,93.334094
2.36,6.68,93.334094
2.36,7.86,93.334094
2.36,9.04,93.334094
3.54,-9.84,93.334094
3.54,-8.66,93.334094
3.54,-7.48,93.334094
3.54,-6.3,93.334094
3.54,-5.12,93.334094
3.54,-3.94,93.334094
3.54,-2.76,93.334094
3.54,-1.58,93.334094
3.54,-0.400000000000002,93.334094
3.54,0.779999999999998,93.334094
3.54,1.96,93.334094
3.54,3.14,93.334094
3.54,4.32,93.334094
3.54,5.5,93.334094
3.54,6.68,93.334094
3.54,7.86,93.334094
3.54,9.04,93.334094
4.72,-9.84,93.334094
4.72,-8.66,93.334094
4.72,-7.48,93.334094
4.72,-6.3,93.334094
4.72,-5.12,93.334094
4.72,-3.94,93.334094
4.72,-2.76,93.334094
4.72,-1.58,93.334094
4.72,-0.400000000000002,93.334094
4.72,0.779999999999998,93.334094
4.72,1.96,93.334094
4.72,3.14,93.334094
4.72,4.32,93.334094
4.72,5.5,93.334094
4.72,6.68,93.334094
4.72,7.86,93.334094
4.72,9.04,93.334094
5.9,-9.84,93.334094
5.9,-8.66,93.334094
5.9,-7.48,93.334094
5.9,-6.3,93.334094
5.9,-5.12,93.334094
5.9,-3.94,93.334094
5.9,-2.76,93.334094
5.9,-1.58,93.334094
5.9,-0.400000000000002,93.334094
5.9,0.779999999999998,93.334094
5.9,1.96,93.334094
5.9,3.14,93.334094
5.9,4.32,93.334094
5.9,5.5,93.334094
5.9,6.68,93.334094
5.9,7.86,93.334094
5.9,9.04,93.334094
7.08,-9.84,93.334094
7.08,-8.66,93.334094
7.08,-7.48,93.334094
7.08,-6.3,93.334094
7.08,-5.12,93.334094
7.08,-3.94,93.334094
7.08,-2.76,93.334094
7.08,-1.58,93.334094
7.08,-0.400000000000002,93.334094
7.08,0.779999999999998,93.334094
7.08,1.96,93.334094
7.08,3.14,93.334094
7.08,4.32,93.334094
7.08,5.5,93.334094
7.08,6.68,93.334094
7.08,7.86,93.334094
7.08,9.04,93.334094
8.26,-9.84,93.334094
8.26,-8.66,93.334094
8.26,-7.48,93.334094
8.26,-6.3,93.334094
8.26,-5.12,93.334094
8.26,-3.94,93.334094
8.26,-2.76,93.334094
8.26,-1.58,93.334094
8.26,-0.400000000000002,93.334094
8.26,0.779999999999998,93.334094
8.26,1.96,93.334094
8.26,3.14,93.334094
8.26,4.32,93.334094
8.26,5.5,93.334094
8.26,6.68,93.334094
8.26,7.86,93.334094
8.26,9.04,93.334094
9.44,-9.84,93.334094
9.44,-8.66,93.334094
9.44,-7.48,93.334094
9.44,-6.3,93.334094
9.44,-5.12,93.334094
9.44,-3.94,93.334094
9.44,-2.76,93.334094
9.44,-1.58,93.334094
9.44,-0.400000000000002,93.334094
9.44,0.779999999999998,93.334094
9.44,1.96,93.334094
9.44,3.14,93.334094
9.44,4.32,93.334094
9.44,5.5,93.334094
9.44,6.68,93.334094
9.44,7.86,93.334094
9.44,9.04,93.334094
10.62,-9.84,93.334094
10.62,-8.66,93.334094
10.62,-7.48,93.334094
10.62,-6.3,93.334094
10.62,-5.12,93.334094
10.62,-3.94,93.334094
10.62,-2.76,93.334094
10.62,-1.58,93.334094
10.62,-0.400000000000002,93.334094
10.62,0.779999999999998,93.334094
10.62,1.96,93.334094
10.62,3.14,93.334094
10.62,4.32,93.334094
10.62,5.5,93.334094
10.62,6.68,93.334094
10.62,7.86,93.334094
10.62,9.04,93.334094
0,-9.84,93.954094
1.18,-9.84,93.954094
2.36,-9.84,93.954094
3.54,-9.84,93.954094
4.72,-9.84,93.954094
5.9,-9.84,93.954094
7.08,-9.84,93.954094
8.26,-9.84,93.954094
9.44,-9.84,93.954094
10.62,-9.84,93.954094
0,-8.66,93.954094
1.18,-8.66,93.954094
2.36,-8.66,93.954094
3.54,-8.66,93.954094
4.72,-8.66,93.954094
5.9,-8.66,93.954094
7.08,-8.66,93.954094
8.26,-8.66,93.954094
9.44,-8.66,93.954094
10.62,-8.66,93.954094
0,-7.48,93.954094
1.18,-7.48,93.954094
2.36,-7.48,93.954094
3.54,-7.48,93.954094
4.72,-7.48,93.954094
5.9,-7.48,93.954094
7.08,-7.48,93.954094
8.26,-7.48,93.954094
9.44,-7.48,93.954094
10.62,-7.48,93.954094
0,-6.3,93.954094
1.18,-6.3,93.954094
2.36,-6.3,93.954094
3.54,-6.3,93.954094
4.72,-6.3,93.954094
5.9,-6.3,93.954094
7.08,-6.3,93.954094
8.26,-6.3,93.954094
9.44,-6.3,93.954094
10.62,-6.3,93.954094
0,-5.12,93.954094
1.18,-5.12,93.954094
2.36,-5.12,93.954094
3.54,-5.12,93.954094
4.72,-5.12,93.954094
5.9,-5.12,93.954094
7.08,-5.12,93.954094
8.26,-5.12,93.954094
9.44,-5.12,93.954094
10.62,-5.12,93.954094
0,-3.94,93.954094
1.18,-3.94,93.954094
2.36,-3.94,93.954094
3.54,-3.94,93.954094
4.72,-3.94,93.954094
5.9,-3.94,93.954094
7.08,-3.94,93.954094
8.26,-3.94,93.954094
9.44,-3.94,93.954094
10.62,-3.94,93.954094
0,-2.76,93.954094
1.18,-2.76,93.954094
2.36,-2.76,93.954094
3.54,-2.76,93.954094
4.72,-2.76,93.954094
5.9,-2.76,93.954094
7.08,-2.76,93.954094
8.26,-2.76,93.954094
9.44,-2.76,93.954094
10.62,-2.76,93.954094
0,-1.58,93.954094
1.18,-1.58,93.954094
2.36,-1.58,93.954094
3.54,-1.58,93.954094
4.72,-1.58,93.954094
5.9,-1.58,93.954094
7.08,-1.58,93.954094
8.26,-1.58,93.954094
9.44,-1.58,93.954094
10.62,-1.58,93.954094
0,-0.400000000000002,93.954094
1.18,-0.400000000000002,93.954094
2.36,-0.400000000000002,93.954094
3.54,-0.400000000000002,93.954094
4.72,-0.400000000000002,93.954094
5.9,-0.400000000000002,93.954094
7.08,-0.400000000000002,93.954094
8.26,-0.400000000000002,93.954094
9.44,-0.400000000000002,93.954094
10.62,-0.400000000000002,93.954094
0,0.779999999999998,93.954094
1.18,0.779999999999998,93.954094
2.36,0.779999999999998,93.954094
3.54,0.779999999999998,93.954094
4.72,0.779999999999998,93.954094
5.9,0.779999999999998,93.954094
7.08,0.779999999999998,93.954094
8.26,0.779999999999998,93.954094
9.44,0.779999999999998,93.954094
10.62,0.779999999999998,93.954094
0,1.96,93.954094
1.18,1.96,93.954094
2.36,1.96,93.954094
3.54,1.96,93.954094
4.72,1.96,93.954094
5.9,1.96,93.954094
7.08,1.96,93.954094
8.26,1.96,93.954094
9.44,1.96,93.954094
10.62,1.96,93.954094
0,3.14,93.954094
1.18,3.14,93.954094
2.36,3.14,93.954094
3.54,3.14,93.954094
4.72,3.14,93.954094
5.9,3.14,93.954094
7.08,3.14,93.954094
8.26,3.14,93.954094
9.44,3.14,93.954094
10.62,3.14,93.954094
0,4.32,93.954094
1.18,4.32,93.954094
2.36,4.32,93.954094
3.54,4.32,93.954094
4.72,4.32,93.954094
5.9,4.32,93.954094
7.08,4.32,93.954094
8.26,4.32,93.954094
9.44,4.32,93.954094
10.62,4.32,93.954094
0,5.5,93.954094
1.18,5.5,93.954094
2.36,5.5,93.954094
3.54,5.5,93.954094
4.72,5.5,93.954094
5.9,5.5,93.954094
7.08,5.5,93.954094
8.26,5.5,93.954094
9.44,5.5,93.954094
10.62,5.5,93.954094
0,6.68,93.954094
1.18,6.68,93.954094
2.36,6.68,93.954094
3.54,6.68,93.954094
4.72,6.68,93.954094
5.9,6.68,93.954094
7.08,6.68,93.954094
8.26,6.68,93.954094
9.44,6.68,93.954094
10.62,6.68,93.954094
0,7.86,93.954094
1.18,7.86,93.954094
2.36,7.86,93.954094
3.54,7.86,93.954094
4.72,7.86,93.954094
5.9,7.86,93.954094
7.08,7.86,93.954094
8.26,7.86,93.954094
9.44,7.86,93.954094
10.62,7.86,93.954094
0,9.04,93.954094
1.18,9.04,93.954094
2.36,9.04,93.954094
3.54,9.04,93.954094
4.72,9.04,93.954094
5.9,9.04,93.954094
7.08,9.04,93.954094
8.26,9.04,93.954094
9.44,9.04,93.954094
10.62,9.04,93.954094
0,-9.84,94.574094
0,-8.66,94.574094
0,-7.48,94.574094
0,-6.3,94.574094
0,-5.12,94.574094
0,-3.94,94.574094
0,-2.76,94.574094
0,-1.58,94.574094
0,-0.400000000000002,94.574094
0,0.779999999999998,94.574094
0,1.96,94.574094
0,3.14,94.574094
0,4.32,94.574094
0,5.5,94.574094
0,6.68,94.574094
0,7.86,94.574094
0,9.04,94.574094
0,10.22,94.574094
1.18,-9.84,94.574094
1.18,-8.66,94.574094
1.18,-7.48,94.574094
1.18,-6.3,94.574094
1.18,-5.12,94.574094
1.18,-3.94,94.574094
1.18,-2.76,94.574094
1.18,-1.58,94.574094
1.18,-0.400000000000002,94.574094
1.18,0.779999999999998,94.574094
1.18,1.96,94.574094
1.18,3.14,94.574094
1.18,4.32,94.574094
1.18,5.5,94.574094
1.18,6.68,94.574094
1.18,7.86,94.574094
1.18,9.04,94.574094
1.18,10.22,94.574094
2.36,-9.84,94.574094
2.36,-8.66,94.574094
2.36,-7.48,94.574094
2.36,-6.3,94.574094
2.36,-5.12,94.574094
2.36,-3.94,94.574094
2.36,-2.76,94.574094
2.36,-1.58,94.574094
2.36,-0.400000000000002,94.574094
2.36,0.779999999999998,94.574094
2.36,1.96,94.574094
2.36,3.14,94.574094
2.36,4.32,94.574094
2.36,5.5,94.574094
2.36,6.68,94.574094
2.36,7.86,94.574094
2.36,9.04,94.574094
2.36,10.22,94.574094
3.54,-9.84,94.574094
3.54,-8.66,94.574094
3.54,-7.48,94.574094
3.54,-6.3,94.574094
3.54,-5.12,94.574094
3.54,-3.94,94.574094
3.54,-2.76,94.574094
3.54,-1.58,94.574094
3.54,-0.400000000000002,94.574094
3.54,0.779999999999998,94.574094
3.54,1.96,94.574094
3.54,3.14,94.574094
3.54,4.32,94.574094
3.54,5.5,94.574094
3.54,6.68,94.574094
3.54,7.86,94.574094
3.54,9.04,94.574094
3.54,10.22,94.574094
4.72,-9.84,94.574094
4.72,-8.66,94.574094
4.72,-7.48,94.574094
4.72,-6.3,94.574094
4.72,-5.12,94.574094
4.72,-3.94,94.574094
4.72,-2.76,94.574094
4.72,-1.58,94.574094
4.72,-0.400000000000002,94.574094
4.72,0.779999999999998,94.574094
4.72,1.96,94.574094
4.72,3.14,94.574094
4.72,4.32,94.574094
4.72,5.5,94.574094
4.72,6.68,94.574094
4.72,7.86,94.574094
4.72,9.04,94.574094
4.72,10.22,94.574094
5.9,-9.84,94.574094
5.9,-8.66,94.574094
5.9,-7.48,94.574094
5.9,-6.3,94.574094
5.9,-5.12,94.574094
5.9,-3.94,94.574094
5.9,-2.76,94.574094
5.9,-1.58,94.574094
5.9,-0.400000000000002,94.574094
5.9,0.779999999999998,94.574094
5.9,1.96,94.574094
5.9,3.14,94.574094
5.9,4.32,94.574094
5.9,5.5,94.574094
5.9,6.68,94.574094
5.9,7.86,94.574094
5.9,9.04,94.574094
5.9,10.22,94.574094
7.08,-9.84,94.574094
7.08,-8.66,94.574094
7.08,-7.48,94.574094
7.08,-6.3,94.574094
7.08,-5.12,94.574094
7.08,-3.94,94.574094
7.08,-2.76,94.574094
7.08,-1.58,94.574094
7.08,-0.400000000000002,94.574094
7.08,0.779999999999998,94.574094
7.08,1.96,94.574094
7.08,3.14,94.574094
7.08,4.32,94.574094
7.08,5.5,94.574094
7.08,6.68,94.574094
7.08,7.86,94.574094
7.08,9.04,94.574094
7.08,10.22,94.574094
8.26,-9.84,94.574094
8.26,-8.66,94.574094
8.26,-7.48,94.574094
8.26,-6.3,94.574094
8.26,-5.12,94.574094
8.26,-3.94,94.574094
8.26,-2.76,94.574094
8.26,-1.58,94.574094
8.26,-0.400000000000002,94.574094
8.26,0.779999999999998,94.574094
8.26,1.96,94.574094
8.26,3.14,94.574094
8.26,4.32,94.574094
8.26,5.5,94.574094
8.26,6.68,94.574094
8.26,7.86,94.574094
8.26,9.04,94.574094
8.26,10.22,94.574094
9.44,-9.84,94.574094
9.44,-8.66,94.574094
9.44,-7.48,94.574094
9.44,-6.3,94.574094
9.44,-5.12,94.574094
9.44,-3.94,94.574094
9.44,-2.76,94.574094
9.44,-1.58,94.574094
9.44,-0.400000000000002,94.574094
9.44,0.779999999999998,94.574094
9.44,1.96,94.574094
9.44,3.14,94.574094
9.44,4.32,94.574094
9.44,5.5,94.574094
9.44,6.68,94.574094
9.44,7.86,94.574094
9.44,9.04,94.574094
9.44,10.22,94.574094
10.62,-9.84,94.574094
10.62,-8.66,94.574094
10.62,-7.48,94.574094
10.62,-6.3,94.574094
10.62,-5.12,94.574094
10.62,-3.94,94.574094
10.62,-2.76,94.574094
10.62,-1.58,94.574094
10.62,-0.400000000000002,94.574094
10.62,0.779999999999998,94.574094
10.62,1.96,94.574094
10.62,3.14,94.574094
10.62,4.32,94.574094
10.62,5.5,94.574094
10.62,6.68,94.574094
10.62,7.86,94.574094
10.62,9.04,94.574094
10.62,10.22,94.574094
0,-11.02,95.194094
1.18,-11.02,95.194094
2.36,-11.02,95.194094
3.54,-11.02,95.194094
4.72,-11.02,95.194094
5.9,-11.02,95.194094
7.08,-11.02,95.194094
8.26,-11.02,95.194094
9.44,-11.02,95.194094
10.62,-11.02,95.194094
0,-9.84,95.194094
1.18,-9.84,95.194094
2.36,-9.84,95.194094
3.54,-9.84,95.194094
4.72,-9.84,95.194094
5.9,-9.84,95.194094
7.08,-9.84,95.194094
8.26,-9.84,95.194094
9.44,-9.84,95.194094
10.62,-9.84,95.194094
0,-8.66,95.194094
1.18,-8.66,95.194094
2.36,-8.66,95.194094
3.54,-8.66,95.194094
4.72,-8.66,95.194094
5.9,-8.66,95.194094
7.08,-8.66,95.194094
8.26,-8.66,95.194094
9.44,-8.66,95.194094
10.62,-8.66,95.194094
0,-7.48,95.194094
1.18,-7.48,95.194094
2.36,-7.48,95.194094
3.54,-7.48,95.194094
4.72,-7.48,95.194094
5.9,-7.48,95.194094
7.08,-7.48,95.194094
8.26,-7.48,95.194094
9.44,-7.48,95.194094
10.62,-7.48,95.194094
0,-6.3,95.194094
1.18,-6.3,95.194094
2.36,-6.3,95.194094
3.54,-6.3,95.194094
4.72,-6.3,95.194094
5.9,-6.3,95.194094
7.08,-6.3,95.194094
8.26,-6.3,95.194094
9.44,-6.3,95.194094
10.62,-6.3,95.194094
0,-5.12,95.194094
1.18,-5.12,95.194094
2.36,-5.12,95.194094
3.54,-5.12,95.194094
4.72,-5.12,95.194094
5.9,-5.12,95.194094
7.08,-5.12,95.194094
8.26,-5.12,95.194094
9.44,-5.12,95.194094
10.62,-5.12,95.194094
0,-3.94,95.194094
1.18,-3.94,95.194094
2.36,-3.94,95.194094
3.54,-3.94,95.194094
4.72,-3.94,95.194094
5.9,-3.94,95.194094
7.08,-3.94,95.194094
8.26,-3.94,95.194094
9.44,-3.94,95.194094
10.62,-3.94,95.194094
0,-2.76,95.194094
1.18,-2.76,95.194094
2.36,-2.76,95.194094
3.54,-2.76,95.194094
4.72,-2.76,95.194094
5.9,-2.76,95.194094
7.08,-2.76,95.194094
8.26,-2.76,95.194094
9.44,-2.76,95.194094
10.62,-2.76,95.194094
0,-1.58,95.194094
1.18,-1.58,95.194094
2.36,-1.58,95.194094
3.54,-1.58,95.194094
4.72,-1.58,95.194094
5.9,-1.58,95.194094
7.08,-1.58,95.194094
8.26,-1.58,95.194094
9.44,-1.58,95.194094
10.62,-1.58,95.194094
0,-0.400000000000002,95.194094
1.18,-0.400000000000002,95.194094
2.36,-0.400000000000002,95.194094
3.54,-0.400000000000002,95.194094
4.72,-0.400000000000002,95.194094
5.9,-0.400000000000002,95.194094
7.08,-0.400000000000002,95.194094
8.26,-0.400000000000002,95.194094
9.44,-0.400000000000002,95.194094
10.62,-0.400000000000002,95.194094
0,0.779999999999998,95.194094
1.18,0.779999999999998,95.194094
2.36,0.779999999999998,95.194094
3.54,0.779999999999998,95.194094
4.72,0.779999999999998,95.194094
5.9,0.779999999999998,95.194094
7.08,0.779999999999998,95.194094
8.26,0.779999999999998,95.194094
9.44,0.779999999999998,95.194094
10.62,0.779999999999998,95.194094
0,1.96,95.194094
1.18,1.96,95.194094
2.36,1.96,95.194094
3.54,1.96,95.194094
4.72,1.96,95.194094
5.9,1.96,95.194094
7.08,1.96,95.194094
8.26,1.96,95.194094
9.44,1.96,95.194094
10.62,1.96,95.194094
0,3.14,95.194094
1.18,3.14,95.194094
2.36,3.14,95.194094
3.54,3.14,95.194094
4.72,3.14,95.194094
5.9,3.14,95.194094
7.08,3.14,95.194094
8.26,3.14,95.194094
9.44,3.14,95.194094
10.62,3.14,95.194094
0,4.32,95.194094
1.18,4.32,95.194094
2.36,4.32,95.194094
3.54,4.32,95.194094
4.72,4.32,95.194094
5.9,4.32,95.194094
7.08,4.32,95.194094
8.26,4.32,95.194094
9.44,4.32,95.194094
10.62,4.32,95.194094
0,5.5,95.194094
1.18,5.5,95.194094
2.36,5.5,95.194094
3.54,5.5,95.194094
4.72,5.5,95.194094
5.9,5.5,95.194094
7.08,5.5,95.194094
8.26,5.5,95.194094
9.44,5.5,95.194094
10.62,5.5,95.194094
0,6.68,95.194094
1.18,6.68,95.194094
2.36,6.68,95.194094
3.54,6.68,95.194094
4.72,6.68,95.194094
5.9,6.68,95.194094
7.08,6.68,95.194094
8.26,6.68,95.194094
9.44,6.68,95.194094
10.62,6.68,95.194094
0,7.86,95.194094
1.18,7.86,95.194094
2.36,7.86,95.194094
3.54,7.86,95.194094
4.72,7.86,95.194094
5.9,7.86,95.194094
7.08,7.86,95.194094
8.26,7.86,95.194094
9.44,7.86,95.194094
10.62,7.86,95.194094
0,9.04,95.194094
1.18,9.04,95.194094
2.36,9.04,95.194094
3.54,9.04,95.194094
4.72,9.04,95.194094
5.9,9.04,95.194094
7.08,9.04,95.194094
8.26,9.04,95.194094
9.44,9.04,95.194094
10.62,9.04,95.194094
0,10.22,95.194094
1.18,10.22,95.194094
2.36,10.22,95.194094
3.54,10.22,95.194094
4.72,10.22,95.194094
5.9,10.22,95.194094
7.08,10.22,95.194094
8.26,10.22,95.194094
9.44,10.22,95.194094
10.62,10.22,95.194094
0,11.4,95.194094
1.18,11.4,95.194094
2.36,11.4,95.194094
3.54,11.4,95.194094
4.72,11.4,95.194094
5.9,11.4,95.194094
7.08,11.4,95.194094
8.26,11.4,95.194094
9.44,11.4,95.194094
10.62,11.4,95.194094
0,-12.2,95.814094
0,-11.02,95.814094
0,-9.84,95.814094
0,-8.66,95.814094
0,-7.48,95.814094
0,-6.3,95.814094
0,-5.12,95.814094
0,-3.94,95.814094
0,-2.76,95.814094
0,-1.58,95.814094
0,-0.400000000000002,95.814094
0,0.779999999999998,95.814094
0,1.96,95.814094
0,3.14,95.814094
0,4.32,95.814094
0,5.5,95.814094
0,6.68,95.814094
0,7.86,95.814094
0,9.04,95.814094
0,10.22,95.814094
0,11.4,95.814094
0,12.58,95.814094
1.18,-12.2,95.814094
1.18,-11.02,95.814094
1.18,-9.84,95.814094
1.18,-8.66,95.814094
1.18,-7.48,95.814094
1.18,-6.3,95.814094
1.18,-5.12,95.814094
1.18,-3.94,95.814094
1.18,-2.76,95.814094
1.18,-1.58,95.814094
1.18,-0.400000000000002,95.814094
1.18,0.779999999999998,95.814094
1.18,1.96,95.814094
1.18,3.14,95.814094
1.18,4.32,95.814094
1.18,5.5,95.814094
1.18,6.68,95.814094
1.18,7.86,95.814094
1.18,9.04,95.814094
1.18,10.22,95.814094
1.18,11.4,95.814094
1.18,12.58,95.814094
2.36,-12.2,95.814094
2.36,-11.02,95.814094
2.36,-9.84,95.814094
2.36,-8.66,95.814094
2.36,-7.48,95.814094
2.36,-6.3,95.814094
2.36,-5.12,95.814094
2.36,-3.94,95.814094
2.36,-2.76,95.814094
2.36,-1.58,95.814094
2.36,-0.400000000000002,95.814094
2.36,0.779999999999998,95.814094
2.36,1.96,95.814094
2.36,3.14,95.814094
2.36,4.32,95.814094
2.36,5.5,95.814094
2.36,6.68,95.814094
2.36,7.86,95.814094
2.36,9.04,95.814094
2.36,10.22,95.814094
2.36,11.4,95.814094
2.36,12.58,95.814094
3.54,-12.2,95.814094
3.54,-11.02,95.814094
3.54,-9.84,95.814094
3.54,-8.66,95.814094
3.54,-7.48,95.814094
3.54,-6.3,95.814094
3.54,-5.12,95.814094
3.54,-3.94,95.814094
3.54,-2.76,95.814094
3.54,-1.58,95.814094
3.54,-0.400000000000002,95.814094
3.54,0.779999999999998,95.814094
3.54,1.96,95.814094
3.54,3.14,95.814094
3.54,4.32,95.814094
3.54,5.5,95.814094
3.54,6.68,95.814094
3.54,7.86,95.814094
3.54,9.04,95.814094
3.54,10.22,95.814094
3.54,11.4,95.814094
3.54,12.58,95.814094
4.72,-12.2,95.814094
4.72,-11.02,95.814094
4.72,-9.84,95.814094
4.72,-8.66,95.814094
4.72,-7.48,95.814094
4.72,-6.3,95.814094
4.72,-5.12,95.814094
4.72,-3.94,95.814094
4.72,-2.76,95.814094
4.72,-1.58,95.814094
4.72,-0.400000000000002,95.814094
4.72,0.779999999999998,95.814094
4.72,1.96,95.814094
4.72,3.14,95.814094
4.72,4.32,95.814094
4.72,5.5,95.814094
4.72,6.68,95.814094
4.72,7.86,95.814094
4.72,9.04,95.814094
4.72,10.22,95.814094
4.72,11.4,95.814094
4.72,12.58,95.814094
5.9,-12.2,95.814094
5.9,-11.02,95.814094
5.9,-9.84,95.814094
5.9,-8.66,95.814094
5.9,-7.48,95.814094
5.9,-6.3,95.814094
5.9,-5.12,95.814094
5.9,-3.94,95.814094
5.9,-2.76,95.814094
5.9,-1.58,95.814094
5.9,-0.400000000000002,95.814094
5.9,0.779999999999998,95.814094
5.9,1.96,95.814094
5.9,3.14,95.814094
5.9,4.32,95.814094
5.9,5.5,95.814094
5.9,6.68,95.814094
5.9,7.86,95.814094
5.9,9.04,95.814094
5.9,10.22,95.814094
5.9,11.4,95.814094
5.9,12.58,95.814094
7.08,-12.2,95.814094
7.08,-11.02,95.814094
7.08,-9.84,95.814094
7.08,-8.66,95.814094
7.08,-7.48,95.814094
7.08,-6.3,95.814094
7.08,-5.12,95.814094
7.08,-3.94,95.814094
7.08,-2.76,95.814094
7.08,-1.58,95.814094
7.08,-0.400000000000002,95.814094
7.08,0.779999999999998,95.814094
7.08,1.96,95.814094
7.08,3.14,95.814094
7.08,4.32,95.814094
7.08,5.5,95.814094
7.08,6.68,95.814094
7.08,7.86,95.814094
7.08,9.04,95.814094
7.08,10.22,95.814094
7.08,11.4,95.814094
7.08,12.58,95.814094
8.26,-12.2,95.814094
8.26,-11.02,95.814094
8.26,-9.84,95.814094
8.26,-8.66,95.814094
8.26,-7.48,95.814094
8.26,-6.3,95.814094
8.26,-5.12,95.814094
8.26,-3.94,95.814094
8.26,-2.76,95.814094
8.26,-1.58,95.814094
8.26,-0.400000000000002,95.814094
8.26,0.779999999999998,95.814094
8.26,1.96,95.814094
8.26,3.14,95.814094
8.26,4.32,95.814094
8.26,5.5,95.814094
8.26,6.68,95.814094
8.26,7.86,95.814094
8.26,9.04,95.814094
8.26,10.22,95.814094
8.26,11.4,95.814094
8.26,12.58,95.814094
9.44,-12.2,95.814094
9.44,-11.02,95.814094
9.44,-9.84,95.814094
9.44,-8.66,95.814094
9.44,-7.48,95.814094
9.44,-6.3,95.814094
9.44,-5.12,95.814094
9.44,-3.94,95.814094
9.44,-2.76,95.814094
9.44,-1.58,95.814094
9.44,-0.400000000000002,95.814094
9.44,0.779999999999998,95.814094
9.44,1.96,95.814094
9.44,3.14,95.814094
9.44,4.32,95.814094
9.44,5.5,95.814094
9.44,6.68,95.814094
9.44,7.86,95.814094
9.44,9.04,95.814094
9.44,10.22,95.814094
9.44,11.4,95.814094
9.44,12.58,95.814094
10.62,-12.2,95.814094
10.62,-11.02,95.814094
10.62,-9.84,95.814094
10.62,-8.66,95.814094
10.62,-7.48,95.814094
10.62,-6.3,95.814094
10.62,-5.12,95.814094
10.62,-3.94,95.814094
10.62,-2.76,95.814094
10.62,-1.58,95.814094
10.62,-0.400000000000002,95.814094
10.62,0.779999999999998,95.814094
10.62,1.96,95.814094
10.62,3.14,95.814094
10.62,4.32,95.814094
10.62,5.5,95.814094
10.62,6.68,95.814094
10.62,7.86,95.814094
10.62,9.04,95.814094
10.62,10.22,95.814094
10.62,11.4,95.814094
10.62,12.58,95.814094
0,-12.2,96.434094
1.18,-12.2,96.434094
2.36,-12.2,96.434094
3.54,-12.2,96.434094
4.72,-12.2,96.434094
5.9,-12.2,96.434094
7.08,-12.2,96.434094
8.26,-12.2,96.434094
9.44,-12.2,96.434094
10.62,-12.2,96.434094
0,-11.02,96.434094
1.18,-11.02,96.434094
2.36,-11.02,96.434094
3.54,-11.02,96.434094
4.72,-11.02,96.434094
5.9,-11.02,96.434094
7.08,-11.02,96.434094
8.26,-11.02,96.434094
9.44,-11.02,96.434094
10.62,-11.02,96.434094
0,-9.84,96.434094
1.18,-9.84,96.434094
2.36,-9.84,96.434094
3.54,-9.84,96.434094
4.72,-9.84,96.434094
5.9,-9.84,96.434094
7.08,-9.84,96.434094
8.26,-9.84,96.434094
9.44,-9.84,96.434094
10.62,-9.84,96.434094
0,-8.66,96.434094
1.18,-8.66,96.434094
2.36,-8.66,96.434094
3.54,-8.66,96.434094
4.72,-8.66,96.434094
5.9,-8.66,96.434094
7.08,-8.66,96.434094
8.26,-8.66,96.434094
9.44,-8.66,96.434094
10.62,-8.66,96.434094
0,-7.48,96.434094
1.18,-7.48,96.434094
2.36,-7.48,96.434094
3.54,-7.48,96.434094
4.72,-7.48,96.434094
5.9,-7.48,96.434094
7.08,-7.48,96.434094
8.26,-7.48,96.434094
9.44,-7.48,96.434094
10.62,-7.48,96.434094
0,-6.3,96.434094
1.18,-6.3,96.434094
2.36,-6.3,96.434094
3.54,-6.3,96.434094
4.72,-6.3,96.434094
5.9,-6.3,96.434094
7.08,-6.3,96.434094
8.26,-6.3,96.434094
9.44,-6.3,96.434094
10.62,-6.3,96.434094
0,-5.12,96.434094
1.18,-5.12,96.434094
2.36,-5.12,96.434094
3.54,-5.12,96.434094
4.72,-5.12,96.434094
5.9,-5.12,96.434094
7.08,-5.12,96.434094
8.26,-5.12,96.434094
9.44,-5.12,96.434094
10.62,-5.12,96.434094
0,-3.94,96.434094
1.18,-3.94,96.434094
2.36,-3.94,96.434094
3.54,-3.94,96.434094
4.72,-3.94,96.434094
5.9,-3.94,96.434094
7.08,-3.94,96.434094
8.26,-3.94,96.434094
9.44,-3.94,96.434094
10.62,-3.94,96.434094
0,-2.76,96.434094
1.18,-2.76,96.434094
2.36,-2.76,96.434094
3.54,-2.76,96.434094
4.72,-2.76,96.434094
5.9,-2.76,96.434094
7.08,-2.76,96.434094
8.26,-2.76,96.434094
9.44,-2.76,96.434094
10.62,-2.76,96.434094
0,-1.58,96.434094
1.18,-1.58,96.434094
2.36,-1.58,96.434094
3.54,-1.58,96.434094
4.72,-1.58,96.434094
5.9,-1.58,96.434094
7.08,-1.58,96.434094
8.26,-1.58,96.434094
9.44,-1.58,96.434094
10.62,-1.58,96.434094
0,-0.400000000000002,96.434094
1.18,-0.400000000000002,96.434094
2.36,-0.400000000000002,96.434094
3.54,-0.400000000000002,96.434094
4.72,-0.400000000000002,96.434094
5.9,-0.400000000000002,96.434094
7.08,-0.400000000000002,96.434094
8.26,-0.400000000000002,96.434094
9.44,-0.400000000000002,96.434094
10.62,-0.400000000000002,96.434094
0,0.779999999999998,96.434094
1.18,0.779999999999998,96.434094
2.36,0.779999999999998,96.434094
3.54,0.779999999999998,96.434094
4.72,0.779999999999998,96.434094
5.9,0.779999999999998,96.434094
7.08,0.779999999999998,96.434094
8.26,0.779999999999998,96.434094
9.44,0.779999999999998,96.434094
10.62,0.779999999999998,96.434094
0,1.96,96.434094
1.18,1.96,96.434094
2.36,1.96,96.434094
3.54,1.96,96.434094
4.72,1.96,96.434094
5.9,1.96,96.434094
7.08,1.96,96.434094
8.26,1.96,96.434094
9.44,1.96,96.434094
10.62,1.96,96.434094
0,3.14,96.434094
1.18,3.14,96.434094
2.36,3.14,96.434094
3.54,3.14,96.434094
4.72,3.14,96.434094
5.9,3.14,96.434094
7.08,3.14,96.434094
8.26,3.14,96.434094
9.44,3.14,96.434094
10.62,3.14,96.434094
0,4.32,96.434094
1.18,4.32,96.434094
2.36,4.32,96.434094
3.54,4.32,96.434094
4.72,4.32,96.434094
5.9,4.32,96.434094
7.08,4.32,96.434094
8.26,4.32,96.434094
9.44,4.32,96.434094
10.62,4.32,96.434094
0,5.5,96.434094
1.18,5.5,96.434094
2.36,5.5,96.434094
3.54,5.5,96.434094
4.72,5.5,96.434094
5.9,5.5,96.434094
7.08,5.5,96.434094
8.26,5.5,96.434094
9.44,5.5,96.434094
10.62,5.5,96.434094
0,6.68,96.434094
1.18,6.68,96.434094
2.36,6.68,96.434094
3.54,6.68,96.434094
4.72,6.68,96.434094
5.9,6.68,96.434094
7.08,6.68,96.434094
8.26,6.68,96.434094
9.44,6.68,96.434094
10.62,6.68,96.434094
0,7.86,96.434094
1.18,7.86,96.434094
2.36,7.86,96.434094
3.54,7.86,96.434094
4.72,7.86,96.434094
5.9,7.86,96.434094
7.08,7.86,96.434094
8.26,7.86,96.434094
9.44,7.86,96.434094
10.62,7.86,96.434094
0,9.04,96.434094
1.18,9.04,96.434094
2.36,9.04,96.434094
3.54,9.04,96.434094
4.72,9.04,96.434094
5.9,9.04,96.434094
7.08,9.04,96.434094
8.26,9.04,96.434094
9.44,9.04,96.434094
10.62,9.04,96.434094
0,10.22,96.434094
1.18,10.22,96.434094
2.36,10.22,96.434094
3.54,10.22,96.434094
4.72,10.22,96.434094
5.9,10.22,96.434094
7.08,10.22,96.434094
8.26,10.22,96.434094
9.44,10.22,96.434094
10.62,10.22,96.434094
0,11.4,96.434094
1.18,11.4,96.434094
2.36,11.4,96.434094
3.54,11.4,96.434094
4.72,11.4,96.434094
5.9,11.4,96.434094
7.08,11.4,96.434094
8.26,11.4,96.434094
9.44,11.4,96.434094
10.62,11.4,96.434094
0,12.58,96.434094
1.18,12.58,96.434094
2.36,12.58,96.434094
3.54,12.58,96.434094
4.72,12.58,96.434094
5.9,12.58,96.434094
7.08,12.58,96.434094
8.26,12.58,96.434094
9.44,12.58,96.434094
10.62,12.58,96.434094
0,-12.2,97.054094
0,-11.02,97.054094
0,-9.84,97.054094
0,-8.66,97.054094
0,-7.48,97.054094
0,-6.3,97.054094
0,-5.12,97.054094
0,-3.94,97.054094
0,-2.76,97.054094
0,-1.58,97.054094
0,-0.400000000000002,97.054094
0,0.779999999999998,97.054094
0,1.96,97.054094
0,3.14,97.054094
0,4.32,97.054094
0,5.5,97.054094
0,6.68,97.054094
0,7.86,97.054094
0,9.04,97.054094
0,10.22,97.054094
0,11.4,97.054094
0,12.58,97.054094
1.18,-12.2,97.054094
1.18,-11.02,97.054094
1.18,-9.84,97.054094
1.18,-8.66,97.054094
1.18,-7.48,97.054094
1.18,-6.3,97.054094
1.18,-5.12,97.054094
1.18,-3.94,97.054094
1.18,-2.76,97.054094
1.18,-1.58,97.054094
1.18,-0.400000000000002,97.054094
1.18,0.779999999999998,97.054094
1.18,1.96,97.054094
1.18,3.14,97.054094
1.18,4.32,97.054094
1.18,5.5,97.054094
1.18,6.68,97.054094
1.18,7.86,97.054094
1.18,9.04,97.054094
1.18,10.22,97.054094
1.18,11.4,97.054094
1.18,12.58,97.054094
2.36,-12.2,97.054094
2.36,-11.02,97.054094
2.36,-9.84,97.054094
2.36,-8.66,97.054094
2.36,-7.48,97.054094
2.36,-6.3,97.054094
2.36,-5.12,97.054094
2.36,-3.94,97.054094
2.36,-2.76,97.054094
2.36,-1.58,97.054094
2.36,-0.400000000000002,97.054094
2.36,0.779999999999998,97.054094
2.36,1.96,97.054094
2.36,3.14,97.054094
2.36,4.32,97.054094
2.36,5.5,97.054094
2.36,6.68,97.054094
2.36,7.86,97.054094
2.36,9.04,97.054094
2.36,10.22,97.054094
2.36,11.4,97.054094
2.36,12.58,97.054094
3.54,-12.2,97.054094
3.54,-11.02,97.054094
3.54,-9.84,97.054094
3.54,-8.66,97.054094
3.54,-7.48,97.054094
3.54,-6.3,97.054094
3.54,-5.12,97.054094
3.54,-3.94,97.054094
3.54,-2.76,97.054094
3.54,-1.58,97.054094
3.54,-0.400000000000002,97.054094
3.54,0.779999999999998,97.054094
3.54,1.96,97.054094
3.54,3.14,97.054094
3.54,4.32,97.054094
3.54,5.5,97.054094
3.54,6.68,97.054094
3.54,7.86,97.054094
3.54,9.04,97.054094
3.54,10.22,97.054094
3.54,11.4,97.054094
3.54,12.58,97.054094
4.72,-12.2,97.054094
4.72,-11.02,97.054094
4.72,-9.84,97.054094
4.72,-8.66,97.054094
4.72,-7.48,97.054094
4.72,-6.3,97.054094
4.72,-5.12,97.054094
4.72,-3.94,97.054094
4.72,-2.76,97.054094
4.72,-1.58,97.054094
4.72,-0.400000000000002,97.054094
4.72,0.779999999999998,97.054094
4.72,1.96,97.054094
4.72,3.14,97.054094
4.72,4.32,97.054094
4.72,5.5,97.054094
4.72,6.68,97.054094
4.72,7.86,97.054094
4.72,9.04,97.054094
4.72,10.22,97.054094
4.72,11.4,97.054094
4.72,12.58,97.054094
5.9,-12.2,97.054094
5.9,-11.02,97.054094
5.9,-9.84,97.054094
5.9,-8.66,97.054094
5.9,-7.48,97.054094
5.9,-6.3,97.054094
5.9,-5.12,97.054094
5.9,-3.94,97.054094
5.9,-2.76,97.054094
5.9,-1.58,97.054094
5.9,-0.400000000000002,97.054094
5.9,0.779999999999998,97.054094
5.9,1.96,97.054094
5.9,3.14,97.054094
5.9,4.32,97.054094
5.9,5.5,97.054094
5.9,6.68,97.054094
5.9,7.86,97.054094
5.9,9.04,97.054094
5.9,10.22,97.054094
5.9,11.4,97.054094
5.9,12.58,97.054094
7.08,-12.2,97.054094
7.08,-11.02,97.054094
7.08,-9.84,97.054094
7.08,-8.66,97.054094
7.08,-7.48,97.054094
7.08,-6.3,97.054094
7.08,-5.12,97.054094
7.08,-3.94,97.054094
7.08,-2.76,97.054094
7.08,-1.58,97.054094
7.08,-0.400000000000002,97.054094
7.08,0.779999999999998,97.054094
7.08,1.96,97.054094
7.08,3.14,97.054094
7.08,4.32,97.054094
7.08,5.5,97.054094
7.08,6.68,97.054094
7.08,7.86,97.054094
7.08,9.04,97.054094
7.08,10.22,97.054094
7.08,11.4,97.054094
7.08,12.58,97.054094
8.26,-12.2,97.054094
8.26,-11.02,97.054094
8.26,-9.84,97.054094
8.26,-8.66,97.054094
8.26,-7.48,97.054094
8.26,-6.3,97.054094
8.26,-5.12,97.054094
8.26,-3.94,97.054094
8.26,-2.76,97.054094
8.26,-1.58,97.054094
8.26,-0.400000000000002,97.054094
8.26,0.779999999999998,97.054094
8.26,1.96,97.054094
8.26,3.14,97.054094
8.26,4.32,97.054094
8.26,5.5,97.054094
8.26,6.68,97.054094
8.26,7.86,97.054094
8.26,9.04,97.054094
8.26,10.22,97.054094
8.26,11.4,97.054094
8.26,12.58,97.054094
9.44,-12.2,97.054094
9.44,-11.02,97.054094
9.44,-9.84,97.054094
9.44,-8.66,97.054094
9.44,-7.48,97.054094
9.44,-6.3,97.054094
9.44,-5.12,97.054094
9.44,-3.94,97.054094
9.44,-2.76,97.054094
9.44,-1.58,97.054094
9.44,-0.400000000000002,97.054094
9.44,0.779999999999998,97.054094
9.44,1.96,97.054094
9.44,3.14,97.054094
9.44,4.32,97.054094
9.44,5.5,97.054094
9.44,6.68,97.054094
9.44,7.86,97.054094
9.44,9.04,97.054094
9.44,10.22,97.054094
9.44,11.4,97.054094
9.44,12.58,97.054094
10.62,-12.2,97.054094
10.62,-11.02,97.054094
10.62,-9.84,97.054094
10.62,-8.66,97.054094
10.62,-7.48,97.054094
10.62,-6.3,97.054094
10.62,-5.12,97.054094
10.62,-3.94,97.054094
10.62,-2.76,97.054094
10.62,-1.58,97.054094
10.62,-0.400000000000002,97.054094
10.62,0.779999999999998,97.054094
10.62,1.96,97.054094
10.62,3.14,97.054094
10.62,4.32,97.054094
10.62,5.5,97.054094
10.62,6.68,97.054094
10.62,7.86,97.054094
10.62,9.04,97.054094
10.62,10.22,97.054094
10.62,11.4,97.054094
10.62,12.58,97.054094
0,-12.2,97.674094
1.18,-12.2,97.674094
2.36,-12.2,97.674094
3.54,-12.2,97.674094
4.72,-12.2,97.674094
5.9,-12.2,97.674094
7.08,-12.2,97.674094
8.26,-12.2,97.674094
9.44,-12.2,97.674094
10.62,-12.2,97.674094
0,-11.02,97.674094
1.18,-11.02,97.674094
2.36,-11.02,97.674094
3.54,-11.02,97.674094
4.72,-11.02,97.674094
5.9,-11.02,97.674094
7.08,-11.02,97.674094
8.26,-11.02,97.674094
9.44,-11.02,97.674094
10.62,-11.02,97.674094
0,-9.84,97.674094
1.18,-9.84,97.674094
2.36,-9.84,97.674094
3.54,-9.84,97.674094
4.72,-9.84,97.674094
5.9,-9.84,97.674094
7.08,-9.84,97.674094
8.26,-9.84,97.674094
9.44,-9.84,97.674094
10.62,-9.84,97.674094
0,-8.66,97.674094
1.18,-8.66,97.674094
2.36,-8.66,97.674094
3.54,-8.66,97.674094
4.72,-8.66,97.674094
5.9,-8.66,97.674094
7.08,-8.66,97.674094
8.26,-8.66,97.674094
9.44,-8.66,97.674094
10.62,-8.66,97.674094
0,-7.48,97.674094
1.18,-7.48,97.674094
2.36,-7.48,97.674094
3.54,-7.48,97.674094
4.72,-7.48,97.674094
5.9,-7.48,97.674094
7.08,-7.48,97.674094
8.26,-7.48,97.674094
9.44,-7.48,97.674094
10.62,-7.48,97.674094
0,-6.3,97.674094
1.18,-6.3,97.674094
2.36,-6.3,97.674094
3.54,-6.3,97.674094
4.72,-6.3,97.674094
5.9,-6.3,97.674094
7.08,-6.3,97.674094
8.26,-6.3,97.674094
9.44,-6.3,97.674094
10.62,-6.3,97.674094
0,-5.12,97.674094
1.18,-5.12,97.674094
2.36,-5.12,97.674094
3.54,-5.12,97.674094
4.72,-5.12,97.674094
5.9,-5.12,97.674094
7.08,-5.12,97.674094
8.26,-5.12,97.674094
9.44,-5.12,97.674094
10.62,-5.12,97.674094
0,-3.94,97.674094
1.18,-3.94,97.674094
2.36,-3.94,97.674094
3.54,-3.94,97.674094
4.72,-3.94,97.674094
5.9,-3.94,97.674094
7.08,-3.94,97.674094
8.26,-3.94,97.674094
9.44,-3.94,97.674094
10.62,-3.94,97.674094
0,-2.76,97.674094
1.18,-2.76,97.674094
2.36,-2.76,97.674094
3.54,-2.76,97.674094
4.72,-2.76,97.674094
5.9,-2.76,97.674094
7.08,-2.76,97.674094
8.26,-2.76,97.674094
9.44,-2.76,97.674094
10.62,-2.76,97.674094
0,-1.58,97.674094
1.18,-1.58,97.674094
2.36,-1.58,97.674094
3.54,-1.58,97.674094
4.72,-1.58,97.674094
5.9,-1.58,97.674094
7.08,-1.58,97.674094
8.26,-1.58,97.674094
9.44,-1.58,97.674094
10.62,-1.58,97.674094
0,-0.400000000000002,97.674094
1.18,-0.400000000000002,97.674094
2.36,-0.400000000000002,97.674094
3.54,-0.400000000000002,97.674094
4.72,-0.400000000000002,97.674094
5.9,-0.400000000000002,97.674094
7.08,-0.400000000000002,97.674094
8.26,-0.400000000000002,97.674094
9.44,-0.400000000000002,97.674094
10.62,-0.400000000000002,97.674094
0,0.779999999999998,97.674094
1.18,0.779999999999998,97.674094
2.36,0.779999999999998,97.674094
3.54,0.779999999999998,97.674094
4.72,0.779999999999998,97.674094
5.9,0.779999999999998,97.674094
7.08,0.779999999999998,97.674094
8.26,0.779999999999998,97.674094
9.44,0.779999999999998,97.674094
10.62,0.779999999999998,97.674094
0,1.96,97.674094
1.18,1.96,97.674094
2.36,1.96,97.674094
3.54,1.96,97.674094
4.72,1.96,97.674094
5.9,1.96,97.674094
7.08,1.96,97.674094
8.26,1.96,97.674094
9.44,1.96,97.674094
10.62,1.96,97.674094
0,3.14,97.674094
1.18,3.14,97.674094
2.36,3.14,97.674094
3.54,3.14,97.674094
4.72,3.14,97.674094
5.9,3.14,97.674094
7.08,3.14,97.674094
8.26,3.14,97.674094
9.44,3.14,97.674094
10.62,3.14,97.674094
0,4.32,97.674094
1.18,4.32,97.674094
2.36,4.32,97.674094
3.54,4.32,97.674094
4.72,4.32,97.674094
5.9,4.32,97.674094
7.08,4.32,97.674094
8.26,4.32,97.674094
9.44,4.32,97.674094
10.62,4.32,97.674094
0,5.5,97.674094
1.18,5.5,97.674094
2.36,5.5,97.674094
3.54,5.5,97.674094
4.72,5.5,97.674094
5.9,5.5,97.674094
7.08,5.5,97.674094
8.26,5.5,97.674094
9.44,5.5,97.674094
10.62,5.5,97.674094
0,6.68,97.674094
1.18,6.68,97.674094
2.36,6.68,97.674094
3.54,6.68,97.674094
4.72,6.68,97.674094
5.9,6.68,97.674094
7.08,6.68,97.674094
8.26,6.68,97.674094
9.44,6.68,97.674094
10.62,6.68,97.674094
0,7.86,97.674094
1.18,7.86,97.674094
2.36,7.86,97.674094
3.54,7.86,97.674094
4.72,7.86,97.674094
5.9,7.86,97.674094
7.08,7.86,97.674094
8.26,7.86,97.674094
9.44,7.86,97.674094
10.62,7.86,97.674094
0,9.04,97.674094
1.18,9.04,97.674094
2.36,9.04,97.674094
3.54,9.04,97.674094
4.72,9.04,97.674094
5.9,9.04,97.674094
7.08,9.04,97.674094
8.26,9.04,97.674094
9.44,9.04,97.674094
10.62,9.04,97.674094
0,10.22,97.674094
1.18,10.22,97.674094
2.36,10.22,97.674094
3.54,10.22,97.674094
4.72,10.22,97.674094
5.9,10.22,97.674094
7.08,10.22,97.674094
8.26,10.22,97.674094
9.44,10.22,97.674094
10.62,10.22,97.674094
0,11.4,97.674094
1.18,11.4,97.674094
2.36,11.4,97.674094
3.54,11.4,97.674094
4.72,11.4,97.674094
5.9,11.4,97.674094
7.08,11.4,97.674094
8.26,11.4,97.674094
9.44,11.4,97.674094
10.62,11.4,97.674094
0,12.58,97.674094
1.18,12.58,97.674094
2.36,12.58,97.674094
3.54,12.58,97.674094
4.72,12.58,97.674094
5.9,12.58,97.674094
7.08,12.58,97.674094
8.26,12.58,97.674094
9.44,12.58,97.674094
10.62,12.58,97.674094
0,-12.2,98.294094
0,-11.02,98.294094
0,-9.84,98.294094
0,-8.66,98.294094
0,-7.48,98.294094
0,-6.3,98.294094
0,-5.12,98.294094
0,-3.94,98.294094
0,-2.76,98.294094
0,-1.58,98.294094
0,-0.400000000000002,98.294094
0,0.779999999999998,98.294094
0,1.96,98.294094
0,3.14,98.294094
0,4.32,98.294094
0,5.5,98.294094
0,6.68,98.294094
0,7.86,98.294094
0,9.04,98.294094
0,10.22,98.294094
0,11.4,98.294094
0,12.58,98.294094
1.18,-12.2,98.294094
1.18,-11.02,98.294094
1.18,-9.84,98.294094
1.18,-8.66,98.294094
1.18,-7.48,98.294094
1.18,-6.3,98.294094
1.18,-5.12,98.294094
1.18,-3.94,98.294094
1.18,-2.76,98.294094
1.18,-1.58,98.294094
1.18,-0.400000000000002,98.294094
1.18,0.779999999999998,98.294094
1.18,1.96,98.294094
1.18,3.14,98.294094
1.18,4.32,98.294094
1.18,5.5,98.294094
1.18,6.68,98.294094
1.18,7.86,98.294094
1.18,9.04,98.294094
1.18,10.22,98.294094
1.18,11.4,98.294094
1.18,12.58,98.294094
2.36,-12.2,98.294094
2.36,-11.02,98.294094
2.36,-9.84,98.294094
2.36,-8.66,98.294094
2.36,-7.48,98.294094
2.36,-6.3,98.294094
2.36,-5.12,98.294094
2.36,-3.94,98.294094
2.36,-2.76,98.294094
2.36,-1.58,98.294094
2.36,-0.400000000000002,98.294094
2.36,0.779999999999998,98.294094
2.36,1.96,98.294094
2.36,3.14,98.294094
2.36,4.32,98.294094
2.36,5.5,98.294094
2.36,6.68,98.294094
2.36,7.86,98.294094
2.36,9.04,98.294094
2.36,10.22,98.294094
2.36,11.4,98.294094
2.36,12.58,98.294094
3.54,-12.2,98.294094
3.54,-11.02,98.294094
3.54,-9.84,98.294094
3.54,-8.66,98.294094
3.54,-7.48,98.294094
3.54,-6.3,98.294094
3.54,-5.12,98.294094
3.54,-3.94,98.294094
3.54,-2.76,98.294094
3.54,-1.58,98.294094
3.54,-0.400000000000002,98.294094
3.54,0.779999999999998,98.294094
3.54,1.96,98.294094
3.54,3.14,98.294094
3.54,4.32,98.294094
3.54,5.5,98.294094
3.54,6.68,98.294094
3.54,7.86,98.294094
3.54,9.04,98.294094
3.54,10.22,98.294094
3.54,11.4,98.294094
3.54,12.58,98.294094
4.72,-12.2,98.294094
4.72,-11.02,98.294094
4.72,-9.84,98.294094
4.72,-8.66,98.294094
4.72,-7.48,98.294094
4.72,-6.3,98.294094
4.72,-5.12,98.294094
4.72,-3.94,98.294094
4.72,-2.76,98.294094
4.72,-1.58,98.294094
4.72,-0.400000000000002,98.294094
4.72,0.779999999999998,98.294094
4.72,1.96,98.294094
4.72,3.14,98.294094
4.72,4.32,98.294094
4.72,5.5,98.294094
4.72,6.68,98.294094
4.72,7.86,98.294094
4.72,9.04,98.294094
4.72,10.22,98.294094
4.72,11.4,98.294094
4.72,12.58,98.294094
5.9,-12.2,98.294094
5.9,-11.02,98.294094
5.9,-9.84,98.294094
5.9,-8.66,98.294094
5.9,-7.48,98.294094
5.9,-6.3,98.294094
5.9,-5.12,98.294094
5.9,-3.94,98.294094
5.9,-2.76,98.294094
5.9,-1.58,98.294094
5.9,-0.400000000000002,98.294094
5.9,0.779999999999998,98.294094
5.9,1.96,98.294094
5.9,3.14,98.294094
5.9,4.32,98.294094
5.9,5.5,98.294094
5.9,6.68,98.294094
5.9,7.86,98.294094
5.9,9.04,98.294094
5.9,10.22,98.294094
5.9,11.4,98.294094
5.9,12.58,98.294094
7.08,-12.2,98.294094
7.08,-11.02,98.294094
7.08,-9.84,98.294094
7.08,-8.66,98.294094
7.08,-7.48,98.294094
7.08,-6.3,98.294094
7.08,-5.12,98.294094
7.08,-3.94,98.294094
7.08,-2.76,98.294094
7.08,-1.58,98.294094
7.08,-0.400000000000002,98.294094
7.08,0.779999999999998,98.294094
7.08,1.96,98.294094
7.08,3.14,98.294094
7.08,4.32,98.294094
7.08,5.5,98.294094
7.08,6.68,98.294094
7.08,7.86,98.294094
7.08,9.04,98.294094
7.08,10.22,98.294094
7.08,11.4,98.294094
7.08,12.58,98.294094
8.26,-12.2,98.294094
8.26,-11.02,98.294094
8.26,-9.84,98.294094
8.26,-8.66,98.294094
8.26,-7.48,98.294094
8.26,-6.3,98.294094
8.26,-5.12,98.294094
8.26,-3.94,98.294094
8.26,-2.76,98.294094
8.26,-1.58,98.294094
8.26,-0.400000000000002,98.294094
8.26,0.779999999999998,98.294094
8.26,1.96,98.294094
8.26,3.14,98.294094
8.26,4.32,98.294094
8.26,5.5,98.294094
8.26,6.68,98.294094
8.26,7.86,98.294094
8.26,9.04,98.294094
8.26,10.22,98.294094
8.26,11.4,98.294094
8.26,12.58,98.294094
9.44,-12.2,98.294094
9.44,-11.02,98.294094
9.44,-9.84,98.294094
9.44,-8.66,98.294094
9.44,-7.48,98.294094
9.44,-6.3,98.294094
9.44,-5.12,98.294094
9.44,-3.94,98.294094
9.44,-2.76,98.294094
9.44,-1.58,98.294094
9.44,-0.400000000000002,98.294094
9.44,0.779999999999998,98.294094
9.44,1.96,98.294094
9.44,3.14,98.294094
9.44,4.32,98.294094
9.44,5.5,98.294094
9.44,6.68,98.294094
9.44,7.86,98.294094
9.44,9.04,98.294094
9.44,10.22,98.294094
9.44,11.4,98.294094
9.44,12.58,98.294094
10.62,-12.2,98.294094
10.62,-11.02,98.294094
10.62,-9.84,98.294094
10.62,-8.66,98.294094
10.62,-7.48,98.294094
10.62,-6.3,98.294094
10.62,-5.12,98.294094
10.62,-3.94,98.294094
10.62,-2.76,98.294094
10.62,-1.58,98.294094
10.62,-0.400000000000002,98.294094
10.62,0.779999999999998,98.294094
10.62,1.96,98.294094
10.62,3.14,98.294094
10.62,4.32,98.294094
10.62,5.5,98.294094
10.62,6.68,98.294094
10.62,7.86,98.294094
10.62,9.04,98.294094
10.62,10.22,98.294094
10.62,11.4,98.294094
10.62,12.58,98.294094
0,-12.2,98.914094
1.18,-12.2,98.914094
2.36,-12.2,98.914094
3.54,-12.2,98.914094
4.72,-12.2,98.914094
5.9,-12.2,98.914094
7.08,-12.2,98.914094
8.26,-12.2,98.914094
9.44,-12.2,98.914094
10.62,-12.2,98.914094
0,-11.02,98.914094
1.18,-11.02,98.914094
2.36,-11.02,98.914094
3.54,-11.02,98.914094
4.72,-11.02,98.914094
5.9,-11.02,98.914094
7.08,-11.02,98.914094
8.26,-11.02,98.914094
9.44,-11.02,98.914094
10.62,-11.02,98.914094
0,-9.84,98.914094
1.18,-9.84,98.914094
2.36,-9.84,98.914094
3.54,-9.84,98.914094
4.72,-9.84,98.914094
5.9,-9.84,98.914094
7.08,-9.84,98.914094
8.26,-9.84,98.914094
9.44,-9.84,98.914094
10.62,-9.84,98.914094
0,-8.66,98.914094
1.18,-8.66,98.914094
2.36,-8.66,98.914094
3.54,-8.66,98.914094
4.72,-8.66,98.914094
5.9,-8.66,98.914094
7.08,-8.66,98.914094
8.26,-8.66,98.914094
9.44,-8.66,98.914094
10.62,-8.66,98.914094
0,-7.48,98.914094
1.18,-7.48,98.914094
2.36,-7.48,98.914094
3.54,-7.48,98.914094
4.72,-7.48,98.914094
5.9,-7.48,98.914094
7.08,-7.48,98.914094
8.26,-7.48,98.914094
9.44,-7.48,98.914094
10.62,-7.48,98.914094
0,-6.3,98.914094
1.18,-6.3,98.914094
2.36,-6.3,98.914094
3.54,-6.3,98.914094
4.72,-6.3,98.914094
5.9,-6.3,98.914094
7.08,-6.3,98.914094
8.26,-6.3,98.914094
9.44,-6.3,98.914094
10.62,-6.3,98.914094
0,-5.12,98.914094
1.18,-5.12,98.914094
2.36,-5.12,98.914094
3.54,-5.12,98.914094
4.72,-5.12,98.914094
5.9,-5.12,98.914094
7.08,-5.12,98.914094
8.26,-5.12,98.914094
9.44,-5.12,98.914094
10.62,-5.12,98.914094
0,-3.94,98.914094
1.18,-3.94,98.914094
2.36,-3.94,98.914094
3.54,-3.94,98.914094
4.72,-3.94,98.914094
5.9,-3.94,98.914094
7.08,-3.94,98.914094
8.26,-3.94,98.914094
9.44,-3.94,98.914094
10.62,-3.94,98.914094
0,-2.76,98.914094
1.18,-2.76,98.914094
2.36,-2.76,98.914094
3.54,-2.76,98.914094
4.72,-2.76,98.914094
5.9,-2.76,98.914094
7.08,-2.76,98.914094
8.26,-2.76,98.914094
9.44,-2.76,98.914094
10.62,-2.76,98.914094
0,-1.58,98.914094
1.18,-1.58,98.914094
2.36,-1.58,98.914094
3.54,-1.58,98.914094
4.72,-1.58,98.914094
5.9,-1.58,98.914094
7.08,-1.58,98.914094
8.26,-1.58,98.914094
9.44,-1.58,98.914094
10.62,-1.58,98.914094
0,-0.400000000000002,98.914094
1.18,-0.400000000000002,98.914094
2.36,-0.400000000000002,98.914094
3.54,-0.400000000000002,98.914094
4.72,-0.400000000000002,98.914094
5.9,-0.400000000000002,98.914094
7.08,-0.400000000000002,98.914094
8.26,-0.400000000000002,98.914094
9.44,-0.400000000000002,98.914094
10.62,-0.400000000000002,98.914094
0,0.779999999999998,98.914094
1.18,0.779999999999998,98.914094
2.36,0.779999999999998,98.914094
3.54,0.779999999999998,98.914094
4.72,0.779999999999998,98.914094
5.9,0.779999999999998,98.914094
7.08,0.779999999999998,98.914094
8.26,0.779999999999998,98.914094
9.44,0.779999999999998,98.914094
10.62,0.779999999999998,98.914094
0,1.96,98.914094
1.18,1.96,98.914094
2.36,1.96,98.914094
3.54,1.96,98.914094
4.72,1.96,98.914094
5.9,1.96,98.914094
7.08,1.96,98.914094
8.26,1.96,98.914094
9.44,1.96,98.914094
10.62,1.96,98.914094
0,3.14,98.914094
1.18,3.14,98.914094
2.36,3.14,98.914094
3.54,3.14,98.914094
4.72,3.14,98.914094
5.9,3.14,98.914094
7.08,3.14,98.914094
8.26,3.14,98.914094
9.44,3.14,98.914094
10.62,3.14,98.914094
0,4.32,98.914094
1.18,4.32,98.914094
2.36,4.32,98.914094
3.54,4.32,98.914094
4.72,4.32,98.914094
5.9,4.32,98.914094
7.08,4.32,98.914094
8.26,4.32,98.914094
9.44,4.32,98.914094
10.62,4.32,98.914094
0,5.5,98.914094
1.18,5.5,98.914094
2.36,5.5,98.914094
3.54,5.5,98.914094
4.72,5.5,98.914094
5.9,5.5,98.914094
7.08,5.5,98.914094
8.26,5.5,98.914094
9.44,5.5,98.914094
10.62,5.5,98.914094
0,6.68,98.914094
1.18,6.68,98.914094
2.36,6.68,98.914094
3.54,6.68,98.914094
4.72,6.68,98.914094
5.9,6.68,98.914094
7.08,6.68,98.914094
8.26,6.68,98.914094
9.44,6.68,98.914094
10.62,6.68,98.914094
0,7.86,98.914094
1.18,7.86,98.914094
2.36,7.86,98.914094
3.54,7.86,98.914094
4.72,7.86,98.914094
5.9,7.86,98.914094
7.08,7.86,98.914094
8.26,7.86,98.914094
9.44,7.86,98.914094
10.62,7.86,98.914094
0,9.04,98.914094
1.18,9.04,98.914094
2.36,9.04,98.914094
3.54,9.04,98.914094
4.72,9.04,98.914094
5.9,9.04,98.914094
7.08,9.04,98.914094
8.26,9.04,98.914094
9.44,9.04,98.914094
10.62,9.04,98.914094
0,10.22,98.914094
1.18,10.22,98.914094
2.36,10.22,98.914094
3.54,10.22,98.914094
4.72,10.22,98.914094
5.9,10.22,98.914094
7.08,10.22,98.914094
8.26,10.22,98.914094
9.44,10.22,98.914094
10.62,10.22,98.914094
0,11.4,98.914094
1.18,11.4,98.914094
2.36,11.4,98.914094
3.54,11.4,98.914094
4.72,11.4,98.914094
5.9,11.4,98.914094
7.08,11.4,98.914094
8.26,11.4,98.914094
9.44,11.4,98.914094
10.62,11.4,98.914094
0,12.58,98.914094
1.18,12.58,98.914094
2.36,12.58,98.914094
3.54,12.58,98.914094
4.72,12.58,98.914094
5.9,12.58,98.914094
7.08,12.58,98.914094
8.26,12.58,98.914094
9.44,12.58,98.914094
10.62,12.58,98.914094
